tempo,posicao,velocidade,aceleracao
0.0000,10000.0000,0.0000,-9.8100
0.0100,9999.9990,-0.0981,-9.8100
0.0200,9999.9971,-0.1962,-9.8100
0.0300,9999.9941,-0.2943,-9.8099
0.0400,9999.9902,-0.3924,-9.8098
0.0500,9999.9853,-0.4905,-9.8096
0.0600,9999.9794,-0.5886,-9.8093
0.0700,9999.9725,-0.6867,-9.8090
0.0800,9999.9647,-0.7848,-9.8086
0.0900,9999.9559,-0.8828,-9.8082
0.1000,9999.9460,-0.9809,-9.8078
0.1100,9999.9353,-1.0790,-9.8072
0.1200,9999.9235,-1.1771,-9.8066
0.1300,9999.9107,-1.2751,-9.8060
0.1400,9999.8970,-1.3732,-9.8053
0.1500,9999.8823,-1.4712,-9.8046
0.1600,9999.8666,-1.5693,-9.8038
0.1700,9999.8499,-1.6673,-9.8029
0.1800,9999.8323,-1.7653,-9.8020
0.1900,9999.8136,-1.8633,-9.8010
0.2000,9999.7940,-1.9613,-9.8000
0.2100,9999.7734,-2.0593,-9.7989
0.2200,9999.7519,-2.1573,-9.7978
0.2300,9999.7293,-2.2552,-9.7966
0.2400,9999.7058,-2.3532,-9.7954
0.2500,9999.6813,-2.4511,-9.7941
0.2600,9999.6558,-2.5491,-9.7927
0.2700,9999.6293,-2.6470,-9.7913
0.2800,9999.6019,-2.7449,-9.7898
0.2900,9999.5734,-2.8428,-9.7883
0.3000,9999.5440,-2.9406,-9.7867
0.3100,9999.5136,-3.0385,-9.7851
0.3200,9999.4823,-3.1363,-9.7834
0.3300,9999.4499,-3.2341,-9.7817
0.3400,9999.4166,-3.3319,-9.7799
0.3500,9999.3823,-3.4297,-9.7780
0.3600,9999.3470,-3.5275,-9.7761
0.3700,9999.3108,-3.6252,-9.7742
0.3800,9999.2736,-3.7229,-9.7722
0.3900,9999.2354,-3.8206,-9.7701
0.4000,9999.1962,-3.9183,-9.7680
0.4100,9999.1560,-4.0160,-9.7658
0.4200,9999.1149,-4.1136,-9.7636
0.4300,9999.0728,-4.2112,-9.7613
0.4400,9999.0297,-4.3088,-9.7589
0.4500,9998.9856,-4.4064,-9.7566
0.4600,9998.9406,-4.5039,-9.7541
0.4700,9998.8946,-4.6014,-9.7516
0.4800,9998.8476,-4.6989,-9.7490
0.4900,9998.7996,-4.7964,-9.7464
0.5000,9998.7507,-4.8938,-9.7438
0.5100,9998.7008,-4.9912,-9.7411
0.5200,9998.6499,-5.0886,-9.7383
0.5300,9998.5980,-5.1860,-9.7355
0.5400,9998.5452,-5.2833,-9.7326
0.5500,9998.4914,-5.3806,-9.7296
0.5600,9998.4366,-5.4779,-9.7267
0.5700,9998.3808,-5.5751,-9.7236
0.5800,9998.3241,-5.6723,-9.7205
0.5900,9998.2664,-5.7695,-9.7174
0.6000,9998.2078,-5.8666,-9.7142
0.6100,9998.1481,-5.9637,-9.7109
0.6200,9998.0875,-6.0608,-9.7076
0.6300,9998.0259,-6.1579,-9.7043
0.6400,9997.9634,-6.2549,-9.7008
0.6500,9997.8999,-6.3518,-9.6974
0.6600,9997.8354,-6.4488,-9.6939
0.6700,9997.7699,-6.5457,-9.6903
0.6800,9997.7035,-6.6425,-9.6867
0.6900,9997.6361,-6.7394,-9.6830
0.7000,9997.5677,-6.8362,-9.6792
0.7100,9997.4984,-6.9329,-9.6755
0.7200,9997.4281,-7.0296,-9.6716
0.7300,9997.3568,-7.1263,-9.6677
0.7400,9997.2846,-7.2230,-9.6638
0.7500,9997.2114,-7.3195,-9.6598
0.7600,9997.1373,-7.4161,-9.6558
0.7700,9997.0621,-7.5126,-9.6517
0.7800,9996.9860,-7.6091,-9.6475
0.7900,9996.9090,-7.7055,-9.6433
0.8000,9996.8310,-7.8019,-9.6391
0.8100,9996.7520,-7.8983,-9.6348
0.8200,9996.6720,-7.9946,-9.6304
0.8300,9996.5911,-8.0908,-9.6260
0.8400,9996.5093,-8.1871,-9.6216
0.8500,9996.4264,-8.2832,-9.6170
0.8600,9996.3426,-8.3793,-9.6125
0.8700,9996.2579,-8.4754,-9.6079
0.8800,9996.1722,-8.5715,-9.6032
0.8900,9996.0855,-8.6674,-9.5985
0.9000,9995.9979,-8.7634,-9.5937
0.9100,9995.9093,-8.8593,-9.5889
0.9200,9995.8197,-8.9551,-9.5841
0.9300,9995.7292,-9.0509,-9.5791
0.9400,9995.6377,-9.1466,-9.5742
0.9500,9995.5453,-9.2423,-9.5692
0.9600,9995.4519,-9.3380,-9.5641
0.9700,9995.3576,-9.4336,-9.5590
0.9800,9995.2623,-9.5291,-9.5538
0.9900,9995.1661,-9.6246,-9.5486
1.0000,9995.0689,-9.7200,-9.5433
1.0100,9994.9707,-9.8154,-9.5380
1.0200,9994.8716,-9.9107,-9.5327
1.0300,9994.7715,-10.0060,-9.5272
1.0400,9994.6705,-10.1012,-9.5218
1.0500,9994.5686,-10.1964,-9.5163
1.0600,9994.4657,-10.2915,-9.5107
1.0700,9994.3618,-10.3865,-9.5051
1.0800,9994.2570,-10.4815,-9.4994
1.0900,9994.1512,-10.5765,-9.4937
1.1000,9994.0445,-10.6714,-9.4880
1.1100,9993.9368,-10.7662,-9.4822
1.1200,9993.8282,-10.8609,-9.4763
1.1300,9993.7187,-10.9556,-9.4704
1.1400,9993.6082,-11.0503,-9.4645
1.1500,9993.4967,-11.1449,-9.4585
1.1600,9993.3843,-11.2394,-9.4524
1.1700,9993.2710,-11.3339,-9.4463
1.1800,9993.1567,-11.4283,-9.4402
1.1900,9993.0415,-11.5226,-9.4340
1.2000,9992.9253,-11.6169,-9.4278
1.2100,9992.8082,-11.7111,-9.4215
1.2200,9992.6901,-11.8052,-9.4152
1.2300,9992.5711,-11.8993,-9.4088
1.2400,9992.4512,-11.9934,-9.4024
1.2500,9992.3303,-12.0873,-9.3959
1.2600,9992.2085,-12.1812,-9.3894
1.2700,9992.0858,-12.2750,-9.3828
1.2800,9991.9621,-12.3688,-9.3762
1.2900,9991.8375,-12.4625,-9.3696
1.3000,9991.7119,-12.5561,-9.3629
1.3100,9991.5854,-12.6497,-9.3561
1.3200,9991.4580,-12.7432,-9.3494
1.3300,9991.3296,-12.8366,-9.3425
1.3400,9991.2003,-12.9300,-9.3356
1.3500,9991.0701,-13.0232,-9.3287
1.3600,9990.9389,-13.1165,-9.3217
1.3700,9990.8068,-13.2096,-9.3147
1.3800,9990.6738,-13.3027,-9.3077
1.3900,9990.5398,-13.3957,-9.3006
1.4000,9990.4049,-13.4886,-9.2934
1.4100,9990.2691,-13.5815,-9.2862
1.4200,9990.1324,-13.6743,-9.2790
1.4300,9989.9947,-13.7670,-9.2717
1.4400,9989.8561,-13.8596,-9.2644
1.4500,9989.7166,-13.9522,-9.2570
1.4600,9989.5762,-14.0447,-9.2496
1.4700,9989.4348,-14.1371,-9.2422
1.4800,9989.2925,-14.2295,-9.2347
1.4900,9989.1493,-14.3217,-9.2271
1.5000,9989.0051,-14.4139,-9.2195
1.5100,9988.8601,-14.5061,-9.2119
1.5200,9988.7141,-14.5981,-9.2042
1.5300,9988.5672,-14.6901,-9.1965
1.5400,9988.4194,-14.7820,-9.1888
1.5500,9988.2706,-14.8738,-9.1810
1.5600,9988.1210,-14.9655,-9.1731
1.5700,9987.9704,-15.0572,-9.1653
1.5800,9987.8189,-15.1487,-9.1573
1.5900,9987.6665,-15.2402,-9.1494
1.6000,9987.5132,-15.3316,-9.1414
1.6100,9987.3590,-15.4230,-9.1333
1.6200,9987.2038,-15.5142,-9.1252
1.6300,9987.0478,-15.6054,-9.1171
1.6400,9986.8908,-15.6965,-9.1089
1.6500,9986.7329,-15.7875,-9.1007
1.6600,9986.5741,-15.8784,-9.0925
1.6700,9986.4145,-15.9693,-9.0842
1.6800,9986.2539,-16.0600,-9.0759
1.6900,9986.0924,-16.1507,-9.0675
1.7000,9985.9299,-16.2413,-9.0591
1.7100,9985.7666,-16.3318,-9.0506
1.7200,9985.6024,-16.4222,-9.0422
1.7300,9985.4373,-16.5125,-9.0336
1.7400,9985.2712,-16.6028,-9.0251
1.7500,9985.1043,-16.6930,-9.0165
1.7600,9984.9365,-16.7830,-9.0078
1.7700,9984.7678,-16.8730,-8.9991
1.7800,9984.5981,-16.9629,-8.9904
1.7900,9984.4276,-17.0527,-8.9817
1.8000,9984.2562,-17.1425,-8.9729
1.8100,9984.0839,-17.2321,-8.9640
1.8200,9983.9106,-17.3217,-8.9552
1.8300,9983.7365,-17.4111,-8.9463
1.8400,9983.5615,-17.5005,-8.9373
1.8500,9983.3856,-17.5898,-8.9283
1.8600,9983.2088,-17.6790,-8.9193
1.8700,9983.0311,-17.7681,-8.9103
1.8800,9982.8526,-17.8571,-8.9012
1.8900,9982.6731,-17.9460,-8.8920
1.9000,9982.4928,-18.0348,-8.8829
1.9100,9982.3115,-18.1236,-8.8737
1.9200,9982.1294,-18.2122,-8.8644
1.9300,9981.9464,-18.3008,-8.8552
1.9400,9981.7625,-18.3892,-8.8459
1.9500,9981.5777,-18.4776,-8.8365
1.9600,9981.3921,-18.5659,-8.8271
1.9700,9981.2055,-18.6540,-8.8177
1.9800,9981.0181,-18.7421,-8.8083
1.9900,9980.8298,-18.8301,-8.7988
2.0000,9980.6406,-18.9180,-8.7893
2.0100,9980.4506,-19.0058,-8.7797
2.0200,9980.2596,-19.0935,-8.7701
2.0300,9980.0678,-19.1811,-8.7605
2.0400,9979.8751,-19.2686,-8.7509
2.0500,9979.6816,-19.3560,-8.7412
2.0600,9979.4871,-19.4434,-8.7315
2.0700,9979.2918,-19.5306,-8.7217
2.0800,9979.0957,-19.6177,-8.7119
2.0900,9978.8986,-19.7047,-8.7021
2.1000,9978.7007,-19.7916,-8.6923
2.1100,9978.5019,-19.8785,-8.6824
2.1200,9978.3023,-19.9652,-8.6725
2.1300,9978.1017,-20.0518,-8.6625
2.1400,9977.9004,-20.1383,-8.6525
2.1500,9977.6981,-20.2248,-8.6425
2.1600,9977.4950,-20.3111,-8.6325
2.1700,9977.2910,-20.3973,-8.6224
2.1800,9977.0862,-20.4834,-8.6123
2.1900,9976.8805,-20.5694,-8.6022
2.2000,9976.6740,-20.6554,-8.5920
2.2100,9976.4665,-20.7412,-8.5818
2.2200,9976.2583,-20.8269,-8.5716
2.2300,9976.0491,-20.9125,-8.5613
2.2400,9975.8392,-20.9980,-8.5510
2.2500,9975.6283,-21.0834,-8.5407
2.2600,9975.4166,-21.1687,-8.5304
2.2700,9975.2041,-21.2539,-8.5200
2.2800,9974.9907,-21.3390,-8.5096
2.2900,9974.7765,-21.4240,-8.4991
2.3000,9974.5614,-21.5089,-8.4887
2.3100,9974.3454,-21.5937,-8.4782
2.3200,9974.1287,-21.6784,-8.4677
2.3300,9973.9110,-21.7629,-8.4571
2.3400,9973.6926,-21.8474,-8.4466
2.3500,9973.4732,-21.9318,-8.4359
2.3600,9973.2531,-22.0160,-8.4253
2.3700,9973.0321,-22.1002,-8.4147
2.3800,9972.8102,-22.1842,-8.4040
2.3900,9972.5876,-22.2681,-8.3933
2.4000,9972.3640,-22.3520,-8.3825
2.4100,9972.1397,-22.4357,-8.3717
2.4200,9971.9145,-22.5193,-8.3610
2.4300,9971.6885,-22.6028,-8.3501
2.4400,9971.4616,-22.6862,-8.3393
2.4500,9971.2339,-22.7695,-8.3284
2.4600,9971.0054,-22.8526,-8.3175
2.4700,9970.7760,-22.9357,-8.3066
2.4800,9970.5458,-23.0187,-8.2956
2.4900,9970.3148,-23.1015,-8.2847
2.5000,9970.0830,-23.1842,-8.2737
2.5100,9969.8503,-23.2669,-8.2626
2.5200,9969.6168,-23.3494,-8.2516
2.5300,9969.3825,-23.4318,-8.2405
2.5400,9969.1474,-23.5141,-8.2294
2.5500,9968.9114,-23.5963,-8.2183
2.5600,9968.6746,-23.6783,-8.2072
2.5700,9968.4370,-23.7603,-8.1960
2.5800,9968.1986,-23.8422,-8.1848
2.5900,9967.9593,-23.9239,-8.1736
2.6000,9967.7193,-24.0055,-8.1623
2.6100,9967.4784,-24.0870,-8.1511
2.6200,9967.2367,-24.1684,-8.1398
2.6300,9966.9942,-24.2497,-8.1285
2.6400,9966.7509,-24.3309,-8.1172
2.6500,9966.5068,-24.4119,-8.1058
2.6600,9966.2619,-24.4929,-8.0944
2.6700,9966.0161,-24.5737,-8.0830
2.6800,9965.7696,-24.6544,-8.0716
2.6900,9965.5223,-24.7350,-8.0602
2.7000,9965.2741,-24.8155,-8.0487
2.7100,9965.0251,-24.8959,-8.0372
2.7200,9964.7754,-24.9761,-8.0257
2.7300,9964.5248,-25.0563,-8.0142
2.7400,9964.2734,-25.1363,-8.0027
2.7500,9964.0213,-25.2162,-7.9911
2.7600,9963.7683,-25.2960,-7.9795
2.7700,9963.5146,-25.3757,-7.9679
2.7800,9963.2600,-25.4553,-7.9563
2.7900,9963.0047,-25.5347,-7.9447
2.8000,9962.7485,-25.6140,-7.9330
2.8100,9962.4916,-25.6933,-7.9213
2.8200,9962.2339,-25.7723,-7.9096
2.8300,9961.9754,-25.8513,-7.8979
2.8400,9961.7161,-25.9302,-7.8862
2.8500,9961.4560,-26.0089,-7.8744
2.8600,9961.1951,-26.0876,-7.8626
2.8700,9960.9334,-26.1661,-7.8508
2.8800,9960.6710,-26.2445,-7.8390
2.8900,9960.4078,-26.3227,-7.8272
2.9000,9960.1438,-26.4009,-7.8154
2.9100,9959.8790,-26.4789,-7.8035
2.9200,9959.6134,-26.5568,-7.7916
2.9300,9959.3470,-26.6346,-7.7797
2.9400,9959.0799,-26.7123,-7.7678
2.9500,9958.8120,-26.7899,-7.7559
2.9600,9958.5434,-26.8673,-7.7439
2.9700,9958.2739,-26.9446,-7.7320
2.9800,9958.0037,-27.0218,-7.7200
2.9900,9957.7327,-27.0989,-7.7080
3.0000,9957.4609,-27.1759,-7.6960
3.0100,9957.1884,-27.2527,-7.6840
3.0200,9956.9151,-27.3294,-7.6719
3.0300,9956.6411,-27.4060,-7.6599
3.0400,9956.3662,-27.4825,-7.6478
3.0500,9956.0906,-27.5589,-7.6357
3.0600,9955.8143,-27.6351,-7.6236
3.0700,9955.5372,-27.7112,-7.6115
3.0800,9955.2593,-27.7872,-7.5994
3.0900,9954.9807,-27.8631,-7.5872
3.1000,9954.7013,-27.9388,-7.5751
3.1100,9954.4211,-28.0145,-7.5629
3.1200,9954.1402,-28.0900,-7.5507
3.1300,9953.8586,-28.1653,-7.5385
3.1400,9953.5762,-28.2406,-7.5263
3.1500,9953.2930,-28.3158,-7.5141
3.1600,9953.0091,-28.3908,-7.5019
3.1700,9952.7245,-28.4657,-7.4896
3.1800,9952.4391,-28.5404,-7.4774
3.1900,9952.1529,-28.6151,-7.4651
3.2000,9951.8660,-28.6896,-7.4528
3.2100,9951.5784,-28.7640,-7.4405
3.2200,9951.2900,-28.8383,-7.4282
3.2300,9951.0009,-28.9125,-7.4159
3.2400,9950.7110,-28.9865,-7.4036
3.2500,9950.4204,-29.0604,-7.3912
3.2600,9950.1291,-29.1342,-7.3789
3.2700,9949.8370,-29.2079,-7.3665
3.2800,9949.5442,-29.2814,-7.3541
3.2900,9949.2506,-29.3548,-7.3418
3.3000,9948.9563,-29.4281,-7.3294
3.3100,9948.6613,-29.5013,-7.3170
3.3200,9948.3656,-29.5743,-7.3045
3.3300,9948.0691,-29.6473,-7.2921
3.3400,9947.7719,-29.7201,-7.2797
3.3500,9947.4740,-29.7927,-7.2673
3.3600,9947.1753,-29.8653,-7.2548
3.3700,9946.8759,-29.9377,-7.2423
3.3800,9946.5758,-30.0100,-7.2299
3.3900,9946.2750,-30.0822,-7.2174
3.4000,9945.9735,-30.1542,-7.2049
3.4100,9945.6712,-30.2261,-7.1924
3.4200,9945.3682,-30.2979,-7.1799
3.4300,9945.0645,-30.3696,-7.1674
3.4400,9944.7601,-30.4412,-7.1549
3.4500,9944.4550,-30.5126,-7.1424
3.4600,9944.1492,-30.5839,-7.1298
3.4700,9943.8426,-30.6551,-7.1173
3.4800,9943.5354,-30.7261,-7.1047
3.4900,9943.2274,-30.7970,-7.0922
3.5000,9942.9187,-30.8678,-7.0796
3.5100,9942.6093,-30.9385,-7.0671
3.5200,9942.2992,-31.0090,-7.0545
3.5300,9941.9884,-31.0795,-7.0419
3.5400,9941.6769,-31.1498,-7.0293
3.5500,9941.3647,-31.2199,-7.0167
3.5600,9941.0518,-31.2900,-7.0041
3.5700,9940.7382,-31.3599,-6.9915
3.5800,9940.4239,-31.4297,-6.9789
3.5900,9940.1090,-31.4993,-6.9663
3.6000,9939.7933,-31.5689,-6.9537
3.6100,9939.4769,-31.6383,-6.9411
3.6200,9939.1598,-31.7076,-6.9284
3.6300,9938.8420,-31.7767,-6.9158
3.6400,9938.5236,-31.8458,-6.9032
3.6500,9938.2044,-31.9147,-6.8905
3.6600,9937.8846,-31.9834,-6.8779
3.6700,9937.5641,-32.0521,-6.8652
3.6800,9937.2429,-32.1206,-6.8526
3.6900,9936.9210,-32.1890,-6.8399
3.7000,9936.5984,-32.2573,-6.8272
3.7100,9936.2752,-32.3254,-6.8146
3.7200,9935.9512,-32.3934,-6.8019
3.7300,9935.6266,-32.4613,-6.7892
3.7400,9935.3013,-32.5291,-6.7765
3.7500,9934.9753,-32.5967,-6.7639
3.7600,9934.6487,-32.6643,-6.7512
3.7700,9934.3214,-32.7316,-6.7385
3.7800,9933.9934,-32.7989,-6.7258
3.7900,9933.6647,-32.8660,-6.7131
3.8000,9933.3354,-32.9330,-6.7004
3.8100,9933.0054,-32.9999,-6.6878
3.8200,9932.6747,-33.0667,-6.6751
3.8300,9932.3434,-33.1333,-6.6624
3.8400,9932.0114,-33.1998,-6.6497
3.8500,9931.6788,-33.2662,-6.6370
3.8600,9931.3454,-33.3324,-6.6243
3.8700,9931.0114,-33.3985,-6.6116
3.8800,9930.6768,-33.4645,-6.5989
3.8900,9930.3415,-33.5304,-6.5862
3.9000,9930.0055,-33.5961,-6.5735
3.9100,9929.6689,-33.6617,-6.5608
3.9200,9929.3316,-33.7272,-6.5481
3.9300,9928.9937,-33.7925,-6.5354
3.9400,9928.6551,-33.8578,-6.5227
3.9500,9928.3159,-33.9229,-6.5099
3.9600,9927.9760,-33.9878,-6.4972
3.9700,9927.6355,-34.0527,-6.4845
3.9800,9927.2943,-34.1174,-6.4718
3.9900,9926.9525,-34.1820,-6.4591
4.0000,9926.6100,-34.2465,-6.4464
4.0100,9926.2669,-34.3108,-6.4337
4.0200,9925.9232,-34.3750,-6.4210
4.0300,9925.5788,-34.4391,-6.4084
4.0400,9925.2338,-34.5030,-6.3957
4.0500,9924.8881,-34.5669,-6.3830
4.0600,9924.5418,-34.6306,-6.3703
4.0700,9924.1949,-34.6942,-6.3576
4.0800,9923.8473,-34.7576,-6.3449
4.0900,9923.4991,-34.8209,-6.3322
4.1000,9923.1502,-34.8841,-6.3195
4.1100,9922.8008,-34.9472,-6.3068
4.1200,9922.4507,-35.0101,-6.2942
4.1300,9922.0999,-35.0729,-6.2815
4.1400,9921.7486,-35.1356,-6.2688
4.1500,9921.3966,-35.1982,-6.2561
4.1600,9921.0440,-35.2606,-6.2435
4.1700,9920.6908,-35.3229,-6.2308
4.1800,9920.3369,-35.3851,-6.2182
4.1900,9919.9824,-35.4472,-6.2055
4.2000,9919.6273,-35.5091,-6.1928
4.2100,9919.2716,-35.5709,-6.1802
4.2200,9918.9153,-35.6326,-6.1675
4.2300,9918.5584,-35.6941,-6.1549
4.2400,9918.2008,-35.7556,-6.1423
4.2500,9917.8426,-35.8168,-6.1296
4.2600,9917.4839,-35.8780,-6.1170
4.2700,9917.1245,-35.9391,-6.1044
4.2800,9916.7645,-36.0000,-6.0918
4.2900,9916.4039,-36.0608,-6.0791
4.3000,9916.0426,-36.1214,-6.0665
4.3100,9915.6808,-36.1820,-6.0539
4.3200,9915.3184,-36.2424,-6.0413
4.3300,9914.9554,-36.3027,-6.0287
4.3400,9914.5917,-36.3628,-6.0161
4.3500,9914.2275,-36.4229,-6.0036
4.3600,9913.8627,-36.4828,-5.9910
4.3700,9913.4973,-36.5426,-5.9784
4.3800,9913.1312,-36.6022,-5.9658
4.3900,9912.7646,-36.6618,-5.9533
4.4000,9912.3974,-36.7212,-5.9407
4.4100,9912.0296,-36.7804,-5.9282
4.4200,9911.6612,-36.8396,-5.9156
4.4300,9911.2922,-36.8986,-5.9031
4.4400,9910.9226,-36.9575,-5.8906
4.4500,9910.5525,-37.0163,-5.8780
4.4600,9910.1817,-37.0750,-5.8655
4.4700,9909.8104,-37.1335,-5.8530
4.4800,9909.4385,-37.1919,-5.8405
4.4900,9909.0660,-37.2502,-5.8280
4.5000,9908.6929,-37.3083,-5.8155
4.5100,9908.3192,-37.3664,-5.8030
4.5200,9907.9450,-37.4243,-5.7906
4.5300,9907.5702,-37.4821,-5.7781
4.5400,9907.1948,-37.5397,-5.7656
4.5500,9906.8188,-37.5973,-5.7532
4.5600,9906.4423,-37.6547,-5.7407
4.5700,9906.0651,-37.7119,-5.7283
4.5800,9905.6874,-37.7691,-5.7159
4.5900,9905.3092,-37.8261,-5.7034
4.6000,9904.9304,-37.8830,-5.6910
4.6100,9904.5510,-37.9398,-5.6786
4.6200,9904.1710,-37.9965,-5.6662
4.6300,9903.7905,-38.0530,-5.6539
4.6400,9903.4094,-38.1094,-5.6415
4.6500,9903.0277,-38.1657,-5.6291
4.6600,9902.6455,-38.2219,-5.6167
4.6700,9902.2627,-38.2779,-5.6044
4.6800,9901.8794,-38.3339,-5.5921
4.6900,9901.4955,-38.3897,-5.5797
4.7000,9901.1110,-38.4453,-5.5674
4.7100,9900.7260,-38.5009,-5.5551
4.7200,9900.3404,-38.5563,-5.5428
4.7300,9899.9543,-38.6116,-5.5305
4.7400,9899.5677,-38.6668,-5.5182
4.7500,9899.1804,-38.7219,-5.5059
4.7600,9898.7927,-38.7768,-5.4937
4.7700,9898.4044,-38.8316,-5.4814
4.7800,9898.0155,-38.8863,-5.4691
4.7900,9897.6261,-38.9409,-5.4569
4.8000,9897.2361,-38.9953,-5.4447
4.8100,9896.8456,-39.0496,-5.4325
4.8200,9896.4546,-39.1039,-5.4203
4.8300,9896.0630,-39.1579,-5.4081
4.8400,9895.6709,-39.2119,-5.3959
4.8500,9895.2782,-39.2657,-5.3837
4.8600,9894.8850,-39.3194,-5.3716
4.8700,9894.4913,-39.3730,-5.3594
4.8800,9894.0971,-39.4265,-5.3473
4.8900,9893.7023,-39.4799,-5.3351
4.9000,9893.3069,-39.5331,-5.3230
4.9100,9892.9111,-39.5862,-5.3109
4.9200,9892.5147,-39.6392,-5.2988
4.9300,9892.1177,-39.6921,-5.2867
4.9400,9891.7203,-39.7448,-5.2746
4.9500,9891.3223,-39.7974,-5.2626
4.9600,9890.9238,-39.8499,-5.2505
4.9700,9890.5248,-39.9023,-5.2385
4.9800,9890.1253,-39.9546,-5.2265
4.9900,9889.7252,-40.0067,-5.2145
5.0000,9889.3246,-40.0588,-5.2025
5.0100,9888.9235,-40.1107,-5.1905
5.0200,9888.5219,-40.1624,-5.1785
5.0300,9888.1197,-40.2141,-5.1665
5.0400,9887.7171,-40.2657,-5.1546
5.0500,9887.3139,-40.3171,-5.1426
5.0600,9886.9102,-40.3684,-5.1307
5.0700,9886.5060,-40.4196,-5.1188
5.0800,9886.1013,-40.4706,-5.1069
5.0900,9885.6961,-40.5216,-5.0950
5.1000,9885.2904,-40.5724,-5.0831
5.1100,9884.8841,-40.6231,-5.0712
5.1200,9884.4774,-40.6737,-5.0594
5.1300,9884.0702,-40.7242,-5.0475
5.1400,9883.6624,-40.7746,-5.0357
5.1500,9883.2542,-40.8248,-5.0239
5.1600,9882.8454,-40.8749,-5.0121
5.1700,9882.4362,-40.9249,-5.0003
5.1800,9882.0264,-40.9748,-4.9885
5.1900,9881.6162,-41.0246,-4.9768
5.2000,9881.2054,-41.0742,-4.9650
5.2100,9880.7942,-41.1238,-4.9533
5.2200,9880.3825,-41.1732,-4.9416
5.2300,9879.9702,-41.2225,-4.9299
5.2400,9879.5575,-41.2717,-4.9182
5.2500,9879.1443,-41.3207,-4.9065
5.2600,9878.7306,-41.3697,-4.8948
5.2700,9878.3164,-41.4185,-4.8832
5.2800,9877.9018,-41.4672,-4.8715
5.2900,9877.4866,-41.5158,-4.8599
5.3000,9877.0710,-41.5643,-4.8483
5.3100,9876.6548,-41.6127,-4.8367
5.3200,9876.2382,-41.6609,-4.8251
5.3300,9875.8211,-41.7091,-4.8135
5.3400,9875.4036,-41.7571,-4.8020
5.3500,9874.9855,-41.8050,-4.7905
5.3600,9874.5670,-41.8528,-4.7789
5.3700,9874.1480,-41.9004,-4.7674
5.3800,9873.7285,-41.9480,-4.7559
5.3900,9873.3086,-41.9954,-4.7445
5.4000,9872.8881,-42.0428,-4.7330
5.4100,9872.4672,-42.0900,-4.7215
5.4200,9872.0459,-42.1371,-4.7101
5.4300,9871.6240,-42.1841,-4.6987
5.4400,9871.2017,-42.2309,-4.6873
5.4500,9870.7789,-42.2777,-4.6759
5.4600,9870.3557,-42.3244,-4.6645
5.4700,9869.9320,-42.3709,-4.6531
5.4800,9869.5078,-42.4173,-4.6418
5.4900,9869.0832,-42.4636,-4.6305
5.5000,9868.6581,-42.5098,-4.6192
5.5100,9868.2325,-42.5559,-4.6079
5.5200,9867.8065,-42.6018,-4.5966
5.5300,9867.3800,-42.6477,-4.5853
5.5400,9866.9531,-42.6934,-4.5741
5.5500,9866.5257,-42.7391,-4.5628
5.5600,9866.0978,-42.7846,-4.5516
5.5700,9865.6695,-42.8300,-4.5404
5.5800,9865.2408,-42.8753,-4.5292
5.5900,9864.8116,-42.9205,-4.5180
5.6000,9864.3819,-42.9655,-4.5069
5.6100,9863.9518,-43.0105,-4.4957
5.6200,9863.5213,-43.0553,-4.4846
5.6300,9863.0903,-43.1001,-4.4735
5.6400,9862.6588,-43.1447,-4.4624
5.6500,9862.2269,-43.1892,-4.4513
5.6600,9861.7946,-43.2336,-4.4402
5.6700,9861.3618,-43.2779,-4.4292
5.6800,9860.9286,-43.3221,-4.4182
5.6900,9860.4949,-43.3661,-4.4072
5.7000,9860.0608,-43.4101,-4.3962
5.7100,9859.6263,-43.4540,-4.3852
5.7200,9859.1913,-43.4977,-4.3742
5.7300,9858.7559,-43.5413,-4.3633
5.7400,9858.3201,-43.5849,-4.3523
5.7500,9857.8838,-43.6283,-4.3414
5.7600,9857.4471,-43.6716,-4.3305
5.7700,9857.0099,-43.7148,-4.3196
5.7800,9856.5723,-43.7579,-4.3088
5.7900,9856.1343,-43.8008,-4.2979
5.8000,9855.6959,-43.8437,-4.2871
5.8100,9855.2570,-43.8865,-4.2763
5.8200,9854.8177,-43.9291,-4.2655
5.8300,9854.3780,-43.9717,-4.2547
5.8400,9853.9379,-44.0141,-4.2439
5.8500,9853.4973,-44.0564,-4.2332
5.8600,9853.0563,-44.0987,-4.2224
5.8700,9852.6149,-44.1408,-4.2117
5.8800,9852.1731,-44.1828,-4.2010
5.8900,9851.7308,-44.2247,-4.1903
5.9000,9851.2882,-44.2665,-4.1797
5.9100,9850.8451,-44.3082,-4.1690
5.9200,9850.4016,-44.3498,-4.1584
5.9300,9849.9577,-44.3913,-4.1478
5.9400,9849.5134,-44.4326,-4.1372
5.9500,9849.0686,-44.4739,-4.1266
5.9600,9848.6235,-44.5150,-4.1160
5.9700,9848.1779,-44.5561,-4.1055
5.9800,9847.7319,-44.5971,-4.0950
5.9900,9847.2856,-44.6379,-4.0845
6.0000,9846.8388,-44.6786,-4.0740
6.0100,9846.3916,-44.7193,-4.0635
6.0200,9845.9440,-44.7598,-4.0530
6.0300,9845.4960,-44.8002,-4.0426
6.0400,9845.0476,-44.8406,-4.0322
6.0500,9844.5988,-44.8808,-4.0218
6.0600,9844.1496,-44.9209,-4.0114
6.0700,9843.6999,-44.9609,-4.0010
6.0800,9843.2499,-45.0008,-3.9907
6.0900,9842.7995,-45.0406,-3.9803
6.1000,9842.3487,-45.0803,-3.9700
6.1100,9841.8975,-45.1199,-3.9597
6.1200,9841.4459,-45.1594,-3.9494
6.1300,9840.9939,-45.1988,-3.9392
6.1400,9840.5416,-45.2381,-3.9289
6.1500,9840.0888,-45.2773,-3.9187
6.1600,9839.6356,-45.3163,-3.9085
6.1700,9839.1821,-45.3553,-3.8983
6.1800,9838.7281,-45.3942,-3.8881
6.1900,9838.2738,-45.4330,-3.8779
6.2000,9837.8191,-45.4717,-3.8678
6.2100,9837.3640,-45.5102,-3.8577
6.2200,9836.9085,-45.5487,-3.8476
6.2300,9836.4526,-45.5871,-3.8375
6.2400,9835.9964,-45.6254,-3.8274
6.2500,9835.5397,-45.6635,-3.8174
6.2600,9835.0827,-45.7016,-3.8073
6.2700,9834.6253,-45.7396,-3.7973
6.2800,9834.1676,-45.7775,-3.7873
6.2900,9833.7094,-45.8152,-3.7774
6.3000,9833.2509,-45.8529,-3.7674
6.3100,9832.7920,-45.8905,-3.7575
6.3200,9832.3327,-45.9280,-3.7475
6.3300,9831.8730,-45.9653,-3.7376
6.3400,9831.4130,-46.0026,-3.7277
6.3500,9830.9526,-46.0398,-3.7179
6.3600,9830.4918,-46.0769,-3.7080
6.3700,9830.0307,-46.1139,-3.6982
6.3800,9829.5692,-46.1507,-3.6884
6.3900,9829.1073,-46.1875,-3.6786
6.4000,9828.6451,-46.2242,-3.6688
6.4100,9828.1825,-46.2608,-3.6590
6.4200,9827.7195,-46.2973,-3.6493
6.4300,9827.2562,-46.3337,-3.6396
6.4400,9826.7925,-46.3700,-3.6299
6.4500,9826.3284,-46.4062,-3.6202
6.4600,9825.8640,-46.4423,-3.6105
6.4700,9825.3992,-46.4783,-3.6009
6.4800,9824.9340,-46.5142,-3.5912
6.4900,9824.4685,-46.5500,-3.5816
6.5000,9824.0027,-46.5858,-3.5720
6.5100,9823.5365,-46.6214,-3.5624
6.5200,9823.0699,-46.6569,-3.5529
6.5300,9822.6030,-46.6923,-3.5433
6.5400,9822.1357,-46.7277,-3.5338
6.5500,9821.6681,-46.7629,-3.5243
6.5600,9821.2001,-46.7981,-3.5148
6.5700,9820.7318,-46.8331,-3.5054
6.5800,9820.2631,-46.8681,-3.4959
6.5900,9819.7941,-46.9029,-3.4865
6.6000,9819.3247,-46.9377,-3.4771
6.6100,9818.8550,-46.9724,-3.4677
6.6200,9818.3849,-47.0070,-3.4583
6.6300,9817.9145,-47.0415,-3.4490
6.6400,9817.4437,-47.0759,-3.4396
6.6500,9816.9726,-47.1102,-3.4303
6.6600,9816.5012,-47.1444,-3.4210
6.6700,9816.0294,-47.1785,-3.4117
6.6800,9815.5573,-47.2125,-3.4024
6.6900,9815.0848,-47.2465,-3.3932
6.7000,9814.6120,-47.2803,-3.3840
6.7100,9814.1388,-47.3140,-3.3748
6.7200,9813.6654,-47.3477,-3.3656
6.7300,9813.1916,-47.3813,-3.3564
6.7400,9812.7174,-47.4147,-3.3473
6.7500,9812.2429,-47.4481,-3.3381
6.7600,9811.7681,-47.4814,-3.3290
6.7700,9811.2930,-47.5146,-3.3199
6.7800,9810.8175,-47.5477,-3.3108
6.7900,9810.3417,-47.5807,-3.3018
6.8000,9809.8655,-47.6137,-3.2927
6.8100,9809.3891,-47.6465,-3.2837
6.8200,9808.9123,-47.6792,-3.2747
6.8300,9808.4352,-47.7119,-3.2657
6.8400,9807.9577,-47.7445,-3.2567
6.8500,9807.4800,-47.7769,-3.2478
6.8600,9807.0019,-47.8093,-3.2389
6.8700,9806.5234,-47.8416,-3.2299
6.8800,9806.0447,-47.8738,-3.2211
6.8900,9805.5657,-47.9060,-3.2122
6.9000,9805.0863,-47.9380,-3.2033
6.9100,9804.6066,-47.9699,-3.1945
6.9200,9804.1266,-48.0018,-3.1857
6.9300,9803.6462,-48.0336,-3.1769
6.9400,9803.1656,-48.0652,-3.1681
6.9500,9802.6846,-48.0968,-3.1593
6.9600,9802.2033,-48.1283,-3.1506
6.9700,9801.7217,-48.1598,-3.1418
6.9800,9801.2398,-48.1911,-3.1331
6.9900,9800.7576,-48.2223,-3.1244
7.0000,9800.2750,-48.2535,-3.1158
7.0100,9799.7922,-48.2846,-3.1071
7.0200,9799.3090,-48.3156,-3.0985
7.0300,9798.8256,-48.3465,-3.0899
7.0400,9798.3418,-48.3773,-3.0813
7.0500,9797.8577,-48.4080,-3.0727
7.0600,9797.3733,-48.4386,-3.0641
7.0700,9796.8887,-48.4692,-3.0556
7.0800,9796.4037,-48.4997,-3.0471
7.0900,9795.9184,-48.5300,-3.0386
7.1000,9795.4328,-48.5603,-3.0301
7.1100,9794.9468,-48.5906,-3.0216
7.1200,9794.4606,-48.6207,-3.0131
7.1300,9793.9741,-48.6507,-3.0047
7.1400,9793.4873,-48.6807,-2.9963
7.1500,9793.0002,-48.7106,-2.9879
7.1600,9792.5128,-48.7404,-2.9795
7.1700,9792.0251,-48.7701,-2.9712
7.1800,9791.5371,-48.7997,-2.9628
7.1900,9791.0488,-48.8293,-2.9545
7.2000,9790.5602,-48.8587,-2.9462
7.2100,9790.0714,-48.8881,-2.9379
7.2200,9789.5822,-48.9174,-2.9297
7.2300,9789.0927,-48.9466,-2.9214
7.2400,9788.6030,-48.9757,-2.9132
7.2500,9788.1129,-49.0048,-2.9050
7.2600,9787.6226,-49.0338,-2.8968
7.2700,9787.1319,-49.0626,-2.8886
7.2800,9786.6410,-49.0915,-2.8804
7.2900,9786.1498,-49.1202,-2.8723
7.3000,9785.6583,-49.1488,-2.8642
7.3100,9785.1666,-49.1774,-2.8561
7.3200,9784.6745,-49.2059,-2.8480
7.3300,9784.1822,-49.2343,-2.8399
7.3400,9783.6895,-49.2626,-2.8319
7.3500,9783.1966,-49.2908,-2.8238
7.3600,9782.7034,-49.3190,-2.8158
7.3700,9782.2100,-49.3471,-2.8078
7.3800,9781.7162,-49.3751,-2.7999
7.3900,9781.2222,-49.4030,-2.7919
7.4000,9780.7279,-49.4308,-2.7840
7.4100,9780.2333,-49.4586,-2.7760
7.4200,9779.7384,-49.4863,-2.7681
7.4300,9779.2433,-49.5139,-2.7603
7.4400,9778.7479,-49.5414,-2.7524
7.4500,9778.2522,-49.5688,-2.7445
7.4600,9777.7562,-49.5962,-2.7367
7.4700,9777.2600,-49.6235,-2.7289
7.4800,9776.7635,-49.6507,-2.7211
7.4900,9776.2667,-49.6778,-2.7133
7.5000,9775.7697,-49.7049,-2.7056
7.5100,9775.2723,-49.7319,-2.6978
7.5200,9774.7748,-49.7588,-2.6901
7.5300,9774.2769,-49.7856,-2.6824
7.5400,9773.7788,-49.8123,-2.6747
7.5500,9773.2804,-49.8390,-2.6670
7.5600,9772.7817,-49.8656,-2.6594
7.5700,9772.2828,-49.8921,-2.6518
7.5800,9771.7836,-49.9186,-2.6441
7.5900,9771.2842,-49.9449,-2.6366
7.6000,9770.7845,-49.9712,-2.6290
7.6100,9770.2845,-49.9974,-2.6214
7.6200,9769.7843,-50.0236,-2.6139
7.6300,9769.2838,-50.0496,-2.6063
7.6400,9768.7830,-50.0756,-2.5988
7.6500,9768.2820,-50.1015,-2.5913
7.6600,9767.7807,-50.1274,-2.5839
7.6700,9767.2792,-50.1531,-2.5764
7.6800,9766.7774,-50.1788,-2.5690
7.6900,9766.2753,-50.2044,-2.5616
7.7000,9765.7730,-50.2300,-2.5542
7.7100,9765.2705,-50.2554,-2.5468
7.7200,9764.7677,-50.2808,-2.5394
7.7300,9764.2646,-50.3062,-2.5321
7.7400,9763.7613,-50.3314,-2.5247
7.7500,9763.2577,-50.3566,-2.5174
7.7600,9762.7539,-50.3817,-2.5101
7.7700,9762.2499,-50.4067,-2.5028
7.7800,9761.7455,-50.4317,-2.4956
7.7900,9761.2410,-50.4565,-2.4883
7.8000,9760.7362,-50.4814,-2.4811
7.8100,9760.2311,-50.5061,-2.4739
7.8200,9759.7258,-50.5308,-2.4667
7.8300,9759.2202,-50.5554,-2.4595
7.8400,9758.7144,-50.5799,-2.4524
7.8500,9758.2084,-50.6043,-2.4452
7.8600,9757.7021,-50.6287,-2.4381
7.8700,9757.1956,-50.6530,-2.4310
7.8800,9756.6888,-50.6773,-2.4239
7.8900,9756.1818,-50.7014,-2.4168
7.9000,9755.6745,-50.7255,-2.4098
7.9100,9755.1670,-50.7496,-2.4027
7.9200,9754.6593,-50.7735,-2.3957
7.9300,9754.1513,-50.7974,-2.3887
7.9400,9753.6431,-50.8212,-2.3817
7.9500,9753.1347,-50.8450,-2.3748
7.9600,9752.6260,-50.8686,-2.3678
7.9700,9752.1171,-50.8923,-2.3609
7.9800,9751.6079,-50.9158,-2.3540
7.9900,9751.0985,-50.9393,-2.3471
8.0000,9750.5889,-50.9627,-2.3402
8.0100,9750.0790,-50.9860,-2.3333
8.0200,9749.5689,-51.0093,-2.3265
8.0300,9749.0586,-51.0325,-2.3196
8.0400,9748.5481,-51.0556,-2.3128
8.0500,9748.0373,-51.0787,-2.3060
8.0600,9747.5263,-51.1016,-2.2993
8.0700,9747.0150,-51.1246,-2.2925
8.0800,9746.5035,-51.1474,-2.2857
8.0900,9745.9918,-51.1702,-2.2790
8.1000,9745.4799,-51.1929,-2.2723
8.1100,9744.9677,-51.2156,-2.2656
8.1200,9744.4554,-51.2382,-2.2589
8.1300,9743.9428,-51.2607,-2.2523
8.1400,9743.4299,-51.2832,-2.2456
8.1500,9742.9169,-51.3056,-2.2390
8.1600,9742.4036,-51.3279,-2.2324
8.1700,9741.8901,-51.3501,-2.2258
8.1800,9741.3764,-51.3723,-2.2192
8.1900,9740.8624,-51.3945,-2.2126
8.2000,9740.3483,-51.4165,-2.2061
8.2100,9739.8339,-51.4385,-2.1996
8.2200,9739.3193,-51.4604,-2.1931
8.2300,9738.8044,-51.4823,-2.1866
8.2400,9738.2894,-51.5041,-2.1801
8.2500,9737.7741,-51.5258,-2.1736
8.2600,9737.2587,-51.5475,-2.1672
8.2700,9736.7430,-51.5691,-2.1607
8.2800,9736.2271,-51.5907,-2.1543
8.2900,9735.7109,-51.6121,-2.1479
8.3000,9735.1946,-51.6336,-2.1415
8.3100,9734.6781,-51.6549,-2.1352
8.3200,9734.1613,-51.6762,-2.1288
8.3300,9733.6443,-51.6974,-2.1225
8.3400,9733.1271,-51.7186,-2.1162
8.3500,9732.6097,-51.7397,-2.1099
8.3600,9732.0921,-51.7607,-2.1036
8.3700,9731.5743,-51.7817,-2.0973
8.3800,9731.0563,-51.8026,-2.0911
8.3900,9730.5381,-51.8235,-2.0848
8.4000,9730.0196,-51.8442,-2.0786
8.4100,9729.5010,-51.8650,-2.0724
8.4200,9728.9821,-51.8856,-2.0662
8.4300,9728.4630,-51.9062,-2.0601
8.4400,9727.9438,-51.9268,-2.0539
8.4500,9727.4243,-51.9472,-2.0478
8.4600,9726.9046,-51.9677,-2.0416
8.4700,9726.3848,-51.9880,-2.0355
8.4800,9725.8647,-52.0083,-2.0294
8.4900,9725.3444,-52.0285,-2.0234
8.5000,9724.8239,-52.0487,-2.0173
8.5100,9724.3032,-52.0688,-2.0113
8.5200,9723.7823,-52.0889,-2.0052
8.5300,9723.2612,-52.1089,-1.9992
8.5400,9722.7399,-52.1288,-1.9932
8.5500,9722.2185,-52.1487,-1.9872
8.5600,9721.6968,-52.1685,-1.9813
8.5700,9721.1749,-52.1882,-1.9753
8.5800,9720.6528,-52.2079,-1.9694
8.5900,9720.1305,-52.2276,-1.9635
8.6000,9719.6081,-52.2472,-1.9576
8.6100,9719.0854,-52.2667,-1.9517
8.6200,9718.5625,-52.2861,-1.9458
8.6300,9718.0395,-52.3055,-1.9400
8.6400,9717.5162,-52.3249,-1.9341
8.6500,9716.9928,-52.3442,-1.9283
8.6600,9716.4692,-52.3634,-1.9225
8.6700,9715.9453,-52.3825,-1.9167
8.6800,9715.4213,-52.4017,-1.9109
8.6900,9714.8971,-52.4207,-1.9051
8.7000,9714.3727,-52.4397,-1.8994
8.7100,9713.8481,-52.4586,-1.8937
8.7200,9713.3233,-52.4775,-1.8879
8.7300,9712.7984,-52.4963,-1.8822
8.7400,9712.2732,-52.5151,-1.8766
8.7500,9711.7479,-52.5338,-1.8709
8.7600,9711.2224,-52.5525,-1.8652
8.7700,9710.6967,-52.5711,-1.8596
8.7800,9710.1708,-52.5896,-1.8540
8.7900,9709.6447,-52.6081,-1.8483
8.8000,9709.1184,-52.6265,-1.8427
8.8100,9708.5920,-52.6449,-1.8372
8.8200,9708.0653,-52.6632,-1.8316
8.8300,9707.5385,-52.6815,-1.8260
8.8400,9707.0115,-52.6997,-1.8205
8.8500,9706.4843,-52.7178,-1.8150
8.8600,9705.9570,-52.7359,-1.8095
8.8700,9705.4294,-52.7539,-1.8040
8.8800,9704.9017,-52.7719,-1.7985
8.8900,9704.3738,-52.7899,-1.7930
8.9000,9703.8458,-52.8077,-1.7876
8.9100,9703.3175,-52.8256,-1.7822
8.9200,9702.7891,-52.8433,-1.7767
8.9300,9702.2605,-52.8610,-1.7713
8.9400,9701.7317,-52.8787,-1.7659
8.9500,9701.2027,-52.8963,-1.7606
8.9600,9700.6736,-52.9139,-1.7552
8.9700,9700.1443,-52.9314,-1.7499
8.9800,9699.6148,-52.9488,-1.7445
8.9900,9699.0851,-52.9662,-1.7392
9.0000,9698.5553,-52.9835,-1.7339
9.0100,9698.0253,-53.0008,-1.7286
9.0200,9697.4951,-53.0181,-1.7233
9.0300,9696.9647,-53.0352,-1.7181
9.0400,9696.4342,-53.0524,-1.7128
9.0500,9695.9035,-53.0694,-1.7076
9.0600,9695.3726,-53.0865,-1.7024
9.0700,9694.8416,-53.1034,-1.6972
9.0800,9694.3104,-53.1204,-1.6920
9.0900,9693.7790,-53.1372,-1.6868
9.1000,9693.2475,-53.1540,-1.6817
9.1100,9692.7158,-53.1708,-1.6765
9.1200,9692.1839,-53.1875,-1.6714
9.1300,9691.6519,-53.2042,-1.6663
9.1400,9691.1197,-53.2208,-1.6612
9.1500,9690.5873,-53.2374,-1.6561
9.1600,9690.0547,-53.2539,-1.6510
9.1700,9689.5220,-53.2703,-1.6459
9.1800,9688.9892,-53.2867,-1.6409
9.1900,9688.4561,-53.3031,-1.6359
9.2000,9687.9230,-53.3194,-1.6308
9.2100,9687.3896,-53.3357,-1.6258
9.2200,9686.8561,-53.3519,-1.6208
9.2300,9686.3224,-53.3680,-1.6159
9.2400,9685.7886,-53.3841,-1.6109
9.2500,9685.2546,-53.4002,-1.6059
9.2600,9684.7204,-53.4162,-1.6010
9.2700,9684.1861,-53.4322,-1.5961
9.2800,9683.6516,-53.4481,-1.5912
9.2900,9683.1169,-53.4639,-1.5863
9.3000,9682.5822,-53.4798,-1.5814
9.3100,9682.0472,-53.4955,-1.5765
9.3200,9681.5121,-53.5112,-1.5717
9.3300,9680.9768,-53.5269,-1.5668
9.3400,9680.4414,-53.5425,-1.5620
9.3500,9679.9058,-53.5581,-1.5572
9.3600,9679.3701,-53.5736,-1.5524
9.3700,9678.8342,-53.5891,-1.5476
9.3800,9678.2981,-53.6045,-1.5428
9.3900,9677.7619,-53.6199,-1.5381
9.4000,9677.2256,-53.6352,-1.5333
9.4100,9676.6891,-53.6505,-1.5286
9.4200,9676.1524,-53.6658,-1.5239
9.4300,9675.6156,-53.6810,-1.5192
9.4400,9675.0787,-53.6961,-1.5145
9.4500,9674.5415,-53.7112,-1.5098
9.4600,9674.0043,-53.7262,-1.5051
9.4700,9673.4669,-53.7412,-1.5005
9.4800,9672.9293,-53.7562,-1.4958
9.4900,9672.3916,-53.7711,-1.4912
9.5000,9671.8537,-53.7860,-1.4866
9.5100,9671.3157,-53.8008,-1.4820
9.5200,9670.7776,-53.8156,-1.4774
9.5300,9670.2393,-53.8303,-1.4728
9.5400,9669.7008,-53.8450,-1.4682
9.5500,9669.1622,-53.8596,-1.4637
9.5600,9668.6235,-53.8742,-1.4592
9.5700,9668.0846,-53.8888,-1.4546
9.5800,9667.5456,-53.9033,-1.4501
9.5900,9667.0064,-53.9177,-1.4456
9.6000,9666.4671,-53.9321,-1.4411
9.6100,9665.9276,-53.9465,-1.4367
9.6200,9665.3880,-53.9608,-1.4322
9.6300,9664.8482,-53.9751,-1.4277
9.6400,9664.3083,-53.9893,-1.4233
9.6500,9663.7683,-54.0035,-1.4189
9.6600,9663.2281,-54.0177,-1.4145
9.6700,9662.6878,-54.0318,-1.4101
9.6800,9662.1474,-54.0458,-1.4057
9.6900,9661.6068,-54.0598,-1.4013
9.7000,9661.0660,-54.0738,-1.3970
9.7100,9660.5251,-54.0877,-1.3926
9.7200,9659.9841,-54.1016,-1.3883
9.7300,9659.4430,-54.1155,-1.3839
9.7400,9658.9017,-54.1292,-1.3796
9.7500,9658.3602,-54.1430,-1.3753
9.7600,9657.8187,-54.1567,-1.3710
9.7700,9657.2770,-54.1704,-1.3668
9.7800,9656.7351,-54.1840,-1.3625
9.7900,9656.1932,-54.1976,-1.3583
9.8000,9655.6510,-54.2111,-1.3540
9.8100,9655.1088,-54.2246,-1.3498
9.8200,9654.5664,-54.2381,-1.3456
9.8300,9654.0239,-54.2515,-1.3414
9.8400,9653.4813,-54.2649,-1.3372
9.8500,9652.9385,-54.2782,-1.3330
9.8600,9652.3956,-54.2915,-1.3288
9.8700,9651.8525,-54.3047,-1.3247
9.8800,9651.3093,-54.3179,-1.3206
9.8900,9650.7660,-54.3311,-1.3164
9.9000,9650.2226,-54.3442,-1.3123
9.9100,9649.6790,-54.3573,-1.3082
9.9200,9649.1353,-54.3704,-1.3041
9.9300,9648.5915,-54.3834,-1.3000
9.9400,9648.0475,-54.3963,-1.2960
9.9500,9647.5034,-54.4092,-1.2919
9.9600,9646.9592,-54.4221,-1.2879
9.9700,9646.4148,-54.4349,-1.2838
9.9800,9645.8704,-54.4477,-1.2798
9.9900,9645.3258,-54.4605,-1.2758
10.0000,9644.7810,-54.4732,-1.2718
10.0100,9644.2362,-54.4859,-1.2678
10.0200,9643.6912,-54.4985,-1.2638
10.0300,9643.1461,-54.5111,-1.2599
10.0400,9642.6008,-54.5237,-1.2559
10.0500,9642.0555,-54.5362,-1.2520
10.0600,9641.5100,-54.5487,-1.2480
10.0700,9640.9644,-54.5611,-1.2441
10.0800,9640.4186,-54.5735,-1.2402
10.0900,9639.8728,-54.5859,-1.2363
10.1000,9639.3268,-54.5982,-1.2324
10.1100,9638.7807,-54.6105,-1.2285
10.1200,9638.2345,-54.6228,-1.2247
10.1300,9637.6881,-54.6350,-1.2208
10.1400,9637.1416,-54.6471,-1.2170
10.1500,9636.5951,-54.6593,-1.2132
10.1600,9636.0483,-54.6714,-1.2093
10.1700,9635.5015,-54.6834,-1.2055
10.1800,9634.9546,-54.6954,-1.2017
10.1900,9634.4075,-54.7074,-1.1980
10.2000,9633.8603,-54.7194,-1.1942
10.2100,9633.3130,-54.7313,-1.1904
10.2200,9632.7655,-54.7431,-1.1867
10.2300,9632.2180,-54.7550,-1.1829
10.2400,9631.6703,-54.7667,-1.1792
10.2500,9631.1225,-54.7785,-1.1755
10.2600,9630.5746,-54.7902,-1.1718
10.2700,9630.0266,-54.8019,-1.1681
10.2800,9629.4785,-54.8135,-1.1644
10.2900,9628.9302,-54.8251,-1.1607
10.3000,9628.3819,-54.8367,-1.1571
10.3100,9627.8334,-54.8483,-1.1534
10.3200,9627.2848,-54.8598,-1.1498
10.3300,9626.7361,-54.8712,-1.1461
10.3400,9626.1872,-54.8826,-1.1425
10.3500,9625.6383,-54.8940,-1.1389
10.3600,9625.0893,-54.9054,-1.1353
10.3700,9624.5401,-54.9167,-1.1317
10.3800,9623.9908,-54.9280,-1.1281
10.3900,9623.4414,-54.9392,-1.1246
10.4000,9622.8919,-54.9504,-1.1210
10.4100,9622.3423,-54.9616,-1.1175
10.4200,9621.7926,-54.9727,-1.1139
10.4300,9621.2427,-54.9839,-1.1104
10.4400,9620.6928,-54.9949,-1.1069
10.4500,9620.1427,-55.0060,-1.1034
10.4600,9619.5925,-55.0170,-1.0999
10.4700,9619.0423,-55.0279,-1.0964
10.4800,9618.4919,-55.0388,-1.0929
10.4900,9617.9414,-55.0497,-1.0895
10.5000,9617.3908,-55.0606,-1.0860
10.5100,9616.8401,-55.0714,-1.0826
10.5200,9616.2892,-55.0822,-1.0791
10.5300,9615.7383,-55.0930,-1.0757
10.5400,9615.1873,-55.1037,-1.0723
10.5500,9614.6361,-55.1144,-1.0689
10.5600,9614.0849,-55.1250,-1.0655
10.5700,9613.5335,-55.1357,-1.0621
10.5800,9612.9821,-55.1463,-1.0588
10.5900,9612.4305,-55.1568,-1.0554
10.6000,9611.8788,-55.1673,-1.0521
10.6100,9611.3270,-55.1778,-1.0487
10.6200,9610.7752,-55.1883,-1.0454
10.6300,9610.2232,-55.1987,-1.0421
10.6400,9609.6711,-55.2091,-1.0387
10.6500,9609.1189,-55.2194,-1.0354
10.6600,9608.5666,-55.2298,-1.0322
10.6700,9608.0142,-55.2400,-1.0289
10.6800,9607.4617,-55.2503,-1.0256
10.6900,9606.9091,-55.2605,-1.0223
10.7000,9606.3564,-55.2707,-1.0191
10.7100,9605.8036,-55.2809,-1.0158
10.7200,9605.2507,-55.2910,-1.0126
10.7300,9604.6976,-55.3011,-1.0094
10.7400,9604.1445,-55.3112,-1.0062
10.7500,9603.5913,-55.3212,-1.0030
10.7600,9603.0380,-55.3312,-0.9998
10.7700,9602.4846,-55.3411,-0.9966
10.7800,9601.9311,-55.3511,-0.9934
10.7900,9601.3775,-55.3610,-0.9903
10.8000,9600.8238,-55.3709,-0.9871
10.8100,9600.2700,-55.3807,-0.9839
10.8200,9599.7161,-55.3905,-0.9808
10.8300,9599.1621,-55.4003,-0.9777
10.8400,9598.6080,-55.4100,-0.9746
10.8500,9598.0538,-55.4197,-0.9715
10.8600,9597.4995,-55.4294,-0.9684
10.8700,9596.9451,-55.4391,-0.9653
10.8800,9596.3906,-55.4487,-0.9622
10.8900,9595.8360,-55.4583,-0.9591
10.9000,9595.2813,-55.4678,-0.9561
10.9100,9594.7265,-55.4774,-0.9530
10.9200,9594.1717,-55.4869,-0.9500
10.9300,9593.6167,-55.4963,-0.9469
10.9400,9593.0617,-55.5058,-0.9439
10.9500,9592.5065,-55.5152,-0.9409
10.9600,9591.9513,-55.5246,-0.9379
10.9700,9591.3959,-55.5339,-0.9349
10.9800,9590.8405,-55.5432,-0.9319
10.9900,9590.2850,-55.5525,-0.9289
11.0000,9589.7293,-55.5618,-0.9259
11.0100,9589.1736,-55.5710,-0.9230
11.0200,9588.6178,-55.5802,-0.9200
11.0300,9588.0619,-55.5894,-0.9171
11.0400,9587.5060,-55.5985,-0.9141
11.0500,9586.9499,-55.6076,-0.9112
11.0600,9586.3937,-55.6167,-0.9083
11.0700,9585.8375,-55.6258,-0.9054
11.0800,9585.2811,-55.6348,-0.9025
11.0900,9584.7247,-55.6438,-0.8996
11.1000,9584.1681,-55.6528,-0.8967
11.1100,9583.6115,-55.6617,-0.8938
11.1200,9583.0548,-55.6706,-0.8910
11.1300,9582.4980,-55.6795,-0.8881
11.1400,9581.9411,-55.6884,-0.8853
11.1500,9581.3842,-55.6972,-0.8824
11.1600,9580.8271,-55.7060,-0.8796
11.1700,9580.2700,-55.7147,-0.8768
11.1800,9579.7127,-55.7235,-0.8740
11.1900,9579.1554,-55.7322,-0.8712
11.2000,9578.5980,-55.7409,-0.8684
11.2100,9578.0405,-55.7495,-0.8656
11.2200,9577.4829,-55.7582,-0.8628
11.2300,9576.9252,-55.7668,-0.8600
11.2400,9576.3675,-55.7753,-0.8573
11.2500,9575.8097,-55.7839,-0.8545
11.2600,9575.2517,-55.7924,-0.8518
11.2700,9574.6937,-55.8009,-0.8491
11.2800,9574.1356,-55.8094,-0.8463
11.2900,9573.5774,-55.8178,-0.8436
11.3000,9573.0192,-55.8262,-0.8409
11.3100,9572.4608,-55.8346,-0.8382
11.3200,9571.9024,-55.8429,-0.8355
11.3300,9571.3439,-55.8513,-0.8328
11.3400,9570.7853,-55.8596,-0.8301
11.3500,9570.2266,-55.8678,-0.8275
11.3600,9569.6679,-55.8761,-0.8248
11.3700,9569.1090,-55.8843,-0.8221
11.3800,9568.5501,-55.8925,-0.8195
11.3900,9567.9911,-55.9007,-0.8169
11.4000,9567.4320,-55.9088,-0.8142
11.4100,9566.8728,-55.9169,-0.8116
11.4200,9566.3136,-55.9250,-0.8090
11.4300,9565.7543,-55.9331,-0.8064
11.4400,9565.1948,-55.9411,-0.8038
11.4500,9564.6353,-55.9491,-0.8012
11.4600,9564.0758,-55.9571,-0.7986
11.4700,9563.5161,-55.9651,-0.7961
11.4800,9562.9564,-55.9730,-0.7935
11.4900,9562.3966,-55.9809,-0.7909
11.5000,9561.8367,-55.9888,-0.7884
11.5100,9561.2767,-55.9967,-0.7858
11.5200,9560.7167,-56.0045,-0.7833
11.5300,9560.1566,-56.0123,-0.7808
11.5400,9559.5964,-56.0201,-0.7783
11.5500,9559.0361,-56.0278,-0.7758
11.5600,9558.4757,-56.0356,-0.7733
11.5700,9557.9153,-56.0433,-0.7708
11.5800,9557.3548,-56.0510,-0.7683
11.5900,9556.7942,-56.0586,-0.7658
11.6000,9556.2335,-56.0663,-0.7633
11.6100,9555.6728,-56.0739,-0.7609
11.6200,9555.1120,-56.0815,-0.7584
11.6300,9554.5511,-56.0890,-0.7560
11.6400,9553.9901,-56.0965,-0.7535
11.6500,9553.4291,-56.1041,-0.7511
11.6600,9552.8680,-56.1115,-0.7487
11.6700,9552.3068,-56.1190,-0.7462
11.6800,9551.7455,-56.1264,-0.7438
11.6900,9551.1842,-56.1339,-0.7414
11.7000,9550.6228,-56.1413,-0.7390
11.7100,9550.0613,-56.1486,-0.7366
11.7200,9549.4997,-56.1560,-0.7343
11.7300,9548.9381,-56.1633,-0.7319
11.7400,9548.3764,-56.1706,-0.7295
11.7500,9547.8146,-56.1778,-0.7272
11.7600,9547.2528,-56.1851,-0.7248
11.7700,9546.6908,-56.1923,-0.7225
11.7800,9546.1288,-56.1995,-0.7201
11.7900,9545.5668,-56.2067,-0.7178
11.8000,9545.0046,-56.2139,-0.7155
11.8100,9544.4424,-56.2210,-0.7132
11.8200,9543.8801,-56.2281,-0.7108
11.8300,9543.3178,-56.2352,-0.7085
11.8400,9542.7554,-56.2422,-0.7063
11.8500,9542.1929,-56.2493,-0.7040
11.8600,9541.6303,-56.2563,-0.7017
11.8700,9541.0677,-56.2633,-0.6994
11.8800,9540.5050,-56.2703,-0.6971
11.8900,9539.9422,-56.2772,-0.6949
11.9000,9539.3794,-56.2841,-0.6926
11.9100,9538.8164,-56.2910,-0.6904
11.9200,9538.2535,-56.2979,-0.6882
11.9300,9537.6904,-56.3048,-0.6859
11.9400,9537.1273,-56.3116,-0.6837
11.9500,9536.5641,-56.3184,-0.6815
11.9600,9536.0009,-56.3252,-0.6793
11.9700,9535.4375,-56.3320,-0.6771
11.9800,9534.8742,-56.3387,-0.6749
11.9900,9534.3107,-56.3455,-0.6727
12.0000,9533.7472,-56.3522,-0.6705
12.0100,9533.1836,-56.3589,-0.6683
12.0200,9532.6199,-56.3655,-0.6662
12.0300,9532.0562,-56.3722,-0.6640
12.0400,9531.4924,-56.3788,-0.6618
12.0500,9530.9286,-56.3854,-0.6597
12.0600,9530.3647,-56.3920,-0.6576
12.0700,9529.8007,-56.3985,-0.6554
12.0800,9529.2366,-56.4050,-0.6533
12.0900,9528.6725,-56.4116,-0.6512
12.1000,9528.1083,-56.4180,-0.6491
12.1100,9527.5441,-56.4245,-0.6470
12.1200,9526.9798,-56.4310,-0.6448
12.1300,9526.4154,-56.4374,-0.6428
12.1400,9525.8510,-56.4438,-0.6407
12.1500,9525.2865,-56.4502,-0.6386
12.1600,9524.7219,-56.4565,-0.6365
12.1700,9524.1573,-56.4629,-0.6344
12.1800,9523.5926,-56.4692,-0.6324
12.1900,9523.0278,-56.4755,-0.6303
12.2000,9522.4630,-56.4818,-0.6283
12.2100,9521.8981,-56.4881,-0.6262
12.2200,9521.3332,-56.4943,-0.6242
12.2300,9520.7682,-56.5005,-0.6222
12.2400,9520.2031,-56.5067,-0.6201
12.2500,9519.6380,-56.5129,-0.6181
12.2600,9519.0728,-56.5191,-0.6161
12.2700,9518.5075,-56.5252,-0.6141
12.2800,9517.9422,-56.5313,-0.6121
12.2900,9517.3768,-56.5374,-0.6101
12.3000,9516.8114,-56.5435,-0.6081
12.3100,9516.2459,-56.5496,-0.6061
12.3200,9515.6804,-56.5556,-0.6042
12.3300,9515.1147,-56.5616,-0.6022
12.3400,9514.5491,-56.5676,-0.6002
12.3500,9513.9833,-56.5736,-0.5983
12.3600,9513.4175,-56.5796,-0.5963
12.3700,9512.8517,-56.5855,-0.5944
12.3800,9512.2858,-56.5915,-0.5925
12.3900,9511.7198,-56.5974,-0.5905
12.4000,9511.1538,-56.6033,-0.5886
12.4100,9510.5877,-56.6091,-0.5867
12.4200,9510.0215,-56.6150,-0.5848
12.4300,9509.4553,-56.6208,-0.5829
12.4400,9508.8890,-56.6266,-0.5810
12.4500,9508.3227,-56.6324,-0.5791
12.4600,9507.7563,-56.6382,-0.5772
12.4700,9507.1899,-56.6439,-0.5753
12.4800,9506.6234,-56.6497,-0.5734
12.4900,9506.0568,-56.6554,-0.5716
12.5000,9505.4902,-56.6611,-0.5697
12.5100,9504.9236,-56.6667,-0.5678
12.5200,9504.3568,-56.6724,-0.5660
12.5300,9503.7901,-56.6780,-0.5641
12.5400,9503.2232,-56.6837,-0.5623
12.5500,9502.6563,-56.6893,-0.5605
12.5600,9502.0894,-56.6949,-0.5586
12.5700,9501.5224,-56.7004,-0.5568
12.5800,9500.9553,-56.7060,-0.5550
12.5900,9500.3882,-56.7115,-0.5532
12.6000,9499.8210,-56.7170,-0.5514
12.6100,9499.2538,-56.7225,-0.5496
12.6200,9498.6865,-56.7280,-0.5478
12.6300,9498.1192,-56.7335,-0.5460
12.6400,9497.5518,-56.7389,-0.5442
12.6500,9496.9844,-56.7443,-0.5424
12.6600,9496.4169,-56.7497,-0.5407
12.6700,9495.8493,-56.7551,-0.5389
12.6800,9495.2817,-56.7605,-0.5371
12.6900,9494.7141,-56.7658,-0.5354
12.7000,9494.1463,-56.7712,-0.5336
12.7100,9493.5786,-56.7765,-0.5319
12.7200,9493.0108,-56.7818,-0.5301
12.7300,9492.4429,-56.7871,-0.5284
12.7400,9491.8750,-56.7924,-0.5267
12.7500,9491.3070,-56.7976,-0.5250
12.7600,9490.7390,-56.8028,-0.5232
12.7700,9490.1709,-56.8080,-0.5215
12.7800,9489.6027,-56.8132,-0.5198
12.7900,9489.0346,-56.8184,-0.5181
12.8000,9488.4663,-56.8236,-0.5164
12.8100,9487.8980,-56.8287,-0.5147
12.8200,9487.3297,-56.8339,-0.5131
12.8300,9486.7613,-56.8390,-0.5114
12.8400,9486.1929,-56.8441,-0.5097
12.8500,9485.6244,-56.8492,-0.5080
12.8600,9485.0558,-56.8542,-0.5064
12.8700,9484.4872,-56.8593,-0.5047
12.8800,9483.9186,-56.8643,-0.5031
12.8900,9483.3499,-56.8693,-0.5014
12.9000,9482.7812,-56.8743,-0.4998
12.9100,9482.2124,-56.8793,-0.4981
12.9200,9481.6435,-56.8843,-0.4965
12.9300,9481.0746,-56.8892,-0.4949
12.9400,9480.5057,-56.8941,-0.4933
12.9500,9479.9367,-56.8991,-0.4916
12.9600,9479.3677,-56.9040,-0.4900
12.9700,9478.7986,-56.9088,-0.4884
12.9800,9478.2294,-56.9137,-0.4868
12.9900,9477.6603,-56.9186,-0.4852
13.0000,9477.0910,-56.9234,-0.4836
13.0100,9476.5217,-56.9282,-0.4821
13.0200,9475.9524,-56.9330,-0.4805
13.0300,9475.3830,-56.9378,-0.4789
13.0400,9474.8136,-56.9426,-0.4773
13.0500,9474.2441,-56.9473,-0.4758
13.0600,9473.6746,-56.9521,-0.4742
13.0700,9473.1050,-56.9568,-0.4727
13.0800,9472.5354,-56.9615,-0.4711
13.0900,9471.9658,-56.9662,-0.4696
13.1000,9471.3961,-56.9709,-0.4680
13.1100,9470.8263,-56.9756,-0.4665
13.1200,9470.2565,-56.9802,-0.4650
13.1300,9469.6866,-56.9849,-0.4634
13.1400,9469.1167,-56.9895,-0.4619
13.1500,9468.5468,-56.9941,-0.4604
13.1600,9467.9768,-56.9987,-0.4589
13.1700,9467.4068,-57.0032,-0.4574
13.1800,9466.8367,-57.0078,-0.4559
13.1900,9466.2666,-57.0123,-0.4544
13.2000,9465.6964,-57.0169,-0.4529
13.2100,9465.1262,-57.0214,-0.4514
13.2200,9464.5559,-57.0259,-0.4499
13.2300,9463.9856,-57.0304,-0.4484
13.2400,9463.4153,-57.0348,-0.4470
13.2500,9462.8449,-57.0393,-0.4455
13.2600,9462.2745,-57.0437,-0.4440
13.2700,9461.7040,-57.0482,-0.4426
13.2800,9461.1335,-57.0526,-0.4411
13.2900,9460.5629,-57.0570,-0.4397
13.3000,9459.9923,-57.0613,-0.4382
13.3100,9459.4216,-57.0657,-0.4368
13.3200,9458.8509,-57.0701,-0.4354
13.3300,9458.2802,-57.0744,-0.4339
13.3400,9457.7094,-57.0787,-0.4325
13.3500,9457.1386,-57.0830,-0.4311
13.3600,9456.5677,-57.0873,-0.4297
13.3700,9455.9968,-57.0916,-0.4283
13.3800,9455.4258,-57.0959,-0.4268
13.3900,9454.8548,-57.1001,-0.4254
13.4000,9454.2838,-57.1044,-0.4240
13.4100,9453.7127,-57.1086,-0.4227
13.4200,9453.1415,-57.1128,-0.4213
13.4300,9452.5704,-57.1170,-0.4199
13.4400,9451.9992,-57.1212,-0.4185
13.4500,9451.4279,-57.1254,-0.4171
13.4600,9450.8566,-57.1295,-0.4157
13.4700,9450.2853,-57.1337,-0.4144
13.4800,9449.7139,-57.1378,-0.4130
13.4900,9449.1425,-57.1419,-0.4117
13.5000,9448.5710,-57.1460,-0.4103
13.5100,9447.9995,-57.1501,-0.4090
13.5200,9447.4280,-57.1542,-0.4076
13.5300,9446.8564,-57.1583,-0.4063
13.5400,9446.2848,-57.1623,-0.4049
13.5500,9445.7131,-57.1663,-0.4036
13.5600,9445.1414,-57.1704,-0.4023
13.5700,9444.5697,-57.1744,-0.4009
13.5800,9443.9979,-57.1784,-0.3996
13.5900,9443.4261,-57.1824,-0.3983
13.6000,9442.8542,-57.1863,-0.3970
13.6100,9442.2823,-57.1903,-0.3957
13.6200,9441.7103,-57.1942,-0.3944
13.6300,9441.1384,-57.1982,-0.3931
13.6400,9440.5663,-57.2021,-0.3918
13.6500,9439.9943,-57.2060,-0.3905
13.6600,9439.4222,-57.2099,-0.3892
13.6700,9438.8500,-57.2138,-0.3879
13.6800,9438.2779,-57.2176,-0.3867
13.6900,9437.7057,-57.2215,-0.3854
13.7000,9437.1334,-57.2253,-0.3841
13.7100,9436.5611,-57.2291,-0.3829
13.7200,9435.9888,-57.2330,-0.3816
13.7300,9435.4164,-57.2368,-0.3803
13.7400,9434.8440,-57.2406,-0.3791
13.7500,9434.2716,-57.2443,-0.3778
13.7600,9433.6991,-57.2481,-0.3766
13.7700,9433.1266,-57.2519,-0.3753
13.7800,9432.5540,-57.2556,-0.3741
13.7900,9431.9814,-57.2593,-0.3729
13.8000,9431.4088,-57.2630,-0.3716
13.8100,9430.8361,-57.2667,-0.3704
13.8200,9430.2634,-57.2704,-0.3692
13.8300,9429.6907,-57.2741,-0.3680
13.8400,9429.1179,-57.2778,-0.3668
13.8500,9428.5451,-57.2814,-0.3656
13.8600,9427.9722,-57.2851,-0.3644
13.8700,9427.3993,-57.2887,-0.3631
13.8800,9426.8264,-57.2923,-0.3620
13.8900,9426.2535,-57.2959,-0.3608
13.9000,9425.6805,-57.2995,-0.3596
13.9100,9425.1074,-57.3031,-0.3584
13.9200,9424.5344,-57.3067,-0.3572
13.9300,9423.9613,-57.3103,-0.3560
13.9400,9423.3881,-57.3138,-0.3548
13.9500,9422.8150,-57.3173,-0.3537
13.9600,9422.2417,-57.3209,-0.3525
13.9700,9421.6685,-57.3244,-0.3513
13.9800,9421.0952,-57.3279,-0.3502
13.9900,9420.5219,-57.3314,-0.3490
14.0000,9419.9486,-57.3348,-0.3479
14.0100,9419.3752,-57.3383,-0.3467
14.0200,9418.8018,-57.3418,-0.3456
14.0300,9418.2283,-57.3452,-0.3444
14.0400,9417.6548,-57.3486,-0.3433
14.0500,9417.0813,-57.3521,-0.3422
14.0600,9416.5077,-57.3555,-0.3410
14.0700,9415.9342,-57.3589,-0.3399
14.0800,9415.3605,-57.3623,-0.3388
14.0900,9414.7869,-57.3656,-0.3377
14.1000,9414.2132,-57.3690,-0.3366
14.1100,9413.6395,-57.3724,-0.3354
14.1200,9413.0657,-57.3757,-0.3343
14.1300,9412.4919,-57.3790,-0.3332
14.1400,9411.9181,-57.3824,-0.3321
14.1500,9411.3442,-57.3857,-0.3310
14.1600,9410.7703,-57.3890,-0.3299
14.1700,9410.1964,-57.3923,-0.3289
14.1800,9409.6225,-57.3955,-0.3278
14.1900,9409.0485,-57.3988,-0.3267
14.2000,9408.4745,-57.4021,-0.3256
14.2100,9407.9004,-57.4053,-0.3245
14.2200,9407.3263,-57.4085,-0.3235
14.2300,9406.7522,-57.4118,-0.3224
14.2400,9406.1781,-57.4150,-0.3213
14.2500,9405.6039,-57.4182,-0.3203
14.2600,9405.0297,-57.4214,-0.3192
14.2700,9404.4554,-57.4246,-0.3181
14.2800,9403.8811,-57.4277,-0.3171
14.2900,9403.3068,-57.4309,-0.3160
14.3000,9402.7325,-57.4340,-0.3150
14.3100,9402.1581,-57.4372,-0.3140
14.3200,9401.5837,-57.4403,-0.3129
14.3300,9401.0093,-57.4434,-0.3119
14.3400,9400.4348,-57.4465,-0.3109
14.3500,9399.8603,-57.4496,-0.3098
14.3600,9399.2858,-57.4527,-0.3088
14.3700,9398.7112,-57.4558,-0.3078
14.3800,9398.1366,-57.4589,-0.3068
14.3900,9397.5620,-57.4619,-0.3057
14.4000,9396.9874,-57.4650,-0.3047
14.4100,9396.4127,-57.4680,-0.3037
14.4200,9395.8380,-57.4710,-0.3027
14.4300,9395.2632,-57.4740,-0.3017
14.4400,9394.6885,-57.4771,-0.3007
14.4500,9394.1137,-57.4801,-0.2997
14.4600,9393.5388,-57.4830,-0.2987
14.4700,9392.9640,-57.4860,-0.2977
14.4800,9392.3891,-57.4890,-0.2968
14.4900,9391.8142,-57.4919,-0.2958
14.5000,9391.2392,-57.4949,-0.2948
14.5100,9390.6642,-57.4978,-0.2938
14.5200,9390.0892,-57.5008,-0.2929
14.5300,9389.5142,-57.5037,-0.2919
14.5400,9388.9391,-57.5066,-0.2909
14.5500,9388.3640,-57.5095,-0.2900
14.5600,9387.7889,-57.5124,-0.2890
14.5700,9387.2138,-57.5153,-0.2880
14.5800,9386.6386,-57.5181,-0.2871
14.5900,9386.0634,-57.5210,-0.2861
14.6000,9385.4881,-57.5238,-0.2852
14.6100,9384.9129,-57.5267,-0.2842
14.6200,9384.3376,-57.5295,-0.2833
14.6300,9383.7622,-57.5323,-0.2824
14.6400,9383.1869,-57.5352,-0.2814
14.6500,9382.6115,-57.5380,-0.2805
14.6600,9382.0361,-57.5408,-0.2796
14.6700,9381.4607,-57.5435,-0.2786
14.6800,9380.8852,-57.5463,-0.2777
14.6900,9380.3097,-57.5491,-0.2768
14.7000,9379.7342,-57.5518,-0.2759
14.7100,9379.1587,-57.5546,-0.2750
14.7200,9378.5831,-57.5573,-0.2741
14.7300,9378.0075,-57.5601,-0.2731
14.7400,9377.4319,-57.5628,-0.2722
14.7500,9376.8562,-57.5655,-0.2713
14.7600,9376.2805,-57.5682,-0.2704
14.7700,9375.7048,-57.5709,-0.2695
14.7800,9375.1291,-57.5736,-0.2686
14.7900,9374.5533,-57.5763,-0.2678
14.8000,9373.9775,-57.5789,-0.2669
14.8100,9373.4017,-57.5816,-0.2660
14.8200,9372.8259,-57.5842,-0.2651
14.8300,9372.2500,-57.5869,-0.2642
14.8400,9371.6741,-57.5895,-0.2633
14.8500,9371.0982,-57.5921,-0.2625
14.8600,9370.5222,-57.5948,-0.2616
14.8700,9369.9463,-57.5974,-0.2607
14.8800,9369.3703,-57.6000,-0.2599
14.8900,9368.7942,-57.6026,-0.2590
14.9000,9368.2182,-57.6051,-0.2582
14.9100,9367.6421,-57.6077,-0.2573
14.9200,9367.0660,-57.6103,-0.2564
14.9300,9366.4899,-57.6128,-0.2556
14.9400,9365.9137,-57.6154,-0.2547
14.9500,9365.3375,-57.6179,-0.2539
14.9600,9364.7613,-57.6204,-0.2531
14.9700,9364.1851,-57.6230,-0.2522
14.9800,9363.6088,-57.6255,-0.2514
14.9900,9363.0326,-57.6280,-0.2505
15.0000,9362.4563,-57.6305,-0.2497
15.0100,9361.8799,-57.6330,-0.2489
15.0200,9361.3036,-57.6355,-0.2481
15.0300,9360.7272,-57.6379,-0.2472
15.0400,9360.1508,-57.6404,-0.2464
15.0500,9359.5744,-57.6428,-0.2456
15.0600,9358.9979,-57.6453,-0.2448
15.0700,9358.4214,-57.6477,-0.2440
15.0800,9357.8449,-57.6502,-0.2432
15.0900,9357.2684,-57.6526,-0.2424
15.1000,9356.6919,-57.6550,-0.2415
15.1100,9356.1153,-57.6574,-0.2407
15.1200,9355.5387,-57.6598,-0.2399
15.1300,9354.9621,-57.6622,-0.2392
15.1400,9354.3854,-57.6646,-0.2384
15.1500,9353.8087,-57.6670,-0.2376
15.1600,9353.2321,-57.6693,-0.2368
15.1700,9352.6553,-57.6717,-0.2360
15.1800,9352.0786,-57.6740,-0.2352
15.1900,9351.5018,-57.6764,-0.2344
15.2000,9350.9250,-57.6787,-0.2336
15.2100,9350.3482,-57.6811,-0.2329
15.2200,9349.7714,-57.6834,-0.2321
15.2300,9349.1945,-57.6857,-0.2313
15.2400,9348.6177,-57.6880,-0.2306
15.2500,9348.0408,-57.6903,-0.2298
15.2600,9347.4638,-57.6926,-0.2290
15.2700,9346.8869,-57.6949,-0.2283
15.2800,9346.3099,-57.6971,-0.2275
15.2900,9345.7329,-57.6994,-0.2268
15.3000,9345.1559,-57.7017,-0.2260
15.3100,9344.5789,-57.7039,-0.2253
15.3200,9344.0018,-57.7062,-0.2245
15.3300,9343.4247,-57.7084,-0.2238
15.3400,9342.8476,-57.7106,-0.2230
15.3500,9342.2705,-57.7129,-0.2223
15.3600,9341.6933,-57.7151,-0.2215
15.3700,9341.1162,-57.7173,-0.2208
15.3800,9340.5390,-57.7195,-0.2201
15.3900,9339.9617,-57.7217,-0.2193
15.4000,9339.3845,-57.7239,-0.2186
15.4100,9338.8072,-57.7260,-0.2179
15.4200,9338.2300,-57.7282,-0.2172
15.4300,9337.6527,-57.7304,-0.2164
15.4400,9337.0753,-57.7325,-0.2157
15.4500,9336.4980,-57.7347,-0.2150
15.4600,9335.9206,-57.7368,-0.2143
15.4700,9335.3432,-57.7390,-0.2136
15.4800,9334.7658,-57.7411,-0.2129
15.4900,9334.1884,-57.7432,-0.2122
15.5000,9333.6109,-57.7453,-0.2114
15.5100,9333.0335,-57.7474,-0.2107
15.5200,9332.4560,-57.7495,-0.2100
15.5300,9331.8785,-57.7516,-0.2093
15.5400,9331.3009,-57.7537,-0.2086
15.5500,9330.7234,-57.7558,-0.2080
15.5600,9330.1458,-57.7579,-0.2073
15.5700,9329.5682,-57.7599,-0.2066
15.5800,9328.9906,-57.7620,-0.2059
15.5900,9328.4129,-57.7640,-0.2052
15.6000,9327.8353,-57.7661,-0.2045
15.6100,9327.2576,-57.7681,-0.2038
15.6200,9326.6799,-57.7702,-0.2032
15.6300,9326.1022,-57.7722,-0.2025
15.6400,9325.5244,-57.7742,-0.2018
15.6500,9324.9466,-57.7762,-0.2011
15.6600,9324.3689,-57.7782,-0.2005
15.6700,9323.7911,-57.7802,-0.1998
15.6800,9323.2132,-57.7822,-0.1991
15.6900,9322.6354,-57.7842,-0.1985
15.7000,9322.0575,-57.7862,-0.1978
15.7100,9321.4797,-57.7881,-0.1972
15.7200,9320.9018,-57.7901,-0.1965
15.7300,9320.3238,-57.7921,-0.1958
15.7400,9319.7459,-57.7940,-0.1952
15.7500,9319.1679,-57.7960,-0.1945
15.7600,9318.5900,-57.7979,-0.1939
15.7700,9318.0120,-57.7998,-0.1933
15.7800,9317.4339,-57.8018,-0.1926
15.7900,9316.8559,-57.8037,-0.1920
15.8000,9316.2778,-57.8056,-0.1913
15.8100,9315.6998,-57.8075,-0.1907
15.8200,9315.1217,-57.8094,-0.1901
15.8300,9314.5436,-57.8113,-0.1894
15.8400,9313.9654,-57.8132,-0.1888
15.8500,9313.3873,-57.8151,-0.1882
15.8600,9312.8091,-57.8169,-0.1875
15.8700,9312.2309,-57.8188,-0.1869
15.8800,9311.6527,-57.8207,-0.1863
15.8900,9311.0745,-57.8225,-0.1857
15.9000,9310.4963,-57.8244,-0.1851
15.9100,9309.9180,-57.8262,-0.1844
15.9200,9309.3397,-57.8281,-0.1838
15.9300,9308.7614,-57.8299,-0.1832
15.9400,9308.1831,-57.8317,-0.1826
15.9500,9307.6048,-57.8335,-0.1820
15.9600,9307.0264,-57.8354,-0.1814
15.9700,9306.4480,-57.8372,-0.1808
15.9800,9305.8696,-57.8390,-0.1802
15.9900,9305.2912,-57.8408,-0.1796
16.0000,9304.7128,-57.8425,-0.1790
16.0100,9304.1344,-57.8443,-0.1784
16.0200,9303.5559,-57.8461,-0.1778
16.0300,9302.9774,-57.8479,-0.1772
16.0400,9302.3989,-57.8496,-0.1766
16.0500,9301.8204,-57.8514,-0.1760
16.0600,9301.2419,-57.8532,-0.1754
16.0700,9300.6633,-57.8549,-0.1749
16.0800,9300.0848,-57.8567,-0.1743
16.0900,9299.5062,-57.8584,-0.1737
16.1000,9298.9276,-57.8601,-0.1731
16.1100,9298.3490,-57.8618,-0.1725
16.1200,9297.7703,-57.8636,-0.1720
16.1300,9297.1917,-57.8653,-0.1714
16.1400,9296.6130,-57.8670,-0.1708
16.1500,9296.0343,-57.8687,-0.1703
16.1600,9295.4556,-57.8704,-0.1697
16.1700,9294.8769,-57.8721,-0.1691
16.1800,9294.2982,-57.8738,-0.1686
16.1900,9293.7194,-57.8754,-0.1680
16.2000,9293.1406,-57.8771,-0.1674
16.2100,9292.5618,-57.8788,-0.1669
16.2200,9291.9830,-57.8805,-0.1663
16.2300,9291.4042,-57.8821,-0.1658
16.2400,9290.8254,-57.8838,-0.1652
16.2500,9290.2465,-57.8854,-0.1647
16.2600,9289.6677,-57.8870,-0.1641
16.2700,9289.0888,-57.8887,-0.1636
16.2800,9288.5099,-57.8903,-0.1630
16.2900,9287.9309,-57.8919,-0.1625
16.3000,9287.3520,-57.8936,-0.1619
16.3100,9286.7731,-57.8952,-0.1614
16.3200,9286.1941,-57.8968,-0.1609
16.3300,9285.6151,-57.8984,-0.1603
16.3400,9285.0361,-57.9000,-0.1598
16.3500,9284.4571,-57.9016,-0.1593
16.3600,9283.8781,-57.9032,-0.1587
16.3700,9283.2990,-57.9047,-0.1582
16.3800,9282.7199,-57.9063,-0.1577
16.3900,9282.1409,-57.9079,-0.1571
16.4000,9281.5618,-57.9095,-0.1566
16.4100,9280.9827,-57.9110,-0.1561
16.4200,9280.4035,-57.9126,-0.1556
16.4300,9279.8244,-57.9141,-0.1551
16.4400,9279.2452,-57.9157,-0.1545
16.4500,9278.6661,-57.9172,-0.1540
16.4600,9278.0869,-57.9187,-0.1535
16.4700,9277.5077,-57.9203,-0.1530
16.4800,9276.9285,-57.9218,-0.1525
16.4900,9276.3492,-57.9233,-0.1520
16.5000,9275.7700,-57.9248,-0.1515
16.5100,9275.1907,-57.9263,-0.1510
16.5200,9274.6114,-57.9279,-0.1505
16.5300,9274.0321,-57.9294,-0.1500
16.5400,9273.4528,-57.9308,-0.1495
16.5500,9272.8735,-57.9323,-0.1490
16.5600,9272.2942,-57.9338,-0.1485
16.5700,9271.7148,-57.9353,-0.1480
16.5800,9271.1355,-57.9368,-0.1475
16.5900,9270.5561,-57.9382,-0.1470
16.6000,9269.9767,-57.9397,-0.1465
16.6100,9269.3973,-57.9412,-0.1460
16.6200,9268.8178,-57.9426,-0.1455
16.6300,9268.2384,-57.9441,-0.1450
16.6400,9267.6589,-57.9455,-0.1446
16.6500,9267.0795,-57.9470,-0.1441
16.6600,9266.5000,-57.9484,-0.1436
16.6700,9265.9205,-57.9498,-0.1431
16.6800,9265.3410,-57.9513,-0.1426
16.6900,9264.7614,-57.9527,-0.1422
16.7000,9264.1819,-57.9541,-0.1417
16.7100,9263.6024,-57.9555,-0.1412
16.7200,9263.0228,-57.9569,-0.1407
16.7300,9262.4432,-57.9583,-0.1403
16.7400,9261.8636,-57.9597,-0.1398
16.7500,9261.2840,-57.9611,-0.1393
16.7600,9260.7044,-57.9625,-0.1389
16.7700,9260.1247,-57.9639,-0.1384
16.7800,9259.5451,-57.9653,-0.1379
16.7900,9258.9654,-57.9666,-0.1375
16.8000,9258.3857,-57.9680,-0.1370
16.8100,9257.8060,-57.9694,-0.1366
16.8200,9257.2263,-57.9707,-0.1361
16.8300,9256.6466,-57.9721,-0.1357
16.8400,9256.0669,-57.9734,-0.1352
16.8500,9255.4871,-57.9748,-0.1348
16.8600,9254.9074,-57.9761,-0.1343
16.8700,9254.3276,-57.9775,-0.1339
16.8800,9253.7478,-57.9788,-0.1334
16.8900,9253.1680,-57.9801,-0.1330
16.9000,9252.5882,-57.9815,-0.1325
16.9100,9252.0084,-57.9828,-0.1321
16.9200,9251.4285,-57.9841,-0.1316
16.9300,9250.8487,-57.9854,-0.1312
16.9400,9250.2688,-57.9867,-0.1308
16.9500,9249.6889,-57.9880,-0.1303
16.9600,9249.1090,-57.9893,-0.1299
16.9700,9248.5291,-57.9906,-0.1295
16.9800,9247.9492,-57.9919,-0.1290
16.9900,9247.3693,-57.9932,-0.1286
17.0000,9246.7893,-57.9945,-0.1282
17.0100,9246.2094,-57.9957,-0.1277
17.0200,9245.6294,-57.9970,-0.1273
17.0300,9245.0494,-57.9983,-0.1269
17.0400,9244.4694,-57.9996,-0.1265
17.0500,9243.8894,-58.0008,-0.1260
17.0600,9243.3094,-58.0021,-0.1256
17.0700,9242.7294,-58.0033,-0.1252
17.0800,9242.1493,-58.0046,-0.1248
17.0900,9241.5692,-58.0058,-0.1244
17.1000,9240.9892,-58.0071,-0.1239
17.1100,9240.4091,-58.0083,-0.1235
17.1200,9239.8290,-58.0095,-0.1231
17.1300,9239.2489,-58.0107,-0.1227
17.1400,9238.6688,-58.0120,-0.1223
17.1500,9238.0886,-58.0132,-0.1219
17.1600,9237.5085,-58.0144,-0.1215
17.1700,9236.9283,-58.0156,-0.1211
17.1800,9236.3482,-58.0168,-0.1207
17.1900,9235.7680,-58.0180,-0.1203
17.2000,9235.1878,-58.0192,-0.1199
17.2100,9234.6076,-58.0204,-0.1195
17.2200,9234.0274,-58.0216,-0.1191
17.2300,9233.4472,-58.0228,-0.1187
17.2400,9232.8669,-58.0240,-0.1183
17.2500,9232.2867,-58.0252,-0.1179
17.2600,9231.7064,-58.0263,-0.1175
17.2700,9231.1261,-58.0275,-0.1171
17.2800,9230.5458,-58.0287,-0.1167
17.2900,9229.9655,-58.0298,-0.1163
17.3000,9229.3852,-58.0310,-0.1159
17.3100,9228.8049,-58.0321,-0.1155
17.3200,9228.2246,-58.0333,-0.1151
17.3300,9227.6442,-58.0344,-0.1148
17.3400,9227.0639,-58.0356,-0.1144
17.3500,9226.4835,-58.0367,-0.1140
17.3600,9225.9031,-58.0379,-0.1136
17.3700,9225.3227,-58.0390,-0.1132
17.3800,9224.7423,-58.0401,-0.1129
17.3900,9224.1619,-58.0412,-0.1125
17.4000,9223.5815,-58.0424,-0.1121
17.4100,9223.0011,-58.0435,-0.1117
17.4200,9222.4206,-58.0446,-0.1114
17.4300,9221.8402,-58.0457,-0.1110
17.4400,9221.2597,-58.0468,-0.1106
17.4500,9220.6792,-58.0479,-0.1102
17.4600,9220.0987,-58.0490,-0.1099
17.4700,9219.5182,-58.0501,-0.1095
17.4800,9218.9377,-58.0512,-0.1091
17.4900,9218.3572,-58.0523,-0.1088
17.5000,9217.7767,-58.0534,-0.1084
17.5100,9217.1961,-58.0545,-0.1081
17.5200,9216.6156,-58.0555,-0.1077
17.5300,9216.0350,-58.0566,-0.1073
17.5400,9215.4544,-58.0577,-0.1070
17.5500,9214.8738,-58.0587,-0.1066
17.5600,9214.2932,-58.0598,-0.1063
17.5700,9213.7126,-58.0609,-0.1059
17.5800,9213.1320,-58.0619,-0.1055
17.5900,9212.5514,-58.0630,-0.1052
17.6000,9211.9707,-58.0640,-0.1048
17.6100,9211.3901,-58.0651,-0.1045
17.6200,9210.8094,-58.0661,-0.1041
17.6300,9210.2287,-58.0671,-0.1038
17.6400,9209.6481,-58.0682,-0.1035
17.6500,9209.0674,-58.0692,-0.1031
17.6600,9208.4867,-58.0702,-0.1028
17.6700,9207.9060,-58.0713,-0.1024
17.6800,9207.3252,-58.0723,-0.1021
17.6900,9206.7445,-58.0733,-0.1017
17.7000,9206.1638,-58.0743,-0.1014
17.7100,9205.5830,-58.0753,-0.1011
17.7200,9205.0022,-58.0763,-0.1007
17.7300,9204.4215,-58.0773,-0.1004
17.7400,9203.8407,-58.0783,-0.1000
17.7500,9203.2599,-58.0793,-0.0997
17.7600,9202.6791,-58.0803,-0.0994
17.7700,9202.0983,-58.0813,-0.0990
17.7800,9201.5175,-58.0823,-0.0987
17.7900,9200.9366,-58.0833,-0.0984
17.8000,9200.3558,-58.0843,-0.0981
17.8100,9199.7749,-58.0852,-0.0977
17.8200,9199.1941,-58.0862,-0.0974
17.8300,9198.6132,-58.0872,-0.0971
17.8400,9198.0323,-58.0882,-0.0967
17.8500,9197.4514,-58.0891,-0.0964
17.8600,9196.8705,-58.0901,-0.0961
17.8700,9196.2896,-58.0910,-0.0958
17.8800,9195.7087,-58.0920,-0.0955
17.8900,9195.1278,-58.0929,-0.0951
17.9000,9194.5468,-58.0939,-0.0948
17.9100,9193.9659,-58.0948,-0.0945
17.9200,9193.3849,-58.0958,-0.0942
17.9300,9192.8039,-58.0967,-0.0939
17.9400,9192.2230,-58.0977,-0.0936
17.9500,9191.6420,-58.0986,-0.0932
17.9600,9191.0610,-58.0995,-0.0929
17.9700,9190.4800,-58.1004,-0.0926
17.9800,9189.8990,-58.1014,-0.0923
17.9900,9189.3179,-58.1023,-0.0920
18.0000,9188.7369,-58.1032,-0.0917
18.0100,9188.1559,-58.1041,-0.0914
18.0200,9187.5748,-58.1050,-0.0911
18.0300,9186.9938,-58.1059,-0.0908
18.0400,9186.4127,-58.1068,-0.0905
18.0500,9185.8316,-58.1077,-0.0902
18.0600,9185.2505,-58.1086,-0.0899
18.0700,9184.6694,-58.1095,-0.0896
18.0800,9184.0883,-58.1104,-0.0893
18.0900,9183.5072,-58.1113,-0.0890
18.1000,9182.9261,-58.1122,-0.0887
18.1100,9182.3450,-58.1131,-0.0884
18.1200,9181.7638,-58.1140,-0.0881
18.1300,9181.1827,-58.1148,-0.0878
18.1400,9180.6015,-58.1157,-0.0875
18.1500,9180.0204,-58.1166,-0.0872
18.1600,9179.4392,-58.1175,-0.0869
18.1700,9178.8580,-58.1183,-0.0866
18.1800,9178.2768,-58.1192,-0.0863
18.1900,9177.6956,-58.1201,-0.0860
18.2000,9177.1144,-58.1209,-0.0858
18.2100,9176.5332,-58.1218,-0.0855
18.2200,9175.9520,-58.1226,-0.0852
18.2300,9175.3707,-58.1235,-0.0849
18.2400,9174.7895,-58.1243,-0.0846
18.2500,9174.2082,-58.1252,-0.0843
18.2600,9173.6270,-58.1260,-0.0840
18.2700,9173.0457,-58.1268,-0.0838
18.2800,9172.4644,-58.1277,-0.0835
18.2900,9171.8831,-58.1285,-0.0832
18.3000,9171.3018,-58.1293,-0.0829
18.3100,9170.7205,-58.1302,-0.0826
18.3200,9170.1392,-58.1310,-0.0824
18.3300,9169.5579,-58.1318,-0.0821
18.3400,9168.9766,-58.1326,-0.0818
18.3500,9168.3952,-58.1334,-0.0815
18.3600,9167.8139,-58.1342,-0.0813
18.3700,9167.2326,-58.1351,-0.0810
18.3800,9166.6512,-58.1359,-0.0807
18.3900,9166.0698,-58.1367,-0.0805
18.4000,9165.4885,-58.1375,-0.0802
18.4100,9164.9071,-58.1383,-0.0799
18.4200,9164.3257,-58.1391,-0.0797
18.4300,9163.7443,-58.1399,-0.0794
18.4400,9163.1629,-58.1407,-0.0791
18.4500,9162.5815,-58.1414,-0.0789
18.4600,9162.0000,-58.1422,-0.0786
18.4700,9161.4186,-58.1430,-0.0783
18.4800,9160.8372,-58.1438,-0.0781
18.4900,9160.2557,-58.1446,-0.0778
18.5000,9159.6743,-58.1453,-0.0775
18.5100,9159.0928,-58.1461,-0.0773
18.5200,9158.5113,-58.1469,-0.0770
18.5300,9157.9299,-58.1477,-0.0768
18.5400,9157.3484,-58.1484,-0.0765
18.5500,9156.7669,-58.1492,-0.0763
18.5600,9156.1854,-58.1499,-0.0760
18.5700,9155.6039,-58.1507,-0.0757
18.5800,9155.0224,-58.1515,-0.0755
18.5900,9154.4408,-58.1522,-0.0752
18.6000,9153.8593,-58.1530,-0.0750
18.6100,9153.2778,-58.1537,-0.0747
18.6200,9152.6962,-58.1545,-0.0745
18.6300,9152.1147,-58.1552,-0.0742
18.6400,9151.5331,-58.1559,-0.0740
18.6500,9150.9516,-58.1567,-0.0737
18.6600,9150.3700,-58.1574,-0.0735
18.6700,9149.7884,-58.1581,-0.0733
18.6800,9149.2068,-58.1589,-0.0730
18.6900,9148.6252,-58.1596,-0.0728
18.7000,9148.0436,-58.1603,-0.0725
18.7100,9147.4620,-58.1610,-0.0723
18.7200,9146.8804,-58.1618,-0.0720
18.7300,9146.2988,-58.1625,-0.0718
18.7400,9145.7171,-58.1632,-0.0716
18.7500,9145.1355,-58.1639,-0.0713
18.7600,9144.5538,-58.1646,-0.0711
18.7700,9143.9722,-58.1653,-0.0708
18.7800,9143.3905,-58.1660,-0.0706
18.7900,9142.8089,-58.1667,-0.0704
18.8000,9142.2272,-58.1674,-0.0701
18.8100,9141.6455,-58.1681,-0.0699
18.8200,9141.0638,-58.1688,-0.0697
18.8300,9140.4821,-58.1695,-0.0694
18.8400,9139.9004,-58.1702,-0.0692
18.8500,9139.3187,-58.1709,-0.0690
18.8600,9138.7370,-58.1716,-0.0687
18.8700,9138.1553,-58.1723,-0.0685
18.8800,9137.5735,-58.1730,-0.0683
18.8900,9136.9918,-58.1736,-0.0680
18.9000,9136.4101,-58.1743,-0.0678
18.9100,9135.8283,-58.1750,-0.0676
18.9200,9135.2466,-58.1757,-0.0674
18.9300,9134.6648,-58.1763,-0.0671
18.9400,9134.0830,-58.1770,-0.0669
18.9500,9133.5012,-58.1777,-0.0667
18.9600,9132.9195,-58.1783,-0.0665
18.9700,9132.3377,-58.1790,-0.0662
18.9800,9131.7559,-58.1797,-0.0660
18.9900,9131.1741,-58.1803,-0.0658
19.0000,9130.5923,-58.1810,-0.0656
19.0100,9130.0104,-58.1816,-0.0654
19.0200,9129.4286,-58.1823,-0.0651
19.0300,9128.8468,-58.1829,-0.0649
19.0400,9128.2650,-58.1836,-0.0647
19.0500,9127.6831,-58.1842,-0.0645
19.0600,9127.1013,-58.1849,-0.0643
19.0700,9126.5194,-58.1855,-0.0641
19.0800,9125.9376,-58.1862,-0.0638
19.0900,9125.3557,-58.1868,-0.0636
19.1000,9124.7738,-58.1874,-0.0634
19.1100,9124.1919,-58.1881,-0.0632
19.1200,9123.6100,-58.1887,-0.0630
19.1300,9123.0281,-58.1893,-0.0628
19.1400,9122.4462,-58.1899,-0.0626
19.1500,9121.8643,-58.1906,-0.0624
19.1600,9121.2824,-58.1912,-0.0621
19.1700,9120.7005,-58.1918,-0.0619
19.1800,9120.1186,-58.1924,-0.0617
19.1900,9119.5367,-58.1930,-0.0615
19.2000,9118.9547,-58.1936,-0.0613
19.2100,9118.3728,-58.1943,-0.0611
19.2200,9117.7908,-58.1949,-0.0609
19.2300,9117.2089,-58.1955,-0.0607
19.2400,9116.6269,-58.1961,-0.0605
19.2500,9116.0449,-58.1967,-0.0603
19.2600,9115.4630,-58.1973,-0.0601
19.2700,9114.8810,-58.1979,-0.0599
19.2800,9114.2990,-58.1985,-0.0597
19.2900,9113.7170,-58.1991,-0.0595
19.3000,9113.1350,-58.1997,-0.0593
19.3100,9112.5530,-58.2003,-0.0591
19.3200,9111.9710,-58.2008,-0.0589
19.3300,9111.3890,-58.2014,-0.0587
19.3400,9110.8070,-58.2020,-0.0585
19.3500,9110.2250,-58.2026,-0.0583
19.3600,9109.6429,-58.2032,-0.0581
19.3700,9109.0609,-58.2038,-0.0579
19.3800,9108.4788,-58.2043,-0.0577
19.3900,9107.8968,-58.2049,-0.0575
19.4000,9107.3147,-58.2055,-0.0573
19.4100,9106.7327,-58.2061,-0.0571
19.4200,9106.1506,-58.2066,-0.0570
19.4300,9105.5685,-58.2072,-0.0568
19.4400,9104.9865,-58.2078,-0.0566
19.4500,9104.4044,-58.2083,-0.0564
19.4600,9103.8223,-58.2089,-0.0562
19.4700,9103.2402,-58.2094,-0.0560
19.4800,9102.6581,-58.2100,-0.0558
19.4900,9102.0760,-58.2106,-0.0556
19.5000,9101.4939,-58.2111,-0.0554
19.5100,9100.9118,-58.2117,-0.0553
19.5200,9100.3296,-58.2122,-0.0551
19.5300,9099.7475,-58.2128,-0.0549
19.5400,9099.1654,-58.2133,-0.0547
19.5500,9098.5832,-58.2139,-0.0545
19.5600,9098.0011,-58.2144,-0.0543
19.5700,9097.4189,-58.2149,-0.0542
19.5800,9096.8368,-58.2155,-0.0540
19.5900,9096.2546,-58.2160,-0.0538
19.6000,9095.6725,-58.2166,-0.0536
19.6100,9095.0903,-58.2171,-0.0534
19.6200,9094.5081,-58.2176,-0.0533
19.6300,9093.9259,-58.2182,-0.0531
19.6400,9093.3437,-58.2187,-0.0529
19.6500,9092.7616,-58.2192,-0.0527
19.6600,9092.1794,-58.2197,-0.0525
19.6700,9091.5972,-58.2203,-0.0524
19.6800,9091.0149,-58.2208,-0.0522
19.6900,9090.4327,-58.2213,-0.0520
19.7000,9089.8505,-58.2218,-0.0518
19.7100,9089.2683,-58.2223,-0.0517
19.7200,9088.6861,-58.2229,-0.0515
19.7300,9088.1038,-58.2234,-0.0513
19.7400,9087.5216,-58.2239,-0.0512
19.7500,9086.9393,-58.2244,-0.0510
19.7600,9086.3571,-58.2249,-0.0508
19.7700,9085.7748,-58.2254,-0.0506
19.7800,9085.1926,-58.2259,-0.0505
19.7900,9084.6103,-58.2264,-0.0503
19.8000,9084.0281,-58.2269,-0.0501
19.8100,9083.4458,-58.2274,-0.0500
19.8200,9082.8635,-58.2279,-0.0498
19.8300,9082.2812,-58.2284,-0.0496
19.8400,9081.6989,-58.2289,-0.0495
19.8500,9081.1166,-58.2294,-0.0493
19.8600,9080.5343,-58.2299,-0.0491
19.8700,9079.9520,-58.2304,-0.0490
19.8800,9079.3697,-58.2309,-0.0488
19.8900,9078.7874,-58.2313,-0.0486
19.9000,9078.2051,-58.2318,-0.0485
19.9100,9077.6228,-58.2323,-0.0483
19.9200,9077.0404,-58.2328,-0.0482
19.9300,9076.4581,-58.2333,-0.0480
19.9400,9075.8758,-58.2338,-0.0478
19.9500,9075.2934,-58.2342,-0.0477
19.9600,9074.7111,-58.2347,-0.0475
19.9700,9074.1287,-58.2352,-0.0473
19.9800,9073.5464,-58.2357,-0.0472
19.9900,9072.9640,-58.2361,-0.0470
20.0000,9072.3816,-58.2366,-0.0469
20.0100,9071.7993,-58.2371,-0.0467
20.0200,9071.2169,-58.2375,-0.0466
20.0300,9070.6345,-58.2380,-0.0464
20.0400,9070.0521,-58.2385,-0.0462
20.0500,9069.4697,-58.2389,-0.0461
20.0600,9068.8874,-58.2394,-0.0459
20.0700,9068.3050,-58.2398,-0.0458
20.0800,9067.7225,-58.2403,-0.0456
20.0900,9067.1401,-58.2407,-0.0455
20.1000,9066.5577,-58.2412,-0.0453
20.1100,9065.9753,-58.2416,-0.0452
20.1200,9065.3929,-58.2421,-0.0450
20.1300,9064.8105,-58.2425,-0.0449
20.1400,9064.2280,-58.2430,-0.0447
20.1500,9063.6456,-58.2434,-0.0446
20.1600,9063.0632,-58.2439,-0.0444
20.1700,9062.4807,-58.2443,-0.0443
20.1800,9061.8983,-58.2448,-0.0441
20.1900,9061.3158,-58.2452,-0.0440
20.2000,9060.7334,-58.2456,-0.0438
20.2100,9060.1509,-58.2461,-0.0437
20.2200,9059.5684,-58.2465,-0.0435
20.2300,9058.9860,-58.2470,-0.0434
20.2400,9058.4035,-58.2474,-0.0432
20.2500,9057.8210,-58.2478,-0.0431
20.2600,9057.2385,-58.2482,-0.0430
20.2700,9056.6560,-58.2487,-0.0428
20.2800,9056.0736,-58.2491,-0.0427
20.2900,9055.4911,-58.2495,-0.0425
20.3000,9054.9086,-58.2499,-0.0424
20.3100,9054.3261,-58.2504,-0.0422
20.3200,9053.7436,-58.2508,-0.0421
20.3300,9053.1610,-58.2512,-0.0420
20.3400,9052.5785,-58.2516,-0.0418
20.3500,9051.9960,-58.2520,-0.0417
20.3600,9051.4135,-58.2525,-0.0415
20.3700,9050.8309,-58.2529,-0.0414
20.3800,9050.2484,-58.2533,-0.0413
20.3900,9049.6659,-58.2537,-0.0411
20.4000,9049.0833,-58.2541,-0.0410
20.4100,9048.5008,-58.2545,-0.0408
20.4200,9047.9182,-58.2549,-0.0407
20.4300,9047.3357,-58.2553,-0.0406
20.4400,9046.7531,-58.2557,-0.0404
20.4500,9046.1706,-58.2561,-0.0403
20.4600,9045.5880,-58.2565,-0.0402
20.4700,9045.0054,-58.2569,-0.0400
20.4800,9044.4229,-58.2573,-0.0399
20.4900,9043.8403,-58.2577,-0.0398
20.5000,9043.2577,-58.2581,-0.0396
20.5100,9042.6751,-58.2585,-0.0395
20.5200,9042.0925,-58.2589,-0.0394
20.5300,9041.5099,-58.2593,-0.0392
20.5400,9040.9273,-58.2597,-0.0391
20.5500,9040.3447,-58.2601,-0.0390
20.5600,9039.7621,-58.2605,-0.0388
20.5700,9039.1795,-58.2609,-0.0387
20.5800,9038.5969,-58.2613,-0.0386
20.5900,9038.0143,-58.2616,-0.0384
20.6000,9037.4317,-58.2620,-0.0383
20.6100,9036.8491,-58.2624,-0.0382
20.6200,9036.2664,-58.2628,-0.0381
20.6300,9035.6838,-58.2632,-0.0379
20.6400,9035.1012,-58.2635,-0.0378
20.6500,9034.5185,-58.2639,-0.0377
20.6600,9033.9359,-58.2643,-0.0376
20.6700,9033.3532,-58.2647,-0.0374
20.6800,9032.7706,-58.2650,-0.0373
20.6900,9032.1879,-58.2654,-0.0372
20.7000,9031.6053,-58.2658,-0.0371
20.7100,9031.0226,-58.2662,-0.0369
20.7200,9030.4399,-58.2665,-0.0368
20.7300,9029.8573,-58.2669,-0.0367
20.7400,9029.2746,-58.2673,-0.0366
20.7500,9028.6919,-58.2676,-0.0364
20.7600,9028.1092,-58.2680,-0.0363
20.7700,9027.5266,-58.2683,-0.0362
20.7800,9026.9439,-58.2687,-0.0361
20.7900,9026.3612,-58.2691,-0.0359
20.8000,9025.7785,-58.2694,-0.0358
20.8100,9025.1958,-58.2698,-0.0357
20.8200,9024.6131,-58.2701,-0.0356
20.8300,9024.0304,-58.2705,-0.0355
20.8400,9023.4477,-58.2708,-0.0353
20.8500,9022.8650,-58.2712,-0.0352
20.8600,9022.2822,-58.2715,-0.0351
20.8700,9021.6995,-58.2719,-0.0350
20.8800,9021.1168,-58.2722,-0.0349
20.8900,9020.5341,-58.2726,-0.0348
20.9000,9019.9513,-58.2729,-0.0346
20.9100,9019.3686,-58.2733,-0.0345
20.9200,9018.7859,-58.2736,-0.0344
20.9300,9018.2031,-58.2740,-0.0343
20.9400,9017.6204,-58.2743,-0.0342
20.9500,9017.0377,-58.2747,-0.0341
20.9600,9016.4549,-58.2750,-0.0340
20.9700,9015.8721,-58.2753,-0.0338
20.9800,9015.2894,-58.2757,-0.0337
20.9900,9014.7066,-58.2760,-0.0336
21.0000,9014.1239,-58.2763,-0.0335
21.0100,9013.5411,-58.2767,-0.0334
21.0200,9012.9583,-58.2770,-0.0333
21.0300,9012.3756,-58.2773,-0.0332
21.0400,9011.7928,-58.2777,-0.0331
21.0500,9011.2100,-58.2780,-0.0329
21.0600,9010.6272,-58.2783,-0.0328
21.0700,9010.0444,-58.2787,-0.0327
21.0800,9009.4616,-58.2790,-0.0326
21.0900,9008.8788,-58.2793,-0.0325
21.1000,9008.2961,-58.2796,-0.0324
21.1100,9007.7133,-58.2800,-0.0323
21.1200,9007.1304,-58.2803,-0.0322
21.1300,9006.5476,-58.2806,-0.0321
21.1400,9005.9648,-58.2809,-0.0320
21.1500,9005.3820,-58.2812,-0.0319
21.1600,9004.7992,-58.2815,-0.0317
21.1700,9004.2164,-58.2819,-0.0316
21.1800,9003.6336,-58.2822,-0.0315
21.1900,9003.0507,-58.2825,-0.0314
21.2000,9002.4679,-58.2828,-0.0313
21.2100,9001.8851,-58.2831,-0.0312
21.2200,9001.3022,-58.2834,-0.0311
21.2300,9000.7194,-58.2837,-0.0310
21.2400,9000.1366,-58.2841,-0.0309
21.2500,8999.5537,-58.2844,-0.0308
21.2600,8998.9709,-58.2847,-0.0307
21.2700,8998.3880,-58.2850,-0.0306
21.2800,8997.8052,-58.2853,-0.0305
21.2900,8997.2223,-58.2856,-0.0304
21.3000,8996.6395,-58.2859,-0.0303
21.3100,8996.0566,-58.2862,-0.0302
21.3200,8995.4737,-58.2865,-0.0301
21.3300,8994.8909,-58.2868,-0.0300
21.3400,8994.3080,-58.2871,-0.0299
21.3500,8993.7251,-58.2874,-0.0298
21.3600,8993.1422,-58.2877,-0.0297
21.3700,8992.5594,-58.2880,-0.0296
21.3800,8991.9765,-58.2883,-0.0295
21.3900,8991.3936,-58.2886,-0.0294
21.4000,8990.8107,-58.2889,-0.0293
21.4100,8990.2278,-58.2891,-0.0292
21.4200,8989.6449,-58.2894,-0.0291
21.4300,8989.0620,-58.2897,-0.0290
21.4400,8988.4791,-58.2900,-0.0289
21.4500,8987.8962,-58.2903,-0.0288
21.4600,8987.3133,-58.2906,-0.0287
21.4700,8986.7304,-58.2909,-0.0286
21.4800,8986.1475,-58.2912,-0.0285
21.4900,8985.5646,-58.2914,-0.0284
21.5000,8984.9817,-58.2917,-0.0283
21.5100,8984.3987,-58.2920,-0.0282
21.5200,8983.8158,-58.2923,-0.0281
21.5300,8983.2329,-58.2926,-0.0280
21.5400,8982.6500,-58.2929,-0.0279
21.5500,8982.0670,-58.2931,-0.0278
21.5600,8981.4841,-58.2934,-0.0278
21.5700,8980.9012,-58.2937,-0.0277
21.5800,8980.3182,-58.2940,-0.0276
21.5900,8979.7353,-58.2942,-0.0275
21.6000,8979.1523,-58.2945,-0.0274
21.6100,8978.5694,-58.2948,-0.0273
21.6200,8977.9864,-58.2951,-0.0272
21.6300,8977.4035,-58.2953,-0.0271
21.6400,8976.8205,-58.2956,-0.0270
21.6500,8976.2376,-58.2959,-0.0269
21.6600,8975.6546,-58.2961,-0.0268
21.6700,8975.0716,-58.2964,-0.0267
21.6800,8974.4887,-58.2967,-0.0267
21.6900,8973.9057,-58.2969,-0.0266
21.7000,8973.3227,-58.2972,-0.0265
21.7100,8972.7398,-58.2975,-0.0264
21.7200,8972.1568,-58.2977,-0.0263
21.7300,8971.5738,-58.2980,-0.0262
21.7400,8970.9908,-58.2982,-0.0261
21.7500,8970.4078,-58.2985,-0.0260
21.7600,8969.8249,-58.2988,-0.0259
21.7700,8969.2419,-58.2990,-0.0259
21.7800,8968.6589,-58.2993,-0.0258
21.7900,8968.0759,-58.2995,-0.0257
21.8000,8967.4929,-58.2998,-0.0256
21.8100,8966.9099,-58.3001,-0.0255
21.8200,8966.3269,-58.3003,-0.0254
21.8300,8965.7439,-58.3006,-0.0253
21.8400,8965.1609,-58.3008,-0.0253
21.8500,8964.5778,-58.3011,-0.0252
21.8600,8963.9948,-58.3013,-0.0251
21.8700,8963.4118,-58.3016,-0.0250
21.8800,8962.8288,-58.3018,-0.0249
21.8900,8962.2458,-58.3021,-0.0248
21.9000,8961.6628,-58.3023,-0.0248
21.9100,8961.0797,-58.3026,-0.0247
21.9200,8960.4967,-58.3028,-0.0246
21.9300,8959.9137,-58.3030,-0.0245
21.9400,8959.3306,-58.3033,-0.0244
21.9500,8958.7476,-58.3035,-0.0243
21.9600,8958.1646,-58.3038,-0.0243
21.9700,8957.5815,-58.3040,-0.0242
21.9800,8956.9985,-58.3043,-0.0241
21.9900,8956.4154,-58.3045,-0.0240
22.0000,8955.8324,-58.3047,-0.0239
22.0100,8955.2493,-58.3050,-0.0239
22.0200,8954.6663,-58.3052,-0.0238
22.0300,8954.0832,-58.3055,-0.0237
22.0400,8953.5002,-58.3057,-0.0236
22.0500,8952.9171,-58.3059,-0.0235
22.0600,8952.3341,-58.3062,-0.0235
22.0700,8951.7510,-58.3064,-0.0234
22.0800,8951.1679,-58.3066,-0.0233
22.0900,8950.5849,-58.3069,-0.0232
22.1000,8950.0018,-58.3071,-0.0231
22.1100,8949.4187,-58.3073,-0.0231
22.1200,8948.8356,-58.3076,-0.0230
22.1300,8948.2526,-58.3078,-0.0229
22.1400,8947.6695,-58.3080,-0.0228
22.1500,8947.0864,-58.3082,-0.0228
22.1600,8946.5033,-58.3085,-0.0227
22.1700,8945.9202,-58.3087,-0.0226
22.1800,8945.3371,-58.3089,-0.0225
22.1900,8944.7540,-58.3091,-0.0225
22.2000,8944.1710,-58.3094,-0.0224
22.2100,8943.5879,-58.3096,-0.0223
22.2200,8943.0048,-58.3098,-0.0222
22.2300,8942.4217,-58.3100,-0.0222
22.2400,8941.8386,-58.3103,-0.0221
22.2500,8941.2555,-58.3105,-0.0220
22.2600,8940.6723,-58.3107,-0.0219
22.2700,8940.0892,-58.3109,-0.0219
22.2800,8939.5061,-58.3111,-0.0218
22.2900,8938.9230,-58.3113,-0.0217
22.3000,8938.3399,-58.3116,-0.0216
22.3100,8937.7568,-58.3118,-0.0216
22.3200,8937.1737,-58.3120,-0.0215
22.3300,8936.5905,-58.3122,-0.0214
22.3400,8936.0074,-58.3124,-0.0213
22.3500,8935.4243,-58.3126,-0.0213
22.3600,8934.8412,-58.3128,-0.0212
22.3700,8934.2580,-58.3131,-0.0211
22.3800,8933.6749,-58.3133,-0.0211
22.3900,8933.0918,-58.3135,-0.0210
22.4000,8932.5086,-58.3137,-0.0209
22.4100,8931.9255,-58.3139,-0.0209
22.4200,8931.3423,-58.3141,-0.0208
22.4300,8930.7592,-58.3143,-0.0207
22.4400,8930.1761,-58.3145,-0.0206
22.4500,8929.5929,-58.3147,-0.0206
22.4600,8929.0098,-58.3149,-0.0205
22.4700,8928.4266,-58.3151,-0.0204
22.4800,8927.8435,-58.3153,-0.0204
22.4900,8927.2603,-58.3155,-0.0203
22.5000,8926.6771,-58.3157,-0.0202
22.5100,8926.0940,-58.3159,-0.0202
22.5200,8925.5108,-58.3161,-0.0201
22.5300,8924.9277,-58.3163,-0.0200
22.5400,8924.3445,-58.3165,-0.0200
22.5500,8923.7613,-58.3167,-0.0199
22.5600,8923.1782,-58.3169,-0.0198
22.5700,8922.5950,-58.3171,-0.0198
22.5800,8922.0118,-58.3173,-0.0197
22.5900,8921.4286,-58.3175,-0.0196
22.6000,8920.8455,-58.3177,-0.0196
22.6100,8920.2623,-58.3179,-0.0195
22.6200,8919.6791,-58.3181,-0.0194
22.6300,8919.0959,-58.3183,-0.0194
22.6400,8918.5127,-58.3185,-0.0193
22.6500,8917.9295,-58.3187,-0.0192
22.6600,8917.3464,-58.3189,-0.0192
22.6700,8916.7632,-58.3191,-0.0191
22.6800,8916.1800,-58.3193,-0.0190
22.6900,8915.5968,-58.3195,-0.0190
22.7000,8915.0136,-58.3196,-0.0189
22.7100,8914.4304,-58.3198,-0.0189
22.7200,8913.8472,-58.3200,-0.0188
22.7300,8913.2640,-58.3202,-0.0187
22.7400,8912.6808,-58.3204,-0.0187
22.7500,8912.0976,-58.3206,-0.0186
22.7600,8911.5144,-58.3208,-0.0185
22.7700,8910.9311,-58.3210,-0.0185
22.7800,8910.3479,-58.3211,-0.0184
22.7900,8909.7647,-58.3213,-0.0184
22.8000,8909.1815,-58.3215,-0.0183
22.8100,8908.5983,-58.3217,-0.0182
22.8200,8908.0151,-58.3219,-0.0182
22.8300,8907.4319,-58.3220,-0.0181
22.8400,8906.8486,-58.3222,-0.0180
22.8500,8906.2654,-58.3224,-0.0180
22.8600,8905.6822,-58.3226,-0.0179
22.8700,8905.0990,-58.3228,-0.0179
22.8800,8904.5157,-58.3229,-0.0178
22.8900,8903.9325,-58.3231,-0.0177
22.9000,8903.3493,-58.3233,-0.0177
22.9100,8902.7660,-58.3235,-0.0176
22.9200,8902.1828,-58.3236,-0.0176
22.9300,8901.5996,-58.3238,-0.0175
22.9400,8901.0163,-58.3240,-0.0174
22.9500,8900.4331,-58.3242,-0.0174
22.9600,8899.8498,-58.3243,-0.0173
22.9700,8899.2666,-58.3245,-0.0173
22.9800,8898.6833,-58.3247,-0.0172
22.9900,8898.1001,-58.3249,-0.0172
23.0000,8897.5168,-58.3250,-0.0171
23.0100,8896.9336,-58.3252,-0.0170
23.0200,8896.3503,-58.3254,-0.0170
23.0300,8895.7671,-58.3255,-0.0169
23.0400,8895.1838,-58.3257,-0.0169
23.0500,8894.6006,-58.3259,-0.0168
23.0600,8894.0173,-58.3260,-0.0168
23.0700,8893.4340,-58.3262,-0.0167
23.0800,8892.8508,-58.3264,-0.0166
23.0900,8892.2675,-58.3265,-0.0166
23.1000,8891.6842,-58.3267,-0.0165
23.1100,8891.1010,-58.3269,-0.0165
23.1200,8890.5177,-58.3270,-0.0164
23.1300,8889.9344,-58.3272,-0.0164
23.1400,8889.3512,-58.3274,-0.0163
23.1500,8888.7679,-58.3275,-0.0163
23.1600,8888.1846,-58.3277,-0.0162
23.1700,8887.6013,-58.3279,-0.0161
23.1800,8887.0180,-58.3280,-0.0161
23.1900,8886.4348,-58.3282,-0.0160
23.2000,8885.8515,-58.3283,-0.0160
23.2100,8885.2682,-58.3285,-0.0159
23.2200,8884.6849,-58.3287,-0.0159
23.2300,8884.1016,-58.3288,-0.0158
23.2400,8883.5183,-58.3290,-0.0158
23.2500,8882.9350,-58.3291,-0.0157
23.2600,8882.3517,-58.3293,-0.0157
23.2700,8881.7685,-58.3294,-0.0156
23.2800,8881.1852,-58.3296,-0.0156
23.2900,8880.6019,-58.3297,-0.0155
23.3000,8880.0186,-58.3299,-0.0155
23.3100,8879.4353,-58.3301,-0.0154
23.3200,8878.8520,-58.3302,-0.0154
23.3300,8878.2687,-58.3304,-0.0153
23.3400,8877.6853,-58.3305,-0.0153
23.3500,8877.1020,-58.3307,-0.0152
23.3600,8876.5187,-58.3308,-0.0151
23.3700,8875.9354,-58.3310,-0.0151
23.3800,8875.3521,-58.3311,-0.0150
23.3900,8874.7688,-58.3313,-0.0150
23.4000,8874.1855,-58.3314,-0.0149
23.4100,8873.6022,-58.3316,-0.0149
23.4200,8873.0189,-58.3317,-0.0148
23.4300,8872.4355,-58.3319,-0.0148
23.4400,8871.8522,-58.3320,-0.0147
23.4500,8871.2689,-58.3322,-0.0147
23.4600,8870.6856,-58.3323,-0.0146
23.4700,8870.1022,-58.3325,-0.0146
23.4800,8869.5189,-58.3326,-0.0145
23.4900,8868.9356,-58.3327,-0.0145
23.5000,8868.3523,-58.3329,-0.0145
23.5100,8867.7689,-58.3330,-0.0144
23.5200,8867.1856,-58.3332,-0.0144
23.5300,8866.6023,-58.3333,-0.0143
23.5400,8866.0189,-58.3335,-0.0143
23.5500,8865.4356,-58.3336,-0.0142
23.5600,8864.8523,-58.3337,-0.0142
23.5700,8864.2689,-58.3339,-0.0141
23.5800,8863.6856,-58.3340,-0.0141
23.5900,8863.1022,-58.3342,-0.0140
23.6000,8862.5189,-58.3343,-0.0140
23.6100,8861.9355,-58.3344,-0.0139
23.6200,8861.3522,-58.3346,-0.0139
23.6300,8860.7689,-58.3347,-0.0138
23.6400,8860.1855,-58.3349,-0.0138
23.6500,8859.6022,-58.3350,-0.0137
23.6600,8859.0188,-58.3351,-0.0137
23.6700,8858.4355,-58.3353,-0.0136
23.6800,8857.8521,-58.3354,-0.0136
23.6900,8857.2687,-58.3355,-0.0136
23.7000,8856.6854,-58.3357,-0.0135
23.7100,8856.1020,-58.3358,-0.0135
23.7200,8855.5187,-58.3359,-0.0134
23.7300,8854.9353,-58.3361,-0.0134
23.7400,8854.3519,-58.3362,-0.0133
23.7500,8853.7686,-58.3363,-0.0133
23.7600,8853.1852,-58.3365,-0.0132
23.7700,8852.6019,-58.3366,-0.0132
23.7800,8852.0185,-58.3367,-0.0132
23.7900,8851.4351,-58.3369,-0.0131
23.8000,8850.8517,-58.3370,-0.0131
23.8100,8850.2684,-58.3371,-0.0130
23.8200,8849.6850,-58.3373,-0.0130
23.8300,8849.1016,-58.3374,-0.0129
23.8400,8848.5183,-58.3375,-0.0129
23.8500,8847.9349,-58.3377,-0.0128
23.8600,8847.3515,-58.3378,-0.0128
23.8700,8846.7681,-58.3379,-0.0128
23.8800,8846.1847,-58.3380,-0.0127
23.8900,8845.6014,-58.3382,-0.0127
23.9000,8845.0180,-58.3383,-0.0126
23.9100,8844.4346,-58.3384,-0.0126
23.9200,8843.8512,-58.3385,-0.0125
23.9300,8843.2678,-58.3387,-0.0125
23.9400,8842.6844,-58.3388,-0.0125
23.9500,8842.1010,-58.3389,-0.0124
23.9600,8841.5177,-58.3390,-0.0124
23.9700,8840.9343,-58.3392,-0.0123
23.9800,8840.3509,-58.3393,-0.0123
23.9900,8839.7675,-58.3394,-0.0123
24.0000,8839.1841,-58.3395,-0.0122
24.0100,8838.6007,-58.3396,-0.0122
24.0200,8838.0173,-58.3398,-0.0121
24.0300,8837.4339,-58.3399,-0.0121
24.0400,8836.8505,-58.3400,-0.0121
24.0500,8836.2671,-58.3401,-0.0120
24.0600,8835.6837,-58.3403,-0.0120
24.0700,8835.1003,-58.3404,-0.0119
24.0800,8834.5169,-58.3405,-0.0119
24.0900,8833.9335,-58.3406,-0.0118
24.1000,8833.3501,-58.3407,-0.0118
24.1100,8832.7666,-58.3408,-0.0118
24.1200,8832.1832,-58.3410,-0.0117
24.1300,8831.5998,-58.3411,-0.0117
24.1400,8831.0164,-58.3412,-0.0117
24.1500,8830.4330,-58.3413,-0.0116
24.1600,8829.8496,-58.3414,-0.0116
24.1700,8829.2662,-58.3415,-0.0115
24.1800,8828.6828,-58.3417,-0.0115
24.1900,8828.0993,-58.3418,-0.0115
24.2000,8827.5159,-58.3419,-0.0114
24.2100,8826.9325,-58.3420,-0.0114
24.2200,8826.3491,-58.3421,-0.0113
24.2300,8825.7657,-58.3422,-0.0113
24.2400,8825.1822,-58.3423,-0.0113
24.2500,8824.5988,-58.3425,-0.0112
24.2600,8824.0154,-58.3426,-0.0112
24.2700,8823.4320,-58.3427,-0.0112
24.2800,8822.8485,-58.3428,-0.0111
24.2900,8822.2651,-58.3429,-0.0111
24.3000,8821.6817,-58.3430,-0.0110
24.3100,8821.0982,-58.3431,-0.0110
24.3200,8820.5148,-58.3432,-0.0110
24.3300,8819.9314,-58.3433,-0.0109
24.3400,8819.3479,-58.3434,-0.0109
24.3500,8818.7645,-58.3436,-0.0109
24.3600,8818.1811,-58.3437,-0.0108
24.3700,8817.5976,-58.3438,-0.0108
24.3800,8817.0142,-58.3439,-0.0107
24.3900,8816.4308,-58.3440,-0.0107
24.4000,8815.8473,-58.3441,-0.0107
24.4100,8815.2639,-58.3442,-0.0106
24.4200,8814.6804,-58.3443,-0.0106
24.4300,8814.0970,-58.3444,-0.0106
24.4400,8813.5135,-58.3445,-0.0105
24.4500,8812.9301,-58.3446,-0.0105
24.4600,8812.3466,-58.3447,-0.0105
24.4700,8811.7632,-58.3448,-0.0104
24.4800,8811.1797,-58.3449,-0.0104
24.4900,8810.5963,-58.3450,-0.0104
24.5000,8810.0128,-58.3451,-0.0103
24.5100,8809.4294,-58.3452,-0.0103
24.5200,8808.8459,-58.3453,-0.0103
24.5300,8808.2625,-58.3454,-0.0102
24.5400,8807.6790,-58.3455,-0.0102
24.5500,8807.0956,-58.3457,-0.0102
24.5600,8806.5121,-58.3458,-0.0101
24.5700,8805.9287,-58.3459,-0.0101
24.5800,8805.3452,-58.3460,-0.0100
24.5900,8804.7617,-58.3461,-0.0100
24.6000,8804.1783,-58.3462,-0.0100
24.6100,8803.5948,-58.3463,-0.0099
24.6200,8803.0113,-58.3464,-0.0099
24.6300,8802.4279,-58.3464,-0.0099
24.6400,8801.8444,-58.3465,-0.0098
24.6500,8801.2610,-58.3466,-0.0098
24.6600,8800.6775,-58.3467,-0.0098
24.6700,8800.0940,-58.3468,-0.0097
24.6800,8799.5105,-58.3469,-0.0097
24.6900,8798.9271,-58.3470,-0.0097
24.7000,8798.3436,-58.3471,-0.0097
24.7100,8797.7601,-58.3472,-0.0096
24.7200,8797.1767,-58.3473,-0.0096
24.7300,8796.5932,-58.3474,-0.0096
24.7400,8796.0097,-58.3475,-0.0095
24.7500,8795.4262,-58.3476,-0.0095
24.7600,8794.8428,-58.3477,-0.0095
24.7700,8794.2593,-58.3478,-0.0094
24.7800,8793.6758,-58.3479,-0.0094
24.7900,8793.0923,-58.3480,-0.0094
24.8000,8792.5088,-58.3481,-0.0093
24.8100,8791.9254,-58.3482,-0.0093
24.8200,8791.3419,-58.3483,-0.0093
24.8300,8790.7584,-58.3484,-0.0092
24.8400,8790.1749,-58.3484,-0.0092
24.8500,8789.5914,-58.3485,-0.0092
24.8600,8789.0079,-58.3486,-0.0091
24.8700,8788.4244,-58.3487,-0.0091
24.8800,8787.8410,-58.3488,-0.0091
24.8900,8787.2575,-58.3489,-0.0091
24.9000,8786.6740,-58.3490,-0.0090
24.9100,8786.0905,-58.3491,-0.0090
24.9200,8785.5070,-58.3492,-0.0090
24.9300,8784.9235,-58.3493,-0.0089
24.9400,8784.3400,-58.3494,-0.0089
24.9500,8783.7565,-58.3494,-0.0089
24.9600,8783.1730,-58.3495,-0.0088
24.9700,8782.5895,-58.3496,-0.0088
24.9800,8782.0060,-58.3497,-0.0088
24.9900,8781.4225,-58.3498,-0.0088
25.0000,8780.8390,-58.3499,-0.0087
25.0100,8780.2555,-58.3500,-0.0087
25.0200,8779.6720,-58.3501,-0.0087
25.0300,8779.0885,-58.3501,-0.0086
25.0400,8778.5050,-58.3502,-0.0086
25.0500,8777.9215,-58.3503,-0.0086
25.0600,8777.3380,-58.3504,-0.0085
25.0700,8776.7545,-58.3505,-0.0085
25.0800,8776.1710,-58.3506,-0.0085
25.0900,8775.5875,-58.3507,-0.0085
25.1000,8775.0040,-58.3507,-0.0084
25.1100,8774.4205,-58.3508,-0.0084
25.1200,8773.8370,-58.3509,-0.0084
25.1300,8773.2535,-58.3510,-0.0084
25.1400,8772.6700,-58.3511,-0.0083
25.1500,8772.0864,-58.3512,-0.0083
25.1600,8771.5029,-58.3512,-0.0083
25.1700,8770.9194,-58.3513,-0.0082
25.1800,8770.3359,-58.3514,-0.0082
25.1900,8769.7524,-58.3515,-0.0082
25.2000,8769.1689,-58.3516,-0.0082
25.2100,8768.5854,-58.3516,-0.0081
25.2200,8768.0018,-58.3517,-0.0081
25.2300,8767.4183,-58.3518,-0.0081
25.2400,8766.8348,-58.3519,-0.0080
25.2500,8766.2513,-58.3520,-0.0080
25.2600,8765.6678,-58.3520,-0.0080
25.2700,8765.0842,-58.3521,-0.0080
25.2800,8764.5007,-58.3522,-0.0079
25.2900,8763.9172,-58.3523,-0.0079
25.3000,8763.3337,-58.3524,-0.0079
25.3100,8762.7502,-58.3524,-0.0079
25.3200,8762.1666,-58.3525,-0.0078
25.3300,8761.5831,-58.3526,-0.0078
25.3400,8760.9996,-58.3527,-0.0078
25.3500,8760.4160,-58.3528,-0.0078
25.3600,8759.8325,-58.3528,-0.0077
25.3700,8759.2490,-58.3529,-0.0077
25.3800,8758.6655,-58.3530,-0.0077
25.3900,8758.0819,-58.3531,-0.0077
25.4000,8757.4984,-58.3531,-0.0076
25.4100,8756.9149,-58.3532,-0.0076
25.4200,8756.3313,-58.3533,-0.0076
25.4300,8755.7478,-58.3534,-0.0075
25.4400,8755.1643,-58.3534,-0.0075
25.4500,8754.5807,-58.3535,-0.0075
25.4600,8753.9972,-58.3536,-0.0075
25.4700,8753.4137,-58.3537,-0.0074
25.4800,8752.8301,-58.3537,-0.0074
25.4900,8752.2466,-58.3538,-0.0074
25.5000,8751.6630,-58.3539,-0.0074
25.5100,8751.0795,-58.3540,-0.0073
25.5200,8750.4960,-58.3540,-0.0073
25.5300,8749.9124,-58.3541,-0.0073
25.5400,8749.3289,-58.3542,-0.0073
25.5500,8748.7453,-58.3543,-0.0073
25.5600,8748.1618,-58.3543,-0.0072
25.5700,8747.5782,-58.3544,-0.0072
25.5800,8746.9947,-58.3545,-0.0072
25.5900,8746.4112,-58.3545,-0.0072
25.6000,8745.8276,-58.3546,-0.0071
25.6100,8745.2441,-58.3547,-0.0071
25.6200,8744.6605,-58.3548,-0.0071
25.6300,8744.0770,-58.3548,-0.0071
25.6400,8743.4934,-58.3549,-0.0070
25.6500,8742.9099,-58.3550,-0.0070
25.6600,8742.3263,-58.3550,-0.0070
25.6700,8741.7428,-58.3551,-0.0070
25.6800,8741.1592,-58.3552,-0.0069
25.6900,8740.5757,-58.3552,-0.0069
25.7000,8739.9921,-58.3553,-0.0069
25.7100,8739.4086,-58.3554,-0.0069
25.7200,8738.8250,-58.3555,-0.0068
25.7300,8738.2414,-58.3555,-0.0068
25.7400,8737.6579,-58.3556,-0.0068
25.7500,8737.0743,-58.3557,-0.0068
25.7600,8736.4908,-58.3557,-0.0068
25.7700,8735.9072,-58.3558,-0.0067
25.7800,8735.3237,-58.3559,-0.0067
25.7900,8734.7401,-58.3559,-0.0067
25.8000,8734.1565,-58.3560,-0.0067
25.8100,8733.5730,-58.3561,-0.0066
25.8200,8732.9894,-58.3561,-0.0066
25.8300,8732.4059,-58.3562,-0.0066
25.8400,8731.8223,-58.3563,-0.0066
25.8500,8731.2387,-58.3563,-0.0066
25.8600,8730.6552,-58.3564,-0.0065
25.8700,8730.0716,-58.3565,-0.0065
25.8800,8729.4880,-58.3565,-0.0065
25.8900,8728.9045,-58.3566,-0.0065
25.9000,8728.3209,-58.3566,-0.0064
25.9100,8727.7373,-58.3567,-0.0064
25.9200,8727.1538,-58.3568,-0.0064
25.9300,8726.5702,-58.3568,-0.0064
25.9400,8725.9866,-58.3569,-0.0064
25.9500,8725.4031,-58.3570,-0.0063
25.9600,8724.8195,-58.3570,-0.0063
25.9700,8724.2359,-58.3571,-0.0063
25.9800,8723.6524,-58.3572,-0.0063
25.9900,8723.0688,-58.3572,-0.0063
26.0000,8722.4852,-58.3573,-0.0062
26.0100,8721.9016,-58.3573,-0.0062
26.0200,8721.3181,-58.3574,-0.0062
26.0300,8720.7345,-58.3575,-0.0062
26.0400,8720.1509,-58.3575,-0.0061
26.0500,8719.5673,-58.3576,-0.0061
26.0600,8718.9838,-58.3576,-0.0061
26.0700,8718.4002,-58.3577,-0.0061
26.0800,8717.8166,-58.3578,-0.0061
26.0900,8717.2330,-58.3578,-0.0060
26.1000,8716.6494,-58.3579,-0.0060
26.1100,8716.0659,-58.3579,-0.0060
26.1200,8715.4823,-58.3580,-0.0060
26.1300,8714.8987,-58.3581,-0.0060
26.1400,8714.3151,-58.3581,-0.0059
26.1500,8713.7315,-58.3582,-0.0059
26.1600,8713.1480,-58.3582,-0.0059
26.1700,8712.5644,-58.3583,-0.0059
26.1800,8711.9808,-58.3584,-0.0059
26.1900,8711.3972,-58.3584,-0.0058
26.2000,8710.8136,-58.3585,-0.0058
26.2100,8710.2300,-58.3585,-0.0058
26.2200,8709.6465,-58.3586,-0.0058
26.2300,8709.0629,-58.3587,-0.0058
26.2400,8708.4793,-58.3587,-0.0057
26.2500,8707.8957,-58.3588,-0.0057
26.2600,8707.3121,-58.3588,-0.0057
26.2700,8706.7285,-58.3589,-0.0057
26.2800,8706.1449,-58.3589,-0.0057
26.2900,8705.5613,-58.3590,-0.0057
26.3000,8704.9777,-58.3591,-0.0056
26.3100,8704.3942,-58.3591,-0.0056
26.3200,8703.8106,-58.3592,-0.0056
26.3300,8703.2270,-58.3592,-0.0056
26.3400,8702.6434,-58.3593,-0.0056
26.3500,8702.0598,-58.3593,-0.0055
26.3600,8701.4762,-58.3594,-0.0055
26.3700,8700.8926,-58.3594,-0.0055
26.3800,8700.3090,-58.3595,-0.0055
26.3900,8699.7254,-58.3596,-0.0055
26.4000,8699.1418,-58.3596,-0.0054
26.4100,8698.5582,-58.3597,-0.0054
26.4200,8697.9746,-58.3597,-0.0054
26.4300,8697.3910,-58.3598,-0.0054
26.4400,8696.8074,-58.3598,-0.0054
26.4500,8696.2238,-58.3599,-0.0054
26.4600,8695.6402,-58.3599,-0.0053
26.4700,8695.0566,-58.3600,-0.0053
26.4800,8694.4730,-58.3600,-0.0053
26.4900,8693.8894,-58.3601,-0.0053
26.5000,8693.3058,-58.3601,-0.0053
26.5100,8692.7222,-58.3602,-0.0052
26.5200,8692.1386,-58.3602,-0.0052
26.5300,8691.5550,-58.3603,-0.0052
26.5400,8690.9714,-58.3603,-0.0052
26.5500,8690.3878,-58.3604,-0.0052
26.5600,8689.8042,-58.3605,-0.0052
26.5700,8689.2206,-58.3605,-0.0051
26.5800,8688.6370,-58.3606,-0.0051
26.5900,8688.0534,-58.3606,-0.0051
26.6000,8687.4698,-58.3607,-0.0051
26.6100,8686.8862,-58.3607,-0.0051
26.6200,8686.3026,-58.3608,-0.0051
26.6300,8685.7190,-58.3608,-0.0050
26.6400,8685.1353,-58.3609,-0.0050
26.6500,8684.5517,-58.3609,-0.0050
26.6600,8683.9681,-58.3610,-0.0050
26.6700,8683.3845,-58.3610,-0.0050
26.6800,8682.8009,-58.3611,-0.0050
26.6900,8682.2173,-58.3611,-0.0049
26.7000,8681.6337,-58.3612,-0.0049
26.7100,8681.0501,-58.3612,-0.0049
26.7200,8680.4665,-58.3613,-0.0049
26.7300,8679.8828,-58.3613,-0.0049
26.7400,8679.2992,-58.3614,-0.0049
26.7500,8678.7156,-58.3614,-0.0048
26.7600,8678.1320,-58.3614,-0.0048
26.7700,8677.5484,-58.3615,-0.0048
26.7800,8676.9648,-58.3615,-0.0048
26.7900,8676.3812,-58.3616,-0.0048
26.8000,8675.7975,-58.3616,-0.0048
26.8100,8675.2139,-58.3617,-0.0047
26.8200,8674.6303,-58.3617,-0.0047
26.8300,8674.0467,-58.3618,-0.0047
26.8400,8673.4631,-58.3618,-0.0047
26.8500,8672.8795,-58.3619,-0.0047
26.8600,8672.2958,-58.3619,-0.0047
26.8700,8671.7122,-58.3620,-0.0046
26.8800,8671.1286,-58.3620,-0.0046
26.8900,8670.5450,-58.3621,-0.0046
26.9000,8669.9614,-58.3621,-0.0046
26.9100,8669.3777,-58.3622,-0.0046
26.9200,8668.7941,-58.3622,-0.0046
26.9300,8668.2105,-58.3622,-0.0046
26.9400,8667.6269,-58.3623,-0.0045
26.9500,8667.0432,-58.3623,-0.0045
26.9600,8666.4596,-58.3624,-0.0045
26.9700,8665.8760,-58.3624,-0.0045
26.9800,8665.2924,-58.3625,-0.0045
26.9900,8664.7087,-58.3625,-0.0045
27.0000,8664.1251,-58.3626,-0.0045
27.0100,8663.5415,-58.3626,-0.0044
27.0200,8662.9579,-58.3626,-0.0044
27.0300,8662.3742,-58.3627,-0.0044
27.0400,8661.7906,-58.3627,-0.0044
27.0500,8661.2070,-58.3628,-0.0044
27.0600,8660.6234,-58.3628,-0.0044
27.0700,8660.0397,-58.3629,-0.0043
27.0800,8659.4561,-58.3629,-0.0043
27.0900,8658.8725,-58.3630,-0.0043
27.1000,8658.2888,-58.3630,-0.0043
27.1100,8657.7052,-58.3630,-0.0043
27.1200,8657.1216,-58.3631,-0.0043
27.1300,8656.5379,-58.3631,-0.0043
27.1400,8655.9543,-58.3632,-0.0042
27.1500,8655.3707,-58.3632,-0.0042
27.1600,8654.7870,-58.3633,-0.0042
27.1700,8654.2034,-58.3633,-0.0042
27.1800,8653.6198,-58.3633,-0.0042
27.1900,8653.0361,-58.3634,-0.0042
27.2000,8652.4525,-58.3634,-0.0042
27.2100,8651.8689,-58.3635,-0.0041
27.2200,8651.2852,-58.3635,-0.0041
27.2300,8650.7016,-58.3635,-0.0041
27.2400,8650.1180,-58.3636,-0.0041
27.2500,8649.5343,-58.3636,-0.0041
27.2600,8648.9507,-58.3637,-0.0041
27.2700,8648.3671,-58.3637,-0.0041
27.2800,8647.7834,-58.3637,-0.0041
27.2900,8647.1998,-58.3638,-0.0040
27.3000,8646.6161,-58.3638,-0.0040
27.3100,8646.0325,-58.3639,-0.0040
27.3200,8645.4489,-58.3639,-0.0040
27.3300,8644.8652,-58.3639,-0.0040
27.3400,8644.2816,-58.3640,-0.0040
27.3500,8643.6980,-58.3640,-0.0040
27.3600,8643.1143,-58.3641,-0.0039
27.3700,8642.5307,-58.3641,-0.0039
27.3800,8641.9470,-58.3641,-0.0039
27.3900,8641.3634,-58.3642,-0.0039
27.4000,8640.7797,-58.3642,-0.0039
27.4100,8640.1961,-58.3643,-0.0039
27.4200,8639.6125,-58.3643,-0.0039
27.4300,8639.0288,-58.3643,-0.0039
27.4400,8638.4452,-58.3644,-0.0038
27.4500,8637.8615,-58.3644,-0.0038
27.4600,8637.2779,-58.3645,-0.0038
27.4700,8636.6942,-58.3645,-0.0038
27.4800,8636.1106,-58.3645,-0.0038
27.4900,8635.5269,-58.3646,-0.0038
27.5000,8634.9433,-58.3646,-0.0038
27.5100,8634.3597,-58.3646,-0.0037
27.5200,8633.7760,-58.3647,-0.0037
27.5300,8633.1924,-58.3647,-0.0037
27.5400,8632.6087,-58.3648,-0.0037
27.5500,8632.0251,-58.3648,-0.0037
27.5600,8631.4414,-58.3648,-0.0037
27.5700,8630.8578,-58.3649,-0.0037
27.5800,8630.2741,-58.3649,-0.0037
27.5900,8629.6905,-58.3649,-0.0036
27.6000,8629.1068,-58.3650,-0.0036
27.6100,8628.5232,-58.3650,-0.0036
27.6200,8627.9395,-58.3650,-0.0036
27.6300,8627.3559,-58.3651,-0.0036
27.6400,8626.7722,-58.3651,-0.0036
27.6500,8626.1886,-58.3652,-0.0036
27.6600,8625.6049,-58.3652,-0.0036
27.6700,8625.0213,-58.3652,-0.0036
27.6800,8624.4376,-58.3653,-0.0035
27.6900,8623.8540,-58.3653,-0.0035
27.7000,8623.2703,-58.3653,-0.0035
27.7100,8622.6866,-58.3654,-0.0035
27.7200,8622.1030,-58.3654,-0.0035
27.7300,8621.5193,-58.3654,-0.0035
27.7400,8620.9357,-58.3655,-0.0035
27.7500,8620.3520,-58.3655,-0.0035
27.7600,8619.7684,-58.3655,-0.0034
27.7700,8619.1847,-58.3656,-0.0034
27.7800,8618.6011,-58.3656,-0.0034
27.7900,8618.0174,-58.3656,-0.0034
27.8000,8617.4338,-58.3657,-0.0034
27.8100,8616.8501,-58.3657,-0.0034
27.8200,8616.2664,-58.3657,-0.0034
27.8300,8615.6828,-58.3658,-0.0034
27.8400,8615.0991,-58.3658,-0.0034
27.8500,8614.5155,-58.3658,-0.0033
27.8600,8613.9318,-58.3659,-0.0033
27.8700,8613.3481,-58.3659,-0.0033
27.8800,8612.7645,-58.3659,-0.0033
27.8900,8612.1808,-58.3660,-0.0033
27.9000,8611.5972,-58.3660,-0.0033
27.9100,8611.0135,-58.3660,-0.0033
27.9200,8610.4298,-58.3661,-0.0033
27.9300,8609.8462,-58.3661,-0.0033
27.9400,8609.2625,-58.3661,-0.0032
27.9500,8608.6789,-58.3662,-0.0032
27.9600,8608.0952,-58.3662,-0.0032
27.9700,8607.5115,-58.3662,-0.0032
27.9800,8606.9279,-58.3663,-0.0032
27.9900,8606.3442,-58.3663,-0.0032
28.0000,8605.7605,-58.3663,-0.0032
28.0100,8605.1769,-58.3664,-0.0032
28.0200,8604.5932,-58.3664,-0.0032
28.0300,8604.0096,-58.3664,-0.0031
28.0400,8603.4259,-58.3665,-0.0031
28.0500,8602.8422,-58.3665,-0.0031
28.0600,8602.2586,-58.3665,-0.0031
28.0700,8601.6749,-58.3666,-0.0031
28.0800,8601.0912,-58.3666,-0.0031
28.0900,8600.5076,-58.3666,-0.0031
28.1000,8599.9239,-58.3666,-0.0031
28.1100,8599.3402,-58.3667,-0.0031
28.1200,8598.7566,-58.3667,-0.0031
28.1300,8598.1729,-58.3667,-0.0030
28.1400,8597.5892,-58.3668,-0.0030
28.1500,8597.0056,-58.3668,-0.0030
28.1600,8596.4219,-58.3668,-0.0030
28.1700,8595.8382,-58.3669,-0.0030
28.1800,8595.2546,-58.3669,-0.0030
28.1900,8594.6709,-58.3669,-0.0030
28.2000,8594.0872,-58.3669,-0.0030
28.2100,8593.5035,-58.3670,-0.0030
28.2200,8592.9199,-58.3670,-0.0030
28.2300,8592.3362,-58.3670,-0.0029
28.2400,8591.7525,-58.3671,-0.0029
28.2500,8591.1689,-58.3671,-0.0029
28.2600,8590.5852,-58.3671,-0.0029
28.2700,8590.0015,-58.3672,-0.0029
28.2800,8589.4178,-58.3672,-0.0029
28.2900,8588.8342,-58.3672,-0.0029
28.3000,8588.2505,-58.3672,-0.0029
28.3100,8587.6668,-58.3673,-0.0029
28.3200,8587.0832,-58.3673,-0.0029
28.3300,8586.4995,-58.3673,-0.0028
28.3400,8585.9158,-58.3674,-0.0028
28.3500,8585.3321,-58.3674,-0.0028
28.3600,8584.7485,-58.3674,-0.0028
28.3700,8584.1648,-58.3674,-0.0028
28.3800,8583.5811,-58.3675,-0.0028
28.3900,8582.9974,-58.3675,-0.0028
28.4000,8582.4138,-58.3675,-0.0028
28.4100,8581.8301,-58.3675,-0.0028
28.4200,8581.2464,-58.3676,-0.0028
28.4300,8580.6627,-58.3676,-0.0028
28.4400,8580.0791,-58.3676,-0.0027
28.4500,8579.4954,-58.3677,-0.0027
28.4600,8578.9117,-58.3677,-0.0027
28.4700,8578.3280,-58.3677,-0.0027
28.4800,8577.7444,-58.3677,-0.0027
28.4900,8577.1607,-58.3678,-0.0027
28.5000,8576.5770,-58.3678,-0.0027
28.5100,8575.9933,-58.3678,-0.0027
28.5200,8575.4096,-58.3678,-0.0027
28.5300,8574.8260,-58.3679,-0.0027
28.5400,8574.2423,-58.3679,-0.0027
28.5500,8573.6586,-58.3679,-0.0026
28.5600,8573.0749,-58.3680,-0.0026
28.5700,8572.4912,-58.3680,-0.0026
28.5800,8571.9076,-58.3680,-0.0026
28.5900,8571.3239,-58.3680,-0.0026
28.6000,8570.7402,-58.3681,-0.0026
28.6100,8570.1565,-58.3681,-0.0026
28.6200,8569.5728,-58.3681,-0.0026
28.6300,8568.9892,-58.3681,-0.0026
28.6400,8568.4055,-58.3682,-0.0026
28.6500,8567.8218,-58.3682,-0.0026
28.6600,8567.2381,-58.3682,-0.0025
28.6700,8566.6544,-58.3682,-0.0025
28.6800,8566.0707,-58.3683,-0.0025
28.6900,8565.4871,-58.3683,-0.0025
28.7000,8564.9034,-58.3683,-0.0025
28.7100,8564.3197,-58.3683,-0.0025
28.7200,8563.7360,-58.3684,-0.0025
28.7300,8563.1523,-58.3684,-0.0025
28.7400,8562.5686,-58.3684,-0.0025
28.7500,8561.9850,-58.3684,-0.0025
28.7600,8561.4013,-58.3685,-0.0025
28.7700,8560.8176,-58.3685,-0.0025
28.7800,8560.2339,-58.3685,-0.0024
28.7900,8559.6502,-58.3685,-0.0024
28.8000,8559.0665,-58.3686,-0.0024
28.8100,8558.4829,-58.3686,-0.0024
28.8200,8557.8992,-58.3686,-0.0024
28.8300,8557.3155,-58.3686,-0.0024
28.8400,8556.7318,-58.3687,-0.0024
28.8500,8556.1481,-58.3687,-0.0024
28.8600,8555.5644,-58.3687,-0.0024
28.8700,8554.9807,-58.3687,-0.0024
28.8800,8554.3970,-58.3687,-0.0024
28.8900,8553.8134,-58.3688,-0.0024
28.9000,8553.2297,-58.3688,-0.0023
28.9100,8552.6460,-58.3688,-0.0023
28.9200,8552.0623,-58.3688,-0.0023
28.9300,8551.4786,-58.3689,-0.0023
28.9400,8550.8949,-58.3689,-0.0023
28.9500,8550.3112,-58.3689,-0.0023
28.9600,8549.7275,-58.3689,-0.0023
28.9700,8549.1438,-58.3690,-0.0023
28.9800,8548.5602,-58.3690,-0.0023
28.9900,8547.9765,-58.3690,-0.0023
29.0000,8547.3928,-58.3690,-0.0023
29.0100,8546.8091,-58.3690,-0.0023
29.0200,8546.2254,-58.3691,-0.0023
29.0300,8545.6417,-58.3691,-0.0022
29.0400,8545.0580,-58.3691,-0.0022
29.0500,8544.4743,-58.3691,-0.0022
29.0600,8543.8906,-58.3692,-0.0022
29.0700,8543.3069,-58.3692,-0.0022
29.0800,8542.7232,-58.3692,-0.0022
29.0900,8542.1396,-58.3692,-0.0022
29.1000,8541.5559,-58.3692,-0.0022
29.1100,8540.9722,-58.3693,-0.0022
29.1200,8540.3885,-58.3693,-0.0022
29.1300,8539.8048,-58.3693,-0.0022
29.1400,8539.2211,-58.3693,-0.0022
29.1500,8538.6374,-58.3694,-0.0022
29.1600,8538.0537,-58.3694,-0.0022
29.1700,8537.4700,-58.3694,-0.0021
29.1800,8536.8863,-58.3694,-0.0021
29.1900,8536.3026,-58.3694,-0.0021
29.2000,8535.7189,-58.3695,-0.0021
29.2100,8535.1352,-58.3695,-0.0021
29.2200,8534.5515,-58.3695,-0.0021
29.2300,8533.9678,-58.3695,-0.0021
29.2400,8533.3841,-58.3695,-0.0021
29.2500,8532.8004,-58.3696,-0.0021
29.2600,8532.2168,-58.3696,-0.0021
29.2700,8531.6331,-58.3696,-0.0021
29.2800,8531.0494,-58.3696,-0.0021
29.2900,8530.4657,-58.3697,-0.0021
29.3000,8529.8820,-58.3697,-0.0021
29.3100,8529.2983,-58.3697,-0.0020
29.3200,8528.7146,-58.3697,-0.0020
29.3300,8528.1309,-58.3697,-0.0020
29.3400,8527.5472,-58.3698,-0.0020
29.3500,8526.9635,-58.3698,-0.0020
29.3600,8526.3798,-58.3698,-0.0020
29.3700,8525.7961,-58.3698,-0.0020
29.3800,8525.2124,-58.3698,-0.0020
29.3900,8524.6287,-58.3699,-0.0020
29.4000,8524.0450,-58.3699,-0.0020
29.4100,8523.4613,-58.3699,-0.0020
29.4200,8522.8776,-58.3699,-0.0020
29.4300,8522.2939,-58.3699,-0.0020
29.4400,8521.7102,-58.3700,-0.0020
29.4500,8521.1265,-58.3700,-0.0020
29.4600,8520.5428,-58.3700,-0.0019
29.4700,8519.9591,-58.3700,-0.0019
29.4800,8519.3754,-58.3700,-0.0019
29.4900,8518.7917,-58.3700,-0.0019
29.5000,8518.2080,-58.3701,-0.0019
29.5100,8517.6243,-58.3701,-0.0019
29.5200,8517.0406,-58.3701,-0.0019
29.5300,8516.4569,-58.3701,-0.0019
29.5400,8515.8732,-58.3701,-0.0019
29.5500,8515.2895,-58.3702,-0.0019
29.5600,8514.7058,-58.3702,-0.0019
29.5700,8514.1221,-58.3702,-0.0019
29.5800,8513.5384,-58.3702,-0.0019
29.5900,8512.9547,-58.3702,-0.0019
29.6000,8512.3710,-58.3703,-0.0019
29.6100,8511.7873,-58.3703,-0.0018
29.6200,8511.2036,-58.3703,-0.0018
29.6300,8510.6199,-58.3703,-0.0018
29.6400,8510.0362,-58.3703,-0.0018
29.6500,8509.4525,-58.3703,-0.0018
29.6600,8508.8688,-58.3704,-0.0018
29.6700,8508.2851,-58.3704,-0.0018
29.6800,8507.7013,-58.3704,-0.0018
29.6900,8507.1176,-58.3704,-0.0018
29.7000,8506.5339,-58.3704,-0.0018
29.7100,8505.9502,-58.3705,-0.0018
29.7200,8505.3665,-58.3705,-0.0018
29.7300,8504.7828,-58.3705,-0.0018
29.7400,8504.1991,-58.3705,-0.0018
29.7500,8503.6154,-58.3705,-0.0018
29.7600,8503.0317,-58.3705,-0.0018
29.7700,8502.4480,-58.3706,-0.0018
29.7800,8501.8643,-58.3706,-0.0017
29.7900,8501.2806,-58.3706,-0.0017
29.8000,8500.6969,-58.3706,-0.0017
29.8100,8500.1132,-58.3706,-0.0017
29.8200,8499.5295,-58.3706,-0.0017
29.8300,8498.9458,-58.3707,-0.0017
29.8400,8498.3621,-58.3707,-0.0017
29.8500,8497.7784,-58.3707,-0.0017
29.8600,8497.1946,-58.3707,-0.0017
29.8700,8496.6109,-58.3707,-0.0017
29.8800,8496.0272,-58.3708,-0.0017
29.8900,8495.4435,-58.3708,-0.0017
29.9000,8494.8598,-58.3708,-0.0017
29.9100,8494.2761,-58.3708,-0.0017
29.9200,8493.6924,-58.3708,-0.0017
29.9300,8493.1087,-58.3708,-0.0017
29.9400,8492.5250,-58.3709,-0.0017
29.9500,8491.9413,-58.3709,-0.0016
29.9600,8491.3576,-58.3709,-0.0016
29.9700,8490.7739,-58.3709,-0.0016
29.9800,8490.1901,-58.3709,-0.0016
29.9900,8489.6064,-58.3709,-0.0016
30.0000,8489.0227,-58.3709,-0.0016
30.0100,8488.4390,-58.3710,-0.0016
30.0200,8487.8553,-58.3710,-0.0016
30.0300,8487.2716,-58.3710,-0.0016
30.0400,8486.6879,-58.3710,-0.0016
30.0500,8486.1042,-58.3710,-0.0016
30.0600,8485.5205,-58.3710,-0.0016
30.0700,8484.9368,-58.3711,-0.0016
30.0800,8484.3530,-58.3711,-0.0016
30.0900,8483.7693,-58.3711,-0.0016
30.1000,8483.1856,-58.3711,-0.0016
30.1100,8482.6019,-58.3711,-0.0016
30.1200,8482.0182,-58.3711,-0.0016
30.1300,8481.4345,-58.3712,-0.0016
30.1400,8480.8508,-58.3712,-0.0015
30.1500,8480.2671,-58.3712,-0.0015
30.1600,8479.6834,-58.3712,-0.0015
30.1700,8479.0996,-58.3712,-0.0015
30.1800,8478.5159,-58.3712,-0.0015
30.1900,8477.9322,-58.3712,-0.0015
30.2000,8477.3485,-58.3713,-0.0015
30.2100,8476.7648,-58.3713,-0.0015
30.2200,8476.1811,-58.3713,-0.0015
30.2300,8475.5974,-58.3713,-0.0015
30.2400,8475.0137,-58.3713,-0.0015
30.2500,8474.4299,-58.3713,-0.0015
30.2600,8473.8462,-58.3714,-0.0015
30.2700,8473.2625,-58.3714,-0.0015
30.2800,8472.6788,-58.3714,-0.0015
30.2900,8472.0951,-58.3714,-0.0015
30.3000,8471.5114,-58.3714,-0.0015
30.3100,8470.9277,-58.3714,-0.0015
30.3200,8470.3439,-58.3714,-0.0015
30.3300,8469.7602,-58.3715,-0.0015
30.3400,8469.1765,-58.3715,-0.0014
30.3500,8468.5928,-58.3715,-0.0014
30.3600,8468.0091,-58.3715,-0.0014
30.3700,8467.4254,-58.3715,-0.0014
30.3800,8466.8417,-58.3715,-0.0014
30.3900,8466.2579,-58.3715,-0.0014
30.4000,8465.6742,-58.3716,-0.0014
30.4100,8465.0905,-58.3716,-0.0014
30.4200,8464.5068,-58.3716,-0.0014
30.4300,8463.9231,-58.3716,-0.0014
30.4400,8463.3394,-58.3716,-0.0014
30.4500,8462.7556,-58.3716,-0.0014
30.4600,8462.1719,-58.3716,-0.0014
30.4700,8461.5882,-58.3717,-0.0014
30.4800,8461.0045,-58.3717,-0.0014
30.4900,8460.4208,-58.3717,-0.0014
30.5000,8459.8371,-58.3717,-0.0014
30.5100,8459.2533,-58.3717,-0.0014
30.5200,8458.6696,-58.3717,-0.0014
30.5300,8458.0859,-58.3717,-0.0014
30.5400,8457.5022,-58.3717,-0.0014
30.5500,8456.9185,-58.3718,-0.0013
30.5600,8456.3348,-58.3718,-0.0013
30.5700,8455.7510,-58.3718,-0.0013
30.5800,8455.1673,-58.3718,-0.0013
30.5900,8454.5836,-58.3718,-0.0013
30.6000,8453.9999,-58.3718,-0.0013
30.6100,8453.4162,-58.3718,-0.0013
30.6200,8452.8324,-58.3719,-0.0013
30.6300,8452.2487,-58.3719,-0.0013
30.6400,8451.6650,-58.3719,-0.0013
30.6500,8451.0813,-58.3719,-0.0013
30.6600,8450.4976,-58.3719,-0.0013
30.6700,8449.9138,-58.3719,-0.0013
30.6800,8449.3301,-58.3719,-0.0013
30.6900,8448.7464,-58.3719,-0.0013
30.7000,8448.1627,-58.3720,-0.0013
30.7100,8447.5790,-58.3720,-0.0013
30.7200,8446.9952,-58.3720,-0.0013
30.7300,8446.4115,-58.3720,-0.0013
30.7400,8445.8278,-58.3720,-0.0013
30.7500,8445.2441,-58.3720,-0.0013
30.7600,8444.6604,-58.3720,-0.0013
30.7700,8444.0766,-58.3720,-0.0013
30.7800,8443.4929,-58.3721,-0.0012
30.7900,8442.9092,-58.3721,-0.0012
30.8000,8442.3255,-58.3721,-0.0012
30.8100,8441.7418,-58.3721,-0.0012
30.8200,8441.1580,-58.3721,-0.0012
30.8300,8440.5743,-58.3721,-0.0012
30.8400,8439.9906,-58.3721,-0.0012
30.8500,8439.4069,-58.3721,-0.0012
30.8600,8438.8232,-58.3722,-0.0012
30.8700,8438.2394,-58.3722,-0.0012
30.8800,8437.6557,-58.3722,-0.0012
30.8900,8437.0720,-58.3722,-0.0012
30.9000,8436.4883,-58.3722,-0.0012
30.9100,8435.9045,-58.3722,-0.0012
30.9200,8435.3208,-58.3722,-0.0012
30.9300,8434.7371,-58.3722,-0.0012
30.9400,8434.1534,-58.3723,-0.0012
30.9500,8433.5697,-58.3723,-0.0012
30.9600,8432.9859,-58.3723,-0.0012
30.9700,8432.4022,-58.3723,-0.0012
30.9800,8431.8185,-58.3723,-0.0012
30.9900,8431.2348,-58.3723,-0.0012
31.0000,8430.6510,-58.3723,-0.0012
31.0100,8430.0673,-58.3723,-0.0012
31.0200,8429.4836,-58.3723,-0.0012
31.0300,8428.8999,-58.3724,-0.0011
31.0400,8428.3162,-58.3724,-0.0011
31.0500,8427.7324,-58.3724,-0.0011
31.0600,8427.1487,-58.3724,-0.0011
31.0700,8426.5650,-58.3724,-0.0011
31.0800,8425.9813,-58.3724,-0.0011
31.0900,8425.3975,-58.3724,-0.0011
31.1000,8424.8138,-58.3724,-0.0011
31.1100,8424.2301,-58.3724,-0.0011
31.1200,8423.6464,-58.3725,-0.0011
31.1300,8423.0626,-58.3725,-0.0011
31.1400,8422.4789,-58.3725,-0.0011
31.1500,8421.8952,-58.3725,-0.0011
31.1600,8421.3115,-58.3725,-0.0011
31.1700,8420.7277,-58.3725,-0.0011
31.1800,8420.1440,-58.3725,-0.0011
31.1900,8419.5603,-58.3725,-0.0011
31.2000,8418.9766,-58.3725,-0.0011
31.2100,8418.3928,-58.3726,-0.0011
31.2200,8417.8091,-58.3726,-0.0011
31.2300,8417.2254,-58.3726,-0.0011
31.2400,8416.6417,-58.3726,-0.0011
31.2500,8416.0579,-58.3726,-0.0011
31.2600,8415.4742,-58.3726,-0.0011
31.2700,8414.8905,-58.3726,-0.0011
31.2800,8414.3067,-58.3726,-0.0011
31.2900,8413.7230,-58.3726,-0.0011
31.3000,8413.1393,-58.3727,-0.0010
31.3100,8412.5556,-58.3727,-0.0010
31.3200,8411.9718,-58.3727,-0.0010
31.3300,8411.3881,-58.3727,-0.0010
31.3400,8410.8044,-58.3727,-0.0010
31.3500,8410.2207,-58.3727,-0.0010
31.3600,8409.6369,-58.3727,-0.0010
31.3700,8409.0532,-58.3727,-0.0010
31.3800,8408.4695,-58.3727,-0.0010
31.3900,8407.8858,-58.3727,-0.0010
31.4000,8407.3020,-58.3728,-0.0010
31.4100,8406.7183,-58.3728,-0.0010
31.4200,8406.1346,-58.3728,-0.0010
31.4300,8405.5508,-58.3728,-0.0010
31.4400,8404.9671,-58.3728,-0.0010
31.4500,8404.3834,-58.3728,-0.0010
31.4600,8403.7997,-58.3728,-0.0010
31.4700,8403.2159,-58.3728,-0.0010
31.4800,8402.6322,-58.3728,-0.0010
31.4900,8402.0485,-58.3728,-0.0010
31.5000,8401.4647,-58.3729,-0.0010
31.5100,8400.8810,-58.3729,-0.0010
31.5200,8400.2973,-58.3729,-0.0010
31.5300,8399.7136,-58.3729,-0.0010
31.5400,8399.1298,-58.3729,-0.0010
31.5500,8398.5461,-58.3729,-0.0010
31.5600,8397.9624,-58.3729,-0.0010
31.5700,8397.3786,-58.3729,-0.0010
31.5800,8396.7949,-58.3729,-0.0010
31.5900,8396.2112,-58.3729,-0.0009
31.6000,8395.6275,-58.3730,-0.0009
31.6100,8395.0437,-58.3730,-0.0009
31.6200,8394.4600,-58.3730,-0.0009
31.6300,8393.8763,-58.3730,-0.0009
31.6400,8393.2925,-58.3730,-0.0009
31.6500,8392.7088,-58.3730,-0.0009
31.6600,8392.1251,-58.3730,-0.0009
31.6700,8391.5413,-58.3730,-0.0009
31.6800,8390.9576,-58.3730,-0.0009
31.6900,8390.3739,-58.3730,-0.0009
31.7000,8389.7902,-58.3730,-0.0009
31.7100,8389.2064,-58.3731,-0.0009
31.7200,8388.6227,-58.3731,-0.0009
31.7300,8388.0390,-58.3731,-0.0009
31.7400,8387.4552,-58.3731,-0.0009
31.7500,8386.8715,-58.3731,-0.0009
31.7600,8386.2878,-58.3731,-0.0009
31.7700,8385.7040,-58.3731,-0.0009
31.7800,8385.1203,-58.3731,-0.0009
31.7900,8384.5366,-58.3731,-0.0009
31.8000,8383.9528,-58.3731,-0.0009
31.8100,8383.3691,-58.3731,-0.0009
31.8200,8382.7854,-58.3732,-0.0009
31.8300,8382.2016,-58.3732,-0.0009
31.8400,8381.6179,-58.3732,-0.0009
31.8500,8381.0342,-58.3732,-0.0009
31.8600,8380.4505,-58.3732,-0.0009
31.8700,8379.8667,-58.3732,-0.0009
31.8800,8379.2830,-58.3732,-0.0009
31.8900,8378.6993,-58.3732,-0.0009
31.9000,8378.1155,-58.3732,-0.0009
31.9100,8377.5318,-58.3732,-0.0009
31.9200,8376.9481,-58.3732,-0.0008
31.9300,8376.3643,-58.3732,-0.0008
31.9400,8375.7806,-58.3733,-0.0008
31.9500,8375.1969,-58.3733,-0.0008
31.9600,8374.6131,-58.3733,-0.0008
31.9700,8374.0294,-58.3733,-0.0008
31.9800,8373.4457,-58.3733,-0.0008
31.9900,8372.8619,-58.3733,-0.0008
32.0000,8372.2782,-58.3733,-0.0008
32.0100,8371.6945,-58.3733,-0.0008
32.0200,8371.1107,-58.3733,-0.0008
32.0300,8370.5270,-58.3733,-0.0008
32.0400,8369.9433,-58.3733,-0.0008
32.0500,8369.3595,-58.3733,-0.0008
32.0600,8368.7758,-58.3734,-0.0008
32.0700,8368.1921,-58.3734,-0.0008
32.0800,8367.6083,-58.3734,-0.0008
32.0900,8367.0246,-58.3734,-0.0008
32.1000,8366.4409,-58.3734,-0.0008
32.1100,8365.8571,-58.3734,-0.0008
32.1200,8365.2734,-58.3734,-0.0008
32.1300,8364.6897,-58.3734,-0.0008
32.1400,8364.1059,-58.3734,-0.0008
32.1500,8363.5222,-58.3734,-0.0008
32.1600,8362.9385,-58.3734,-0.0008
32.1700,8362.3547,-58.3734,-0.0008
32.1800,8361.7710,-58.3734,-0.0008
32.1900,8361.1873,-58.3735,-0.0008
32.2000,8360.6035,-58.3735,-0.0008
32.2100,8360.0198,-58.3735,-0.0008
32.2200,8359.4360,-58.3735,-0.0008
32.2300,8358.8523,-58.3735,-0.0008
32.2400,8358.2686,-58.3735,-0.0008
32.2500,8357.6848,-58.3735,-0.0008
32.2600,8357.1011,-58.3735,-0.0008
32.2700,8356.5174,-58.3735,-0.0008
32.2800,8355.9336,-58.3735,-0.0008
32.2900,8355.3499,-58.3735,-0.0007
32.3000,8354.7662,-58.3735,-0.0007
32.3100,8354.1824,-58.3735,-0.0007
32.3200,8353.5987,-58.3736,-0.0007
32.3300,8353.0150,-58.3736,-0.0007
32.3400,8352.4312,-58.3736,-0.0007
32.3500,8351.8475,-58.3736,-0.0007
32.3600,8351.2638,-58.3736,-0.0007
32.3700,8350.6800,-58.3736,-0.0007
32.3800,8350.0963,-58.3736,-0.0007
32.3900,8349.5125,-58.3736,-0.0007
32.4000,8348.9288,-58.3736,-0.0007
32.4100,8348.3451,-58.3736,-0.0007
32.4200,8347.7613,-58.3736,-0.0007
32.4300,8347.1776,-58.3736,-0.0007
32.4400,8346.5939,-58.3736,-0.0007
32.4500,8346.0101,-58.3737,-0.0007
32.4600,8345.4264,-58.3737,-0.0007
32.4700,8344.8427,-58.3737,-0.0007
32.4800,8344.2589,-58.3737,-0.0007
32.4900,8343.6752,-58.3737,-0.0007
32.5000,8343.0914,-58.3737,-0.0007
32.5100,8342.5077,-58.3737,-0.0007
32.5200,8341.9240,-58.3737,-0.0007
32.5300,8341.3402,-58.3737,-0.0007
32.5400,8340.7565,-58.3737,-0.0007
32.5500,8340.1728,-58.3737,-0.0007
32.5600,8339.5890,-58.3737,-0.0007
32.5700,8339.0053,-58.3737,-0.0007
32.5800,8338.4215,-58.3737,-0.0007
32.5900,8337.8378,-58.3737,-0.0007
32.6000,8337.2541,-58.3738,-0.0007
32.6100,8336.6703,-58.3738,-0.0007
32.6200,8336.0866,-58.3738,-0.0007
32.6300,8335.5029,-58.3738,-0.0007
32.6400,8334.9191,-58.3738,-0.0007
32.6500,8334.3354,-58.3738,-0.0007
32.6600,8333.7516,-58.3738,-0.0007
32.6700,8333.1679,-58.3738,-0.0007
32.6800,8332.5842,-58.3738,-0.0007
32.6900,8332.0004,-58.3738,-0.0007
32.7000,8331.4167,-58.3738,-0.0007
32.7100,8330.8330,-58.3738,-0.0007
32.7200,8330.2492,-58.3738,-0.0006
32.7300,8329.6655,-58.3738,-0.0006
32.7400,8329.0817,-58.3738,-0.0006
32.7500,8328.4980,-58.3739,-0.0006
32.7600,8327.9143,-58.3739,-0.0006
32.7700,8327.3305,-58.3739,-0.0006
32.7800,8326.7468,-58.3739,-0.0006
32.7900,8326.1630,-58.3739,-0.0006
32.8000,8325.5793,-58.3739,-0.0006
32.8100,8324.9956,-58.3739,-0.0006
32.8200,8324.4118,-58.3739,-0.0006
32.8300,8323.8281,-58.3739,-0.0006
32.8400,8323.2444,-58.3739,-0.0006
32.8500,8322.6606,-58.3739,-0.0006
32.8600,8322.0769,-58.3739,-0.0006
32.8700,8321.4931,-58.3739,-0.0006
32.8800,8320.9094,-58.3739,-0.0006
32.8900,8320.3257,-58.3739,-0.0006
32.9000,8319.7419,-58.3739,-0.0006
32.9100,8319.1582,-58.3740,-0.0006
32.9200,8318.5744,-58.3740,-0.0006
32.9300,8317.9907,-58.3740,-0.0006
32.9400,8317.4070,-58.3740,-0.0006
32.9500,8316.8232,-58.3740,-0.0006
32.9600,8316.2395,-58.3740,-0.0006
32.9700,8315.6557,-58.3740,-0.0006
32.9800,8315.0720,-58.3740,-0.0006
32.9900,8314.4883,-58.3740,-0.0006
33.0000,8313.9045,-58.3740,-0.0006
33.0100,8313.3208,-58.3740,-0.0006
33.0200,8312.7370,-58.3740,-0.0006
33.0300,8312.1533,-58.3740,-0.0006
33.0400,8311.5696,-58.3740,-0.0006
33.0500,8310.9858,-58.3740,-0.0006
33.0600,8310.4021,-58.3740,-0.0006
33.0700,8309.8183,-58.3740,-0.0006
33.0800,8309.2346,-58.3741,-0.0006
33.0900,8308.6509,-58.3741,-0.0006
33.1000,8308.0671,-58.3741,-0.0006
33.1100,8307.4834,-58.3741,-0.0006
33.1200,8306.8996,-58.3741,-0.0006
33.1300,8306.3159,-58.3741,-0.0006
33.1400,8305.7322,-58.3741,-0.0006
33.1500,8305.1484,-58.3741,-0.0006
33.1600,8304.5647,-58.3741,-0.0006
33.1700,8303.9809,-58.3741,-0.0006
33.1800,8303.3972,-58.3741,-0.0006
33.1900,8302.8134,-58.3741,-0.0006
33.2000,8302.2297,-58.3741,-0.0006
33.2100,8301.6460,-58.3741,-0.0006
33.2200,8301.0622,-58.3741,-0.0005
33.2300,8300.4785,-58.3741,-0.0005
33.2400,8299.8947,-58.3741,-0.0005
33.2500,8299.3110,-58.3741,-0.0005
33.2600,8298.7273,-58.3742,-0.0005
33.2700,8298.1435,-58.3742,-0.0005
33.2800,8297.5598,-58.3742,-0.0005
33.2900,8296.9760,-58.3742,-0.0005
33.3000,8296.3923,-58.3742,-0.0005
33.3100,8295.8085,-58.3742,-0.0005
33.3200,8295.2248,-58.3742,-0.0005
33.3300,8294.6411,-58.3742,-0.0005
33.3400,8294.0573,-58.3742,-0.0005
33.3500,8293.4736,-58.3742,-0.0005
33.3600,8292.8898,-58.3742,-0.0005
33.3700,8292.3061,-58.3742,-0.0005
33.3800,8291.7224,-58.3742,-0.0005
33.3900,8291.1386,-58.3742,-0.0005
33.4000,8290.5549,-58.3742,-0.0005
33.4100,8289.9711,-58.3742,-0.0005
33.4200,8289.3874,-58.3742,-0.0005
33.4300,8288.8036,-58.3742,-0.0005
33.4400,8288.2199,-58.3742,-0.0005
33.4500,8287.6362,-58.3743,-0.0005
33.4600,8287.0524,-58.3743,-0.0005
33.4700,8286.4687,-58.3743,-0.0005
33.4800,8285.8849,-58.3743,-0.0005
33.4900,8285.3012,-58.3743,-0.0005
33.5000,8284.7174,-58.3743,-0.0005
33.5100,8284.1337,-58.3743,-0.0005
33.5200,8283.5500,-58.3743,-0.0005
33.5300,8282.9662,-58.3743,-0.0005
33.5400,8282.3825,-58.3743,-0.0005
33.5500,8281.7987,-58.3743,-0.0005
33.5600,8281.2150,-58.3743,-0.0005
33.5700,8280.6312,-58.3743,-0.0005
33.5800,8280.0475,-58.3743,-0.0005
33.5900,8279.4638,-58.3743,-0.0005
33.6000,8278.8800,-58.3743,-0.0005
33.6100,8278.2963,-58.3743,-0.0005
33.6200,8277.7125,-58.3743,-0.0005
33.6300,8277.1288,-58.3743,-0.0005
33.6400,8276.5450,-58.3743,-0.0005
33.6500,8275.9613,-58.3744,-0.0005
33.6600,8275.3776,-58.3744,-0.0005
33.6700,8274.7938,-58.3744,-0.0005
33.6800,8274.2101,-58.3744,-0.0005
33.6900,8273.6263,-58.3744,-0.0005
33.7000,8273.0426,-58.3744,-0.0005
33.7100,8272.4588,-58.3744,-0.0005
33.7200,8271.8751,-58.3744,-0.0005
33.7300,8271.2913,-58.3744,-0.0005
33.7400,8270.7076,-58.3744,-0.0005
33.7500,8270.1239,-58.3744,-0.0005
33.7600,8269.5401,-58.3744,-0.0005
33.7700,8268.9564,-58.3744,-0.0005
33.7800,8268.3726,-58.3744,-0.0005
33.7900,8267.7889,-58.3744,-0.0005
33.8000,8267.2051,-58.3744,-0.0005
33.8100,8266.6214,-58.3744,-0.0004
33.8200,8266.0376,-58.3744,-0.0004
33.8300,8265.4539,-58.3744,-0.0004
33.8400,8264.8702,-58.3744,-0.0004
33.8500,8264.2864,-58.3744,-0.0004
33.8600,8263.7027,-58.3744,-0.0004
33.8700,8263.1189,-58.3745,-0.0004
33.8800,8262.5352,-58.3745,-0.0004
33.8900,8261.9514,-58.3745,-0.0004
33.9000,8261.3677,-58.3745,-0.0004
33.9100,8260.7839,-58.3745,-0.0004
33.9200,8260.2002,-58.3745,-0.0004
33.9300,8259.6165,-58.3745,-0.0004
33.9400,8259.0327,-58.3745,-0.0004
33.9500,8258.4490,-58.3745,-0.0004
33.9600,8257.8652,-58.3745,-0.0004
33.9700,8257.2815,-58.3745,-0.0004
33.9800,8256.6977,-58.3745,-0.0004
33.9900,8256.1140,-58.3745,-0.0004
34.0000,8255.5302,-58.3745,-0.0004
34.0100,8254.9465,-58.3745,-0.0004
34.0200,8254.3628,-58.3745,-0.0004
34.0300,8253.7790,-58.3745,-0.0004
34.0400,8253.1953,-58.3745,-0.0004
34.0500,8252.6115,-58.3745,-0.0004
34.0600,8252.0278,-58.3745,-0.0004
34.0700,8251.4440,-58.3745,-0.0004
34.0800,8250.8603,-58.3745,-0.0004
34.0900,8250.2765,-58.3745,-0.0004
34.1000,8249.6928,-58.3745,-0.0004
34.1100,8249.1090,-58.3746,-0.0004
34.1200,8248.5253,-58.3746,-0.0004
34.1300,8247.9416,-58.3746,-0.0004
34.1400,8247.3578,-58.3746,-0.0004
34.1500,8246.7741,-58.3746,-0.0004
34.1600,8246.1903,-58.3746,-0.0004
34.1700,8245.6066,-58.3746,-0.0004
34.1800,8245.0228,-58.3746,-0.0004
34.1900,8244.4391,-58.3746,-0.0004
34.2000,8243.8553,-58.3746,-0.0004
34.2100,8243.2716,-58.3746,-0.0004
34.2200,8242.6878,-58.3746,-0.0004
34.2300,8242.1041,-58.3746,-0.0004
34.2400,8241.5204,-58.3746,-0.0004
34.2500,8240.9366,-58.3746,-0.0004
34.2600,8240.3529,-58.3746,-0.0004
34.2700,8239.7691,-58.3746,-0.0004
34.2800,8239.1854,-58.3746,-0.0004
34.2900,8238.6016,-58.3746,-0.0004
34.3000,8238.0179,-58.3746,-0.0004
34.3100,8237.4341,-58.3746,-0.0004
34.3200,8236.8504,-58.3746,-0.0004
34.3300,8236.2666,-58.3746,-0.0004
34.3400,8235.6829,-58.3746,-0.0004
34.3500,8235.0991,-58.3746,-0.0004
34.3600,8234.5154,-58.3746,-0.0004
34.3700,8233.9316,-58.3747,-0.0004
34.3800,8233.3479,-58.3747,-0.0004
34.3900,8232.7642,-58.3747,-0.0004
34.4000,8232.1804,-58.3747,-0.0004
34.4100,8231.5967,-58.3747,-0.0004
34.4200,8231.0129,-58.3747,-0.0004
34.4300,8230.4292,-58.3747,-0.0004
34.4400,8229.8454,-58.3747,-0.0004
34.4500,8229.2617,-58.3747,-0.0004
34.4600,8228.6779,-58.3747,-0.0004
34.4700,8228.0942,-58.3747,-0.0004
34.4800,8227.5104,-58.3747,-0.0004
34.4900,8226.9267,-58.3747,-0.0004
34.5000,8226.3429,-58.3747,-0.0004
34.5100,8225.7592,-58.3747,-0.0004
34.5200,8225.1754,-58.3747,-0.0004
34.5300,8224.5917,-58.3747,-0.0004
34.5400,8224.0080,-58.3747,-0.0004
34.5500,8223.4242,-58.3747,-0.0004
34.5600,8222.8405,-58.3747,-0.0003
34.5700,8222.2567,-58.3747,-0.0003
34.5800,8221.6730,-58.3747,-0.0003
34.5900,8221.0892,-58.3747,-0.0003
34.6000,8220.5055,-58.3747,-0.0003
34.6100,8219.9217,-58.3747,-0.0003
34.6200,8219.3380,-58.3747,-0.0003
34.6300,8218.7542,-58.3747,-0.0003
34.6400,8218.1705,-58.3747,-0.0003
34.6500,8217.5867,-58.3748,-0.0003
34.6600,8217.0030,-58.3748,-0.0003
34.6700,8216.4192,-58.3748,-0.0003
34.6800,8215.8355,-58.3748,-0.0003
34.6900,8215.2517,-58.3748,-0.0003
34.7000,8214.6680,-58.3748,-0.0003
34.7100,8214.0842,-58.3748,-0.0003
34.7200,8213.5005,-58.3748,-0.0003
34.7300,8212.9167,-58.3748,-0.0003
34.7400,8212.3330,-58.3748,-0.0003
34.7500,8211.7493,-58.3748,-0.0003
34.7600,8211.1655,-58.3748,-0.0003
34.7700,8210.5818,-58.3748,-0.0003
34.7800,8209.9980,-58.3748,-0.0003
34.7900,8209.4143,-58.3748,-0.0003
34.8000,8208.8305,-58.3748,-0.0003
34.8100,8208.2468,-58.3748,-0.0003
34.8200,8207.6630,-58.3748,-0.0003
34.8300,8207.0793,-58.3748,-0.0003
34.8400,8206.4955,-58.3748,-0.0003
34.8500,8205.9118,-58.3748,-0.0003
34.8600,8205.3280,-58.3748,-0.0003
34.8700,8204.7443,-58.3748,-0.0003
34.8800,8204.1605,-58.3748,-0.0003
34.8900,8203.5768,-58.3748,-0.0003
34.9000,8202.9930,-58.3748,-0.0003
34.9100,8202.4093,-58.3748,-0.0003
34.9200,8201.8255,-58.3748,-0.0003
34.9300,8201.2418,-58.3748,-0.0003
34.9400,8200.6580,-58.3748,-0.0003
34.9500,8200.0743,-58.3748,-0.0003
34.9600,8199.4905,-58.3749,-0.0003
34.9700,8198.9068,-58.3749,-0.0003
34.9800,8198.3230,-58.3749,-0.0003
34.9900,8197.7393,-58.3749,-0.0003
35.0000,8197.1555,-58.3749,-0.0003
35.0100,8196.5718,-58.3749,-0.0003
35.0200,8195.9881,-58.3749,-0.0003
35.0300,8195.4043,-58.3749,-0.0003
35.0400,8194.8206,-58.3749,-0.0003
35.0500,8194.2368,-58.3749,-0.0003
35.0600,8193.6531,-58.3749,-0.0003
35.0700,8193.0693,-58.3749,-0.0003
35.0800,8192.4856,-58.3749,-0.0003
35.0900,8191.9018,-58.3749,-0.0003
35.1000,8191.3181,-58.3749,-0.0003
35.1100,8190.7343,-58.3749,-0.0003
35.1200,8190.1506,-58.3749,-0.0003
35.1300,8189.5668,-58.3749,-0.0003
35.1400,8188.9831,-58.3749,-0.0003
35.1500,8188.3993,-58.3749,-0.0003
35.1600,8187.8156,-58.3749,-0.0003
35.1700,8187.2318,-58.3749,-0.0003
35.1800,8186.6481,-58.3749,-0.0003
35.1900,8186.0643,-58.3749,-0.0003
35.2000,8185.4806,-58.3749,-0.0003
35.2100,8184.8968,-58.3749,-0.0003
35.2200,8184.3131,-58.3749,-0.0003
35.2300,8183.7293,-58.3749,-0.0003
35.2400,8183.1456,-58.3749,-0.0003
35.2500,8182.5618,-58.3749,-0.0003
35.2600,8181.9781,-58.3749,-0.0003
35.2700,8181.3943,-58.3749,-0.0003
35.2800,8180.8106,-58.3749,-0.0003
35.2900,8180.2268,-58.3749,-0.0003
35.3000,8179.6431,-58.3750,-0.0003
35.3100,8179.0593,-58.3750,-0.0003
35.3200,8178.4756,-58.3750,-0.0003
35.3300,8177.8918,-58.3750,-0.0003
35.3400,8177.3081,-58.3750,-0.0003
35.3500,8176.7243,-58.3750,-0.0003
35.3600,8176.1406,-58.3750,-0.0003
35.3700,8175.5568,-58.3750,-0.0003
35.3800,8174.9731,-58.3750,-0.0003
35.3900,8174.3893,-58.3750,-0.0003
35.4000,8173.8056,-58.3750,-0.0003
35.4100,8173.2218,-58.3750,-0.0003
35.4200,8172.6381,-58.3750,-0.0003
35.4300,8172.0543,-58.3750,-0.0003
35.4400,8171.4706,-58.3750,-0.0003
35.4500,8170.8868,-58.3750,-0.0003
35.4600,8170.3031,-58.3750,-0.0003
35.4700,8169.7193,-58.3750,-0.0003
35.4800,8169.1356,-58.3750,-0.0003
35.4900,8168.5518,-58.3750,-0.0003
35.5000,8167.9681,-58.3750,-0.0003
35.5100,8167.3843,-58.3750,-0.0003
35.5200,8166.8006,-58.3750,-0.0003
35.5300,8166.2168,-58.3750,-0.0003
35.5400,8165.6331,-58.3750,-0.0003
35.5500,8165.0493,-58.3750,-0.0003
35.5600,8164.4656,-58.3750,-0.0002
35.5700,8163.8818,-58.3750,-0.0002
35.5800,8163.2981,-58.3750,-0.0002
35.5900,8162.7143,-58.3750,-0.0002
35.6000,8162.1306,-58.3750,-0.0002
35.6100,8161.5468,-58.3750,-0.0002
35.6200,8160.9631,-58.3750,-0.0002
35.6300,8160.3793,-58.3750,-0.0002
35.6400,8159.7956,-58.3750,-0.0002
35.6500,8159.2118,-58.3750,-0.0002
35.6600,8158.6281,-58.3750,-0.0002
35.6700,8158.0443,-58.3750,-0.0002
35.6800,8157.4606,-58.3750,-0.0002
35.6900,8156.8768,-58.3750,-0.0002
35.7000,8156.2931,-58.3751,-0.0002
35.7100,8155.7093,-58.3751,-0.0002
35.7200,8155.1256,-58.3751,-0.0002
35.7300,8154.5418,-58.3751,-0.0002
35.7400,8153.9581,-58.3751,-0.0002
35.7500,8153.3743,-58.3751,-0.0002
35.7600,8152.7906,-58.3751,-0.0002
35.7700,8152.2068,-58.3751,-0.0002
35.7800,8151.6231,-58.3751,-0.0002
35.7900,8151.0393,-58.3751,-0.0002
35.8000,8150.4556,-58.3751,-0.0002
35.8100,8149.8718,-58.3751,-0.0002
35.8200,8149.2881,-58.3751,-0.0002
35.8300,8148.7043,-58.3751,-0.0002
35.8400,8148.1206,-58.3751,-0.0002
35.8500,8147.5368,-58.3751,-0.0002
35.8600,8146.9531,-58.3751,-0.0002
35.8700,8146.3693,-58.3751,-0.0002
35.8800,8145.7856,-58.3751,-0.0002
35.8900,8145.2018,-58.3751,-0.0002
35.9000,8144.6181,-58.3751,-0.0002
35.9100,8144.0343,-58.3751,-0.0002
35.9200,8143.4506,-58.3751,-0.0002
35.9300,8142.8668,-58.3751,-0.0002
35.9400,8142.2831,-58.3751,-0.0002
35.9500,8141.6993,-58.3751,-0.0002
35.9600,8141.1156,-58.3751,-0.0002
35.9700,8140.5318,-58.3751,-0.0002
35.9800,8139.9480,-58.3751,-0.0002
35.9900,8139.3643,-58.3751,-0.0002
36.0000,8138.7805,-58.3751,-0.0002
36.0100,8138.1968,-58.3751,-0.0002
36.0200,8137.6130,-58.3751,-0.0002
36.0300,8137.0293,-58.3751,-0.0002
36.0400,8136.4455,-58.3751,-0.0002
36.0500,8135.8618,-58.3751,-0.0002
36.0600,8135.2780,-58.3751,-0.0002
36.0700,8134.6943,-58.3751,-0.0002
36.0800,8134.1105,-58.3751,-0.0002
36.0900,8133.5268,-58.3751,-0.0002
36.1000,8132.9430,-58.3751,-0.0002
36.1100,8132.3593,-58.3751,-0.0002
36.1200,8131.7755,-58.3751,-0.0002
36.1300,8131.1918,-58.3751,-0.0002
36.1400,8130.6080,-58.3751,-0.0002
36.1500,8130.0243,-58.3752,-0.0002
36.1600,8129.4405,-58.3752,-0.0002
36.1700,8128.8568,-58.3752,-0.0002
36.1800,8128.2730,-58.3752,-0.0002
36.1900,8127.6893,-58.3752,-0.0002
36.2000,8127.1055,-58.3752,-0.0002
36.2100,8126.5218,-58.3752,-0.0002
36.2200,8125.9380,-58.3752,-0.0002
36.2300,8125.3543,-58.3752,-0.0002
36.2400,8124.7705,-58.3752,-0.0002
36.2500,8124.1868,-58.3752,-0.0002
36.2600,8123.6030,-58.3752,-0.0002
36.2700,8123.0193,-58.3752,-0.0002
36.2800,8122.4355,-58.3752,-0.0002
36.2900,8121.8518,-58.3752,-0.0002
36.3000,8121.2680,-58.3752,-0.0002
36.3100,8120.6842,-58.3752,-0.0002
36.3200,8120.1005,-58.3752,-0.0002
36.3300,8119.5167,-58.3752,-0.0002
36.3400,8118.9330,-58.3752,-0.0002
36.3500,8118.3492,-58.3752,-0.0002
36.3600,8117.7655,-58.3752,-0.0002
36.3700,8117.1817,-58.3752,-0.0002
36.3800,8116.5980,-58.3752,-0.0002
36.3900,8116.0142,-58.3752,-0.0002
36.4000,8115.4305,-58.3752,-0.0002
36.4100,8114.8467,-58.3752,-0.0002
36.4200,8114.2630,-58.3752,-0.0002
36.4300,8113.6792,-58.3752,-0.0002
36.4400,8113.0955,-58.3752,-0.0002
36.4500,8112.5117,-58.3752,-0.0002
36.4600,8111.9280,-58.3752,-0.0002
36.4700,8111.3442,-58.3752,-0.0002
36.4800,8110.7605,-58.3752,-0.0002
36.4900,8110.1767,-58.3752,-0.0002
36.5000,8109.5930,-58.3752,-0.0002
36.5100,8109.0092,-58.3752,-0.0002
36.5200,8108.4255,-58.3752,-0.0002
36.5300,8107.8417,-58.3752,-0.0002
36.5400,8107.2580,-58.3752,-0.0002
36.5500,8106.6742,-58.3752,-0.0002
36.5600,8106.0904,-58.3752,-0.0002
36.5700,8105.5067,-58.3752,-0.0002
36.5800,8104.9229,-58.3752,-0.0002
36.5900,8104.3392,-58.3752,-0.0002
36.6000,8103.7554,-58.3752,-0.0002
36.6100,8103.1717,-58.3752,-0.0002
36.6200,8102.5879,-58.3752,-0.0002
36.6300,8102.0042,-58.3752,-0.0002
36.6400,8101.4204,-58.3752,-0.0002
36.6500,8100.8367,-58.3752,-0.0002
36.6600,8100.2529,-58.3752,-0.0002
36.6700,8099.6692,-58.3752,-0.0002
36.6800,8099.0854,-58.3753,-0.0002
36.6900,8098.5017,-58.3753,-0.0002
36.7000,8097.9179,-58.3753,-0.0002
36.7100,8097.3342,-58.3753,-0.0002
36.7200,8096.7504,-58.3753,-0.0002
36.7300,8096.1667,-58.3753,-0.0002
36.7400,8095.5829,-58.3753,-0.0002
36.7500,8094.9992,-58.3753,-0.0002
36.7600,8094.4154,-58.3753,-0.0002
36.7700,8093.8316,-58.3753,-0.0002
36.7800,8093.2479,-58.3753,-0.0002
36.7900,8092.6641,-58.3753,-0.0002
36.8000,8092.0804,-58.3753,-0.0002
36.8100,8091.4966,-58.3753,-0.0002
36.8200,8090.9129,-58.3753,-0.0002
36.8300,8090.3291,-58.3753,-0.0002
36.8400,8089.7454,-58.3753,-0.0002
36.8500,8089.1616,-58.3753,-0.0002
36.8600,8088.5779,-58.3753,-0.0002
36.8700,8087.9941,-58.3753,-0.0002
36.8800,8087.4104,-58.3753,-0.0002
36.8900,8086.8266,-58.3753,-0.0002
36.9000,8086.2429,-58.3753,-0.0002
36.9100,8085.6591,-58.3753,-0.0002
36.9200,8085.0754,-58.3753,-0.0002
36.9300,8084.4916,-58.3753,-0.0002
36.9400,8083.9078,-58.3753,-0.0002
36.9500,8083.3241,-58.3753,-0.0002
36.9600,8082.7403,-58.3753,-0.0002
36.9700,8082.1566,-58.3753,-0.0002
36.9800,8081.5728,-58.3753,-0.0002
36.9900,8080.9891,-58.3753,-0.0002
37.0000,8080.4053,-58.3753,-0.0002
37.0100,8079.8216,-58.3753,-0.0002
37.0200,8079.2378,-58.3753,-0.0002
37.0300,8078.6541,-58.3753,-0.0002
37.0400,8078.0703,-58.3753,-0.0002
37.0500,8077.4866,-58.3753,-0.0002
37.0600,8076.9028,-58.3753,-0.0002
37.0700,8076.3191,-58.3753,-0.0002
37.0800,8075.7353,-58.3753,-0.0001
37.0900,8075.1516,-58.3753,-0.0001
37.1000,8074.5678,-58.3753,-0.0001
37.1100,8073.9840,-58.3753,-0.0001
37.1200,8073.4003,-58.3753,-0.0001
37.1300,8072.8165,-58.3753,-0.0001
37.1400,8072.2328,-58.3753,-0.0001
37.1500,8071.6490,-58.3753,-0.0001
37.1600,8071.0653,-58.3753,-0.0001
37.1700,8070.4815,-58.3753,-0.0001
37.1800,8069.8978,-58.3753,-0.0001
37.1900,8069.3140,-58.3753,-0.0001
37.2000,8068.7303,-58.3753,-0.0001
37.2100,8068.1465,-58.3753,-0.0001
37.2200,8067.5628,-58.3753,-0.0001
37.2300,8066.9790,-58.3753,-0.0001
37.2400,8066.3953,-58.3753,-0.0001
37.2500,8065.8115,-58.3753,-0.0001
37.2600,8065.2277,-58.3753,-0.0001
37.2700,8064.6440,-58.3753,-0.0001
37.2800,8064.0602,-58.3753,-0.0001
37.2900,8063.4765,-58.3753,-0.0001
37.3000,8062.8927,-58.3753,-0.0001
37.3100,8062.3090,-58.3753,-0.0001
37.3200,8061.7252,-58.3753,-0.0001
37.3300,8061.1415,-58.3753,-0.0001
37.3400,8060.5577,-58.3754,-0.0001
37.3500,8059.9740,-58.3754,-0.0001
37.3600,8059.3902,-58.3754,-0.0001
37.3700,8058.8065,-58.3754,-0.0001
37.3800,8058.2227,-58.3754,-0.0001
37.3900,8057.6390,-58.3754,-0.0001
37.4000,8057.0552,-58.3754,-0.0001
37.4100,8056.4714,-58.3754,-0.0001
37.4200,8055.8877,-58.3754,-0.0001
37.4300,8055.3039,-58.3754,-0.0001
37.4400,8054.7202,-58.3754,-0.0001
37.4500,8054.1364,-58.3754,-0.0001
37.4600,8053.5527,-58.3754,-0.0001
37.4700,8052.9689,-58.3754,-0.0001
37.4800,8052.3852,-58.3754,-0.0001
37.4900,8051.8014,-58.3754,-0.0001
37.5000,8051.2177,-58.3754,-0.0001
37.5100,8050.6339,-58.3754,-0.0001
37.5200,8050.0502,-58.3754,-0.0001
37.5300,8049.4664,-58.3754,-0.0001
37.5400,8048.8826,-58.3754,-0.0001
37.5500,8048.2989,-58.3754,-0.0001
37.5600,8047.7151,-58.3754,-0.0001
37.5700,8047.1314,-58.3754,-0.0001
37.5800,8046.5476,-58.3754,-0.0001
37.5900,8045.9639,-58.3754,-0.0001
37.6000,8045.3801,-58.3754,-0.0001
37.6100,8044.7964,-58.3754,-0.0001
37.6200,8044.2126,-58.3754,-0.0001
37.6300,8043.6289,-58.3754,-0.0001
37.6400,8043.0451,-58.3754,-0.0001
37.6500,8042.4614,-58.3754,-0.0001
37.6600,8041.8776,-58.3754,-0.0001
37.6700,8041.2938,-58.3754,-0.0001
37.6800,8040.7101,-58.3754,-0.0001
37.6900,8040.1263,-58.3754,-0.0001
37.7000,8039.5426,-58.3754,-0.0001
37.7100,8038.9588,-58.3754,-0.0001
37.7200,8038.3751,-58.3754,-0.0001
37.7300,8037.7913,-58.3754,-0.0001
37.7400,8037.2076,-58.3754,-0.0001
37.7500,8036.6238,-58.3754,-0.0001
37.7600,8036.0401,-58.3754,-0.0001
37.7700,8035.4563,-58.3754,-0.0001
37.7800,8034.8726,-58.3754,-0.0001
37.7900,8034.2888,-58.3754,-0.0001
37.8000,8033.7050,-58.3754,-0.0001
37.8100,8033.1213,-58.3754,-0.0001
37.8200,8032.5375,-58.3754,-0.0001
37.8300,8031.9538,-58.3754,-0.0001
37.8400,8031.3700,-58.3754,-0.0001
37.8500,8030.7863,-58.3754,-0.0001
37.8600,8030.2025,-58.3754,-0.0001
37.8700,8029.6188,-58.3754,-0.0001
37.8800,8029.0350,-58.3754,-0.0001
37.8900,8028.4513,-58.3754,-0.0001
37.9000,8027.8675,-58.3754,-0.0001
37.9100,8027.2837,-58.3754,-0.0001
37.9200,8026.7000,-58.3754,-0.0001
37.9300,8026.1162,-58.3754,-0.0001
37.9400,8025.5325,-58.3754,-0.0001
37.9500,8024.9487,-58.3754,-0.0001
37.9600,8024.3650,-58.3754,-0.0001
37.9700,8023.7812,-58.3754,-0.0001
37.9800,8023.1975,-58.3754,-0.0001
37.9900,8022.6137,-58.3754,-0.0001
38.0000,8022.0300,-58.3754,-0.0001
38.0100,8021.4462,-58.3754,-0.0001
38.0200,8020.8625,-58.3754,-0.0001
38.0300,8020.2787,-58.3754,-0.0001
38.0400,8019.6949,-58.3754,-0.0001
38.0500,8019.1112,-58.3754,-0.0001
38.0600,8018.5274,-58.3754,-0.0001
38.0700,8017.9437,-58.3754,-0.0001
38.0800,8017.3599,-58.3754,-0.0001
38.0900,8016.7762,-58.3754,-0.0001
38.1000,8016.1924,-58.3754,-0.0001
38.1100,8015.6087,-58.3754,-0.0001
38.1200,8015.0249,-58.3754,-0.0001
38.1300,8014.4412,-58.3754,-0.0001
38.1400,8013.8574,-58.3754,-0.0001
38.1500,8013.2736,-58.3754,-0.0001
38.1600,8012.6899,-58.3754,-0.0001
38.1700,8012.1061,-58.3755,-0.0001
38.1800,8011.5224,-58.3755,-0.0001
38.1900,8010.9386,-58.3755,-0.0001
38.2000,8010.3549,-58.3755,-0.0001
38.2100,8009.7711,-58.3755,-0.0001
38.2200,8009.1874,-58.3755,-0.0001
38.2300,8008.6036,-58.3755,-0.0001
38.2400,8008.0199,-58.3755,-0.0001
38.2500,8007.4361,-58.3755,-0.0001
38.2600,8006.8523,-58.3755,-0.0001
38.2700,8006.2686,-58.3755,-0.0001
38.2800,8005.6848,-58.3755,-0.0001
38.2900,8005.1011,-58.3755,-0.0001
38.3000,8004.5173,-58.3755,-0.0001
38.3100,8003.9336,-58.3755,-0.0001
38.3200,8003.3498,-58.3755,-0.0001
38.3300,8002.7661,-58.3755,-0.0001
38.3400,8002.1823,-58.3755,-0.0001
38.3500,8001.5986,-58.3755,-0.0001
38.3600,8001.0148,-58.3755,-0.0001
38.3700,8000.4310,-58.3755,-0.0001
38.3800,7999.8473,-58.3755,-0.0001
38.3900,7999.2635,-58.3755,-0.0001
38.4000,7998.6798,-58.3755,-0.0001
38.4100,7998.0960,-58.3755,-0.0001
38.4200,7997.5123,-58.3755,-0.0001
38.4300,7996.9285,-58.3755,-0.0001
38.4400,7996.3448,-58.3755,-0.0001
38.4500,7995.7610,-58.3755,-0.0001
38.4600,7995.1772,-58.3755,-0.0001
38.4700,7994.5935,-58.3755,-0.0001
38.4800,7994.0097,-58.3755,-0.0001
38.4900,7993.4260,-58.3755,-0.0001
38.5000,7992.8422,-58.3755,-0.0001
38.5100,7992.2585,-58.3755,-0.0001
38.5200,7991.6747,-58.3755,-0.0001
38.5300,7991.0910,-58.3755,-0.0001
38.5400,7990.5072,-58.3755,-0.0001
38.5500,7989.9235,-58.3755,-0.0001
38.5600,7989.3397,-58.3755,-0.0001
38.5700,7988.7559,-58.3755,-0.0001
38.5800,7988.1722,-58.3755,-0.0001
38.5900,7987.5884,-58.3755,-0.0001
38.6000,7987.0047,-58.3755,-0.0001
38.6100,7986.4209,-58.3755,-0.0001
38.6200,7985.8372,-58.3755,-0.0001
38.6300,7985.2534,-58.3755,-0.0001
38.6400,7984.6697,-58.3755,-0.0001
38.6500,7984.0859,-58.3755,-0.0001
38.6600,7983.5022,-58.3755,-0.0001
38.6700,7982.9184,-58.3755,-0.0001
38.6800,7982.3346,-58.3755,-0.0001
38.6900,7981.7509,-58.3755,-0.0001
38.7000,7981.1671,-58.3755,-0.0001
38.7100,7980.5834,-58.3755,-0.0001
38.7200,7979.9996,-58.3755,-0.0001
38.7300,7979.4159,-58.3755,-0.0001
38.7400,7978.8321,-58.3755,-0.0001
38.7500,7978.2484,-58.3755,-0.0001
38.7600,7977.6646,-58.3755,-0.0001
38.7700,7977.0808,-58.3755,-0.0001
38.7800,7976.4971,-58.3755,-0.0001
38.7900,7975.9133,-58.3755,-0.0001
38.8000,7975.3296,-58.3755,-0.0001
38.8100,7974.7458,-58.3755,-0.0001
38.8200,7974.1621,-58.3755,-0.0001
38.8300,7973.5783,-58.3755,-0.0001
38.8400,7972.9946,-58.3755,-0.0001
38.8500,7972.4108,-58.3755,-0.0001
38.8600,7971.8271,-58.3755,-0.0001
38.8700,7971.2433,-58.3755,-0.0001
38.8800,7970.6595,-58.3755,-0.0001
38.8900,7970.0758,-58.3755,-0.0001
38.9000,7969.4920,-58.3755,-0.0001
38.9100,7968.9083,-58.3755,-0.0001
38.9200,7968.3245,-58.3755,-0.0001
38.9300,7967.7408,-58.3755,-0.0001
38.9400,7967.1570,-58.3755,-0.0001
38.9500,7966.5733,-58.3755,-0.0001
38.9600,7965.9895,-58.3755,-0.0001
38.9700,7965.4057,-58.3755,-0.0001
38.9800,7964.8220,-58.3755,-0.0001
38.9900,7964.2382,-58.3755,-0.0001
39.0000,7963.6545,-58.3755,-0.0001
39.0100,7963.0707,-58.3755,-0.0001
39.0200,7962.4870,-58.3755,-0.0001
39.0300,7961.9032,-58.3755,-0.0001
39.0400,7961.3195,-58.3755,-0.0001
39.0500,7960.7357,-58.3755,-0.0001
39.0600,7960.1519,-58.3755,-0.0001
39.0700,7959.5682,-58.3755,-0.0001
39.0800,7958.9844,-58.3755,-0.0001
39.0900,7958.4007,-58.3755,-0.0001
39.1000,7957.8169,-58.3755,-0.0001
39.1100,7957.2332,-58.3755,-0.0001
39.1200,7956.6494,-58.3755,-0.0001
39.1300,7956.0657,-58.3755,-0.0001
39.1400,7955.4819,-58.3755,-0.0001
39.1500,7954.8981,-58.3755,-0.0001
39.1600,7954.3144,-58.3755,-0.0001
39.1700,7953.7306,-58.3755,-0.0001
39.1800,7953.1469,-58.3755,-0.0001
39.1900,7952.5631,-58.3755,-0.0001
39.2000,7951.9794,-58.3755,-0.0001
39.2100,7951.3956,-58.3755,-0.0001
39.2200,7950.8119,-58.3755,-0.0001
39.2300,7950.2281,-58.3755,-0.0001
39.2400,7949.6443,-58.3755,-0.0001
39.2500,7949.0606,-58.3755,-0.0001
39.2600,7948.4768,-58.3755,-0.0001
39.2700,7947.8931,-58.3755,-0.0001
39.2800,7947.3093,-58.3755,-0.0001
39.2900,7946.7256,-58.3755,-0.0001
39.3000,7946.1418,-58.3755,-0.0001
39.3100,7945.5581,-58.3755,-0.0001
39.3200,7944.9743,-58.3755,-0.0001
39.3300,7944.3905,-58.3755,-0.0001
39.3400,7943.8068,-58.3756,-0.0001
39.3500,7943.2230,-58.3756,-0.0001
39.3600,7942.6393,-58.3756,-0.0001
39.3700,7942.0555,-58.3756,-0.0001
39.3800,7941.4718,-58.3756,-0.0001
39.3900,7940.8880,-58.3756,-0.0001
39.4000,7940.3043,-58.3756,-0.0001
39.4100,7939.7205,-58.3756,-0.0001
39.4200,7939.1368,-58.3756,-0.0001
39.4300,7938.5530,-58.3756,-0.0001
39.4400,7937.9692,-58.3756,-0.0001
39.4500,7937.3855,-58.3756,-0.0001
39.4600,7936.8017,-58.3756,-0.0001
39.4700,7936.2180,-58.3756,-0.0001
39.4800,7935.6342,-58.3756,-0.0001
39.4900,7935.0505,-58.3756,-0.0001
39.5000,7934.4667,-58.3756,-0.0001
39.5100,7933.8829,-58.3756,-0.0001
39.5200,7933.2992,-58.3756,-0.0001
39.5300,7932.7154,-58.3756,-0.0001
39.5400,7932.1317,-58.3756,-0.0001
39.5500,7931.5479,-58.3756,-0.0001
39.5600,7930.9642,-58.3756,-0.0001
39.5700,7930.3804,-58.3756,-0.0001
39.5800,7929.7967,-58.3756,-0.0001
39.5900,7929.2129,-58.3756,-0.0001
39.6000,7928.6291,-58.3756,-0.0001
39.6100,7928.0454,-58.3756,-0.0001
39.6200,7927.4616,-58.3756,-0.0001
39.6300,7926.8779,-58.3756,-0.0001
39.6400,7926.2941,-58.3756,-0.0001
39.6500,7925.7104,-58.3756,-0.0001
39.6600,7925.1266,-58.3756,-0.0001
39.6700,7924.5429,-58.3756,-0.0001
39.6800,7923.9591,-58.3756,-0.0001
39.6900,7923.3753,-58.3756,-0.0001
39.7000,7922.7916,-58.3756,-0.0001
39.7100,7922.2078,-58.3756,-0.0001
39.7200,7921.6241,-58.3756,-0.0001
39.7300,7921.0403,-58.3756,-0.0001
39.7400,7920.4566,-58.3756,-0.0001
39.7500,7919.8728,-58.3756,-0.0001
39.7600,7919.2891,-58.3756,-0.0001
39.7700,7918.7053,-58.3756,-0.0001
39.7800,7918.1215,-58.3756,-0.0001
39.7900,7917.5378,-58.3756,-0.0001
39.8000,7916.9540,-58.3756,-0.0001
39.8100,7916.3703,-58.3756,-0.0001
39.8200,7915.7865,-58.3756,-0.0001
39.8300,7915.2028,-58.3756,-0.0001
39.8400,7914.6190,-58.3756,-0.0001
39.8500,7914.0353,-58.3756,-0.0001
39.8600,7913.4515,-58.3756,-0.0001
39.8700,7912.8677,-58.3756,-0.0001
39.8800,7912.2840,-58.3756,-0.0001
39.8900,7911.7002,-58.3756,-0.0001
39.9000,7911.1165,-58.3756,-0.0001
39.9100,7910.5327,-58.3756,-0.0001
39.9200,7909.9490,-58.3756,-0.0001
39.9300,7909.3652,-58.3756,-0.0001
39.9400,7908.7815,-58.3756,-0.0001
39.9500,7908.1977,-58.3756,-0.0001
39.9600,7907.6139,-58.3756,-0.0001
39.9700,7907.0302,-58.3756,-0.0001
39.9800,7906.4464,-58.3756,-0.0001
39.9900,7905.8627,-58.3756,-0.0001
40.0000,7905.2789,-58.3756,-0.0001
40.0100,7904.6952,-58.3756,-0.0001
40.0200,7904.1114,-58.3756,-0.0001
40.0300,7903.5276,-58.3756,-0.0001
40.0400,7902.9439,-58.3756,-0.0001
40.0500,7902.3601,-58.3756,-0.0001
40.0600,7901.7764,-58.3756,-0.0001
40.0700,7901.1926,-58.3756,-0.0001
40.0800,7900.6089,-58.3756,-0.0001
40.0900,7900.0251,-58.3756,-0.0001
40.1000,7899.4414,-58.3756,-0.0001
40.1100,7898.8576,-58.3756,-0.0001
40.1200,7898.2738,-58.3756,-0.0001
40.1300,7897.6901,-58.3756,-0.0001
40.1400,7897.1063,-58.3756,-0.0001
40.1500,7896.5226,-58.3756,-0.0001
40.1600,7895.9388,-58.3756,-0.0001
40.1700,7895.3551,-58.3756,-0.0001
40.1800,7894.7713,-58.3756,-0.0001
40.1900,7894.1876,-58.3756,-0.0001
40.2000,7893.6038,-58.3756,-0.0001
40.2100,7893.0200,-58.3756,-0.0001
40.2200,7892.4363,-58.3756,-0.0001
40.2300,7891.8525,-58.3756,-0.0001
40.2400,7891.2688,-58.3756,-0.0001
40.2500,7890.6850,-58.3756,-0.0001
40.2600,7890.1013,-58.3756,-0.0001
40.2700,7889.5175,-58.3756,-0.0001
40.2800,7888.9337,-58.3756,-0.0001
40.2900,7888.3500,-58.3756,-0.0001
40.3000,7887.7662,-58.3756,-0.0001
40.3100,7887.1825,-58.3756,-0.0001
40.3200,7886.5987,-58.3756,-0.0001
40.3300,7886.0150,-58.3756,-0.0001
40.3400,7885.4312,-58.3756,-0.0000
40.3500,7884.8475,-58.3756,-0.0000
40.3600,7884.2637,-58.3756,-0.0000
40.3700,7883.6799,-58.3756,-0.0000
40.3800,7883.0962,-58.3756,-0.0000
40.3900,7882.5124,-58.3756,-0.0000
40.4000,7881.9287,-58.3756,-0.0000
40.4100,7881.3449,-58.3756,-0.0000
40.4200,7880.7612,-58.3756,-0.0000
40.4300,7880.1774,-58.3756,-0.0000
40.4400,7879.5937,-58.3756,-0.0000
40.4500,7879.0099,-58.3756,-0.0000
40.4600,7878.4261,-58.3756,-0.0000
40.4700,7877.8424,-58.3756,-0.0000
40.4800,7877.2586,-58.3756,-0.0000
40.4900,7876.6749,-58.3756,-0.0000
40.5000,7876.0911,-58.3756,-0.0000
40.5100,7875.5074,-58.3756,-0.0000
40.5200,7874.9236,-58.3756,-0.0000
40.5300,7874.3398,-58.3756,-0.0000
40.5400,7873.7561,-58.3756,-0.0000
40.5500,7873.1723,-58.3756,-0.0000
40.5600,7872.5886,-58.3756,-0.0000
40.5700,7872.0048,-58.3756,-0.0000
40.5800,7871.4211,-58.3756,-0.0000
40.5900,7870.8373,-58.3756,-0.0000
40.6000,7870.2536,-58.3756,-0.0000
40.6100,7869.6698,-58.3756,-0.0000
40.6200,7869.0860,-58.3756,-0.0000
40.6300,7868.5023,-58.3756,-0.0000
40.6400,7867.9185,-58.3756,-0.0000
40.6500,7867.3348,-58.3756,-0.0000
40.6600,7866.7510,-58.3756,-0.0000
40.6700,7866.1673,-58.3756,-0.0000
40.6800,7865.5835,-58.3756,-0.0000
40.6900,7864.9997,-58.3756,-0.0000
40.7000,7864.4160,-58.3756,-0.0000
40.7100,7863.8322,-58.3756,-0.0000
40.7200,7863.2485,-58.3756,-0.0000
40.7300,7862.6647,-58.3756,-0.0000
40.7400,7862.0810,-58.3756,-0.0000
40.7500,7861.4972,-58.3756,-0.0000
40.7600,7860.9135,-58.3756,-0.0000
40.7700,7860.3297,-58.3756,-0.0000
40.7800,7859.7459,-58.3756,-0.0000
40.7900,7859.1622,-58.3756,-0.0000
40.8000,7858.5784,-58.3756,-0.0000
40.8100,7857.9947,-58.3756,-0.0000
40.8200,7857.4109,-58.3756,-0.0000
40.8300,7856.8272,-58.3756,-0.0000
40.8400,7856.2434,-58.3756,-0.0000
40.8500,7855.6596,-58.3756,-0.0000
40.8600,7855.0759,-58.3756,-0.0000
40.8700,7854.4921,-58.3756,-0.0000
40.8800,7853.9084,-58.3756,-0.0000
40.8900,7853.3246,-58.3756,-0.0000
40.9000,7852.7409,-58.3756,-0.0000
40.9100,7852.1571,-58.3756,-0.0000
40.9200,7851.5734,-58.3756,-0.0000
40.9300,7850.9896,-58.3756,-0.0000
40.9400,7850.4058,-58.3756,-0.0000
40.9500,7849.8221,-58.3756,-0.0000
40.9600,7849.2383,-58.3756,-0.0000
40.9700,7848.6546,-58.3756,-0.0000
40.9800,7848.0708,-58.3756,-0.0000
40.9900,7847.4871,-58.3756,-0.0000
41.0000,7846.9033,-58.3756,-0.0000
41.0100,7846.3195,-58.3756,-0.0000
41.0200,7845.7358,-58.3756,-0.0000
41.0300,7845.1520,-58.3756,-0.0000
41.0400,7844.5683,-58.3756,-0.0000
41.0500,7843.9845,-58.3756,-0.0000
41.0600,7843.4008,-58.3756,-0.0000
41.0700,7842.8170,-58.3756,-0.0000
41.0800,7842.2332,-58.3756,-0.0000
41.0900,7841.6495,-58.3756,-0.0000
41.1000,7841.0657,-58.3756,-0.0000
41.1100,7840.4820,-58.3756,-0.0000
41.1200,7839.8982,-58.3756,-0.0000
41.1300,7839.3145,-58.3756,-0.0000
41.1400,7838.7307,-58.3756,-0.0000
41.1500,7838.1470,-58.3756,-0.0000
41.1600,7837.5632,-58.3756,-0.0000
41.1700,7836.9794,-58.3756,-0.0000
41.1800,7836.3957,-58.3756,-0.0000
41.1900,7835.8119,-58.3756,-0.0000
41.2000,7835.2282,-58.3756,-0.0000
41.2100,7834.6444,-58.3756,-0.0000
41.2200,7834.0607,-58.3756,-0.0000
41.2300,7833.4769,-58.3756,-0.0000
41.2400,7832.8931,-58.3756,-0.0000
41.2500,7832.3094,-58.3756,-0.0000
41.2600,7831.7256,-58.3756,-0.0000
41.2700,7831.1419,-58.3756,-0.0000
41.2800,7830.5581,-58.3756,-0.0000
41.2900,7829.9744,-58.3756,-0.0000
41.3000,7829.3906,-58.3757,-0.0000
41.3100,7828.8069,-58.3757,-0.0000
41.3200,7828.2231,-58.3757,-0.0000
41.3300,7827.6393,-58.3757,-0.0000
41.3400,7827.0556,-58.3757,-0.0000
41.3500,7826.4718,-58.3757,-0.0000
41.3600,7825.8881,-58.3757,-0.0000
41.3700,7825.3043,-58.3757,-0.0000
41.3800,7824.7206,-58.3757,-0.0000
41.3900,7824.1368,-58.3757,-0.0000
41.4000,7823.5530,-58.3757,-0.0000
41.4100,7822.9693,-58.3757,-0.0000
41.4200,7822.3855,-58.3757,-0.0000
41.4300,7821.8018,-58.3757,-0.0000
41.4400,7821.2180,-58.3757,-0.0000
41.4500,7820.6343,-58.3757,-0.0000
41.4600,7820.0505,-58.3757,-0.0000
41.4700,7819.4667,-58.3757,-0.0000
41.4800,7818.8830,-58.3757,-0.0000
41.4900,7818.2992,-58.3757,-0.0000
41.5000,7817.7155,-58.3757,-0.0000
41.5100,7817.1317,-58.3757,-0.0000
41.5200,7816.5480,-58.3757,-0.0000
41.5300,7815.9642,-58.3757,-0.0000
41.5400,7815.3804,-58.3757,-0.0000
41.5500,7814.7967,-58.3757,-0.0000
41.5600,7814.2129,-58.3757,-0.0000
41.5700,7813.6292,-58.3757,-0.0000
41.5800,7813.0454,-58.3757,-0.0000
41.5900,7812.4617,-58.3757,-0.0000
41.6000,7811.8779,-58.3757,-0.0000
41.6100,7811.2942,-58.3757,-0.0000
41.6200,7810.7104,-58.3757,-0.0000
41.6300,7810.1266,-58.3757,-0.0000
41.6400,7809.5429,-58.3757,-0.0000
41.6500,7808.9591,-58.3757,-0.0000
41.6600,7808.3754,-58.3757,-0.0000
41.6700,7807.7916,-58.3757,-0.0000
41.6800,7807.2079,-58.3757,-0.0000
41.6900,7806.6241,-58.3757,-0.0000
41.7000,7806.0403,-58.3757,-0.0000
41.7100,7805.4566,-58.3757,-0.0000
41.7200,7804.8728,-58.3757,-0.0000
41.7300,7804.2891,-58.3757,-0.0000
41.7400,7803.7053,-58.3757,-0.0000
41.7500,7803.1216,-58.3757,-0.0000
41.7600,7802.5378,-58.3757,-0.0000
41.7700,7801.9540,-58.3757,-0.0000
41.7800,7801.3703,-58.3757,-0.0000
41.7900,7800.7865,-58.3757,-0.0000
41.8000,7800.2028,-58.3757,-0.0000
41.8100,7799.6190,-58.3757,-0.0000
41.8200,7799.0353,-58.3757,-0.0000
41.8300,7798.4515,-58.3757,-0.0000
41.8400,7797.8678,-58.3757,-0.0000
41.8500,7797.2840,-58.3757,-0.0000
41.8600,7796.7002,-58.3757,-0.0000
41.8700,7796.1165,-58.3757,-0.0000
41.8800,7795.5327,-58.3757,-0.0000
41.8900,7794.9490,-58.3757,-0.0000
41.9000,7794.3652,-58.3757,-0.0000
41.9100,7793.7815,-58.3757,-0.0000
41.9200,7793.1977,-58.3757,-0.0000
41.9300,7792.6139,-58.3757,-0.0000
41.9400,7792.0302,-58.3757,-0.0000
41.9500,7791.4464,-58.3757,-0.0000
41.9600,7790.8627,-58.3757,-0.0000
41.9700,7790.2789,-58.3757,-0.0000
41.9800,7789.6952,-58.3757,-0.0000
41.9900,7789.1114,-58.3757,-0.0000
42.0000,7788.5276,-58.3757,-0.0000
42.0100,7787.9439,-58.3757,-0.0000
42.0200,7787.3601,-58.3757,-0.0000
42.0300,7786.7764,-58.3757,-0.0000
42.0400,7786.1926,-58.3757,-0.0000
42.0500,7785.6089,-58.3757,-0.0000
42.0600,7785.0251,-58.3757,-0.0000
42.0700,7784.4413,-58.3757,-0.0000
42.0800,7783.8576,-58.3757,-0.0000
42.0900,7783.2738,-58.3757,-0.0000
42.1000,7782.6901,-58.3757,-0.0000
42.1100,7782.1063,-58.3757,-0.0000
42.1200,7781.5226,-58.3757,-0.0000
42.1300,7780.9388,-58.3757,-0.0000
42.1400,7780.3550,-58.3757,-0.0000
42.1500,7779.7713,-58.3757,-0.0000
42.1600,7779.1875,-58.3757,-0.0000
42.1700,7778.6038,-58.3757,-0.0000
42.1800,7778.0200,-58.3757,-0.0000
42.1900,7777.4363,-58.3757,-0.0000
42.2000,7776.8525,-58.3757,-0.0000
42.2100,7776.2688,-58.3757,-0.0000
42.2200,7775.6850,-58.3757,-0.0000
42.2300,7775.1012,-58.3757,-0.0000
42.2400,7774.5175,-58.3757,-0.0000
42.2500,7773.9337,-58.3757,-0.0000
42.2600,7773.3500,-58.3757,-0.0000
42.2700,7772.7662,-58.3757,-0.0000
42.2800,7772.1825,-58.3757,-0.0000
42.2900,7771.5987,-58.3757,-0.0000
42.3000,7771.0149,-58.3757,-0.0000
42.3100,7770.4312,-58.3757,-0.0000
42.3200,7769.8474,-58.3757,-0.0000
42.3300,7769.2637,-58.3757,-0.0000
42.3400,7768.6799,-58.3757,-0.0000
42.3500,7768.0962,-58.3757,-0.0000
42.3600,7767.5124,-58.3757,-0.0000
42.3700,7766.9286,-58.3757,-0.0000
42.3800,7766.3449,-58.3757,-0.0000
42.3900,7765.7611,-58.3757,-0.0000
42.4000,7765.1774,-58.3757,-0.0000
42.4100,7764.5936,-58.3757,-0.0000
42.4200,7764.0099,-58.3757,-0.0000
42.4300,7763.4261,-58.3757,-0.0000
42.4400,7762.8423,-58.3757,-0.0000
42.4500,7762.2586,-58.3757,-0.0000
42.4600,7761.6748,-58.3757,-0.0000
42.4700,7761.0911,-58.3757,-0.0000
42.4800,7760.5073,-58.3757,-0.0000
42.4900,7759.9236,-58.3757,-0.0000
42.5000,7759.3398,-58.3757,-0.0000
42.5100,7758.7560,-58.3757,-0.0000
42.5200,7758.1723,-58.3757,-0.0000
42.5300,7757.5885,-58.3757,-0.0000
42.5400,7757.0048,-58.3757,-0.0000
42.5500,7756.4210,-58.3757,-0.0000
42.5600,7755.8373,-58.3757,-0.0000
42.5700,7755.2535,-58.3757,-0.0000
42.5800,7754.6697,-58.3757,-0.0000
42.5900,7754.0860,-58.3757,-0.0000
42.6000,7753.5022,-58.3757,-0.0000
42.6100,7752.9185,-58.3757,-0.0000
42.6200,7752.3347,-58.3757,-0.0000
42.6300,7751.7510,-58.3757,-0.0000
42.6400,7751.1672,-58.3757,-0.0000
42.6500,7750.5835,-58.3757,-0.0000
42.6600,7749.9997,-58.3757,-0.0000
42.6700,7749.4159,-58.3757,-0.0000
42.6800,7748.8322,-58.3757,-0.0000
42.6900,7748.2484,-58.3757,-0.0000
42.7000,7747.6647,-58.3757,-0.0000
42.7100,7747.0809,-58.3757,-0.0000
42.7200,7746.4972,-58.3757,-0.0000
42.7300,7745.9134,-58.3757,-0.0000
42.7400,7745.3296,-58.3757,-0.0000
42.7500,7744.7459,-58.3757,-0.0000
42.7600,7744.1621,-58.3757,-0.0000
42.7700,7743.5784,-58.3757,-0.0000
42.7800,7742.9946,-58.3757,-0.0000
42.7900,7742.4109,-58.3757,-0.0000
42.8000,7741.8271,-58.3757,-0.0000
42.8100,7741.2433,-58.3757,-0.0000
42.8200,7740.6596,-58.3757,-0.0000
42.8300,7740.0758,-58.3757,-0.0000
42.8400,7739.4921,-58.3757,-0.0000
42.8500,7738.9083,-58.3757,-0.0000
42.8600,7738.3246,-58.3757,-0.0000
42.8700,7737.7408,-58.3757,-0.0000
42.8800,7737.1570,-58.3757,-0.0000
42.8900,7736.5733,-58.3757,-0.0000
42.9000,7735.9895,-58.3757,-0.0000
42.9100,7735.4058,-58.3757,-0.0000
42.9200,7734.8220,-58.3757,-0.0000
42.9300,7734.2383,-58.3757,-0.0000
42.9400,7733.6545,-58.3757,-0.0000
42.9500,7733.0707,-58.3757,-0.0000
42.9600,7732.4870,-58.3757,-0.0000
42.9700,7731.9032,-58.3757,-0.0000
42.9800,7731.3195,-58.3757,-0.0000
42.9900,7730.7357,-58.3757,-0.0000
43.0000,7730.1520,-58.3757,-0.0000
43.0100,7729.5682,-58.3757,-0.0000
43.0200,7728.9844,-58.3757,-0.0000
43.0300,7728.4007,-58.3757,-0.0000
43.0400,7727.8169,-58.3757,-0.0000
43.0500,7727.2332,-58.3757,-0.0000
43.0600,7726.6494,-58.3757,-0.0000
43.0700,7726.0657,-58.3757,-0.0000
43.0800,7725.4819,-58.3757,-0.0000
43.0900,7724.8981,-58.3757,-0.0000
43.1000,7724.3144,-58.3757,-0.0000
43.1100,7723.7306,-58.3757,-0.0000
43.1200,7723.1469,-58.3757,-0.0000
43.1300,7722.5631,-58.3757,-0.0000
43.1400,7721.9794,-58.3757,-0.0000
43.1500,7721.3956,-58.3757,-0.0000
43.1600,7720.8118,-58.3757,-0.0000
43.1700,7720.2281,-58.3757,-0.0000
43.1800,7719.6443,-58.3757,-0.0000
43.1900,7719.0606,-58.3757,-0.0000
43.2000,7718.4768,-58.3757,-0.0000
43.2100,7717.8931,-58.3757,-0.0000
43.2200,7717.3093,-58.3757,-0.0000
43.2300,7716.7255,-58.3757,-0.0000
43.2400,7716.1418,-58.3757,-0.0000
43.2500,7715.5580,-58.3757,-0.0000
43.2600,7714.9743,-58.3757,-0.0000
43.2700,7714.3905,-58.3757,-0.0000
43.2800,7713.8068,-58.3757,-0.0000
43.2900,7713.2230,-58.3757,-0.0000
43.3000,7712.6392,-58.3757,-0.0000
43.3100,7712.0555,-58.3757,-0.0000
43.3200,7711.4717,-58.3757,-0.0000
43.3300,7710.8880,-58.3757,-0.0000
43.3400,7710.3042,-58.3757,-0.0000
43.3500,7709.7205,-58.3757,-0.0000
43.3600,7709.1367,-58.3757,-0.0000
43.3700,7708.5529,-58.3757,-0.0000
43.3800,7707.9692,-58.3757,-0.0000
43.3900,7707.3854,-58.3757,-0.0000
43.4000,7706.8017,-58.3757,-0.0000
43.4100,7706.2179,-58.3757,-0.0000
43.4200,7705.6342,-58.3757,-0.0000
43.4300,7705.0504,-58.3757,-0.0000
43.4400,7704.4666,-58.3757,-0.0000
43.4500,7703.8829,-58.3757,-0.0000
43.4600,7703.2991,-58.3757,-0.0000
43.4700,7702.7154,-58.3757,-0.0000
43.4800,7702.1316,-58.3757,-0.0000
43.4900,7701.5479,-58.3757,-0.0000
43.5000,7700.9641,-58.3757,-0.0000
43.5100,7700.3803,-58.3757,-0.0000
43.5200,7699.7966,-58.3757,-0.0000
43.5300,7699.2128,-58.3757,-0.0000
43.5400,7698.6291,-58.3757,-0.0000
43.5500,7698.0453,-58.3757,-0.0000
43.5600,7697.4616,-58.3757,-0.0000
43.5700,7696.8778,-58.3757,-0.0000
43.5800,7696.2940,-58.3757,-0.0000
43.5900,7695.7103,-58.3757,-0.0000
43.6000,7695.1265,-58.3757,-0.0000
43.6100,7694.5428,-58.3757,-0.0000
43.6200,7693.9590,-58.3757,-0.0000
43.6300,7693.3753,-58.3757,-0.0000
43.6400,7692.7915,-58.3757,-0.0000
43.6500,7692.2078,-58.3757,-0.0000
43.6600,7691.6240,-58.3757,-0.0000
43.6700,7691.0402,-58.3757,-0.0000
43.6800,7690.4565,-58.3757,-0.0000
43.6900,7689.8727,-58.3757,-0.0000
43.7000,7689.2890,-58.3757,-0.0000
43.7100,7688.7052,-58.3757,-0.0000
43.7200,7688.1215,-58.3757,-0.0000
43.7300,7687.5377,-58.3757,-0.0000
43.7400,7686.9539,-58.3757,-0.0000
43.7500,7686.3702,-58.3757,-0.0000
43.7600,7685.7864,-58.3757,-0.0000
43.7700,7685.2027,-58.3757,-0.0000
43.7800,7684.6189,-58.3757,-0.0000
43.7900,7684.0352,-58.3757,-0.0000
43.8000,7683.4514,-58.3757,-0.0000
43.8100,7682.8676,-58.3757,-0.0000
43.8200,7682.2839,-58.3757,-0.0000
43.8300,7681.7001,-58.3757,-0.0000
43.8400,7681.1164,-58.3757,-0.0000
43.8500,7680.5326,-58.3757,-0.0000
43.8600,7679.9489,-58.3757,-0.0000
43.8700,7679.3651,-58.3757,-0.0000
43.8800,7678.7813,-58.3757,-0.0000
43.8900,7678.1976,-58.3757,-0.0000
43.9000,7677.6138,-58.3757,-0.0000
43.9100,7677.0301,-58.3757,-0.0000
43.9200,7676.4463,-58.3757,-0.0000
43.9300,7675.8626,-58.3757,-0.0000
43.9400,7675.2788,-58.3757,-0.0000
43.9500,7674.6950,-58.3757,-0.0000
43.9600,7674.1113,-58.3757,-0.0000
43.9700,7673.5275,-58.3757,-0.0000
43.9800,7672.9438,-58.3757,-0.0000
43.9900,7672.3600,-58.3757,-0.0000
44.0000,7671.7763,-58.3757,-0.0000
44.0100,7671.1925,-58.3757,-0.0000
44.0200,7670.6087,-58.3757,-0.0000
44.0300,7670.0250,-58.3757,-0.0000
44.0400,7669.4412,-58.3757,-0.0000
44.0500,7668.8575,-58.3757,-0.0000
44.0600,7668.2737,-58.3757,-0.0000
44.0700,7667.6900,-58.3757,-0.0000
44.0800,7667.1062,-58.3757,-0.0000
44.0900,7666.5224,-58.3757,-0.0000
44.1000,7665.9387,-58.3757,-0.0000
44.1100,7665.3549,-58.3757,-0.0000
44.1200,7664.7712,-58.3757,-0.0000
44.1300,7664.1874,-58.3757,-0.0000
44.1400,7663.6037,-58.3757,-0.0000
44.1500,7663.0199,-58.3757,-0.0000
44.1600,7662.4361,-58.3757,-0.0000
44.1700,7661.8524,-58.3757,-0.0000
44.1800,7661.2686,-58.3757,-0.0000
44.1900,7660.6849,-58.3757,-0.0000
44.2000,7660.1011,-58.3757,-0.0000
44.2100,7659.5174,-58.3757,-0.0000
44.2200,7658.9336,-58.3757,-0.0000
44.2300,7658.3498,-58.3757,-0.0000
44.2400,7657.7661,-58.3757,-0.0000
44.2500,7657.1823,-58.3757,-0.0000
44.2600,7656.5986,-58.3757,-0.0000
44.2700,7656.0148,-58.3757,-0.0000
44.2800,7655.4311,-58.3757,-0.0000
44.2900,7654.8473,-58.3757,-0.0000
44.3000,7654.2635,-58.3757,-0.0000
44.3100,7653.6798,-58.3757,-0.0000
44.3200,7653.0960,-58.3757,-0.0000
44.3300,7652.5123,-58.3757,-0.0000
44.3400,7651.9285,-58.3757,-0.0000
44.3500,7651.3448,-58.3757,-0.0000
44.3600,7650.7610,-58.3757,-0.0000
44.3700,7650.1772,-58.3757,-0.0000
44.3800,7649.5935,-58.3757,-0.0000
44.3900,7649.0097,-58.3757,-0.0000
44.4000,7648.4260,-58.3757,-0.0000
44.4100,7647.8422,-58.3757,-0.0000
44.4200,7647.2585,-58.3757,-0.0000
44.4300,7646.6747,-58.3757,-0.0000
44.4400,7646.0909,-58.3757,-0.0000
44.4500,7645.5072,-58.3757,-0.0000
44.4600,7644.9234,-58.3757,-0.0000
44.4700,7644.3397,-58.3757,-0.0000
44.4800,7643.7559,-58.3757,-0.0000
44.4900,7643.1721,-58.3757,-0.0000
44.5000,7642.5884,-58.3757,-0.0000
44.5100,7642.0046,-58.3757,-0.0000
44.5200,7641.4209,-58.3757,-0.0000
44.5300,7640.8371,-58.3757,-0.0000
44.5400,7640.2534,-58.3757,-0.0000
44.5500,7639.6696,-58.3757,-0.0000
44.5600,7639.0858,-58.3757,-0.0000
44.5700,7638.5021,-58.3757,-0.0000
44.5800,7637.9183,-58.3757,-0.0000
44.5900,7637.3346,-58.3757,-0.0000
44.6000,7636.7508,-58.3757,-0.0000
44.6100,7636.1671,-58.3757,-0.0000
44.6200,7635.5833,-58.3757,-0.0000
44.6300,7634.9995,-58.3757,-0.0000
44.6400,7634.4158,-58.3757,-0.0000
44.6500,7633.8320,-58.3757,-0.0000
44.6600,7633.2483,-58.3757,-0.0000
44.6700,7632.6645,-58.3757,-0.0000
44.6800,7632.0808,-58.3757,-0.0000
44.6900,7631.4970,-58.3757,-0.0000
44.7000,7630.9132,-58.3757,-0.0000
44.7100,7630.3295,-58.3757,-0.0000
44.7200,7629.7457,-58.3757,-0.0000
44.7300,7629.1620,-58.3757,-0.0000
44.7400,7628.5782,-58.3757,-0.0000
44.7500,7627.9945,-58.3757,-0.0000
44.7600,7627.4107,-58.3757,-0.0000
44.7700,7626.8269,-58.3757,-0.0000
44.7800,7626.2432,-58.3757,-0.0000
44.7900,7625.6594,-58.3757,-0.0000
44.8000,7625.0757,-58.3757,-0.0000
44.8100,7624.4919,-58.3757,-0.0000
44.8200,7623.9082,-58.3757,-0.0000
44.8300,7623.3244,-58.3757,-0.0000
44.8400,7622.7406,-58.3757,-0.0000
44.8500,7622.1569,-58.3757,-0.0000
44.8600,7621.5731,-58.3757,-0.0000
44.8700,7620.9894,-58.3757,-0.0000
44.8800,7620.4056,-58.3757,-0.0000
44.8900,7619.8219,-58.3757,-0.0000
44.9000,7619.2381,-58.3757,-0.0000
44.9100,7618.6543,-58.3757,-0.0000
44.9200,7618.0706,-58.3757,-0.0000
44.9300,7617.4868,-58.3757,-0.0000
44.9400,7616.9031,-58.3757,-0.0000
44.9500,7616.3193,-58.3757,-0.0000
44.9600,7615.7356,-58.3757,-0.0000
44.9700,7615.1518,-58.3757,-0.0000
44.9800,7614.5680,-58.3757,-0.0000
44.9900,7613.9843,-58.3757,-0.0000
45.0000,7613.4005,-58.3757,-0.0000
45.0100,7612.8168,-58.3757,-0.0000
45.0200,7612.2330,-58.3757,-0.0000
45.0300,7611.6493,-58.3757,-0.0000
45.0400,7611.0655,-58.3757,-0.0000
45.0500,7610.4817,-58.3757,-0.0000
45.0600,7609.8980,-58.3757,-0.0000
45.0700,7609.3142,-58.3757,-0.0000
45.0800,7608.7305,-58.3757,-0.0000
45.0900,7608.1467,-58.3757,-0.0000
45.1000,7607.5630,-58.3757,-0.0000
45.1100,7606.9792,-58.3757,-0.0000
45.1200,7606.3954,-58.3757,-0.0000
45.1300,7605.8117,-58.3757,-0.0000
45.1400,7605.2279,-58.3757,-0.0000
45.1500,7604.6442,-58.3757,-0.0000
45.1600,7604.0604,-58.3757,-0.0000
45.1700,7603.4767,-58.3757,-0.0000
45.1800,7602.8929,-58.3757,-0.0000
45.1900,7602.3091,-58.3757,-0.0000
45.2000,7601.7254,-58.3757,-0.0000
45.2100,7601.1416,-58.3757,-0.0000
45.2200,7600.5579,-58.3757,-0.0000
45.2300,7599.9741,-58.3757,-0.0000
45.2400,7599.3904,-58.3757,-0.0000
45.2500,7598.8066,-58.3757,-0.0000
45.2600,7598.2228,-58.3757,-0.0000
45.2700,7597.6391,-58.3757,-0.0000
45.2800,7597.0553,-58.3757,-0.0000
45.2900,7596.4716,-58.3757,-0.0000
45.3000,7595.8878,-58.3757,-0.0000
45.3100,7595.3041,-58.3757,-0.0000
45.3200,7594.7203,-58.3757,-0.0000
45.3300,7594.1365,-58.3757,-0.0000
45.3400,7593.5528,-58.3757,-0.0000
45.3500,7592.9690,-58.3757,-0.0000
45.3600,7592.3853,-58.3757,-0.0000
45.3700,7591.8015,-58.3757,-0.0000
45.3800,7591.2178,-58.3757,-0.0000
45.3900,7590.6340,-58.3757,-0.0000
45.4000,7590.0502,-58.3757,-0.0000
45.4100,7589.4665,-58.3757,-0.0000
45.4200,7588.8827,-58.3757,-0.0000
45.4300,7588.2990,-58.3757,-0.0000
45.4400,7587.7152,-58.3757,-0.0000
45.4500,7587.1315,-58.3757,-0.0000
45.4600,7586.5477,-58.3757,-0.0000
45.4700,7585.9639,-58.3757,-0.0000
45.4800,7585.3802,-58.3757,-0.0000
45.4900,7584.7964,-58.3757,-0.0000
45.5000,7584.2127,-58.3757,-0.0000
45.5100,7583.6289,-58.3757,-0.0000
45.5200,7583.0452,-58.3757,-0.0000
45.5300,7582.4614,-58.3757,-0.0000
45.5400,7581.8776,-58.3757,-0.0000
45.5500,7581.2939,-58.3757,-0.0000
45.5600,7580.7101,-58.3757,-0.0000
45.5700,7580.1264,-58.3757,-0.0000
45.5800,7579.5426,-58.3757,-0.0000
45.5900,7578.9589,-58.3757,-0.0000
45.6000,7578.3751,-58.3757,-0.0000
45.6100,7577.7913,-58.3757,-0.0000
45.6200,7577.2076,-58.3757,-0.0000
45.6300,7576.6238,-58.3757,-0.0000
45.6400,7576.0401,-58.3757,-0.0000
45.6500,7575.4563,-58.3757,-0.0000
45.6600,7574.8725,-58.3757,-0.0000
45.6700,7574.2888,-58.3757,-0.0000
45.6800,7573.7050,-58.3757,-0.0000
45.6900,7573.1213,-58.3757,-0.0000
45.7000,7572.5375,-58.3757,-0.0000
45.7100,7571.9538,-58.3757,-0.0000
45.7200,7571.3700,-58.3757,-0.0000
45.7300,7570.7862,-58.3757,-0.0000
45.7400,7570.2025,-58.3757,-0.0000
45.7500,7569.6187,-58.3757,-0.0000
45.7600,7569.0350,-58.3757,-0.0000
45.7700,7568.4512,-58.3757,-0.0000
45.7800,7567.8675,-58.3757,-0.0000
45.7900,7567.2837,-58.3757,-0.0000
45.8000,7566.6999,-58.3757,-0.0000
45.8100,7566.1162,-58.3757,-0.0000
45.8200,7565.5324,-58.3757,-0.0000
45.8300,7564.9487,-58.3757,-0.0000
45.8400,7564.3649,-58.3757,-0.0000
45.8500,7563.7812,-58.3757,-0.0000
45.8600,7563.1974,-58.3757,-0.0000
45.8700,7562.6136,-58.3757,-0.0000
45.8800,7562.0299,-58.3757,-0.0000
45.8900,7561.4461,-58.3757,-0.0000
45.9000,7560.8624,-58.3757,-0.0000
45.9100,7560.2786,-58.3757,-0.0000
45.9200,7559.6949,-58.3757,-0.0000
45.9300,7559.1111,-58.3757,-0.0000
45.9400,7558.5273,-58.3757,-0.0000
45.9500,7557.9436,-58.3757,-0.0000
45.9600,7557.3598,-58.3757,-0.0000
45.9700,7556.7761,-58.3757,-0.0000
45.9800,7556.1923,-58.3757,-0.0000
45.9900,7555.6086,-58.3757,-0.0000
46.0000,7555.0248,-58.3757,-0.0000
46.0100,7554.4410,-58.3757,-0.0000
46.0200,7553.8573,-58.3757,-0.0000
46.0300,7553.2735,-58.3757,-0.0000
46.0400,7552.6898,-58.3757,-0.0000
46.0500,7552.1060,-58.3757,-0.0000
46.0600,7551.5223,-58.3757,-0.0000
46.0700,7550.9385,-58.3757,-0.0000
46.0800,7550.3547,-58.3757,-0.0000
46.0900,7549.7710,-58.3757,-0.0000
46.1000,7549.1872,-58.3757,-0.0000
46.1100,7548.6035,-58.3757,-0.0000
46.1200,7548.0197,-58.3757,-0.0000
46.1300,7547.4360,-58.3757,-0.0000
46.1400,7546.8522,-58.3757,-0.0000
46.1500,7546.2684,-58.3757,-0.0000
46.1600,7545.6847,-58.3757,-0.0000
46.1700,7545.1009,-58.3757,-0.0000
46.1800,7544.5172,-58.3757,-0.0000
46.1900,7543.9334,-58.3757,-0.0000
46.2000,7543.3497,-58.3757,-0.0000
46.2100,7542.7659,-58.3757,-0.0000
46.2200,7542.1821,-58.3757,-0.0000
46.2300,7541.5984,-58.3757,-0.0000
46.2400,7541.0146,-58.3757,-0.0000
46.2500,7540.4309,-58.3757,-0.0000
46.2600,7539.8471,-58.3757,-0.0000
46.2700,7539.2634,-58.3757,-0.0000
46.2800,7538.6796,-58.3757,-0.0000
46.2900,7538.0958,-58.3757,-0.0000
46.3000,7537.5121,-58.3757,-0.0000
46.3100,7536.9283,-58.3757,-0.0000
46.3200,7536.3446,-58.3757,-0.0000
46.3300,7535.7608,-58.3757,-0.0000
46.3400,7535.1770,-58.3757,-0.0000
46.3500,7534.5933,-58.3757,-0.0000
46.3600,7534.0095,-58.3757,-0.0000
46.3700,7533.4258,-58.3757,-0.0000
46.3800,7532.8420,-58.3757,-0.0000
46.3900,7532.2583,-58.3757,-0.0000
46.4000,7531.6745,-58.3757,-0.0000
46.4100,7531.0907,-58.3757,-0.0000
46.4200,7530.5070,-58.3757,-0.0000
46.4300,7529.9232,-58.3757,-0.0000
46.4400,7529.3395,-58.3757,-0.0000
46.4500,7528.7557,-58.3757,-0.0000
46.4600,7528.1720,-58.3757,-0.0000
46.4700,7527.5882,-58.3757,-0.0000
46.4800,7527.0044,-58.3757,-0.0000
46.4900,7526.4207,-58.3757,-0.0000
46.5000,7525.8369,-58.3757,-0.0000
46.5100,7525.2532,-58.3757,-0.0000
46.5200,7524.6694,-58.3757,-0.0000
46.5300,7524.0857,-58.3757,-0.0000
46.5400,7523.5019,-58.3757,-0.0000
46.5500,7522.9181,-58.3757,-0.0000
46.5600,7522.3344,-58.3757,-0.0000
46.5700,7521.7506,-58.3757,-0.0000
46.5800,7521.1669,-58.3757,-0.0000
46.5900,7520.5831,-58.3757,-0.0000
46.6000,7519.9994,-58.3757,-0.0000
46.6100,7519.4156,-58.3757,-0.0000
46.6200,7518.8318,-58.3757,-0.0000
46.6300,7518.2481,-58.3757,-0.0000
46.6400,7517.6643,-58.3757,-0.0000
46.6500,7517.0806,-58.3757,-0.0000
46.6600,7516.4968,-58.3757,-0.0000
46.6700,7515.9131,-58.3757,-0.0000
46.6800,7515.3293,-58.3757,-0.0000
46.6900,7514.7455,-58.3757,-0.0000
46.7000,7514.1618,-58.3757,-0.0000
46.7100,7513.5780,-58.3757,-0.0000
46.7200,7512.9943,-58.3757,-0.0000
46.7300,7512.4105,-58.3757,-0.0000
46.7400,7511.8268,-58.3757,-0.0000
46.7500,7511.2430,-58.3757,-0.0000
46.7600,7510.6592,-58.3757,-0.0000
46.7700,7510.0755,-58.3757,-0.0000
46.7800,7509.4917,-58.3757,-0.0000
46.7900,7508.9080,-58.3757,-0.0000
46.8000,7508.3242,-58.3757,-0.0000
46.8100,7507.7405,-58.3757,-0.0000
46.8200,7507.1567,-58.3757,-0.0000
46.8300,7506.5729,-58.3757,-0.0000
46.8400,7505.9892,-58.3757,-0.0000
46.8500,7505.4054,-58.3757,-0.0000
46.8600,7504.8217,-58.3757,-0.0000
46.8700,7504.2379,-58.3757,-0.0000
46.8800,7503.6541,-58.3757,-0.0000
46.8900,7503.0704,-58.3757,-0.0000
46.9000,7502.4866,-58.3757,-0.0000
46.9100,7501.9029,-58.3757,-0.0000
46.9200,7501.3191,-58.3757,-0.0000
46.9300,7500.7354,-58.3757,-0.0000
46.9400,7500.1516,-58.3757,-0.0000
46.9500,7499.5678,-58.3757,-0.0000
46.9600,7498.9841,-58.3757,-0.0000
46.9700,7498.4003,-58.3757,-0.0000
46.9800,7497.8166,-58.3757,-0.0000
46.9900,7497.2328,-58.3757,-0.0000
47.0000,7496.6491,-58.3757,-0.0000
47.0100,7496.0653,-58.3757,-0.0000
47.0200,7495.4815,-58.3757,-0.0000
47.0300,7494.8978,-58.3757,-0.0000
47.0400,7494.3140,-58.3757,-0.0000
47.0500,7493.7303,-58.3757,-0.0000
47.0600,7493.1465,-58.3757,-0.0000
47.0700,7492.5628,-58.3757,-0.0000
47.0800,7491.9790,-58.3757,-0.0000
47.0900,7491.3952,-58.3757,-0.0000
47.1000,7490.8115,-58.3757,-0.0000
47.1100,7490.2277,-58.3757,-0.0000
47.1200,7489.6440,-58.3757,-0.0000
47.1300,7489.0602,-58.3757,-0.0000
47.1400,7488.4765,-58.3757,-0.0000
47.1500,7487.8927,-58.3757,-0.0000
47.1600,7487.3089,-58.3757,-0.0000
47.1700,7486.7252,-58.3757,-0.0000
47.1800,7486.1414,-58.3757,-0.0000
47.1900,7485.5577,-58.3757,-0.0000
47.2000,7484.9739,-58.3757,-0.0000
47.2100,7484.3902,-58.3757,-0.0000
47.2200,7483.8064,-58.3757,-0.0000
47.2300,7483.2226,-58.3757,-0.0000
47.2400,7482.6389,-58.3757,-0.0000
47.2500,7482.0551,-58.3757,-0.0000
47.2600,7481.4714,-58.3757,-0.0000
47.2700,7480.8876,-58.3757,-0.0000
47.2800,7480.3039,-58.3757,-0.0000
47.2900,7479.7201,-58.3757,-0.0000
47.3000,7479.1363,-58.3757,-0.0000
47.3100,7478.5526,-58.3757,-0.0000
47.3200,7477.9688,-58.3757,-0.0000
47.3300,7477.3851,-58.3757,-0.0000
47.3400,7476.8013,-58.3757,-0.0000
47.3500,7476.2176,-58.3757,-0.0000
47.3600,7475.6338,-58.3757,-0.0000
47.3700,7475.0500,-58.3757,-0.0000
47.3800,7474.4663,-58.3757,-0.0000
47.3900,7473.8825,-58.3757,-0.0000
47.4000,7473.2988,-58.3757,-0.0000
47.4100,7472.7150,-58.3757,-0.0000
47.4200,7472.1312,-58.3757,-0.0000
47.4300,7471.5475,-58.3757,-0.0000
47.4400,7470.9637,-58.3757,-0.0000
47.4500,7470.3800,-58.3757,-0.0000
47.4600,7469.7962,-58.3757,-0.0000
47.4700,7469.2125,-58.3757,-0.0000
47.4800,7468.6287,-58.3757,-0.0000
47.4900,7468.0449,-58.3757,-0.0000
47.5000,7467.4612,-58.3757,-0.0000
47.5100,7466.8774,-58.3757,-0.0000
47.5200,7466.2937,-58.3757,-0.0000
47.5300,7465.7099,-58.3757,-0.0000
47.5400,7465.1262,-58.3757,-0.0000
47.5500,7464.5424,-58.3757,-0.0000
47.5600,7463.9586,-58.3757,-0.0000
47.5700,7463.3749,-58.3757,-0.0000
47.5800,7462.7911,-58.3757,-0.0000
47.5900,7462.2074,-58.3757,-0.0000
47.6000,7461.6236,-58.3757,-0.0000
47.6100,7461.0399,-58.3757,-0.0000
47.6200,7460.4561,-58.3757,-0.0000
47.6300,7459.8723,-58.3757,-0.0000
47.6400,7459.2886,-58.3757,-0.0000
47.6500,7458.7048,-58.3757,-0.0000
47.6600,7458.1211,-58.3757,-0.0000
47.6700,7457.5373,-58.3757,-0.0000
47.6800,7456.9536,-58.3757,-0.0000
47.6900,7456.3698,-58.3757,-0.0000
47.7000,7455.7860,-58.3757,-0.0000
47.7100,7455.2023,-58.3757,-0.0000
47.7200,7454.6185,-58.3757,-0.0000
47.7300,7454.0348,-58.3757,-0.0000
47.7400,7453.4510,-58.3757,-0.0000
47.7500,7452.8673,-58.3757,-0.0000
47.7600,7452.2835,-58.3757,-0.0000
47.7700,7451.6997,-58.3757,-0.0000
47.7800,7451.1160,-58.3757,-0.0000
47.7900,7450.5322,-58.3757,-0.0000
47.8000,7449.9485,-58.3757,-0.0000
47.8100,7449.3647,-58.3757,-0.0000
47.8200,7448.7810,-58.3757,-0.0000
47.8300,7448.1972,-58.3757,-0.0000
47.8400,7447.6134,-58.3757,-0.0000
47.8500,7447.0297,-58.3757,-0.0000
47.8600,7446.4459,-58.3757,-0.0000
47.8700,7445.8622,-58.3757,-0.0000
47.8800,7445.2784,-58.3757,-0.0000
47.8900,7444.6946,-58.3757,-0.0000
47.9000,7444.1109,-58.3757,-0.0000
47.9100,7443.5271,-58.3757,-0.0000
47.9200,7442.9434,-58.3757,-0.0000
47.9300,7442.3596,-58.3757,-0.0000
47.9400,7441.7759,-58.3757,-0.0000
47.9500,7441.1921,-58.3757,-0.0000
47.9600,7440.6083,-58.3757,-0.0000
47.9700,7440.0246,-58.3757,-0.0000
47.9800,7439.4408,-58.3757,-0.0000
47.9900,7438.8571,-58.3757,-0.0000
48.0000,7438.2733,-58.3757,-0.0000
48.0100,7437.6896,-58.3757,-0.0000
48.0200,7437.1058,-58.3757,-0.0000
48.0300,7436.5220,-58.3757,-0.0000
48.0400,7435.9383,-58.3757,-0.0000
48.0500,7435.3545,-58.3757,-0.0000
48.0600,7434.7708,-58.3757,-0.0000
48.0700,7434.1870,-58.3757,-0.0000
48.0800,7433.6033,-58.3757,-0.0000
48.0900,7433.0195,-58.3757,-0.0000
48.1000,7432.4357,-58.3757,-0.0000
48.1100,7431.8520,-58.3757,-0.0000
48.1200,7431.2682,-58.3757,-0.0000
48.1300,7430.6845,-58.3757,-0.0000
48.1400,7430.1007,-58.3757,-0.0000
48.1500,7429.5170,-58.3757,-0.0000
48.1600,7428.9332,-58.3757,-0.0000
48.1700,7428.3494,-58.3757,-0.0000
48.1800,7427.7657,-58.3757,-0.0000
48.1900,7427.1819,-58.3757,-0.0000
48.2000,7426.5982,-58.3757,-0.0000
48.2100,7426.0144,-58.3757,-0.0000
48.2200,7425.4307,-58.3757,-0.0000
48.2300,7424.8469,-58.3757,-0.0000
48.2400,7424.2631,-58.3757,-0.0000
48.2500,7423.6794,-58.3757,-0.0000
48.2600,7423.0956,-58.3757,-0.0000
48.2700,7422.5119,-58.3757,-0.0000
48.2800,7421.9281,-58.3757,-0.0000
48.2900,7421.3443,-58.3757,-0.0000
48.3000,7420.7606,-58.3757,-0.0000
48.3100,7420.1768,-58.3757,-0.0000
48.3200,7419.5931,-58.3757,-0.0000
48.3300,7419.0093,-58.3757,-0.0000
48.3400,7418.4256,-58.3757,-0.0000
48.3500,7417.8418,-58.3757,-0.0000
48.3600,7417.2580,-58.3757,-0.0000
48.3700,7416.6743,-58.3757,-0.0000
48.3800,7416.0905,-58.3757,-0.0000
48.3900,7415.5068,-58.3757,-0.0000
48.4000,7414.9230,-58.3757,-0.0000
48.4100,7414.3393,-58.3757,-0.0000
48.4200,7413.7555,-58.3757,-0.0000
48.4300,7413.1717,-58.3757,-0.0000
48.4400,7412.5880,-58.3757,-0.0000
48.4500,7412.0042,-58.3757,-0.0000
48.4600,7411.4205,-58.3757,-0.0000
48.4700,7410.8367,-58.3757,-0.0000
48.4800,7410.2530,-58.3757,-0.0000
48.4900,7409.6692,-58.3757,-0.0000
48.5000,7409.0854,-58.3757,-0.0000
48.5100,7408.5017,-58.3757,-0.0000
48.5200,7407.9179,-58.3757,-0.0000
48.5300,7407.3342,-58.3757,-0.0000
48.5400,7406.7504,-58.3757,-0.0000
48.5500,7406.1667,-58.3757,-0.0000
48.5600,7405.5829,-58.3757,-0.0000
48.5700,7404.9991,-58.3757,-0.0000
48.5800,7404.4154,-58.3757,-0.0000
48.5900,7403.8316,-58.3757,-0.0000
48.6000,7403.2479,-58.3757,-0.0000
48.6100,7402.6641,-58.3757,-0.0000
48.6200,7402.0804,-58.3757,-0.0000
48.6300,7401.4966,-58.3757,-0.0000
48.6400,7400.9128,-58.3757,-0.0000
48.6500,7400.3291,-58.3757,-0.0000
48.6600,7399.7453,-58.3757,-0.0000
48.6700,7399.1616,-58.3757,-0.0000
48.6800,7398.5778,-58.3757,-0.0000
48.6900,7397.9941,-58.3757,-0.0000
48.7000,7397.4103,-58.3757,-0.0000
48.7100,7396.8265,-58.3757,-0.0000
48.7200,7396.2428,-58.3757,-0.0000
48.7300,7395.6590,-58.3757,-0.0000
48.7400,7395.0753,-58.3757,-0.0000
48.7500,7394.4915,-58.3757,-0.0000
48.7600,7393.9077,-58.3757,-0.0000
48.7700,7393.3240,-58.3757,-0.0000
48.7800,7392.7402,-58.3757,-0.0000
48.7900,7392.1565,-58.3757,-0.0000
48.8000,7391.5727,-58.3757,-0.0000
48.8100,7390.9890,-58.3757,-0.0000
48.8200,7390.4052,-58.3757,-0.0000
48.8300,7389.8214,-58.3757,-0.0000
48.8400,7389.2377,-58.3757,-0.0000
48.8500,7388.6539,-58.3757,-0.0000
48.8600,7388.0702,-58.3757,-0.0000
48.8700,7387.4864,-58.3757,-0.0000
48.8800,7386.9027,-58.3757,-0.0000
48.8900,7386.3189,-58.3757,-0.0000
48.9000,7385.7351,-58.3757,-0.0000
48.9100,7385.1514,-58.3757,-0.0000
48.9200,7384.5676,-58.3757,-0.0000
48.9300,7383.9839,-58.3757,-0.0000
48.9400,7383.4001,-58.3757,-0.0000
48.9500,7382.8164,-58.3757,-0.0000
48.9600,7382.2326,-58.3757,-0.0000
48.9700,7381.6488,-58.3757,-0.0000
48.9800,7381.0651,-58.3757,-0.0000
48.9900,7380.4813,-58.3757,-0.0000
49.0000,7379.8976,-58.3757,-0.0000
49.0100,7379.3138,-58.3757,-0.0000
49.0200,7378.7301,-58.3757,-0.0000
49.0300,7378.1463,-58.3757,-0.0000
49.0400,7377.5625,-58.3757,-0.0000
49.0500,7376.9788,-58.3757,-0.0000
49.0600,7376.3950,-58.3757,-0.0000
49.0700,7375.8113,-58.3757,-0.0000
49.0800,7375.2275,-58.3757,-0.0000
49.0900,7374.6438,-58.3757,-0.0000
49.1000,7374.0600,-58.3757,-0.0000
49.1100,7373.4762,-58.3757,-0.0000
49.1200,7372.8925,-58.3757,-0.0000
49.1300,7372.3087,-58.3757,-0.0000
49.1400,7371.7250,-58.3757,-0.0000
49.1500,7371.1412,-58.3757,-0.0000
49.1600,7370.5574,-58.3757,-0.0000
49.1700,7369.9737,-58.3757,-0.0000
49.1800,7369.3899,-58.3757,-0.0000
49.1900,7368.8062,-58.3757,-0.0000
49.2000,7368.2224,-58.3757,-0.0000
49.2100,7367.6387,-58.3757,-0.0000
49.2200,7367.0549,-58.3757,-0.0000
49.2300,7366.4711,-58.3757,-0.0000
49.2400,7365.8874,-58.3757,-0.0000
49.2500,7365.3036,-58.3758,-0.0000
49.2600,7364.7199,-58.3758,-0.0000
49.2700,7364.1361,-58.3758,-0.0000
49.2800,7363.5524,-58.3758,-0.0000
49.2900,7362.9686,-58.3758,-0.0000
49.3000,7362.3848,-58.3758,-0.0000
49.3100,7361.8011,-58.3758,-0.0000
49.3200,7361.2173,-58.3758,-0.0000
49.3300,7360.6336,-58.3758,-0.0000
49.3400,7360.0498,-58.3758,-0.0000
49.3500,7359.4661,-58.3758,-0.0000
49.3600,7358.8823,-58.3758,-0.0000
49.3700,7358.2985,-58.3758,-0.0000
49.3800,7357.7148,-58.3758,-0.0000
49.3900,7357.1310,-58.3758,-0.0000
49.4000,7356.5473,-58.3758,-0.0000
49.4100,7355.9635,-58.3758,-0.0000
49.4200,7355.3798,-58.3758,-0.0000
49.4300,7354.7960,-58.3758,-0.0000
49.4400,7354.2122,-58.3758,-0.0000
49.4500,7353.6285,-58.3758,-0.0000
49.4600,7353.0447,-58.3758,-0.0000
49.4700,7352.4610,-58.3758,-0.0000
49.4800,7351.8772,-58.3758,-0.0000
49.4900,7351.2935,-58.3758,-0.0000
49.5000,7350.7097,-58.3758,-0.0000
49.5100,7350.1259,-58.3758,-0.0000
49.5200,7349.5422,-58.3758,-0.0000
49.5300,7348.9584,-58.3758,-0.0000
49.5400,7348.3747,-58.3758,-0.0000
49.5500,7347.7909,-58.3758,-0.0000
49.5600,7347.2071,-58.3758,-0.0000
49.5700,7346.6234,-58.3758,-0.0000
49.5800,7346.0396,-58.3758,-0.0000
49.5900,7345.4559,-58.3758,-0.0000
49.6000,7344.8721,-58.3758,-0.0000
49.6100,7344.2884,-58.3758,-0.0000
49.6200,7343.7046,-58.3758,-0.0000
49.6300,7343.1208,-58.3758,-0.0000
49.6400,7342.5371,-58.3758,-0.0000
49.6500,7341.9533,-58.3758,-0.0000
49.6600,7341.3696,-58.3758,-0.0000
49.6700,7340.7858,-58.3758,-0.0000
49.6800,7340.2021,-58.3758,-0.0000
49.6900,7339.6183,-58.3758,-0.0000
49.7000,7339.0345,-58.3758,-0.0000
49.7100,7338.4508,-58.3758,-0.0000
49.7200,7337.8670,-58.3758,-0.0000
49.7300,7337.2833,-58.3758,-0.0000
49.7400,7336.6995,-58.3758,-0.0000
49.7500,7336.1158,-58.3758,-0.0000
49.7600,7335.5320,-58.3758,-0.0000
49.7700,7334.9482,-58.3758,-0.0000
49.7800,7334.3645,-58.3758,-0.0000
49.7900,7333.7807,-58.3758,-0.0000
49.8000,7333.1970,-58.3758,-0.0000
49.8100,7332.6132,-58.3758,-0.0000
49.8200,7332.0295,-58.3758,-0.0000
49.8300,7331.4457,-58.3758,-0.0000
49.8400,7330.8619,-58.3758,-0.0000
49.8500,7330.2782,-58.3758,-0.0000
49.8600,7329.6944,-58.3758,-0.0000
49.8700,7329.1107,-58.3758,-0.0000
49.8800,7328.5269,-58.3758,-0.0000
49.8900,7327.9432,-58.3758,-0.0000
49.9000,7327.3594,-58.3758,-0.0000
49.9100,7326.7756,-58.3758,-0.0000
49.9200,7326.1919,-58.3758,-0.0000
49.9300,7325.6081,-58.3758,-0.0000
49.9400,7325.0244,-58.3758,-0.0000
49.9500,7324.4406,-58.3758,-0.0000
49.9600,7323.8568,-58.3758,-0.0000
49.9700,7323.2731,-58.3758,-0.0000
49.9800,7322.6893,-58.3758,-0.0000
49.9900,7322.1056,-58.3758,-0.0000
50.0000,7321.5218,-58.3758,-0.0000
50.0100,7320.9381,-58.3758,-0.0000
50.0200,7320.3543,-58.3758,-0.0000
50.0300,7319.7705,-58.3758,-0.0000
50.0400,7319.1868,-58.3758,-0.0000
50.0500,7318.6030,-58.3758,-0.0000
50.0600,7318.0193,-58.3758,-0.0000
50.0700,7317.4355,-58.3758,-0.0000
50.0800,7316.8518,-58.3758,-0.0000
50.0900,7316.2680,-58.3758,-0.0000
50.1000,7315.6842,-58.3758,-0.0000
50.1100,7315.1005,-58.3758,-0.0000
50.1200,7314.5167,-58.3758,-0.0000
50.1300,7313.9330,-58.3758,-0.0000
50.1400,7313.3492,-58.3758,-0.0000
50.1500,7312.7655,-58.3758,-0.0000
50.1600,7312.1817,-58.3758,-0.0000
50.1700,7311.5979,-58.3758,-0.0000
50.1800,7311.0142,-58.3758,-0.0000
50.1900,7310.4304,-58.3758,-0.0000
50.2000,7309.8467,-58.3758,-0.0000
50.2100,7309.2629,-58.3758,-0.0000
50.2200,7308.6792,-58.3758,-0.0000
50.2300,7308.0954,-58.3758,-0.0000
50.2400,7307.5116,-58.3758,-0.0000
50.2500,7306.9279,-58.3758,-0.0000
50.2600,7306.3441,-58.3758,-0.0000
50.2700,7305.7604,-58.3758,-0.0000
50.2800,7305.1766,-58.3758,-0.0000
50.2900,7304.5928,-58.3758,-0.0000
50.3000,7304.0091,-58.3758,-0.0000
50.3100,7303.4253,-58.3758,-0.0000
50.3200,7302.8416,-58.3758,-0.0000
50.3300,7302.2578,-58.3758,-0.0000
50.3400,7301.6741,-58.3758,-0.0000
50.3500,7301.0903,-58.3758,-0.0000
50.3600,7300.5065,-58.3758,-0.0000
50.3700,7299.9228,-58.3758,-0.0000
50.3800,7299.3390,-58.3758,-0.0000
50.3900,7298.7553,-58.3758,-0.0000
50.4000,7298.1715,-58.3758,-0.0000
50.4100,7297.5878,-58.3758,-0.0000
50.4200,7297.0040,-58.3758,-0.0000
50.4300,7296.4202,-58.3758,-0.0000
50.4400,7295.8365,-58.3758,-0.0000
50.4500,7295.2527,-58.3758,-0.0000
50.4600,7294.6690,-58.3758,-0.0000
50.4700,7294.0852,-58.3758,-0.0000
50.4800,7293.5015,-58.3758,-0.0000
50.4900,7292.9177,-58.3758,-0.0000
50.5000,7292.3339,-58.3758,-0.0000
50.5100,7291.7502,-58.3758,-0.0000
50.5200,7291.1664,-58.3758,-0.0000
50.5300,7290.5827,-58.3758,-0.0000
50.5400,7289.9989,-58.3758,-0.0000
50.5500,7289.4152,-58.3758,-0.0000
50.5600,7288.8314,-58.3758,-0.0000
50.5700,7288.2476,-58.3758,-0.0000
50.5800,7287.6639,-58.3758,-0.0000
50.5900,7287.0801,-58.3758,-0.0000
50.6000,7286.4964,-58.3758,-0.0000
50.6100,7285.9126,-58.3758,-0.0000
50.6200,7285.3289,-58.3758,-0.0000
50.6300,7284.7451,-58.3758,-0.0000
50.6400,7284.1613,-58.3758,-0.0000
50.6500,7283.5776,-58.3758,-0.0000
50.6600,7282.9938,-58.3758,-0.0000
50.6700,7282.4101,-58.3758,-0.0000
50.6800,7281.8263,-58.3758,-0.0000
50.6900,7281.2425,-58.3758,-0.0000
50.7000,7280.6588,-58.3758,-0.0000
50.7100,7280.0750,-58.3758,-0.0000
50.7200,7279.4913,-58.3758,-0.0000
50.7300,7278.9075,-58.3758,-0.0000
50.7400,7278.3238,-58.3758,-0.0000
50.7500,7277.7400,-58.3758,-0.0000
50.7600,7277.1562,-58.3758,-0.0000
50.7700,7276.5725,-58.3758,-0.0000
50.7800,7275.9887,-58.3758,-0.0000
50.7900,7275.4050,-58.3758,-0.0000
50.8000,7274.8212,-58.3758,-0.0000
50.8100,7274.2375,-58.3758,-0.0000
50.8200,7273.6537,-58.3758,-0.0000
50.8300,7273.0699,-58.3758,-0.0000
50.8400,7272.4862,-58.3758,-0.0000
50.8500,7271.9024,-58.3758,-0.0000
50.8600,7271.3187,-58.3758,-0.0000
50.8700,7270.7349,-58.3758,-0.0000
50.8800,7270.1512,-58.3758,-0.0000
50.8900,7269.5674,-58.3758,-0.0000
50.9000,7268.9836,-58.3758,-0.0000
50.9100,7268.3999,-58.3758,-0.0000
50.9200,7267.8161,-58.3758,-0.0000
50.9300,7267.2324,-58.3758,-0.0000
50.9400,7266.6486,-58.3758,-0.0000
50.9500,7266.0649,-58.3758,-0.0000
50.9600,7265.4811,-58.3758,-0.0000
50.9700,7264.8973,-58.3758,-0.0000
50.9800,7264.3136,-58.3758,-0.0000
50.9900,7263.7298,-58.3758,-0.0000
51.0000,7263.1461,-58.3758,-0.0000
51.0100,7262.5623,-58.3758,-0.0000
51.0200,7261.9786,-58.3758,-0.0000
51.0300,7261.3948,-58.3758,-0.0000
51.0400,7260.8110,-58.3758,-0.0000
51.0500,7260.2273,-58.3758,-0.0000
51.0600,7259.6435,-58.3758,-0.0000
51.0700,7259.0598,-58.3758,-0.0000
51.0800,7258.4760,-58.3758,-0.0000
51.0900,7257.8922,-58.3758,-0.0000
51.1000,7257.3085,-58.3758,-0.0000
51.1100,7256.7247,-58.3758,-0.0000
51.1200,7256.1410,-58.3758,-0.0000
51.1300,7255.5572,-58.3758,-0.0000
51.1400,7254.9735,-58.3758,-0.0000
51.1500,7254.3897,-58.3758,-0.0000
51.1600,7253.8059,-58.3758,-0.0000
51.1700,7253.2222,-58.3758,-0.0000
51.1800,7252.6384,-58.3758,-0.0000
51.1900,7252.0547,-58.3758,-0.0000
51.2000,7251.4709,-58.3758,-0.0000
51.2100,7250.8872,-58.3758,-0.0000
51.2200,7250.3034,-58.3758,-0.0000
51.2300,7249.7196,-58.3758,-0.0000
51.2400,7249.1359,-58.3758,-0.0000
51.2500,7248.5521,-58.3758,-0.0000
51.2600,7247.9684,-58.3758,-0.0000
51.2700,7247.3846,-58.3758,-0.0000
51.2800,7246.8009,-58.3758,-0.0000
51.2900,7246.2171,-58.3758,-0.0000
51.3000,7245.6333,-58.3758,-0.0000
51.3100,7245.0496,-58.3758,-0.0000
51.3200,7244.4658,-58.3758,-0.0000
51.3300,7243.8821,-58.3758,-0.0000
51.3400,7243.2983,-58.3758,-0.0000
51.3500,7242.7146,-58.3758,-0.0000
51.3600,7242.1308,-58.3758,-0.0000
51.3700,7241.5470,-58.3758,-0.0000
51.3800,7240.9633,-58.3758,-0.0000
51.3900,7240.3795,-58.3758,-0.0000
51.4000,7239.7958,-58.3758,-0.0000
51.4100,7239.2120,-58.3758,-0.0000
51.4200,7238.6282,-58.3758,-0.0000
51.4300,7238.0445,-58.3758,-0.0000
51.4400,7237.4607,-58.3758,-0.0000
51.4500,7236.8770,-58.3758,-0.0000
51.4600,7236.2932,-58.3758,-0.0000
51.4700,7235.7095,-58.3758,-0.0000
51.4800,7235.1257,-58.3758,-0.0000
51.4900,7234.5419,-58.3758,-0.0000
51.5000,7233.9582,-58.3758,-0.0000
51.5100,7233.3744,-58.3758,-0.0000
51.5200,7232.7907,-58.3758,-0.0000
51.5300,7232.2069,-58.3758,-0.0000
51.5400,7231.6232,-58.3758,-0.0000
51.5500,7231.0394,-58.3758,-0.0000
51.5600,7230.4556,-58.3758,-0.0000
51.5700,7229.8719,-58.3758,-0.0000
51.5800,7229.2881,-58.3758,-0.0000
51.5900,7228.7044,-58.3758,-0.0000
51.6000,7228.1206,-58.3758,-0.0000
51.6100,7227.5369,-58.3758,-0.0000
51.6200,7226.9531,-58.3758,-0.0000
51.6300,7226.3693,-58.3758,-0.0000
51.6400,7225.7856,-58.3758,-0.0000
51.6500,7225.2018,-58.3758,-0.0000
51.6600,7224.6181,-58.3758,-0.0000
51.6700,7224.0343,-58.3758,-0.0000
51.6800,7223.4506,-58.3758,-0.0000
51.6900,7222.8668,-58.3758,-0.0000
51.7000,7222.2830,-58.3758,-0.0000
51.7100,7221.6993,-58.3758,-0.0000
51.7200,7221.1155,-58.3758,-0.0000
51.7300,7220.5318,-58.3758,-0.0000
51.7400,7219.9480,-58.3758,-0.0000
51.7500,7219.3643,-58.3758,-0.0000
51.7600,7218.7805,-58.3758,-0.0000
51.7700,7218.1967,-58.3758,-0.0000
51.7800,7217.6130,-58.3758,-0.0000
51.7900,7217.0292,-58.3758,-0.0000
51.8000,7216.4455,-58.3758,-0.0000
51.8100,7215.8617,-58.3758,-0.0000
51.8200,7215.2779,-58.3758,-0.0000
51.8300,7214.6942,-58.3758,-0.0000
51.8400,7214.1104,-58.3758,-0.0000
51.8500,7213.5267,-58.3758,-0.0000
51.8600,7212.9429,-58.3758,-0.0000
51.8700,7212.3592,-58.3758,-0.0000
51.8800,7211.7754,-58.3758,-0.0000
51.8900,7211.1916,-58.3758,-0.0000
51.9000,7210.6079,-58.3758,-0.0000
51.9100,7210.0241,-58.3758,-0.0000
51.9200,7209.4404,-58.3758,-0.0000
51.9300,7208.8566,-58.3758,-0.0000
51.9400,7208.2729,-58.3758,-0.0000
51.9500,7207.6891,-58.3758,-0.0000
51.9600,7207.1053,-58.3758,-0.0000
51.9700,7206.5216,-58.3758,-0.0000
51.9800,7205.9378,-58.3758,-0.0000
51.9900,7205.3541,-58.3758,-0.0000
52.0000,7204.7703,-58.3758,-0.0000
52.0100,7204.1866,-58.3758,-0.0000
52.0200,7203.6028,-58.3758,-0.0000
52.0300,7203.0190,-58.3758,-0.0000
52.0400,7202.4353,-58.3758,-0.0000
52.0500,7201.8515,-58.3758,-0.0000
52.0600,7201.2678,-58.3758,-0.0000
52.0700,7200.6840,-58.3758,-0.0000
52.0800,7200.1003,-58.3758,-0.0000
52.0900,7199.5165,-58.3758,-0.0000
52.1000,7198.9327,-58.3758,-0.0000
52.1100,7198.3490,-58.3758,-0.0000
52.1200,7197.7652,-58.3758,-0.0000
52.1300,7197.1815,-58.3758,-0.0000
52.1400,7196.5977,-58.3758,-0.0000
52.1500,7196.0139,-58.3758,-0.0000
52.1600,7195.4302,-58.3758,-0.0000
52.1700,7194.8464,-58.3758,-0.0000
52.1800,7194.2627,-58.3758,-0.0000
52.1900,7193.6789,-58.3758,-0.0000
52.2000,7193.0952,-58.3758,-0.0000
52.2100,7192.5114,-58.3758,-0.0000
52.2200,7191.9276,-58.3758,-0.0000
52.2300,7191.3439,-58.3758,-0.0000
52.2400,7190.7601,-58.3758,-0.0000
52.2500,7190.1764,-58.3758,-0.0000
52.2600,7189.5926,-58.3758,-0.0000
52.2700,7189.0089,-58.3758,-0.0000
52.2800,7188.4251,-58.3758,-0.0000
52.2900,7187.8413,-58.3758,-0.0000
52.3000,7187.2576,-58.3758,-0.0000
52.3100,7186.6738,-58.3758,-0.0000
52.3200,7186.0901,-58.3758,-0.0000
52.3300,7185.5063,-58.3758,-0.0000
52.3400,7184.9226,-58.3758,-0.0000
52.3500,7184.3388,-58.3758,-0.0000
52.3600,7183.7550,-58.3758,-0.0000
52.3700,7183.1713,-58.3758,-0.0000
52.3800,7182.5875,-58.3758,-0.0000
52.3900,7182.0038,-58.3758,-0.0000
52.4000,7181.4200,-58.3758,-0.0000
52.4100,7180.8363,-58.3758,-0.0000
52.4200,7180.2525,-58.3758,-0.0000
52.4300,7179.6687,-58.3758,-0.0000
52.4400,7179.0850,-58.3758,-0.0000
52.4500,7178.5012,-58.3758,-0.0000
52.4600,7177.9175,-58.3758,-0.0000
52.4700,7177.3337,-58.3758,-0.0000
52.4800,7176.7499,-58.3758,-0.0000
52.4900,7176.1662,-58.3758,-0.0000
52.5000,7175.5824,-58.3758,-0.0000
52.5100,7174.9987,-58.3758,-0.0000
52.5200,7174.4149,-58.3758,-0.0000
52.5300,7173.8312,-58.3758,-0.0000
52.5400,7173.2474,-58.3758,-0.0000
52.5500,7172.6636,-58.3758,-0.0000
52.5600,7172.0799,-58.3758,-0.0000
52.5700,7171.4961,-58.3758,-0.0000
52.5800,7170.9124,-58.3758,-0.0000
52.5900,7170.3286,-58.3758,-0.0000
52.6000,7169.7449,-58.3758,-0.0000
52.6100,7169.1611,-58.3758,-0.0000
52.6200,7168.5773,-58.3758,-0.0000
52.6300,7167.9936,-58.3758,-0.0000
52.6400,7167.4098,-58.3758,-0.0000
52.6500,7166.8261,-58.3758,-0.0000
52.6600,7166.2423,-58.3758,-0.0000
52.6700,7165.6586,-58.3758,-0.0000
52.6800,7165.0748,-58.3758,-0.0000
52.6900,7164.4910,-58.3758,-0.0000
52.7000,7163.9073,-58.3758,-0.0000
52.7100,7163.3235,-58.3758,-0.0000
52.7200,7162.7398,-58.3758,-0.0000
52.7300,7162.1560,-58.3758,-0.0000
52.7400,7161.5723,-58.3758,-0.0000
52.7500,7160.9885,-58.3758,-0.0000
52.7600,7160.4047,-58.3758,-0.0000
52.7700,7159.8210,-58.3758,-0.0000
52.7800,7159.2372,-58.3758,-0.0000
52.7900,7158.6535,-58.3758,-0.0000
52.8000,7158.0697,-58.3758,-0.0000
52.8100,7157.4860,-58.3758,-0.0000
52.8200,7156.9022,-58.3758,-0.0000
52.8300,7156.3184,-58.3758,-0.0000
52.8400,7155.7347,-58.3758,-0.0000
52.8500,7155.1509,-58.3758,-0.0000
52.8600,7154.5672,-58.3758,-0.0000
52.8700,7153.9834,-58.3758,-0.0000
52.8800,7153.3996,-58.3758,-0.0000
52.8900,7152.8159,-58.3758,-0.0000
52.9000,7152.2321,-58.3758,-0.0000
52.9100,7151.6484,-58.3758,-0.0000
52.9200,7151.0646,-58.3758,-0.0000
52.9300,7150.4809,-58.3758,-0.0000
52.9400,7149.8971,-58.3758,-0.0000
52.9500,7149.3133,-58.3758,-0.0000
52.9600,7148.7296,-58.3758,-0.0000
52.9700,7148.1458,-58.3758,-0.0000
52.9800,7147.5621,-58.3758,-0.0000
52.9900,7146.9783,-58.3758,-0.0000
53.0000,7146.3946,-58.3758,-0.0000
53.0100,7145.8108,-58.3758,-0.0000
53.0200,7145.2270,-58.3758,-0.0000
53.0300,7144.6433,-58.3758,-0.0000
53.0400,7144.0595,-58.3758,-0.0000
53.0500,7143.4758,-58.3758,-0.0000
53.0600,7142.8920,-58.3758,-0.0000
53.0700,7142.3083,-58.3758,-0.0000
53.0800,7141.7245,-58.3758,-0.0000
53.0900,7141.1407,-58.3758,-0.0000
53.1000,7140.5570,-58.3758,-0.0000
53.1100,7139.9732,-58.3758,-0.0000
53.1200,7139.3895,-58.3758,-0.0000
53.1300,7138.8057,-58.3758,-0.0000
53.1400,7138.2220,-58.3758,-0.0000
53.1500,7137.6382,-58.3758,-0.0000
53.1600,7137.0544,-58.3758,-0.0000
53.1700,7136.4707,-58.3758,-0.0000
53.1800,7135.8869,-58.3758,-0.0000
53.1900,7135.3032,-58.3758,-0.0000
53.2000,7134.7194,-58.3758,-0.0000
53.2100,7134.1356,-58.3758,-0.0000
53.2200,7133.5519,-58.3758,-0.0000
53.2300,7132.9681,-58.3758,-0.0000
53.2400,7132.3844,-58.3758,-0.0000
53.2500,7131.8006,-58.3758,-0.0000
53.2600,7131.2169,-58.3758,-0.0000
53.2700,7130.6331,-58.3758,-0.0000
53.2800,7130.0493,-58.3758,-0.0000
53.2900,7129.4656,-58.3758,-0.0000
53.3000,7128.8818,-58.3758,-0.0000
53.3100,7128.2981,-58.3758,-0.0000
53.3200,7127.7143,-58.3758,-0.0000
53.3300,7127.1306,-58.3758,-0.0000
53.3400,7126.5468,-58.3758,-0.0000
53.3500,7125.9630,-58.3758,-0.0000
53.3600,7125.3793,-58.3758,-0.0000
53.3700,7124.7955,-58.3758,-0.0000
53.3800,7124.2118,-58.3758,-0.0000
53.3900,7123.6280,-58.3758,-0.0000
53.4000,7123.0443,-58.3758,-0.0000
53.4100,7122.4605,-58.3758,-0.0000
53.4200,7121.8767,-58.3758,-0.0000
53.4300,7121.2930,-58.3758,-0.0000
53.4400,7120.7092,-58.3758,-0.0000
53.4500,7120.1255,-58.3758,-0.0000
53.4600,7119.5417,-58.3758,-0.0000
53.4700,7118.9580,-58.3758,-0.0000
53.4800,7118.3742,-58.3758,-0.0000
53.4900,7117.7904,-58.3758,-0.0000
53.5000,7117.2067,-58.3758,-0.0000
53.5100,7116.6229,-58.3758,-0.0000
53.5200,7116.0392,-58.3758,-0.0000
53.5300,7115.4554,-58.3758,-0.0000
53.5400,7114.8716,-58.3758,-0.0000
53.5500,7114.2879,-58.3758,-0.0000
53.5600,7113.7041,-58.3758,-0.0000
53.5700,7113.1204,-58.3758,-0.0000
53.5800,7112.5366,-58.3758,-0.0000
53.5900,7111.9529,-58.3758,-0.0000
53.6000,7111.3691,-58.3758,-0.0000
53.6100,7110.7853,-58.3758,-0.0000
53.6200,7110.2016,-58.3758,-0.0000
53.6300,7109.6178,-58.3758,-0.0000
53.6400,7109.0341,-58.3758,-0.0000
53.6500,7108.4503,-58.3758,-0.0000
53.6600,7107.8666,-58.3758,-0.0000
53.6700,7107.2828,-58.3758,-0.0000
53.6800,7106.6990,-58.3758,-0.0000
53.6900,7106.1153,-58.3758,-0.0000
53.7000,7105.5315,-58.3758,-0.0000
53.7100,7104.9478,-58.3758,-0.0000
53.7200,7104.3640,-58.3758,-0.0000
53.7300,7103.7803,-58.3758,-0.0000
53.7400,7103.1965,-58.3758,-0.0000
53.7500,7102.6127,-58.3758,-0.0000
53.7600,7102.0290,-58.3758,-0.0000
53.7700,7101.4452,-58.3758,-0.0000
53.7800,7100.8615,-58.3758,-0.0000
53.7900,7100.2777,-58.3758,-0.0000
53.8000,7099.6940,-58.3758,-0.0000
53.8100,7099.1102,-58.3758,-0.0000
53.8200,7098.5264,-58.3758,-0.0000
53.8300,7097.9427,-58.3758,-0.0000
53.8400,7097.3589,-58.3758,-0.0000
53.8500,7096.7752,-58.3758,-0.0000
53.8600,7096.1914,-58.3758,-0.0000
53.8700,7095.6076,-58.3758,-0.0000
53.8800,7095.0239,-58.3758,-0.0000
53.8900,7094.4401,-58.3758,-0.0000
53.9000,7093.8564,-58.3758,-0.0000
53.9100,7093.2726,-58.3758,-0.0000
53.9200,7092.6889,-58.3758,-0.0000
53.9300,7092.1051,-58.3758,-0.0000
53.9400,7091.5213,-58.3758,-0.0000
53.9500,7090.9376,-58.3758,-0.0000
53.9600,7090.3538,-58.3758,-0.0000
53.9700,7089.7701,-58.3758,-0.0000
53.9800,7089.1863,-58.3758,-0.0000
53.9900,7088.6026,-58.3758,-0.0000
54.0000,7088.0188,-58.3758,-0.0000
54.0100,7087.4350,-58.3758,-0.0000
54.0200,7086.8513,-58.3758,-0.0000
54.0300,7086.2675,-58.3758,-0.0000
54.0400,7085.6838,-58.3758,-0.0000
54.0500,7085.1000,-58.3758,-0.0000
54.0600,7084.5163,-58.3758,-0.0000
54.0700,7083.9325,-58.3758,-0.0000
54.0800,7083.3487,-58.3758,-0.0000
54.0900,7082.7650,-58.3758,-0.0000
54.1000,7082.1812,-58.3758,-0.0000
54.1100,7081.5975,-58.3758,-0.0000
54.1200,7081.0137,-58.3758,-0.0000
54.1300,7080.4300,-58.3758,-0.0000
54.1400,7079.8462,-58.3758,-0.0000
54.1500,7079.2624,-58.3758,-0.0000
54.1600,7078.6787,-58.3758,-0.0000
54.1700,7078.0949,-58.3758,-0.0000
54.1800,7077.5112,-58.3758,-0.0000
54.1900,7076.9274,-58.3758,-0.0000
54.2000,7076.3436,-58.3758,-0.0000
54.2100,7075.7599,-58.3758,-0.0000
54.2200,7075.1761,-58.3758,-0.0000
54.2300,7074.5924,-58.3758,-0.0000
54.2400,7074.0086,-58.3758,-0.0000
54.2500,7073.4249,-58.3758,-0.0000
54.2600,7072.8411,-58.3758,-0.0000
54.2700,7072.2573,-58.3758,-0.0000
54.2800,7071.6736,-58.3758,-0.0000
54.2900,7071.0898,-58.3758,-0.0000
54.3000,7070.5061,-58.3758,-0.0000
54.3100,7069.9223,-58.3758,-0.0000
54.3200,7069.3386,-58.3758,-0.0000
54.3300,7068.7548,-58.3758,-0.0000
54.3400,7068.1710,-58.3758,-0.0000
54.3500,7067.5873,-58.3758,-0.0000
54.3600,7067.0035,-58.3758,-0.0000
54.3700,7066.4198,-58.3758,-0.0000
54.3800,7065.8360,-58.3758,-0.0000
54.3900,7065.2523,-58.3758,-0.0000
54.4000,7064.6685,-58.3758,-0.0000
54.4100,7064.0847,-58.3758,-0.0000
54.4200,7063.5010,-58.3758,-0.0000
54.4300,7062.9172,-58.3758,-0.0000
54.4400,7062.3335,-58.3758,-0.0000
54.4500,7061.7497,-58.3758,-0.0000
54.4600,7061.1660,-58.3758,-0.0000
54.4700,7060.5822,-58.3758,-0.0000
54.4800,7059.9984,-58.3758,-0.0000
54.4900,7059.4147,-58.3758,-0.0000
54.5000,7058.8309,-58.3758,-0.0000
54.5100,7058.2472,-58.3758,-0.0000
54.5200,7057.6634,-58.3758,-0.0000
54.5300,7057.0797,-58.3758,-0.0000
54.5400,7056.4959,-58.3758,-0.0000
54.5500,7055.9121,-58.3758,-0.0000
54.5600,7055.3284,-58.3758,-0.0000
54.5700,7054.7446,-58.3758,-0.0000
54.5800,7054.1609,-58.3758,-0.0000
54.5900,7053.5771,-58.3758,-0.0000
54.6000,7052.9933,-58.3758,-0.0000
54.6100,7052.4096,-58.3758,-0.0000
54.6200,7051.8258,-58.3758,-0.0000
54.6300,7051.2421,-58.3758,-0.0000
54.6400,7050.6583,-58.3758,-0.0000
54.6500,7050.0746,-58.3758,-0.0000
54.6600,7049.4908,-58.3758,-0.0000
54.6700,7048.9070,-58.3758,-0.0000
54.6800,7048.3233,-58.3758,-0.0000
54.6900,7047.7395,-58.3758,-0.0000
54.7000,7047.1558,-58.3758,-0.0000
54.7100,7046.5720,-58.3758,-0.0000
54.7200,7045.9883,-58.3758,-0.0000
54.7300,7045.4045,-58.3758,-0.0000
54.7400,7044.8207,-58.3758,-0.0000
54.7500,7044.2370,-58.3758,-0.0000
54.7600,7043.6532,-58.3758,-0.0000
54.7700,7043.0695,-58.3758,-0.0000
54.7800,7042.4857,-58.3758,-0.0000
54.7900,7041.9020,-58.3758,-0.0000
54.8000,7041.3182,-58.3758,-0.0000
54.8100,7040.7344,-58.3758,-0.0000
54.8200,7040.1507,-58.3758,-0.0000
54.8300,7039.5669,-58.3758,-0.0000
54.8400,7038.9832,-58.3758,-0.0000
54.8500,7038.3994,-58.3758,-0.0000
54.8600,7037.8157,-58.3758,-0.0000
54.8700,7037.2319,-58.3758,-0.0000
54.8800,7036.6481,-58.3758,-0.0000
54.8900,7036.0644,-58.3758,-0.0000
54.9000,7035.4806,-58.3758,-0.0000
54.9100,7034.8969,-58.3758,-0.0000
54.9200,7034.3131,-58.3758,-0.0000
54.9300,7033.7293,-58.3758,-0.0000
54.9400,7033.1456,-58.3758,-0.0000
54.9500,7032.5618,-58.3758,-0.0000
54.9600,7031.9781,-58.3758,-0.0000
54.9700,7031.3943,-58.3758,-0.0000
54.9800,7030.8106,-58.3758,-0.0000
54.9900,7030.2268,-58.3758,-0.0000
55.0000,7029.6430,-58.3758,-0.0000
55.0100,7029.0593,-58.3758,-0.0000
55.0200,7028.4755,-58.3758,-0.0000
55.0300,7027.8918,-58.3758,-0.0000
55.0400,7027.3080,-58.3758,-0.0000
55.0500,7026.7243,-58.3758,-0.0000
55.0600,7026.1405,-58.3758,-0.0000
55.0700,7025.5567,-58.3758,-0.0000
55.0800,7024.9730,-58.3758,-0.0000
55.0900,7024.3892,-58.3758,-0.0000
55.1000,7023.8055,-58.3758,-0.0000
55.1100,7023.2217,-58.3758,-0.0000
55.1200,7022.6380,-58.3758,-0.0000
55.1300,7022.0542,-58.3758,-0.0000
55.1400,7021.4704,-58.3758,-0.0000
55.1500,7020.8867,-58.3758,-0.0000
55.1600,7020.3029,-58.3758,-0.0000
55.1700,7019.7192,-58.3758,-0.0000
55.1800,7019.1354,-58.3758,-0.0000
55.1900,7018.5517,-58.3758,-0.0000
55.2000,7017.9679,-58.3758,-0.0000
55.2100,7017.3841,-58.3758,-0.0000
55.2200,7016.8004,-58.3758,-0.0000
55.2300,7016.2166,-58.3758,-0.0000
55.2400,7015.6329,-58.3758,-0.0000
55.2500,7015.0491,-58.3758,-0.0000
55.2600,7014.4653,-58.3758,-0.0000
55.2700,7013.8816,-58.3758,-0.0000
55.2800,7013.2978,-58.3758,-0.0000
55.2900,7012.7141,-58.3758,-0.0000
55.3000,7012.1303,-58.3758,-0.0000
55.3100,7011.5466,-58.3758,-0.0000
55.3200,7010.9628,-58.3758,-0.0000
55.3300,7010.3790,-58.3758,-0.0000
55.3400,7009.7953,-58.3758,-0.0000
55.3500,7009.2115,-58.3758,-0.0000
55.3600,7008.6278,-58.3758,-0.0000
55.3700,7008.0440,-58.3758,-0.0000
55.3800,7007.4603,-58.3758,-0.0000
55.3900,7006.8765,-58.3758,-0.0000
55.4000,7006.2927,-58.3758,-0.0000
55.4100,7005.7090,-58.3758,-0.0000
55.4200,7005.1252,-58.3758,-0.0000
55.4300,7004.5415,-58.3758,-0.0000
55.4400,7003.9577,-58.3758,-0.0000
55.4500,7003.3740,-58.3758,-0.0000
55.4600,7002.7902,-58.3758,-0.0000
55.4700,7002.2064,-58.3758,-0.0000
55.4800,7001.6227,-58.3758,-0.0000
55.4900,7001.0389,-58.3758,-0.0000
55.5000,7000.4552,-58.3758,-0.0000
55.5100,6999.8714,-58.3758,-0.0000
55.5200,6999.2877,-58.3758,-0.0000
55.5300,6998.7039,-58.3758,-0.0000
55.5400,6998.1201,-58.3758,-0.0000
55.5500,6997.5364,-58.3758,-0.0000
55.5600,6996.9526,-58.3758,-0.0000
55.5700,6996.3689,-58.3758,-0.0000
55.5800,6995.7851,-58.3758,-0.0000
55.5900,6995.2013,-58.3758,-0.0000
55.6000,6994.6176,-58.3758,-0.0000
55.6100,6994.0338,-58.3758,-0.0000
55.6200,6993.4501,-58.3758,-0.0000
55.6300,6992.8663,-58.3758,-0.0000
55.6400,6992.2826,-58.3758,-0.0000
55.6500,6991.6988,-58.3758,-0.0000
55.6600,6991.1150,-58.3758,-0.0000
55.6700,6990.5313,-58.3758,-0.0000
55.6800,6989.9475,-58.3758,-0.0000
55.6900,6989.3638,-58.3758,-0.0000
55.7000,6988.7800,-58.3758,-0.0000
55.7100,6988.1963,-58.3758,-0.0000
55.7200,6987.6125,-58.3758,-0.0000
55.7300,6987.0287,-58.3758,-0.0000
55.7400,6986.4450,-58.3758,-0.0000
55.7500,6985.8612,-58.3758,-0.0000
55.7600,6985.2775,-58.3758,-0.0000
55.7700,6984.6937,-58.3758,-0.0000
55.7800,6984.1100,-58.3758,-0.0000
55.7900,6983.5262,-58.3758,-0.0000
55.8000,6982.9424,-58.3758,-0.0000
55.8100,6982.3587,-58.3758,-0.0000
55.8200,6981.7749,-58.3758,-0.0000
55.8300,6981.1912,-58.3758,-0.0000
55.8400,6980.6074,-58.3758,-0.0000
55.8500,6980.0237,-58.3758,-0.0000
55.8600,6979.4399,-58.3758,-0.0000
55.8700,6978.8561,-58.3758,-0.0000
55.8800,6978.2724,-58.3758,-0.0000
55.8900,6977.6886,-58.3758,-0.0000
55.9000,6977.1049,-58.3758,-0.0000
55.9100,6976.5211,-58.3758,-0.0000
55.9200,6975.9373,-58.3758,-0.0000
55.9300,6975.3536,-58.3758,-0.0000
55.9400,6974.7698,-58.3758,-0.0000
55.9500,6974.1861,-58.3758,-0.0000
55.9600,6973.6023,-58.3758,-0.0000
55.9700,6973.0186,-58.3758,-0.0000
55.9800,6972.4348,-58.3758,-0.0000
55.9900,6971.8510,-58.3758,-0.0000
56.0000,6971.2673,-58.3758,-0.0000
56.0100,6970.6835,-58.3758,-0.0000
56.0200,6970.0998,-58.3758,-0.0000
56.0300,6969.5160,-58.3758,-0.0000
56.0400,6968.9323,-58.3758,-0.0000
56.0500,6968.3485,-58.3758,-0.0000
56.0600,6967.7647,-58.3758,-0.0000
56.0700,6967.1810,-58.3758,-0.0000
56.0800,6966.5972,-58.3758,-0.0000
56.0900,6966.0135,-58.3758,-0.0000
56.1000,6965.4297,-58.3758,-0.0000
56.1100,6964.8460,-58.3758,-0.0000
56.1200,6964.2622,-58.3758,-0.0000
56.1300,6963.6784,-58.3758,-0.0000
56.1400,6963.0947,-58.3758,-0.0000
56.1500,6962.5109,-58.3758,-0.0000
56.1600,6961.9272,-58.3758,-0.0000
56.1700,6961.3434,-58.3758,-0.0000
56.1800,6960.7597,-58.3758,-0.0000
56.1900,6960.1759,-58.3758,-0.0000
56.2000,6959.5921,-58.3758,-0.0000
56.2100,6959.0084,-58.3758,-0.0000
56.2200,6958.4246,-58.3758,-0.0000
56.2300,6957.8409,-58.3758,-0.0000
56.2400,6957.2571,-58.3758,-0.0000
56.2500,6956.6733,-58.3758,-0.0000
56.2600,6956.0896,-58.3758,-0.0000
56.2700,6955.5058,-58.3758,-0.0000
56.2800,6954.9221,-58.3758,-0.0000
56.2900,6954.3383,-58.3758,-0.0000
56.3000,6953.7546,-58.3758,-0.0000
56.3100,6953.1708,-58.3758,-0.0000
56.3200,6952.5870,-58.3758,-0.0000
56.3300,6952.0033,-58.3758,-0.0000
56.3400,6951.4195,-58.3758,-0.0000
56.3500,6950.8358,-58.3758,-0.0000
56.3600,6950.2520,-58.3758,-0.0000
56.3700,6949.6683,-58.3758,-0.0000
56.3800,6949.0845,-58.3758,-0.0000
56.3900,6948.5007,-58.3758,-0.0000
56.4000,6947.9170,-58.3758,-0.0000
56.4100,6947.3332,-58.3758,-0.0000
56.4200,6946.7495,-58.3758,-0.0000
56.4300,6946.1657,-58.3758,-0.0000
56.4400,6945.5820,-58.3758,-0.0000
56.4500,6944.9982,-58.3758,-0.0000
56.4600,6944.4144,-58.3758,-0.0000
56.4700,6943.8307,-58.3758,-0.0000
56.4800,6943.2469,-58.3758,-0.0000
56.4900,6942.6632,-58.3758,-0.0000
56.5000,6942.0794,-58.3758,-0.0000
56.5100,6941.4957,-58.3758,-0.0000
56.5200,6940.9119,-58.3758,-0.0000
56.5300,6940.3281,-58.3758,-0.0000
56.5400,6939.7444,-58.3758,-0.0000
56.5500,6939.1606,-58.3758,-0.0000
56.5600,6938.5769,-58.3758,-0.0000
56.5700,6937.9931,-58.3758,-0.0000
56.5800,6937.4093,-58.3758,-0.0000
56.5900,6936.8256,-58.3758,-0.0000
56.6000,6936.2418,-58.3758,-0.0000
56.6100,6935.6581,-58.3758,-0.0000
56.6200,6935.0743,-58.3758,-0.0000
56.6300,6934.4906,-58.3758,-0.0000
56.6400,6933.9068,-58.3758,-0.0000
56.6500,6933.3230,-58.3758,-0.0000
56.6600,6932.7393,-58.3758,-0.0000
56.6700,6932.1555,-58.3758,-0.0000
56.6800,6931.5718,-58.3758,-0.0000
56.6900,6930.9880,-58.3758,-0.0000
56.7000,6930.4043,-58.3758,-0.0000
56.7100,6929.8205,-58.3758,-0.0000
56.7200,6929.2367,-58.3758,-0.0000
56.7300,6928.6530,-58.3758,-0.0000
56.7400,6928.0692,-58.3758,-0.0000
56.7500,6927.4855,-58.3758,-0.0000
56.7600,6926.9017,-58.3758,-0.0000
56.7700,6926.3180,-58.3758,-0.0000
56.7800,6925.7342,-58.3758,-0.0000
56.7900,6925.1504,-58.3758,-0.0000
56.8000,6924.5667,-58.3758,-0.0000
56.8100,6923.9829,-58.3758,-0.0000
56.8200,6923.3992,-58.3758,-0.0000
56.8300,6922.8154,-58.3758,-0.0000
56.8400,6922.2317,-58.3758,-0.0000
56.8500,6921.6479,-58.3758,-0.0000
56.8600,6921.0641,-58.3758,-0.0000
56.8700,6920.4804,-58.3758,-0.0000
56.8800,6919.8966,-58.3758,-0.0000
56.8900,6919.3129,-58.3758,-0.0000
56.9000,6918.7291,-58.3758,-0.0000
56.9100,6918.1453,-58.3758,-0.0000
56.9200,6917.5616,-58.3758,-0.0000
56.9300,6916.9778,-58.3758,-0.0000
56.9400,6916.3941,-58.3758,-0.0000
56.9500,6915.8103,-58.3758,-0.0000
56.9600,6915.2266,-58.3758,-0.0000
56.9700,6914.6428,-58.3758,-0.0000
56.9800,6914.0590,-58.3758,-0.0000
56.9900,6913.4753,-58.3758,-0.0000
57.0000,6912.8915,-58.3758,-0.0000
57.0100,6912.3078,-58.3758,-0.0000
57.0200,6911.7240,-58.3758,-0.0000
57.0300,6911.1403,-58.3758,-0.0000
57.0400,6910.5565,-58.3758,-0.0000
57.0500,6909.9727,-58.3758,-0.0000
57.0600,6909.3890,-58.3758,-0.0000
57.0700,6908.8052,-58.3758,-0.0000
57.0800,6908.2215,-58.3758,-0.0000
57.0900,6907.6377,-58.3758,-0.0000
57.1000,6907.0540,-58.3758,-0.0000
57.1100,6906.4702,-58.3758,-0.0000
57.1200,6905.8864,-58.3758,-0.0000
57.1300,6905.3027,-58.3758,-0.0000
57.1400,6904.7189,-58.3758,-0.0000
57.1500,6904.1352,-58.3758,-0.0000
57.1600,6903.5514,-58.3758,-0.0000
57.1700,6902.9677,-58.3758,-0.0000
57.1800,6902.3839,-58.3758,-0.0000
57.1900,6901.8001,-58.3758,-0.0000
57.2000,6901.2164,-58.3758,-0.0000
57.2100,6900.6326,-58.3758,-0.0000
57.2200,6900.0489,-58.3758,-0.0000
57.2300,6899.4651,-58.3758,-0.0000
57.2400,6898.8814,-58.3758,-0.0000
57.2500,6898.2976,-58.3758,-0.0000
57.2600,6897.7138,-58.3758,-0.0000
57.2700,6897.1301,-58.3758,-0.0000
57.2800,6896.5463,-58.3758,-0.0000
57.2900,6895.9626,-58.3758,-0.0000
57.3000,6895.3788,-58.3758,-0.0000
57.3100,6894.7950,-58.3758,-0.0000
57.3200,6894.2113,-58.3758,-0.0000
57.3300,6893.6275,-58.3758,-0.0000
57.3400,6893.0438,-58.3758,-0.0000
57.3500,6892.4600,-58.3758,-0.0000
57.3600,6891.8763,-58.3758,-0.0000
57.3700,6891.2925,-58.3758,-0.0000
57.3800,6890.7087,-58.3758,-0.0000
57.3900,6890.1250,-58.3758,-0.0000
57.4000,6889.5412,-58.3758,-0.0000
57.4100,6888.9575,-58.3758,-0.0000
57.4200,6888.3737,-58.3758,-0.0000
57.4300,6887.7900,-58.3758,-0.0000
57.4400,6887.2062,-58.3758,-0.0000
57.4500,6886.6224,-58.3758,-0.0000
57.4600,6886.0387,-58.3758,-0.0000
57.4700,6885.4549,-58.3758,-0.0000
57.4800,6884.8712,-58.3758,-0.0000
57.4900,6884.2874,-58.3758,-0.0000
57.5000,6883.7037,-58.3758,-0.0000
57.5100,6883.1199,-58.3758,-0.0000
57.5200,6882.5361,-58.3758,-0.0000
57.5300,6881.9524,-58.3758,-0.0000
57.5400,6881.3686,-58.3758,-0.0000
57.5500,6880.7849,-58.3758,-0.0000
57.5600,6880.2011,-58.3758,-0.0000
57.5700,6879.6174,-58.3758,-0.0000
57.5800,6879.0336,-58.3758,-0.0000
57.5900,6878.4498,-58.3758,-0.0000
57.6000,6877.8661,-58.3758,-0.0000
57.6100,6877.2823,-58.3758,-0.0000
57.6200,6876.6986,-58.3758,-0.0000
57.6300,6876.1148,-58.3758,-0.0000
57.6400,6875.5310,-58.3758,-0.0000
57.6500,6874.9473,-58.3758,-0.0000
57.6600,6874.3635,-58.3758,-0.0000
57.6700,6873.7798,-58.3758,-0.0000
57.6800,6873.1960,-58.3758,-0.0000
57.6900,6872.6123,-58.3758,-0.0000
57.7000,6872.0285,-58.3758,-0.0000
57.7100,6871.4447,-58.3758,-0.0000
57.7200,6870.8610,-58.3758,-0.0000
57.7300,6870.2772,-58.3758,-0.0000
57.7400,6869.6935,-58.3758,-0.0000
57.7500,6869.1097,-58.3758,-0.0000
57.7600,6868.5260,-58.3758,-0.0000
57.7700,6867.9422,-58.3758,-0.0000
57.7800,6867.3584,-58.3758,-0.0000
57.7900,6866.7747,-58.3758,-0.0000
57.8000,6866.1909,-58.3758,-0.0000
57.8100,6865.6072,-58.3758,-0.0000
57.8200,6865.0234,-58.3758,-0.0000
57.8300,6864.4397,-58.3758,-0.0000
57.8400,6863.8559,-58.3758,-0.0000
57.8500,6863.2721,-58.3758,-0.0000
57.8600,6862.6884,-58.3758,-0.0000
57.8700,6862.1046,-58.3758,-0.0000
57.8800,6861.5209,-58.3758,-0.0000
57.8900,6860.9371,-58.3758,-0.0000
57.9000,6860.3534,-58.3758,-0.0000
57.9100,6859.7696,-58.3758,-0.0000
57.9200,6859.1858,-58.3758,-0.0000
57.9300,6858.6021,-58.3758,-0.0000
57.9400,6858.0183,-58.3758,-0.0000
57.9500,6857.4346,-58.3758,-0.0000
57.9600,6856.8508,-58.3758,-0.0000
57.9700,6856.2670,-58.3758,-0.0000
57.9800,6855.6833,-58.3758,-0.0000
57.9900,6855.0995,-58.3758,-0.0000
58.0000,6854.5158,-58.3758,-0.0000
58.0100,6853.9320,-58.3758,-0.0000
58.0200,6853.3483,-58.3758,-0.0000
58.0300,6852.7645,-58.3758,-0.0000
58.0400,6852.1807,-58.3758,-0.0000
58.0500,6851.5970,-58.3758,-0.0000
58.0600,6851.0132,-58.3758,-0.0000
58.0700,6850.4295,-58.3758,-0.0000
58.0800,6849.8457,-58.3758,-0.0000
58.0900,6849.2620,-58.3758,-0.0000
58.1000,6848.6782,-58.3758,-0.0000
58.1100,6848.0944,-58.3758,-0.0000
58.1200,6847.5107,-58.3758,-0.0000
58.1300,6846.9269,-58.3758,-0.0000
58.1400,6846.3432,-58.3758,-0.0000
58.1500,6845.7594,-58.3758,-0.0000
58.1600,6845.1757,-58.3758,-0.0000
58.1700,6844.5919,-58.3758,-0.0000
58.1800,6844.0081,-58.3758,-0.0000
58.1900,6843.4244,-58.3758,-0.0000
58.2000,6842.8406,-58.3758,-0.0000
58.2100,6842.2569,-58.3758,-0.0000
58.2200,6841.6731,-58.3758,-0.0000
58.2300,6841.0894,-58.3758,-0.0000
58.2400,6840.5056,-58.3758,-0.0000
58.2500,6839.9218,-58.3758,-0.0000
58.2600,6839.3381,-58.3758,-0.0000
58.2700,6838.7543,-58.3758,-0.0000
58.2800,6838.1706,-58.3758,-0.0000
58.2900,6837.5868,-58.3758,-0.0000
58.3000,6837.0030,-58.3758,-0.0000
58.3100,6836.4193,-58.3758,-0.0000
58.3200,6835.8355,-58.3758,-0.0000
58.3300,6835.2518,-58.3758,-0.0000
58.3400,6834.6680,-58.3758,-0.0000
58.3500,6834.0843,-58.3758,-0.0000
58.3600,6833.5005,-58.3758,-0.0000
58.3700,6832.9167,-58.3758,-0.0000
58.3800,6832.3330,-58.3758,-0.0000
58.3900,6831.7492,-58.3758,-0.0000
58.4000,6831.1655,-58.3758,-0.0000
58.4100,6830.5817,-58.3758,-0.0000
58.4200,6829.9980,-58.3758,-0.0000
58.4300,6829.4142,-58.3758,-0.0000
58.4400,6828.8304,-58.3758,-0.0000
58.4500,6828.2467,-58.3758,-0.0000
58.4600,6827.6629,-58.3758,-0.0000
58.4700,6827.0792,-58.3758,-0.0000
58.4800,6826.4954,-58.3758,-0.0000
58.4900,6825.9117,-58.3758,-0.0000
58.5000,6825.3279,-58.3758,-0.0000
58.5100,6824.7441,-58.3758,-0.0000
58.5200,6824.1604,-58.3758,-0.0000
58.5300,6823.5766,-58.3758,-0.0000
58.5400,6822.9929,-58.3758,-0.0000
58.5500,6822.4091,-58.3758,-0.0000
58.5600,6821.8254,-58.3758,-0.0000
58.5700,6821.2416,-58.3758,-0.0000
58.5800,6820.6578,-58.3758,-0.0000
58.5900,6820.0741,-58.3758,-0.0000
58.6000,6819.4903,-58.3758,-0.0000
58.6100,6818.9066,-58.3758,-0.0000
58.6200,6818.3228,-58.3758,-0.0000
58.6300,6817.7390,-58.3758,-0.0000
58.6400,6817.1553,-58.3758,-0.0000
58.6500,6816.5715,-58.3758,-0.0000
58.6600,6815.9878,-58.3758,-0.0000
58.6700,6815.4040,-58.3758,-0.0000
58.6800,6814.8203,-58.3758,-0.0000
58.6900,6814.2365,-58.3758,-0.0000
58.7000,6813.6527,-58.3758,-0.0000
58.7100,6813.0690,-58.3758,-0.0000
58.7200,6812.4852,-58.3758,-0.0000
58.7300,6811.9015,-58.3758,-0.0000
58.7400,6811.3177,-58.3758,-0.0000
58.7500,6810.7340,-58.3758,-0.0000
58.7600,6810.1502,-58.3758,-0.0000
58.7700,6809.5664,-58.3758,-0.0000
58.7800,6808.9827,-58.3758,-0.0000
58.7900,6808.3989,-58.3758,-0.0000
58.8000,6807.8152,-58.3758,-0.0000
58.8100,6807.2314,-58.3758,-0.0000
58.8200,6806.6477,-58.3758,-0.0000
58.8300,6806.0639,-58.3758,-0.0000
58.8400,6805.4801,-58.3758,-0.0000
58.8500,6804.8964,-58.3758,-0.0000
58.8600,6804.3126,-58.3758,-0.0000
58.8700,6803.7289,-58.3758,-0.0000
58.8800,6803.1451,-58.3758,-0.0000
58.8900,6802.5614,-58.3758,-0.0000
58.9000,6801.9776,-58.3758,-0.0000
58.9100,6801.3938,-58.3758,-0.0000
58.9200,6800.8101,-58.3758,-0.0000
58.9300,6800.2263,-58.3758,-0.0000
58.9400,6799.6426,-58.3758,-0.0000
58.9500,6799.0588,-58.3758,-0.0000
58.9600,6798.4750,-58.3758,-0.0000
58.9700,6797.8913,-58.3758,-0.0000
58.9800,6797.3075,-58.3758,-0.0000
58.9900,6796.7238,-58.3758,-0.0000
59.0000,6796.1400,-58.3758,-0.0000
59.0100,6795.5563,-58.3758,-0.0000
59.0200,6794.9725,-58.3758,-0.0000
59.0300,6794.3887,-58.3758,-0.0000
59.0400,6793.8050,-58.3758,-0.0000
59.0500,6793.2212,-58.3758,-0.0000
59.0600,6792.6375,-58.3758,-0.0000
59.0700,6792.0537,-58.3758,-0.0000
59.0800,6791.4700,-58.3758,-0.0000
59.0900,6790.8862,-58.3758,-0.0000
59.1000,6790.3024,-58.3758,-0.0000
59.1100,6789.7187,-58.3758,-0.0000
59.1200,6789.1349,-58.3758,-0.0000
59.1300,6788.5512,-58.3758,-0.0000
59.1400,6787.9674,-58.3758,-0.0000
59.1500,6787.3837,-58.3758,-0.0000
59.1600,6786.7999,-58.3758,-0.0000
59.1700,6786.2161,-58.3758,-0.0000
59.1800,6785.6324,-58.3758,-0.0000
59.1900,6785.0486,-58.3758,-0.0000
59.2000,6784.4649,-58.3758,-0.0000
59.2100,6783.8811,-58.3758,-0.0000
59.2200,6783.2974,-58.3758,-0.0000
59.2300,6782.7136,-58.3758,-0.0000
59.2400,6782.1298,-58.3758,-0.0000
59.2500,6781.5461,-58.3758,-0.0000
59.2600,6780.9623,-58.3758,-0.0000
59.2700,6780.3786,-58.3758,-0.0000
59.2800,6779.7948,-58.3758,-0.0000
59.2900,6779.2110,-58.3758,-0.0000
59.3000,6778.6273,-58.3758,-0.0000
59.3100,6778.0435,-58.3758,-0.0000
59.3200,6777.4598,-58.3758,-0.0000
59.3300,6776.8760,-58.3758,-0.0000
59.3400,6776.2923,-58.3758,-0.0000
59.3500,6775.7085,-58.3758,-0.0000
59.3600,6775.1247,-58.3758,-0.0000
59.3700,6774.5410,-58.3758,-0.0000
59.3800,6773.9572,-58.3758,-0.0000
59.3900,6773.3735,-58.3758,-0.0000
59.4000,6772.7897,-58.3758,-0.0000
59.4100,6772.2060,-58.3758,-0.0000
59.4200,6771.6222,-58.3758,-0.0000
59.4300,6771.0384,-58.3758,-0.0000
59.4400,6770.4547,-58.3758,-0.0000
59.4500,6769.8709,-58.3758,-0.0000
59.4600,6769.2872,-58.3758,-0.0000
59.4700,6768.7034,-58.3758,-0.0000
59.4800,6768.1197,-58.3758,-0.0000
59.4900,6767.5359,-58.3758,-0.0000
59.5000,6766.9521,-58.3758,-0.0000
59.5100,6766.3684,-58.3758,-0.0000
59.5200,6765.7846,-58.3758,-0.0000
59.5300,6765.2009,-58.3758,-0.0000
59.5400,6764.6171,-58.3758,-0.0000
59.5500,6764.0334,-58.3758,-0.0000
59.5600,6763.4496,-58.3758,-0.0000
59.5700,6762.8658,-58.3758,-0.0000
59.5800,6762.2821,-58.3758,-0.0000
59.5900,6761.6983,-58.3758,-0.0000
59.6000,6761.1146,-58.3758,-0.0000
59.6100,6760.5308,-58.3758,-0.0000
59.6200,6759.9470,-58.3758,-0.0000
59.6300,6759.3633,-58.3758,-0.0000
59.6400,6758.7795,-58.3758,-0.0000
59.6500,6758.1958,-58.3758,-0.0000
59.6600,6757.6120,-58.3758,-0.0000
59.6700,6757.0283,-58.3758,-0.0000
59.6800,6756.4445,-58.3758,-0.0000
59.6900,6755.8607,-58.3758,-0.0000
59.7000,6755.2770,-58.3758,-0.0000
59.7100,6754.6932,-58.3758,-0.0000
59.7200,6754.1095,-58.3758,-0.0000
59.7300,6753.5257,-58.3758,-0.0000
59.7400,6752.9420,-58.3758,-0.0000
59.7500,6752.3582,-58.3758,-0.0000
59.7600,6751.7744,-58.3758,-0.0000
59.7700,6751.1907,-58.3758,-0.0000
59.7800,6750.6069,-58.3758,-0.0000
59.7900,6750.0232,-58.3758,-0.0000
59.8000,6749.4394,-58.3758,-0.0000
59.8100,6748.8557,-58.3758,-0.0000
59.8200,6748.2719,-58.3758,-0.0000
59.8300,6747.6881,-58.3758,-0.0000
59.8400,6747.1044,-58.3758,-0.0000
59.8500,6746.5206,-58.3758,-0.0000
59.8600,6745.9369,-58.3758,-0.0000
59.8700,6745.3531,-58.3758,-0.0000
59.8800,6744.7694,-58.3758,-0.0000
59.8900,6744.1856,-58.3758,-0.0000
59.9000,6743.6018,-58.3758,-0.0000
59.9100,6743.0181,-58.3758,-0.0000
59.9200,6742.4343,-58.3758,-0.0000
59.9300,6741.8506,-58.3758,-0.0000
59.9400,6741.2668,-58.3758,-0.0000
59.9500,6740.6830,-58.3758,-0.0000
59.9600,6740.0993,-58.3758,-0.0000
59.9700,6739.5155,-58.3758,-0.0000
59.9800,6738.9318,-58.3758,-0.0000
59.9900,6738.3480,-58.3758,-0.0000
60.0000,6737.7643,-58.3758,-0.0000
60.0100,6737.1805,-58.3758,-0.0000
60.0200,6736.5967,-58.3758,-0.0000
60.0300,6736.0130,-58.3758,-0.0000
60.0400,6735.4292,-58.3758,-0.0000
60.0500,6734.8455,-58.3758,-0.0000
60.0600,6734.2617,-58.3758,-0.0000
60.0700,6733.6780,-58.3758,-0.0000
60.0800,6733.0942,-58.3758,-0.0000
60.0900,6732.5104,-58.3758,-0.0000
60.1000,6731.9267,-58.3758,-0.0000
60.1100,6731.3429,-58.3758,-0.0000
60.1200,6730.7592,-58.3758,-0.0000
60.1300,6730.1754,-58.3758,-0.0000
60.1400,6729.5917,-58.3758,-0.0000
60.1500,6729.0079,-58.3758,-0.0000
60.1600,6728.4241,-58.3758,-0.0000
60.1700,6727.8404,-58.3758,-0.0000
60.1800,6727.2566,-58.3758,-0.0000
60.1900,6726.6729,-58.3758,-0.0000
60.2000,6726.0891,-58.3758,-0.0000
60.2100,6725.5054,-58.3758,-0.0000
60.2200,6724.9216,-58.3758,-0.0000
60.2300,6724.3378,-58.3758,-0.0000
60.2400,6723.7541,-58.3758,-0.0000
60.2500,6723.1703,-58.3758,-0.0000
60.2600,6722.5866,-58.3758,-0.0000
60.2700,6722.0028,-58.3758,-0.0000
60.2800,6721.4190,-58.3758,-0.0000
60.2900,6720.8353,-58.3758,-0.0000
60.3000,6720.2515,-58.3758,-0.0000
60.3100,6719.6678,-58.3758,-0.0000
60.3200,6719.0840,-58.3758,-0.0000
60.3300,6718.5003,-58.3758,-0.0000
60.3400,6717.9165,-58.3758,-0.0000
60.3500,6717.3327,-58.3758,-0.0000
60.3600,6716.7490,-58.3758,-0.0000
60.3700,6716.1652,-58.3758,-0.0000
60.3800,6715.5815,-58.3758,-0.0000
60.3900,6714.9977,-58.3758,-0.0000
60.4000,6714.4140,-58.3758,-0.0000
60.4100,6713.8302,-58.3758,-0.0000
60.4200,6713.2464,-58.3758,-0.0000
60.4300,6712.6627,-58.3758,-0.0000
60.4400,6712.0789,-58.3758,-0.0000
60.4500,6711.4952,-58.3758,-0.0000
60.4600,6710.9114,-58.3758,-0.0000
60.4700,6710.3277,-58.3758,-0.0000
60.4800,6709.7439,-58.3758,-0.0000
60.4900,6709.1601,-58.3758,-0.0000
60.5000,6708.5764,-58.3758,-0.0000
60.5100,6707.9926,-58.3758,-0.0000
60.5200,6707.4089,-58.3758,-0.0000
60.5300,6706.8251,-58.3758,-0.0000
60.5400,6706.2414,-58.3758,-0.0000
60.5500,6705.6576,-58.3758,-0.0000
60.5600,6705.0738,-58.3758,-0.0000
60.5700,6704.4901,-58.3758,-0.0000
60.5800,6703.9063,-58.3758,-0.0000
60.5900,6703.3226,-58.3758,-0.0000
60.6000,6702.7388,-58.3758,-0.0000
60.6100,6702.1550,-58.3758,-0.0000
60.6200,6701.5713,-58.3758,-0.0000
60.6300,6700.9875,-58.3758,-0.0000
60.6400,6700.4038,-58.3758,-0.0000
60.6500,6699.8200,-58.3758,-0.0000
60.6600,6699.2363,-58.3758,-0.0000
60.6700,6698.6525,-58.3758,-0.0000
60.6800,6698.0687,-58.3758,-0.0000
60.6900,6697.4850,-58.3758,-0.0000
60.7000,6696.9012,-58.3758,-0.0000
60.7100,6696.3175,-58.3758,-0.0000
60.7200,6695.7337,-58.3758,-0.0000
60.7300,6695.1500,-58.3758,-0.0000
60.7400,6694.5662,-58.3758,-0.0000
60.7500,6693.9824,-58.3758,-0.0000
60.7600,6693.3987,-58.3758,-0.0000
60.7700,6692.8149,-58.3758,-0.0000
60.7800,6692.2312,-58.3758,-0.0000
60.7900,6691.6474,-58.3758,-0.0000
60.8000,6691.0637,-58.3758,-0.0000
60.8100,6690.4799,-58.3758,-0.0000
60.8200,6689.8961,-58.3758,-0.0000
60.8300,6689.3124,-58.3758,-0.0000
60.8400,6688.7286,-58.3758,-0.0000
60.8500,6688.1449,-58.3758,-0.0000
60.8600,6687.5611,-58.3758,-0.0000
60.8700,6686.9774,-58.3758,-0.0000
60.8800,6686.3936,-58.3758,-0.0000
60.8900,6685.8098,-58.3758,-0.0000
60.9000,6685.2261,-58.3758,-0.0000
60.9100,6684.6423,-58.3758,-0.0000
60.9200,6684.0586,-58.3758,-0.0000
60.9300,6683.4748,-58.3758,-0.0000
60.9400,6682.8910,-58.3758,-0.0000
60.9500,6682.3073,-58.3758,-0.0000
60.9600,6681.7235,-58.3758,-0.0000
60.9700,6681.1398,-58.3758,-0.0000
60.9800,6680.5560,-58.3758,-0.0000
60.9900,6679.9723,-58.3758,-0.0000
61.0000,6679.3885,-58.3758,-0.0000
61.0100,6678.8047,-58.3758,-0.0000
61.0200,6678.2210,-58.3758,-0.0000
61.0300,6677.6372,-58.3758,-0.0000
61.0400,6677.0535,-58.3758,-0.0000
61.0500,6676.4697,-58.3758,-0.0000
61.0600,6675.8860,-58.3758,-0.0000
61.0700,6675.3022,-58.3758,-0.0000
61.0800,6674.7184,-58.3758,-0.0000
61.0900,6674.1347,-58.3758,-0.0000
61.1000,6673.5509,-58.3758,-0.0000
61.1100,6672.9672,-58.3758,-0.0000
61.1200,6672.3834,-58.3758,-0.0000
61.1300,6671.7997,-58.3758,-0.0000
61.1400,6671.2159,-58.3758,-0.0000
61.1500,6670.6321,-58.3758,-0.0000
61.1600,6670.0484,-58.3758,-0.0000
61.1700,6669.4646,-58.3758,-0.0000
61.1800,6668.8809,-58.3758,-0.0000
61.1900,6668.2971,-58.3758,-0.0000
61.2000,6667.7134,-58.3758,-0.0000
61.2100,6667.1296,-58.3758,-0.0000
61.2200,6666.5458,-58.3758,-0.0000
61.2300,6665.9621,-58.3758,-0.0000
61.2400,6665.3783,-58.3758,-0.0000
61.2500,6664.7946,-58.3758,-0.0000
61.2600,6664.2108,-58.3758,-0.0000
61.2700,6663.6270,-58.3758,-0.0000
61.2800,6663.0433,-58.3758,-0.0000
61.2900,6662.4595,-58.3758,-0.0000
61.3000,6661.8758,-58.3758,-0.0000
61.3100,6661.2920,-58.3758,-0.0000
61.3200,6660.7083,-58.3758,-0.0000
61.3300,6660.1245,-58.3758,-0.0000
61.3400,6659.5407,-58.3758,-0.0000
61.3500,6658.9570,-58.3758,-0.0000
61.3600,6658.3732,-58.3758,-0.0000
61.3700,6657.7895,-58.3758,-0.0000
61.3800,6657.2057,-58.3758,-0.0000
61.3900,6656.6220,-58.3758,-0.0000
61.4000,6656.0382,-58.3758,-0.0000
61.4100,6655.4544,-58.3758,-0.0000
61.4200,6654.8707,-58.3758,-0.0000
61.4300,6654.2869,-58.3758,-0.0000
61.4400,6653.7032,-58.3758,-0.0000
61.4500,6653.1194,-58.3758,-0.0000
61.4600,6652.5357,-58.3758,-0.0000
61.4700,6651.9519,-58.3758,-0.0000
61.4800,6651.3681,-58.3758,-0.0000
61.4900,6650.7844,-58.3758,-0.0000
61.5000,6650.2006,-58.3758,-0.0000
61.5100,6649.6169,-58.3758,-0.0000
61.5200,6649.0331,-58.3758,-0.0000
61.5300,6648.4494,-58.3758,-0.0000
61.5400,6647.8656,-58.3758,-0.0000
61.5500,6647.2818,-58.3758,-0.0000
61.5600,6646.6981,-58.3758,-0.0000
61.5700,6646.1143,-58.3758,-0.0000
61.5800,6645.5306,-58.3758,-0.0000
61.5900,6644.9468,-58.3758,-0.0000
61.6000,6644.3630,-58.3758,-0.0000
61.6100,6643.7793,-58.3758,-0.0000
61.6200,6643.1955,-58.3758,-0.0000
61.6300,6642.6118,-58.3758,-0.0000
61.6400,6642.0280,-58.3758,-0.0000
61.6500,6641.4443,-58.3758,-0.0000
61.6600,6640.8605,-58.3758,-0.0000
61.6700,6640.2767,-58.3758,-0.0000
61.6800,6639.6930,-58.3758,-0.0000
61.6900,6639.1092,-58.3758,-0.0000
61.7000,6638.5255,-58.3758,-0.0000
61.7100,6637.9417,-58.3758,-0.0000
61.7200,6637.3580,-58.3758,-0.0000
61.7300,6636.7742,-58.3758,-0.0000
61.7400,6636.1904,-58.3758,-0.0000
61.7500,6635.6067,-58.3758,-0.0000
61.7600,6635.0229,-58.3758,-0.0000
61.7700,6634.4392,-58.3758,-0.0000
61.7800,6633.8554,-58.3758,-0.0000
61.7900,6633.2717,-58.3758,-0.0000
61.8000,6632.6879,-58.3758,-0.0000
61.8100,6632.1041,-58.3758,-0.0000
61.8200,6631.5204,-58.3758,-0.0000
61.8300,6630.9366,-58.3758,-0.0000
61.8400,6630.3529,-58.3758,-0.0000
61.8500,6629.7691,-58.3758,-0.0000
61.8600,6629.1854,-58.3758,-0.0000
61.8700,6628.6016,-58.3758,-0.0000
61.8800,6628.0178,-58.3758,-0.0000
61.8900,6627.4341,-58.3758,-0.0000
61.9000,6626.8503,-58.3758,-0.0000
61.9100,6626.2666,-58.3758,-0.0000
61.9200,6625.6828,-58.3758,-0.0000
61.9300,6625.0990,-58.3758,-0.0000
61.9400,6624.5153,-58.3758,-0.0000
61.9500,6623.9315,-58.3758,-0.0000
61.9600,6623.3478,-58.3758,-0.0000
61.9700,6622.7640,-58.3758,-0.0000
61.9800,6622.1803,-58.3758,-0.0000
61.9900,6621.5965,-58.3758,-0.0000
62.0000,6621.0127,-58.3758,-0.0000
62.0100,6620.4290,-58.3758,-0.0000
62.0200,6619.8452,-58.3758,-0.0000
62.0300,6619.2615,-58.3758,-0.0000
62.0400,6618.6777,-58.3758,-0.0000
62.0500,6618.0940,-58.3758,-0.0000
62.0600,6617.5102,-58.3758,-0.0000
62.0700,6616.9264,-58.3758,-0.0000
62.0800,6616.3427,-58.3758,-0.0000
62.0900,6615.7589,-58.3758,-0.0000
62.1000,6615.1752,-58.3758,-0.0000
62.1100,6614.5914,-58.3758,-0.0000
62.1200,6614.0077,-58.3758,-0.0000
62.1300,6613.4239,-58.3758,-0.0000
62.1400,6612.8401,-58.3758,-0.0000
62.1500,6612.2564,-58.3758,-0.0000
62.1600,6611.6726,-58.3758,-0.0000
62.1700,6611.0889,-58.3758,-0.0000
62.1800,6610.5051,-58.3758,-0.0000
62.1900,6609.9214,-58.3758,-0.0000
62.2000,6609.3376,-58.3758,-0.0000
62.2100,6608.7538,-58.3758,-0.0000
62.2200,6608.1701,-58.3758,-0.0000
62.2300,6607.5863,-58.3758,-0.0000
62.2400,6607.0026,-58.3758,-0.0000
62.2500,6606.4188,-58.3758,-0.0000
62.2600,6605.8350,-58.3758,-0.0000
62.2700,6605.2513,-58.3758,-0.0000
62.2800,6604.6675,-58.3758,-0.0000
62.2900,6604.0838,-58.3758,-0.0000
62.3000,6603.5000,-58.3758,-0.0000
62.3100,6602.9163,-58.3758,-0.0000
62.3200,6602.3325,-58.3758,-0.0000
62.3300,6601.7487,-58.3758,-0.0000
62.3400,6601.1650,-58.3758,-0.0000
62.3500,6600.5812,-58.3758,-0.0000
62.3600,6599.9975,-58.3758,-0.0000
62.3700,6599.4137,-58.3758,-0.0000
62.3800,6598.8300,-58.3758,-0.0000
62.3900,6598.2462,-58.3758,-0.0000
62.4000,6597.6624,-58.3758,-0.0000
62.4100,6597.0787,-58.3758,-0.0000
62.4200,6596.4949,-58.3758,-0.0000
62.4300,6595.9112,-58.3758,-0.0000
62.4400,6595.3274,-58.3758,-0.0000
62.4500,6594.7437,-58.3758,-0.0000
62.4600,6594.1599,-58.3758,-0.0000
62.4700,6593.5761,-58.3758,-0.0000
62.4800,6592.9924,-58.3758,-0.0000
62.4900,6592.4086,-58.3758,-0.0000
62.5000,6591.8249,-58.3758,-0.0000
62.5100,6591.2411,-58.3758,-0.0000
62.5200,6590.6574,-58.3758,-0.0000
62.5300,6590.0736,-58.3758,-0.0000
62.5400,6589.4898,-58.3758,-0.0000
62.5500,6588.9061,-58.3758,-0.0000
62.5600,6588.3223,-58.3758,-0.0000
62.5700,6587.7386,-58.3758,-0.0000
62.5800,6587.1548,-58.3758,-0.0000
62.5900,6586.5710,-58.3758,-0.0000
62.6000,6585.9873,-58.3758,-0.0000
62.6100,6585.4035,-58.3758,-0.0000
62.6200,6584.8198,-58.3758,-0.0000
62.6300,6584.2360,-58.3758,-0.0000
62.6400,6583.6523,-58.3758,-0.0000
62.6500,6583.0685,-58.3758,-0.0000
62.6600,6582.4847,-58.3758,-0.0000
62.6700,6581.9010,-58.3758,-0.0000
62.6800,6581.3172,-58.3758,-0.0000
62.6900,6580.7335,-58.3758,-0.0000
62.7000,6580.1497,-58.3758,-0.0000
62.7100,6579.5660,-58.3758,-0.0000
62.7200,6578.9822,-58.3758,-0.0000
62.7300,6578.3984,-58.3758,-0.0000
62.7400,6577.8147,-58.3758,-0.0000
62.7500,6577.2309,-58.3758,-0.0000
62.7600,6576.6472,-58.3758,-0.0000
62.7700,6576.0634,-58.3758,-0.0000
62.7800,6575.4797,-58.3758,-0.0000
62.7900,6574.8959,-58.3758,-0.0000
62.8000,6574.3121,-58.3758,-0.0000
62.8100,6573.7284,-58.3758,-0.0000
62.8200,6573.1446,-58.3758,-0.0000
62.8300,6572.5609,-58.3758,-0.0000
62.8400,6571.9771,-58.3758,-0.0000
62.8500,6571.3934,-58.3758,-0.0000
62.8600,6570.8096,-58.3758,-0.0000
62.8700,6570.2258,-58.3758,-0.0000
62.8800,6569.6421,-58.3758,-0.0000
62.8900,6569.0583,-58.3758,-0.0000
62.9000,6568.4746,-58.3758,-0.0000
62.9100,6567.8908,-58.3758,-0.0000
62.9200,6567.3070,-58.3758,-0.0000
62.9300,6566.7233,-58.3758,-0.0000
62.9400,6566.1395,-58.3758,-0.0000
62.9500,6565.5558,-58.3758,-0.0000
62.9600,6564.9720,-58.3758,-0.0000
62.9700,6564.3883,-58.3758,-0.0000
62.9800,6563.8045,-58.3758,-0.0000
62.9900,6563.2207,-58.3758,-0.0000
63.0000,6562.6370,-58.3758,-0.0000
63.0100,6562.0532,-58.3758,-0.0000
63.0200,6561.4695,-58.3758,-0.0000
63.0300,6560.8857,-58.3758,-0.0000
63.0400,6560.3020,-58.3758,-0.0000
63.0500,6559.7182,-58.3758,-0.0000
63.0600,6559.1344,-58.3758,-0.0000
63.0700,6558.5507,-58.3758,-0.0000
63.0800,6557.9669,-58.3758,-0.0000
63.0900,6557.3832,-58.3758,-0.0000
63.1000,6556.7994,-58.3758,-0.0000
63.1100,6556.2157,-58.3758,-0.0000
63.1200,6555.6319,-58.3758,-0.0000
63.1300,6555.0481,-58.3758,-0.0000
63.1400,6554.4644,-58.3758,-0.0000
63.1500,6553.8806,-58.3758,-0.0000
63.1600,6553.2969,-58.3758,-0.0000
63.1700,6552.7131,-58.3758,-0.0000
63.1800,6552.1294,-58.3758,-0.0000
63.1900,6551.5456,-58.3758,-0.0000
63.2000,6550.9618,-58.3758,-0.0000
63.2100,6550.3781,-58.3758,-0.0000
63.2200,6549.7943,-58.3758,-0.0000
63.2300,6549.2106,-58.3758,-0.0000
63.2400,6548.6268,-58.3758,-0.0000
63.2500,6548.0430,-58.3758,-0.0000
63.2600,6547.4593,-58.3758,-0.0000
63.2700,6546.8755,-58.3758,-0.0000
63.2800,6546.2918,-58.3758,-0.0000
63.2900,6545.7080,-58.3758,-0.0000
63.3000,6545.1243,-58.3758,-0.0000
63.3100,6544.5405,-58.3758,-0.0000
63.3200,6543.9567,-58.3758,-0.0000
63.3300,6543.3730,-58.3758,-0.0000
63.3400,6542.7892,-58.3758,-0.0000
63.3500,6542.2055,-58.3758,-0.0000
63.3600,6541.6217,-58.3758,-0.0000
63.3700,6541.0380,-58.3758,-0.0000
63.3800,6540.4542,-58.3758,-0.0000
63.3900,6539.8704,-58.3758,-0.0000
63.4000,6539.2867,-58.3758,-0.0000
63.4100,6538.7029,-58.3758,-0.0000
63.4200,6538.1192,-58.3758,-0.0000
63.4300,6537.5354,-58.3758,-0.0000
63.4400,6536.9517,-58.3758,-0.0000
63.4500,6536.3679,-58.3758,-0.0000
63.4600,6535.7841,-58.3758,-0.0000
63.4700,6535.2004,-58.3758,-0.0000
63.4800,6534.6166,-58.3758,-0.0000
63.4900,6534.0329,-58.3758,-0.0000
63.5000,6533.4491,-58.3758,-0.0000
63.5100,6532.8654,-58.3758,-0.0000
63.5200,6532.2816,-58.3758,-0.0000
63.5300,6531.6978,-58.3758,-0.0000
63.5400,6531.1141,-58.3758,-0.0000
63.5500,6530.5303,-58.3758,-0.0000
63.5600,6529.9466,-58.3758,-0.0000
63.5700,6529.3628,-58.3758,-0.0000
63.5800,6528.7790,-58.3758,-0.0000
63.5900,6528.1953,-58.3758,-0.0000
63.6000,6527.6115,-58.3758,-0.0000
63.6100,6527.0278,-58.3758,-0.0000
63.6200,6526.4440,-58.3758,-0.0000
63.6300,6525.8603,-58.3758,-0.0000
63.6400,6525.2765,-58.3758,-0.0000
63.6500,6524.6927,-58.3758,-0.0000
63.6600,6524.1090,-58.3758,-0.0000
63.6700,6523.5252,-58.3758,-0.0000
63.6800,6522.9415,-58.3758,-0.0000
63.6900,6522.3577,-58.3758,-0.0000
63.7000,6521.7740,-58.3758,-0.0000
63.7100,6521.1902,-58.3758,-0.0000
63.7200,6520.6064,-58.3758,-0.0000
63.7300,6520.0227,-58.3758,-0.0000
63.7400,6519.4389,-58.3758,-0.0000
63.7500,6518.8552,-58.3758,-0.0000
63.7600,6518.2714,-58.3758,-0.0000
63.7700,6517.6877,-58.3758,-0.0000
63.7800,6517.1039,-58.3758,-0.0000
63.7900,6516.5201,-58.3758,-0.0000
63.8000,6515.9364,-58.3758,-0.0000
63.8100,6515.3526,-58.3758,-0.0000
63.8200,6514.7689,-58.3758,-0.0000
63.8300,6514.1851,-58.3758,-0.0000
63.8400,6513.6014,-58.3758,-0.0000
63.8500,6513.0176,-58.3758,-0.0000
63.8600,6512.4338,-58.3758,-0.0000
63.8700,6511.8501,-58.3758,-0.0000
63.8800,6511.2663,-58.3758,-0.0000
63.8900,6510.6826,-58.3758,-0.0000
63.9000,6510.0988,-58.3758,-0.0000
63.9100,6509.5150,-58.3758,-0.0000
63.9200,6508.9313,-58.3758,-0.0000
63.9300,6508.3475,-58.3758,-0.0000
63.9400,6507.7638,-58.3758,-0.0000
63.9500,6507.1800,-58.3758,-0.0000
63.9600,6506.5963,-58.3758,-0.0000
63.9700,6506.0125,-58.3758,-0.0000
63.9800,6505.4287,-58.3758,-0.0000
63.9900,6504.8450,-58.3758,-0.0000
64.0000,6504.2612,-58.3758,-0.0000
64.0100,6503.6775,-58.3758,-0.0000
64.0200,6503.0937,-58.3758,-0.0000
64.0300,6502.5100,-58.3758,-0.0000
64.0400,6501.9262,-58.3758,-0.0000
64.0500,6501.3424,-58.3758,-0.0000
64.0600,6500.7587,-58.3758,-0.0000
64.0700,6500.1749,-58.3758,-0.0000
64.0800,6499.5912,-58.3758,-0.0000
64.0900,6499.0074,-58.3758,-0.0000
64.1000,6498.4237,-58.3758,-0.0000
64.1100,6497.8399,-58.3758,-0.0000
64.1200,6497.2561,-58.3758,-0.0000
64.1300,6496.6724,-58.3758,-0.0000
64.1400,6496.0886,-58.3758,-0.0000
64.1500,6495.5049,-58.3758,-0.0000
64.1600,6494.9211,-58.3758,-0.0000
64.1700,6494.3374,-58.3758,-0.0000
64.1800,6493.7536,-58.3758,-0.0000
64.1900,6493.1698,-58.3758,-0.0000
64.2000,6492.5861,-58.3758,-0.0000
64.2100,6492.0023,-58.3758,-0.0000
64.2200,6491.4186,-58.3758,-0.0000
64.2300,6490.8348,-58.3758,-0.0000
64.2400,6490.2510,-58.3758,-0.0000
64.2500,6489.6673,-58.3758,-0.0000
64.2600,6489.0835,-58.3758,-0.0000
64.2700,6488.4998,-58.3758,-0.0000
64.2800,6487.9160,-58.3758,-0.0000
64.2900,6487.3323,-58.3758,-0.0000
64.3000,6486.7485,-58.3758,-0.0000
64.3100,6486.1647,-58.3758,-0.0000
64.3200,6485.5810,-58.3758,-0.0000
64.3300,6484.9972,-58.3758,-0.0000
64.3400,6484.4135,-58.3758,-0.0000
64.3500,6483.8297,-58.3758,-0.0000
64.3600,6483.2460,-58.3758,-0.0000
64.3700,6482.6622,-58.3758,-0.0000
64.3800,6482.0784,-58.3758,-0.0000
64.3900,6481.4947,-58.3758,-0.0000
64.4000,6480.9109,-58.3758,-0.0000
64.4100,6480.3272,-58.3758,-0.0000
64.4200,6479.7434,-58.3758,-0.0000
64.4300,6479.1597,-58.3758,-0.0000
64.4400,6478.5759,-58.3758,-0.0000
64.4500,6477.9921,-58.3758,-0.0000
64.4600,6477.4084,-58.3758,-0.0000
64.4700,6476.8246,-58.3758,-0.0000
64.4800,6476.2409,-58.3758,-0.0000
64.4900,6475.6571,-58.3758,-0.0000
64.5000,6475.0734,-58.3758,-0.0000
64.5100,6474.4896,-58.3758,-0.0000
64.5200,6473.9058,-58.3758,-0.0000
64.5300,6473.3221,-58.3758,-0.0000
64.5400,6472.7383,-58.3758,-0.0000
64.5500,6472.1546,-58.3758,-0.0000
64.5600,6471.5708,-58.3758,-0.0000
64.5700,6470.9870,-58.3758,-0.0000
64.5800,6470.4033,-58.3758,-0.0000
64.5900,6469.8195,-58.3758,-0.0000
64.6000,6469.2358,-58.3758,-0.0000
64.6100,6468.6520,-58.3758,-0.0000
64.6200,6468.0683,-58.3758,-0.0000
64.6300,6467.4845,-58.3758,-0.0000
64.6400,6466.9007,-58.3758,-0.0000
64.6500,6466.3170,-58.3758,-0.0000
64.6600,6465.7332,-58.3758,-0.0000
64.6700,6465.1495,-58.3758,-0.0000
64.6800,6464.5657,-58.3758,-0.0000
64.6900,6463.9820,-58.3758,-0.0000
64.7000,6463.3982,-58.3758,-0.0000
64.7100,6462.8144,-58.3758,-0.0000
64.7200,6462.2307,-58.3758,-0.0000
64.7300,6461.6469,-58.3758,-0.0000
64.7400,6461.0632,-58.3758,-0.0000
64.7500,6460.4794,-58.3758,-0.0000
64.7600,6459.8957,-58.3758,-0.0000
64.7700,6459.3119,-58.3758,-0.0000
64.7800,6458.7281,-58.3758,-0.0000
64.7900,6458.1444,-58.3758,-0.0000
64.8000,6457.5606,-58.3758,-0.0000
64.8100,6456.9769,-58.3758,-0.0000
64.8200,6456.3931,-58.3758,-0.0000
64.8300,6455.8094,-58.3758,-0.0000
64.8400,6455.2256,-58.3758,-0.0000
64.8500,6454.6418,-58.3758,-0.0000
64.8600,6454.0581,-58.3758,-0.0000
64.8700,6453.4743,-58.3758,-0.0000
64.8800,6452.8906,-58.3758,-0.0000
64.8900,6452.3068,-58.3758,-0.0000
64.9000,6451.7231,-58.3758,-0.0000
64.9100,6451.1393,-58.3758,-0.0000
64.9200,6450.5555,-58.3758,-0.0000
64.9300,6449.9718,-58.3758,-0.0000
64.9400,6449.3880,-58.3758,-0.0000
64.9500,6448.8043,-58.3758,-0.0000
64.9600,6448.2205,-58.3758,-0.0000
64.9700,6447.6367,-58.3758,-0.0000
64.9800,6447.0530,-58.3758,-0.0000
64.9900,6446.4692,-58.3758,-0.0000
65.0000,6445.8855,-58.3758,-0.0000
65.0100,6445.3017,-58.3758,-0.0000
65.0200,6444.7180,-58.3758,-0.0000
65.0300,6444.1342,-58.3758,-0.0000
65.0400,6443.5504,-58.3758,-0.0000
65.0500,6442.9667,-58.3758,-0.0000
65.0600,6442.3829,-58.3758,-0.0000
65.0700,6441.7992,-58.3758,-0.0000
65.0800,6441.2154,-58.3758,-0.0000
65.0900,6440.6317,-58.3758,-0.0000
65.1000,6440.0479,-58.3758,-0.0000
65.1100,6439.4641,-58.3758,-0.0000
65.1200,6438.8804,-58.3758,-0.0000
65.1300,6438.2966,-58.3758,-0.0000
65.1400,6437.7129,-58.3758,-0.0000
65.1500,6437.1291,-58.3758,-0.0000
65.1600,6436.5454,-58.3758,-0.0000
65.1700,6435.9616,-58.3758,-0.0000
65.1800,6435.3778,-58.3758,-0.0000
65.1900,6434.7941,-58.3758,-0.0000
65.2000,6434.2103,-58.3758,-0.0000
65.2100,6433.6266,-58.3758,-0.0000
65.2200,6433.0428,-58.3758,-0.0000
65.2300,6432.4591,-58.3758,-0.0000
65.2400,6431.8753,-58.3758,-0.0000
65.2500,6431.2915,-58.3758,-0.0000
65.2600,6430.7078,-58.3758,-0.0000
65.2700,6430.1240,-58.3758,-0.0000
65.2800,6429.5403,-58.3758,-0.0000
65.2900,6428.9565,-58.3758,-0.0000
65.3000,6428.3727,-58.3758,-0.0000
65.3100,6427.7890,-58.3758,-0.0000
65.3200,6427.2052,-58.3758,-0.0000
65.3300,6426.6215,-58.3758,-0.0000
65.3400,6426.0377,-58.3758,-0.0000
65.3500,6425.4540,-58.3758,-0.0000
65.3600,6424.8702,-58.3758,-0.0000
65.3700,6424.2864,-58.3758,-0.0000
65.3800,6423.7027,-58.3758,-0.0000
65.3900,6423.1189,-58.3758,-0.0000
65.4000,6422.5352,-58.3758,-0.0000
65.4100,6421.9514,-58.3758,-0.0000
65.4200,6421.3677,-58.3758,-0.0000
65.4300,6420.7839,-58.3758,-0.0000
65.4400,6420.2001,-58.3758,-0.0000
65.4500,6419.6164,-58.3758,-0.0000
65.4600,6419.0326,-58.3758,-0.0000
65.4700,6418.4489,-58.3758,-0.0000
65.4800,6417.8651,-58.3758,-0.0000
65.4900,6417.2814,-58.3758,-0.0000
65.5000,6416.6976,-58.3758,-0.0000
65.5100,6416.1138,-58.3758,-0.0000
65.5200,6415.5301,-58.3758,-0.0000
65.5300,6414.9463,-58.3758,-0.0000
65.5400,6414.3626,-58.3758,-0.0000
65.5500,6413.7788,-58.3758,-0.0000
65.5600,6413.1951,-58.3758,-0.0000
65.5700,6412.6113,-58.3758,-0.0000
65.5800,6412.0275,-58.3758,-0.0000
65.5900,6411.4438,-58.3758,-0.0000
65.6000,6410.8600,-58.3758,-0.0000
65.6100,6410.2763,-58.3758,-0.0000
65.6200,6409.6925,-58.3758,-0.0000
65.6300,6409.1087,-58.3758,-0.0000
65.6400,6408.5250,-58.3758,-0.0000
65.6500,6407.9412,-58.3758,-0.0000
65.6600,6407.3575,-58.3758,-0.0000
65.6700,6406.7737,-58.3758,-0.0000
65.6800,6406.1900,-58.3758,-0.0000
65.6900,6405.6062,-58.3758,-0.0000
65.7000,6405.0224,-58.3758,-0.0000
65.7100,6404.4387,-58.3758,-0.0000
65.7200,6403.8549,-58.3758,-0.0000
65.7300,6403.2712,-58.3758,-0.0000
65.7400,6402.6874,-58.3758,-0.0000
65.7500,6402.1037,-58.3758,-0.0000
65.7600,6401.5199,-58.3758,-0.0000
65.7700,6400.9361,-58.3758,-0.0000
65.7800,6400.3524,-58.3758,-0.0000
65.7900,6399.7686,-58.3758,-0.0000
65.8000,6399.1849,-58.3758,-0.0000
65.8100,6398.6011,-58.3758,-0.0000
65.8200,6398.0174,-58.3758,-0.0000
65.8300,6397.4336,-58.3758,-0.0000
65.8400,6396.8498,-58.3758,-0.0000
65.8500,6396.2661,-58.3758,-0.0000
65.8600,6395.6823,-58.3758,-0.0000
65.8700,6395.0986,-58.3758,-0.0000
65.8800,6394.5148,-58.3758,-0.0000
65.8900,6393.9311,-58.3758,-0.0000
65.9000,6393.3473,-58.3758,-0.0000
65.9100,6392.7635,-58.3758,-0.0000
65.9200,6392.1798,-58.3758,-0.0000
65.9300,6391.5960,-58.3758,-0.0000
65.9400,6391.0123,-58.3758,-0.0000
65.9500,6390.4285,-58.3758,-0.0000
65.9600,6389.8447,-58.3758,-0.0000
65.9700,6389.2610,-58.3758,-0.0000
65.9800,6388.6772,-58.3758,-0.0000
65.9900,6388.0935,-58.3758,-0.0000
66.0000,6387.5097,-58.3758,-0.0000
66.0100,6386.9260,-58.3758,-0.0000
66.0200,6386.3422,-58.3758,-0.0000
66.0300,6385.7584,-58.3758,-0.0000
66.0400,6385.1747,-58.3758,-0.0000
66.0500,6384.5909,-58.3758,-0.0000
66.0600,6384.0072,-58.3758,-0.0000
66.0700,6383.4234,-58.3758,-0.0000
66.0800,6382.8397,-58.3758,-0.0000
66.0900,6382.2559,-58.3758,-0.0000
66.1000,6381.6721,-58.3758,-0.0000
66.1100,6381.0884,-58.3758,-0.0000
66.1200,6380.5046,-58.3758,-0.0000
66.1300,6379.9209,-58.3758,-0.0000
66.1400,6379.3371,-58.3758,-0.0000
66.1500,6378.7534,-58.3758,-0.0000
66.1600,6378.1696,-58.3758,-0.0000
66.1700,6377.5858,-58.3758,-0.0000
66.1800,6377.0021,-58.3758,-0.0000
66.1900,6376.4183,-58.3758,-0.0000
66.2000,6375.8346,-58.3758,-0.0000
66.2100,6375.2508,-58.3758,-0.0000
66.2200,6374.6671,-58.3758,-0.0000
66.2300,6374.0833,-58.3758,-0.0000
66.2400,6373.4995,-58.3758,-0.0000
66.2500,6372.9158,-58.3758,-0.0000
66.2600,6372.3320,-58.3758,-0.0000
66.2700,6371.7483,-58.3758,-0.0000
66.2800,6371.1645,-58.3758,-0.0000
66.2900,6370.5807,-58.3758,-0.0000
66.3000,6369.9970,-58.3758,-0.0000
66.3100,6369.4132,-58.3758,-0.0000
66.3200,6368.8295,-58.3758,-0.0000
66.3300,6368.2457,-58.3758,-0.0000
66.3400,6367.6620,-58.3758,-0.0000
66.3500,6367.0782,-58.3758,-0.0000
66.3600,6366.4944,-58.3758,-0.0000
66.3700,6365.9107,-58.3758,-0.0000
66.3800,6365.3269,-58.3758,-0.0000
66.3900,6364.7432,-58.3758,-0.0000
66.4000,6364.1594,-58.3758,-0.0000
66.4100,6363.5757,-58.3758,-0.0000
66.4200,6362.9919,-58.3758,-0.0000
66.4300,6362.4081,-58.3758,-0.0000
66.4400,6361.8244,-58.3758,-0.0000
66.4500,6361.2406,-58.3758,-0.0000
66.4600,6360.6569,-58.3758,-0.0000
66.4700,6360.0731,-58.3758,-0.0000
66.4800,6359.4894,-58.3758,-0.0000
66.4900,6358.9056,-58.3758,-0.0000
66.5000,6358.3218,-58.3758,-0.0000
66.5100,6357.7381,-58.3758,-0.0000
66.5200,6357.1543,-58.3758,-0.0000
66.5300,6356.5706,-58.3758,-0.0000
66.5400,6355.9868,-58.3758,-0.0000
66.5500,6355.4031,-58.3758,-0.0000
66.5600,6354.8193,-58.3758,-0.0000
66.5700,6354.2355,-58.3758,-0.0000
66.5800,6353.6518,-58.3758,-0.0000
66.5900,6353.0680,-58.3758,-0.0000
66.6000,6352.4843,-58.3758,-0.0000
66.6100,6351.9005,-58.3758,-0.0000
66.6200,6351.3167,-58.3758,-0.0000
66.6300,6350.7330,-58.3758,-0.0000
66.6400,6350.1492,-58.3758,-0.0000
66.6500,6349.5655,-58.3758,-0.0000
66.6600,6348.9817,-58.3758,-0.0000
66.6700,6348.3980,-58.3758,-0.0000
66.6800,6347.8142,-58.3758,-0.0000
66.6900,6347.2304,-58.3758,-0.0000
66.7000,6346.6467,-58.3758,-0.0000
66.7100,6346.0629,-58.3758,-0.0000
66.7200,6345.4792,-58.3758,-0.0000
66.7300,6344.8954,-58.3758,-0.0000
66.7400,6344.3117,-58.3758,-0.0000
66.7500,6343.7279,-58.3758,-0.0000
66.7600,6343.1441,-58.3758,-0.0000
66.7700,6342.5604,-58.3758,-0.0000
66.7800,6341.9766,-58.3758,-0.0000
66.7900,6341.3929,-58.3758,-0.0000
66.8000,6340.8091,-58.3758,-0.0000
66.8100,6340.2254,-58.3758,-0.0000
66.8200,6339.6416,-58.3758,-0.0000
66.8300,6339.0578,-58.3758,-0.0000
66.8400,6338.4741,-58.3758,-0.0000
66.8500,6337.8903,-58.3758,-0.0000
66.8600,6337.3066,-58.3758,-0.0000
66.8700,6336.7228,-58.3758,-0.0000
66.8800,6336.1391,-58.3758,-0.0000
66.8900,6335.5553,-58.3758,-0.0000
66.9000,6334.9715,-58.3758,-0.0000
66.9100,6334.3878,-58.3758,-0.0000
66.9200,6333.8040,-58.3758,-0.0000
66.9300,6333.2203,-58.3758,-0.0000
66.9400,6332.6365,-58.3758,-0.0000
66.9500,6332.0527,-58.3758,-0.0000
66.9600,6331.4690,-58.3758,-0.0000
66.9700,6330.8852,-58.3758,-0.0000
66.9800,6330.3015,-58.3758,-0.0000
66.9900,6329.7177,-58.3758,-0.0000
67.0000,6329.1340,-58.3758,-0.0000
67.0100,6328.5502,-58.3758,-0.0000
67.0200,6327.9664,-58.3758,-0.0000
67.0300,6327.3827,-58.3758,-0.0000
67.0400,6326.7989,-58.3758,-0.0000
67.0500,6326.2152,-58.3758,-0.0000
67.0600,6325.6314,-58.3758,-0.0000
67.0700,6325.0477,-58.3758,-0.0000
67.0800,6324.4639,-58.3758,-0.0000
67.0900,6323.8801,-58.3758,-0.0000
67.1000,6323.2964,-58.3758,-0.0000
67.1100,6322.7126,-58.3758,-0.0000
67.1200,6322.1289,-58.3758,-0.0000
67.1300,6321.5451,-58.3758,-0.0000
67.1400,6320.9614,-58.3758,-0.0000
67.1500,6320.3776,-58.3758,-0.0000
67.1600,6319.7938,-58.3758,-0.0000
67.1700,6319.2101,-58.3758,-0.0000
67.1800,6318.6263,-58.3758,-0.0000
67.1900,6318.0426,-58.3758,-0.0000
67.2000,6317.4588,-58.3758,-0.0000
67.2100,6316.8751,-58.3758,-0.0000
67.2200,6316.2913,-58.3758,-0.0000
67.2300,6315.7075,-58.3758,-0.0000
67.2400,6315.1238,-58.3758,-0.0000
67.2500,6314.5400,-58.3758,-0.0000
67.2600,6313.9563,-58.3758,-0.0000
67.2700,6313.3725,-58.3758,-0.0000
67.2800,6312.7887,-58.3758,-0.0000
67.2900,6312.2050,-58.3758,-0.0000
67.3000,6311.6212,-58.3758,-0.0000
67.3100,6311.0375,-58.3758,-0.0000
67.3200,6310.4537,-58.3758,-0.0000
67.3300,6309.8700,-58.3758,-0.0000
67.3400,6309.2862,-58.3758,-0.0000
67.3500,6308.7024,-58.3758,-0.0000
67.3600,6308.1187,-58.3758,-0.0000
67.3700,6307.5349,-58.3758,-0.0000
67.3800,6306.9512,-58.3758,-0.0000
67.3900,6306.3674,-58.3758,-0.0000
67.4000,6305.7837,-58.3758,-0.0000
67.4100,6305.1999,-58.3758,-0.0000
67.4200,6304.6161,-58.3758,-0.0000
67.4300,6304.0324,-58.3758,-0.0000
67.4400,6303.4486,-58.3758,-0.0000
67.4500,6302.8649,-58.3758,-0.0000
67.4600,6302.2811,-58.3758,-0.0000
67.4700,6301.6974,-58.3758,-0.0000
67.4800,6301.1136,-58.3758,-0.0000
67.4900,6300.5298,-58.3758,-0.0000
67.5000,6299.9461,-58.3758,-0.0000
67.5100,6299.3623,-58.3758,-0.0000
67.5200,6298.7786,-58.3758,-0.0000
67.5300,6298.1948,-58.3758,-0.0000
67.5400,6297.6111,-58.3758,-0.0000
67.5500,6297.0273,-58.3758,-0.0000
67.5600,6296.4435,-58.3758,-0.0000
67.5700,6295.8598,-58.3758,-0.0000
67.5800,6295.2760,-58.3758,-0.0000
67.5900,6294.6923,-58.3758,-0.0000
67.6000,6294.1085,-58.3758,-0.0000
67.6100,6293.5247,-58.3758,-0.0000
67.6200,6292.9410,-58.3758,-0.0000
67.6300,6292.3572,-58.3758,-0.0000
67.6400,6291.7735,-58.3758,-0.0000
67.6500,6291.1897,-58.3758,-0.0000
67.6600,6290.6060,-58.3758,-0.0000
67.6700,6290.0222,-58.3758,-0.0000
67.6800,6289.4384,-58.3758,-0.0000
67.6900,6288.8547,-58.3758,-0.0000
67.7000,6288.2709,-58.3758,-0.0000
67.7100,6287.6872,-58.3758,-0.0000
67.7200,6287.1034,-58.3758,-0.0000
67.7300,6286.5197,-58.3758,-0.0000
67.7400,6285.9359,-58.3758,-0.0000
67.7500,6285.3521,-58.3758,-0.0000
67.7600,6284.7684,-58.3758,-0.0000
67.7700,6284.1846,-58.3758,-0.0000
67.7800,6283.6009,-58.3758,-0.0000
67.7900,6283.0171,-58.3758,-0.0000
67.8000,6282.4334,-58.3758,-0.0000
67.8100,6281.8496,-58.3758,-0.0000
67.8200,6281.2658,-58.3758,-0.0000
67.8300,6280.6821,-58.3758,-0.0000
67.8400,6280.0983,-58.3758,-0.0000
67.8500,6279.5146,-58.3758,-0.0000
67.8600,6278.9308,-58.3758,-0.0000
67.8700,6278.3471,-58.3758,-0.0000
67.8800,6277.7633,-58.3758,-0.0000
67.8900,6277.1795,-58.3758,-0.0000
67.9000,6276.5958,-58.3758,-0.0000
67.9100,6276.0120,-58.3758,-0.0000
67.9200,6275.4283,-58.3758,-0.0000
67.9300,6274.8445,-58.3758,-0.0000
67.9400,6274.2607,-58.3758,-0.0000
67.9500,6273.6770,-58.3758,-0.0000
67.9600,6273.0932,-58.3758,-0.0000
67.9700,6272.5095,-58.3758,-0.0000
67.9800,6271.9257,-58.3758,-0.0000
67.9900,6271.3420,-58.3758,-0.0000
68.0000,6270.7582,-58.3758,-0.0000
68.0100,6270.1744,-58.3758,-0.0000
68.0200,6269.5907,-58.3758,-0.0000
68.0300,6269.0069,-58.3758,-0.0000
68.0400,6268.4232,-58.3758,-0.0000
68.0500,6267.8394,-58.3758,-0.0000
68.0600,6267.2557,-58.3758,-0.0000
68.0700,6266.6719,-58.3758,-0.0000
68.0800,6266.0881,-58.3758,-0.0000
68.0900,6265.5044,-58.3758,-0.0000
68.1000,6264.9206,-58.3758,-0.0000
68.1100,6264.3369,-58.3758,-0.0000
68.1200,6263.7531,-58.3758,-0.0000
68.1300,6263.1694,-58.3758,-0.0000
68.1400,6262.5856,-58.3758,-0.0000
68.1500,6262.0018,-58.3758,-0.0000
68.1600,6261.4181,-58.3758,-0.0000
68.1700,6260.8343,-58.3758,-0.0000
68.1800,6260.2506,-58.3758,-0.0000
68.1900,6259.6668,-58.3758,-0.0000
68.2000,6259.0831,-58.3758,-0.0000
68.2100,6258.4993,-58.3758,-0.0000
68.2200,6257.9155,-58.3758,-0.0000
68.2300,6257.3318,-58.3758,-0.0000
68.2400,6256.7480,-58.3758,-0.0000
68.2500,6256.1643,-58.3758,-0.0000
68.2600,6255.5805,-58.3758,-0.0000
68.2700,6254.9967,-58.3758,-0.0000
68.2800,6254.4130,-58.3758,-0.0000
68.2900,6253.8292,-58.3758,-0.0000
68.3000,6253.2455,-58.3758,-0.0000
68.3100,6252.6617,-58.3758,-0.0000
68.3200,6252.0780,-58.3758,-0.0000
68.3300,6251.4942,-58.3758,-0.0000
68.3400,6250.9104,-58.3758,-0.0000
68.3500,6250.3267,-58.3758,-0.0000
68.3600,6249.7429,-58.3758,-0.0000
68.3700,6249.1592,-58.3758,-0.0000
68.3800,6248.5754,-58.3758,-0.0000
68.3900,6247.9917,-58.3758,-0.0000
68.4000,6247.4079,-58.3758,-0.0000
68.4100,6246.8241,-58.3758,-0.0000
68.4200,6246.2404,-58.3758,-0.0000
68.4300,6245.6566,-58.3758,-0.0000
68.4400,6245.0729,-58.3758,-0.0000
68.4500,6244.4891,-58.3758,-0.0000
68.4600,6243.9054,-58.3758,-0.0000
68.4700,6243.3216,-58.3758,-0.0000
68.4800,6242.7378,-58.3758,-0.0000
68.4900,6242.1541,-58.3758,-0.0000
68.5000,6241.5703,-58.3758,-0.0000
68.5100,6240.9866,-58.3758,-0.0000
68.5200,6240.4028,-58.3758,-0.0000
68.5300,6239.8191,-58.3758,-0.0000
68.5400,6239.2353,-58.3758,-0.0000
68.5500,6238.6515,-58.3758,-0.0000
68.5600,6238.0678,-58.3758,-0.0000
68.5700,6237.4840,-58.3758,-0.0000
68.5800,6236.9003,-58.3758,-0.0000
68.5900,6236.3165,-58.3758,-0.0000
68.6000,6235.7327,-58.3758,-0.0000
68.6100,6235.1490,-58.3758,-0.0000
68.6200,6234.5652,-58.3758,-0.0000
68.6300,6233.9815,-58.3758,-0.0000
68.6400,6233.3977,-58.3758,-0.0000
68.6500,6232.8140,-58.3758,-0.0000
68.6600,6232.2302,-58.3758,-0.0000
68.6700,6231.6464,-58.3758,-0.0000
68.6800,6231.0627,-58.3758,-0.0000
68.6900,6230.4789,-58.3758,-0.0000
68.7000,6229.8952,-58.3758,-0.0000
68.7100,6229.3114,-58.3758,-0.0000
68.7200,6228.7277,-58.3758,-0.0000
68.7300,6228.1439,-58.3758,-0.0000
68.7400,6227.5601,-58.3758,-0.0000
68.7500,6226.9764,-58.3758,-0.0000
68.7600,6226.3926,-58.3758,-0.0000
68.7700,6225.8089,-58.3758,-0.0000
68.7800,6225.2251,-58.3758,-0.0000
68.7900,6224.6414,-58.3758,-0.0000
68.8000,6224.0576,-58.3758,-0.0000
68.8100,6223.4738,-58.3758,-0.0000
68.8200,6222.8901,-58.3758,-0.0000
68.8300,6222.3063,-58.3758,-0.0000
68.8400,6221.7226,-58.3758,-0.0000
68.8500,6221.1388,-58.3758,-0.0000
68.8600,6220.5551,-58.3758,-0.0000
68.8700,6219.9713,-58.3758,-0.0000
68.8800,6219.3875,-58.3758,-0.0000
68.8900,6218.8038,-58.3758,-0.0000
68.9000,6218.2200,-58.3758,-0.0000
68.9100,6217.6363,-58.3758,-0.0000
68.9200,6217.0525,-58.3758,-0.0000
68.9300,6216.4687,-58.3758,-0.0000
68.9400,6215.8850,-58.3758,-0.0000
68.9500,6215.3012,-58.3758,-0.0000
68.9600,6214.7175,-58.3758,-0.0000
68.9700,6214.1337,-58.3758,-0.0000
68.9800,6213.5500,-58.3758,-0.0000
68.9900,6212.9662,-58.3758,-0.0000
69.0000,6212.3824,-58.3758,-0.0000
69.0100,6211.7987,-58.3758,-0.0000
69.0200,6211.2149,-58.3758,-0.0000
69.0300,6210.6312,-58.3758,-0.0000
69.0400,6210.0474,-58.3758,-0.0000
69.0500,6209.4637,-58.3758,-0.0000
69.0600,6208.8799,-58.3758,-0.0000
69.0700,6208.2961,-58.3758,-0.0000
69.0800,6207.7124,-58.3758,-0.0000
69.0900,6207.1286,-58.3758,-0.0000
69.1000,6206.5449,-58.3758,-0.0000
69.1100,6205.9611,-58.3758,-0.0000
69.1200,6205.3774,-58.3758,-0.0000
69.1300,6204.7936,-58.3758,-0.0000
69.1400,6204.2098,-58.3758,-0.0000
69.1500,6203.6261,-58.3758,-0.0000
69.1600,6203.0423,-58.3758,-0.0000
69.1700,6202.4586,-58.3758,-0.0000
69.1800,6201.8748,-58.3758,-0.0000
69.1900,6201.2911,-58.3758,-0.0000
69.2000,6200.7073,-58.3758,-0.0000
69.2100,6200.1235,-58.3758,-0.0000
69.2200,6199.5398,-58.3758,-0.0000
69.2300,6198.9560,-58.3758,-0.0000
69.2400,6198.3723,-58.3758,-0.0000
69.2500,6197.7885,-58.3758,-0.0000
69.2600,6197.2047,-58.3758,-0.0000
69.2700,6196.6210,-58.3758,-0.0000
69.2800,6196.0372,-58.3758,-0.0000
69.2900,6195.4535,-58.3758,-0.0000
69.3000,6194.8697,-58.3758,-0.0000
69.3100,6194.2860,-58.3758,-0.0000
69.3200,6193.7022,-58.3758,-0.0000
69.3300,6193.1184,-58.3758,-0.0000
69.3400,6192.5347,-58.3758,-0.0000
69.3500,6191.9509,-58.3758,-0.0000
69.3600,6191.3672,-58.3758,-0.0000
69.3700,6190.7834,-58.3758,-0.0000
69.3800,6190.1997,-58.3758,-0.0000
69.3900,6189.6159,-58.3758,-0.0000
69.4000,6189.0321,-58.3758,-0.0000
69.4100,6188.4484,-58.3758,-0.0000
69.4200,6187.8646,-58.3758,-0.0000
69.4300,6187.2809,-58.3758,-0.0000
69.4400,6186.6971,-58.3758,-0.0000
69.4500,6186.1134,-58.3758,-0.0000
69.4600,6185.5296,-58.3758,-0.0000
69.4700,6184.9458,-58.3758,-0.0000
69.4800,6184.3621,-58.3758,-0.0000
69.4900,6183.7783,-58.3758,-0.0000
69.5000,6183.1946,-58.3758,-0.0000
69.5100,6182.6108,-58.3758,-0.0000
69.5200,6182.0271,-58.3758,-0.0000
69.5300,6181.4433,-58.3758,-0.0000
69.5400,6180.8595,-58.3758,-0.0000
69.5500,6180.2758,-58.3758,-0.0000
69.5600,6179.6920,-58.3758,-0.0000
69.5700,6179.1083,-58.3758,-0.0000
69.5800,6178.5245,-58.3758,-0.0000
69.5900,6177.9407,-58.3758,-0.0000
69.6000,6177.3570,-58.3758,-0.0000
69.6100,6176.7732,-58.3758,-0.0000
69.6200,6176.1895,-58.3758,-0.0000
69.6300,6175.6057,-58.3758,-0.0000
69.6400,6175.0220,-58.3758,-0.0000
69.6500,6174.4382,-58.3758,-0.0000
69.6600,6173.8544,-58.3758,-0.0000
69.6700,6173.2707,-58.3758,-0.0000
69.6800,6172.6869,-58.3758,-0.0000
69.6900,6172.1032,-58.3758,-0.0000
69.7000,6171.5194,-58.3758,-0.0000
69.7100,6170.9357,-58.3758,-0.0000
69.7200,6170.3519,-58.3758,-0.0000
69.7300,6169.7681,-58.3758,-0.0000
69.7400,6169.1844,-58.3758,-0.0000
69.7500,6168.6006,-58.3758,-0.0000
69.7600,6168.0169,-58.3758,-0.0000
69.7700,6167.4331,-58.3758,-0.0000
69.7800,6166.8494,-58.3758,-0.0000
69.7900,6166.2656,-58.3758,-0.0000
69.8000,6165.6818,-58.3758,-0.0000
69.8100,6165.0981,-58.3758,-0.0000
69.8200,6164.5143,-58.3758,-0.0000
69.8300,6163.9306,-58.3758,-0.0000
69.8400,6163.3468,-58.3758,-0.0000
69.8500,6162.7631,-58.3758,-0.0000
69.8600,6162.1793,-58.3758,-0.0000
69.8700,6161.5955,-58.3758,-0.0000
69.8800,6161.0118,-58.3758,-0.0000
69.8900,6160.4280,-58.3758,-0.0000
69.9000,6159.8443,-58.3758,-0.0000
69.9100,6159.2605,-58.3758,-0.0000
69.9200,6158.6767,-58.3758,-0.0000
69.9300,6158.0930,-58.3758,-0.0000
69.9400,6157.5092,-58.3758,-0.0000
69.9500,6156.9255,-58.3758,-0.0000
69.9600,6156.3417,-58.3758,-0.0000
69.9700,6155.7580,-58.3758,-0.0000
69.9800,6155.1742,-58.3758,-0.0000
69.9900,6154.5904,-58.3758,-0.0000
70.0000,6154.0067,-58.3758,-0.0000
70.0100,6153.4229,-58.3758,-0.0000
70.0200,6152.8392,-58.3758,-0.0000
70.0300,6152.2554,-58.3758,-0.0000
70.0400,6151.6717,-58.3758,-0.0000
70.0500,6151.0879,-58.3758,-0.0000
70.0600,6150.5041,-58.3758,-0.0000
70.0700,6149.9204,-58.3758,-0.0000
70.0800,6149.3366,-58.3758,-0.0000
70.0900,6148.7529,-58.3758,-0.0000
70.1000,6148.1691,-58.3758,-0.0000
70.1100,6147.5854,-58.3758,-0.0000
70.1200,6147.0016,-58.3758,-0.0000
70.1300,6146.4178,-58.3758,-0.0000
70.1400,6145.8341,-58.3758,-0.0000
70.1500,6145.2503,-58.3758,-0.0000
70.1600,6144.6666,-58.3758,-0.0000
70.1700,6144.0828,-58.3758,-0.0000
70.1800,6143.4991,-58.3758,-0.0000
70.1900,6142.9153,-58.3758,-0.0000
70.2000,6142.3315,-58.3758,-0.0000
70.2100,6141.7478,-58.3758,-0.0000
70.2200,6141.1640,-58.3758,-0.0000
70.2300,6140.5803,-58.3758,-0.0000
70.2400,6139.9965,-58.3758,-0.0000
70.2500,6139.4127,-58.3758,-0.0000
70.2600,6138.8290,-58.3758,-0.0000
70.2700,6138.2452,-58.3758,-0.0000
70.2800,6137.6615,-58.3758,-0.0000
70.2900,6137.0777,-58.3758,-0.0000
70.3000,6136.4940,-58.3758,-0.0000
70.3100,6135.9102,-58.3758,-0.0000
70.3200,6135.3264,-58.3758,-0.0000
70.3300,6134.7427,-58.3758,-0.0000
70.3400,6134.1589,-58.3758,-0.0000
70.3500,6133.5752,-58.3758,-0.0000
70.3600,6132.9914,-58.3758,-0.0000
70.3700,6132.4077,-58.3758,-0.0000
70.3800,6131.8239,-58.3758,-0.0000
70.3900,6131.2401,-58.3758,-0.0000
70.4000,6130.6564,-58.3758,-0.0000
70.4100,6130.0726,-58.3758,-0.0000
70.4200,6129.4889,-58.3758,-0.0000
70.4300,6128.9051,-58.3758,-0.0000
70.4400,6128.3214,-58.3758,-0.0000
70.4500,6127.7376,-58.3758,-0.0000
70.4600,6127.1538,-58.3758,-0.0000
70.4700,6126.5701,-58.3758,-0.0000
70.4800,6125.9863,-58.3758,-0.0000
70.4900,6125.4026,-58.3758,-0.0000
70.5000,6124.8188,-58.3758,-0.0000
70.5100,6124.2351,-58.3758,-0.0000
70.5200,6123.6513,-58.3758,-0.0000
70.5300,6123.0675,-58.3758,-0.0000
70.5400,6122.4838,-58.3758,-0.0000
70.5500,6121.9000,-58.3758,-0.0000
70.5600,6121.3163,-58.3758,-0.0000
70.5700,6120.7325,-58.3758,-0.0000
70.5800,6120.1487,-58.3758,-0.0000
70.5900,6119.5650,-58.3758,-0.0000
70.6000,6118.9812,-58.3758,-0.0000
70.6100,6118.3975,-58.3758,-0.0000
70.6200,6117.8137,-58.3758,-0.0000
70.6300,6117.2300,-58.3758,-0.0000
70.6400,6116.6462,-58.3758,-0.0000
70.6500,6116.0624,-58.3758,-0.0000
70.6600,6115.4787,-58.3758,-0.0000
70.6700,6114.8949,-58.3758,-0.0000
70.6800,6114.3112,-58.3758,-0.0000
70.6900,6113.7274,-58.3758,-0.0000
70.7000,6113.1437,-58.3758,-0.0000
70.7100,6112.5599,-58.3758,-0.0000
70.7200,6111.9761,-58.3758,-0.0000
70.7300,6111.3924,-58.3758,-0.0000
70.7400,6110.8086,-58.3758,-0.0000
70.7500,6110.2249,-58.3758,-0.0000
70.7600,6109.6411,-58.3758,-0.0000
70.7700,6109.0574,-58.3758,-0.0000
70.7800,6108.4736,-58.3758,-0.0000
70.7900,6107.8898,-58.3758,-0.0000
70.8000,6107.3061,-58.3758,-0.0000
70.8100,6106.7223,-58.3758,-0.0000
70.8200,6106.1386,-58.3758,-0.0000
70.8300,6105.5548,-58.3758,-0.0000
70.8400,6104.9711,-58.3758,-0.0000
70.8500,6104.3873,-58.3758,-0.0000
70.8600,6103.8035,-58.3758,-0.0000
70.8700,6103.2198,-58.3758,-0.0000
70.8800,6102.6360,-58.3758,-0.0000
70.8900,6102.0523,-58.3758,-0.0000
70.9000,6101.4685,-58.3758,-0.0000
70.9100,6100.8847,-58.3758,-0.0000
70.9200,6100.3010,-58.3758,-0.0000
70.9300,6099.7172,-58.3758,-0.0000
70.9400,6099.1335,-58.3758,-0.0000
70.9500,6098.5497,-58.3758,-0.0000
70.9600,6097.9660,-58.3758,-0.0000
70.9700,6097.3822,-58.3758,-0.0000
70.9800,6096.7984,-58.3758,-0.0000
70.9900,6096.2147,-58.3758,-0.0000
71.0000,6095.6309,-58.3758,-0.0000
71.0100,6095.0472,-58.3758,-0.0000
71.0200,6094.4634,-58.3758,-0.0000
71.0300,6093.8797,-58.3758,-0.0000
71.0400,6093.2959,-58.3758,-0.0000
71.0500,6092.7121,-58.3758,-0.0000
71.0600,6092.1284,-58.3758,-0.0000
71.0700,6091.5446,-58.3758,-0.0000
71.0800,6090.9609,-58.3758,-0.0000
71.0900,6090.3771,-58.3758,-0.0000
71.1000,6089.7934,-58.3758,-0.0000
71.1100,6089.2096,-58.3758,-0.0000
71.1200,6088.6258,-58.3758,-0.0000
71.1300,6088.0421,-58.3758,-0.0000
71.1400,6087.4583,-58.3758,-0.0000
71.1500,6086.8746,-58.3758,-0.0000
71.1600,6086.2908,-58.3758,-0.0000
71.1700,6085.7071,-58.3758,-0.0000
71.1800,6085.1233,-58.3758,-0.0000
71.1900,6084.5395,-58.3758,-0.0000
71.2000,6083.9558,-58.3758,-0.0000
71.2100,6083.3720,-58.3758,-0.0000
71.2200,6082.7883,-58.3758,-0.0000
71.2300,6082.2045,-58.3758,-0.0000
71.2400,6081.6207,-58.3758,-0.0000
71.2500,6081.0370,-58.3758,-0.0000
71.2600,6080.4532,-58.3758,-0.0000
71.2700,6079.8695,-58.3758,-0.0000
71.2800,6079.2857,-58.3758,-0.0000
71.2900,6078.7020,-58.3758,-0.0000
71.3000,6078.1182,-58.3758,-0.0000
71.3100,6077.5344,-58.3758,-0.0000
71.3200,6076.9507,-58.3758,-0.0000
71.3300,6076.3669,-58.3758,-0.0000
71.3400,6075.7832,-58.3758,-0.0000
71.3500,6075.1994,-58.3758,-0.0000
71.3600,6074.6157,-58.3758,-0.0000
71.3700,6074.0319,-58.3758,-0.0000
71.3800,6073.4481,-58.3758,-0.0000
71.3900,6072.8644,-58.3758,-0.0000
71.4000,6072.2806,-58.3758,-0.0000
71.4100,6071.6969,-58.3758,-0.0000
71.4200,6071.1131,-58.3758,-0.0000
71.4300,6070.5294,-58.3758,-0.0000
71.4400,6069.9456,-58.3758,-0.0000
71.4500,6069.3618,-58.3758,-0.0000
71.4600,6068.7781,-58.3758,-0.0000
71.4700,6068.1943,-58.3758,-0.0000
71.4800,6067.6106,-58.3758,-0.0000
71.4900,6067.0268,-58.3758,-0.0000
71.5000,6066.4431,-58.3758,-0.0000
71.5100,6065.8593,-58.3758,-0.0000
71.5200,6065.2755,-58.3758,-0.0000
71.5300,6064.6918,-58.3758,-0.0000
71.5400,6064.1080,-58.3758,-0.0000
71.5500,6063.5243,-58.3758,-0.0000
71.5600,6062.9405,-58.3758,-0.0000
71.5700,6062.3567,-58.3758,-0.0000
71.5800,6061.7730,-58.3758,-0.0000
71.5900,6061.1892,-58.3758,-0.0000
71.6000,6060.6055,-58.3758,-0.0000
71.6100,6060.0217,-58.3758,-0.0000
71.6200,6059.4380,-58.3758,-0.0000
71.6300,6058.8542,-58.3758,-0.0000
71.6400,6058.2704,-58.3758,-0.0000
71.6500,6057.6867,-58.3758,-0.0000
71.6600,6057.1029,-58.3758,-0.0000
71.6700,6056.5192,-58.3758,-0.0000
71.6800,6055.9354,-58.3758,-0.0000
71.6900,6055.3517,-58.3758,-0.0000
71.7000,6054.7679,-58.3758,-0.0000
71.7100,6054.1841,-58.3758,-0.0000
71.7200,6053.6004,-58.3758,-0.0000
71.7300,6053.0166,-58.3758,-0.0000
71.7400,6052.4329,-58.3758,-0.0000
71.7500,6051.8491,-58.3758,-0.0000
71.7600,6051.2654,-58.3758,-0.0000
71.7700,6050.6816,-58.3758,-0.0000
71.7800,6050.0978,-58.3758,-0.0000
71.7900,6049.5141,-58.3758,-0.0000
71.8000,6048.9303,-58.3758,-0.0000
71.8100,6048.3466,-58.3758,-0.0000
71.8200,6047.7628,-58.3758,-0.0000
71.8300,6047.1791,-58.3758,-0.0000
71.8400,6046.5953,-58.3758,-0.0000
71.8500,6046.0115,-58.3758,-0.0000
71.8600,6045.4278,-58.3758,-0.0000
71.8700,6044.8440,-58.3758,-0.0000
71.8800,6044.2603,-58.3758,-0.0000
71.8900,6043.6765,-58.3758,-0.0000
71.9000,6043.0927,-58.3758,-0.0000
71.9100,6042.5090,-58.3758,-0.0000
71.9200,6041.9252,-58.3758,-0.0000
71.9300,6041.3415,-58.3758,-0.0000
71.9400,6040.7577,-58.3758,-0.0000
71.9500,6040.1740,-58.3758,-0.0000
71.9600,6039.5902,-58.3758,-0.0000
71.9700,6039.0064,-58.3758,-0.0000
71.9800,6038.4227,-58.3758,-0.0000
71.9900,6037.8389,-58.3758,-0.0000
72.0000,6037.2552,-58.3758,-0.0000
72.0100,6036.6714,-58.3758,-0.0000
72.0200,6036.0877,-58.3758,-0.0000
72.0300,6035.5039,-58.3758,-0.0000
72.0400,6034.9201,-58.3758,-0.0000
72.0500,6034.3364,-58.3758,-0.0000
72.0600,6033.7526,-58.3758,-0.0000
72.0700,6033.1689,-58.3758,-0.0000
72.0800,6032.5851,-58.3758,-0.0000
72.0900,6032.0014,-58.3758,-0.0000
72.1000,6031.4176,-58.3758,-0.0000
72.1100,6030.8338,-58.3758,-0.0000
72.1200,6030.2501,-58.3758,-0.0000
72.1300,6029.6663,-58.3758,-0.0000
72.1400,6029.0826,-58.3758,-0.0000
72.1500,6028.4988,-58.3758,-0.0000
72.1600,6027.9151,-58.3758,-0.0000
72.1700,6027.3313,-58.3758,-0.0000
72.1800,6026.7475,-58.3758,-0.0000
72.1900,6026.1638,-58.3758,-0.0000
72.2000,6025.5800,-58.3758,-0.0000
72.2100,6024.9963,-58.3758,-0.0000
72.2200,6024.4125,-58.3758,-0.0000
72.2300,6023.8287,-58.3758,-0.0000
72.2400,6023.2450,-58.3758,-0.0000
72.2500,6022.6612,-58.3758,-0.0000
72.2600,6022.0775,-58.3758,-0.0000
72.2700,6021.4937,-58.3758,-0.0000
72.2800,6020.9100,-58.3758,-0.0000
72.2900,6020.3262,-58.3758,-0.0000
72.3000,6019.7424,-58.3758,-0.0000
72.3100,6019.1587,-58.3758,-0.0000
72.3200,6018.5749,-58.3758,-0.0000
72.3300,6017.9912,-58.3758,-0.0000
72.3400,6017.4074,-58.3758,-0.0000
72.3500,6016.8237,-58.3758,-0.0000
72.3600,6016.2399,-58.3758,-0.0000
72.3700,6015.6561,-58.3758,-0.0000
72.3800,6015.0724,-58.3758,-0.0000
72.3900,6014.4886,-58.3758,-0.0000
72.4000,6013.9049,-58.3758,-0.0000
72.4100,6013.3211,-58.3758,-0.0000
72.4200,6012.7374,-58.3758,-0.0000
72.4300,6012.1536,-58.3758,-0.0000
72.4400,6011.5698,-58.3758,-0.0000
72.4500,6010.9861,-58.3758,-0.0000
72.4600,6010.4023,-58.3758,-0.0000
72.4700,6009.8186,-58.3758,-0.0000
72.4800,6009.2348,-58.3758,-0.0000
72.4900,6008.6511,-58.3758,-0.0000
72.5000,6008.0673,-58.3758,-0.0000
72.5100,6007.4835,-58.3758,-0.0000
72.5200,6006.8998,-58.3758,-0.0000
72.5300,6006.3160,-58.3758,-0.0000
72.5400,6005.7323,-58.3758,-0.0000
72.5500,6005.1485,-58.3758,-0.0000
72.5600,6004.5647,-58.3758,-0.0000
72.5700,6003.9810,-58.3758,-0.0000
72.5800,6003.3972,-58.3758,-0.0000
72.5900,6002.8135,-58.3758,-0.0000
72.6000,6002.2297,-58.3758,-0.0000
72.6100,6001.6460,-58.3758,-0.0000
72.6200,6001.0622,-58.3758,-0.0000
72.6300,6000.4784,-58.3758,-0.0000
72.6400,5999.8947,-58.3758,-0.0000
72.6500,5999.3109,-58.3758,-0.0000
72.6600,5998.7272,-58.3758,-0.0000
72.6700,5998.1434,-58.3758,-0.0000
72.6800,5997.5597,-58.3758,-0.0000
72.6900,5996.9759,-58.3758,-0.0000
72.7000,5996.3921,-58.3758,-0.0000
72.7100,5995.8084,-58.3758,-0.0000
72.7200,5995.2246,-58.3758,-0.0000
72.7300,5994.6409,-58.3758,-0.0000
72.7400,5994.0571,-58.3758,-0.0000
72.7500,5993.4734,-58.3758,-0.0000
72.7600,5992.8896,-58.3758,-0.0000
72.7700,5992.3058,-58.3758,-0.0000
72.7800,5991.7221,-58.3758,-0.0000
72.7900,5991.1383,-58.3758,-0.0000
72.8000,5990.5546,-58.3758,-0.0000
72.8100,5989.9708,-58.3758,-0.0000
72.8200,5989.3871,-58.3758,-0.0000
72.8300,5988.8033,-58.3758,-0.0000
72.8400,5988.2195,-58.3758,-0.0000
72.8500,5987.6358,-58.3758,-0.0000
72.8600,5987.0520,-58.3758,-0.0000
72.8700,5986.4683,-58.3758,-0.0000
72.8800,5985.8845,-58.3758,-0.0000
72.8900,5985.3007,-58.3758,-0.0000
72.9000,5984.7170,-58.3758,-0.0000
72.9100,5984.1332,-58.3758,-0.0000
72.9200,5983.5495,-58.3758,-0.0000
72.9300,5982.9657,-58.3758,-0.0000
72.9400,5982.3820,-58.3758,-0.0000
72.9500,5981.7982,-58.3758,-0.0000
72.9600,5981.2144,-58.3758,-0.0000
72.9700,5980.6307,-58.3758,-0.0000
72.9800,5980.0469,-58.3758,-0.0000
72.9900,5979.4632,-58.3758,-0.0000
73.0000,5978.8794,-58.3758,-0.0000
73.0100,5978.2957,-58.3758,-0.0000
73.0200,5977.7119,-58.3758,-0.0000
73.0300,5977.1281,-58.3758,-0.0000
73.0400,5976.5444,-58.3758,-0.0000
73.0500,5975.9606,-58.3758,-0.0000
73.0600,5975.3769,-58.3758,-0.0000
73.0700,5974.7931,-58.3758,-0.0000
73.0800,5974.2094,-58.3758,-0.0000
73.0900,5973.6256,-58.3758,-0.0000
73.1000,5973.0418,-58.3758,-0.0000
73.1100,5972.4581,-58.3758,-0.0000
73.1200,5971.8743,-58.3758,-0.0000
73.1300,5971.2906,-58.3758,-0.0000
73.1400,5970.7068,-58.3758,-0.0000
73.1500,5970.1231,-58.3758,-0.0000
73.1600,5969.5393,-58.3758,-0.0000
73.1700,5968.9555,-58.3758,-0.0000
73.1800,5968.3718,-58.3758,-0.0000
73.1900,5967.7880,-58.3758,-0.0000
73.2000,5967.2043,-58.3758,-0.0000
73.2100,5966.6205,-58.3758,-0.0000
73.2200,5966.0367,-58.3758,-0.0000
73.2300,5965.4530,-58.3758,-0.0000
73.2400,5964.8692,-58.3758,-0.0000
73.2500,5964.2855,-58.3758,-0.0000
73.2600,5963.7017,-58.3758,-0.0000
73.2700,5963.1180,-58.3758,-0.0000
73.2800,5962.5342,-58.3758,-0.0000
73.2900,5961.9504,-58.3758,-0.0000
73.3000,5961.3667,-58.3758,-0.0000
73.3100,5960.7829,-58.3758,-0.0000
73.3200,5960.1992,-58.3758,-0.0000
73.3300,5959.6154,-58.3758,-0.0000
73.3400,5959.0317,-58.3758,-0.0000
73.3500,5958.4479,-58.3758,-0.0000
73.3600,5957.8641,-58.3758,-0.0000
73.3700,5957.2804,-58.3758,-0.0000
73.3800,5956.6966,-58.3758,-0.0000
73.3900,5956.1129,-58.3758,-0.0000
73.4000,5955.5291,-58.3758,-0.0000
73.4100,5954.9454,-58.3758,-0.0000
73.4200,5954.3616,-58.3758,-0.0000
73.4300,5953.7778,-58.3758,-0.0000
73.4400,5953.1941,-58.3758,-0.0000
73.4500,5952.6103,-58.3758,-0.0000
73.4600,5952.0266,-58.3758,-0.0000
73.4700,5951.4428,-58.3758,-0.0000
73.4800,5950.8591,-58.3758,-0.0000
73.4900,5950.2753,-58.3758,-0.0000
73.5000,5949.6915,-58.3758,-0.0000
73.5100,5949.1078,-58.3758,-0.0000
73.5200,5948.5240,-58.3758,-0.0000
73.5300,5947.9403,-58.3758,-0.0000
73.5400,5947.3565,-58.3758,-0.0000
73.5500,5946.7727,-58.3758,-0.0000
73.5600,5946.1890,-58.3758,-0.0000
73.5700,5945.6052,-58.3758,-0.0000
73.5800,5945.0215,-58.3758,-0.0000
73.5900,5944.4377,-58.3758,-0.0000
73.6000,5943.8540,-58.3758,-0.0000
73.6100,5943.2702,-58.3758,-0.0000
73.6200,5942.6864,-58.3758,-0.0000
73.6300,5942.1027,-58.3758,-0.0000
73.6400,5941.5189,-58.3758,-0.0000
73.6500,5940.9352,-58.3758,-0.0000
73.6600,5940.3514,-58.3758,-0.0000
73.6700,5939.7677,-58.3758,-0.0000
73.6800,5939.1839,-58.3758,-0.0000
73.6900,5938.6001,-58.3758,-0.0000
73.7000,5938.0164,-58.3758,-0.0000
73.7100,5937.4326,-58.3758,-0.0000
73.7200,5936.8489,-58.3758,-0.0000
73.7300,5936.2651,-58.3758,-0.0000
73.7400,5935.6814,-58.3758,-0.0000
73.7500,5935.0976,-58.3758,-0.0000
73.7600,5934.5138,-58.3758,-0.0000
73.7700,5933.9301,-58.3758,-0.0000
73.7800,5933.3463,-58.3758,-0.0000
73.7900,5932.7626,-58.3758,-0.0000
73.8000,5932.1788,-58.3758,-0.0000
73.8100,5931.5951,-58.3758,-0.0000
73.8200,5931.0113,-58.3758,-0.0000
73.8300,5930.4275,-58.3758,-0.0000
73.8400,5929.8438,-58.3758,-0.0000
73.8500,5929.2600,-58.3758,-0.0000
73.8600,5928.6763,-58.3758,-0.0000
73.8700,5928.0925,-58.3758,-0.0000
73.8800,5927.5087,-58.3758,-0.0000
73.8900,5926.9250,-58.3758,-0.0000
73.9000,5926.3412,-58.3758,-0.0000
73.9100,5925.7575,-58.3758,-0.0000
73.9200,5925.1737,-58.3758,-0.0000
73.9300,5924.5900,-58.3758,-0.0000
73.9400,5924.0062,-58.3758,-0.0000
73.9500,5923.4224,-58.3758,-0.0000
73.9600,5922.8387,-58.3758,-0.0000
73.9700,5922.2549,-58.3758,-0.0000
73.9800,5921.6712,-58.3758,-0.0000
73.9900,5921.0874,-58.3758,-0.0000
74.0000,5920.5037,-58.3758,-0.0000
74.0100,5919.9199,-58.3758,-0.0000
74.0200,5919.3361,-58.3758,-0.0000
74.0300,5918.7524,-58.3758,-0.0000
74.0400,5918.1686,-58.3758,-0.0000
74.0500,5917.5849,-58.3758,-0.0000
74.0600,5917.0011,-58.3758,-0.0000
74.0700,5916.4174,-58.3758,-0.0000
74.0800,5915.8336,-58.3758,-0.0000
74.0900,5915.2498,-58.3758,-0.0000
74.1000,5914.6661,-58.3758,-0.0000
74.1100,5914.0823,-58.3758,-0.0000
74.1200,5913.4986,-58.3758,-0.0000
74.1300,5912.9148,-58.3758,-0.0000
74.1400,5912.3311,-58.3758,-0.0000
74.1500,5911.7473,-58.3758,-0.0000
74.1600,5911.1635,-58.3758,-0.0000
74.1700,5910.5798,-58.3758,-0.0000
74.1800,5909.9960,-58.3758,-0.0000
74.1900,5909.4123,-58.3758,-0.0000
74.2000,5908.8285,-58.3758,-0.0000
74.2100,5908.2447,-58.3758,-0.0000
74.2200,5907.6610,-58.3758,-0.0000
74.2300,5907.0772,-58.3758,-0.0000
74.2400,5906.4935,-58.3758,-0.0000
74.2500,5905.9097,-58.3758,-0.0000
74.2600,5905.3260,-58.3758,-0.0000
74.2700,5904.7422,-58.3758,-0.0000
74.2800,5904.1584,-58.3758,-0.0000
74.2900,5903.5747,-58.3758,-0.0000
74.3000,5902.9909,-58.3758,-0.0000
74.3100,5902.4072,-58.3758,-0.0000
74.3200,5901.8234,-58.3758,-0.0000
74.3300,5901.2397,-58.3758,-0.0000
74.3400,5900.6559,-58.3758,-0.0000
74.3500,5900.0721,-58.3758,-0.0000
74.3600,5899.4884,-58.3758,-0.0000
74.3700,5898.9046,-58.3758,-0.0000
74.3800,5898.3209,-58.3758,-0.0000
74.3900,5897.7371,-58.3758,-0.0000
74.4000,5897.1534,-58.3758,-0.0000
74.4100,5896.5696,-58.3758,-0.0000
74.4200,5895.9858,-58.3758,-0.0000
74.4300,5895.4021,-58.3758,-0.0000
74.4400,5894.8183,-58.3758,-0.0000
74.4500,5894.2346,-58.3758,-0.0000
74.4600,5893.6508,-58.3758,-0.0000
74.4700,5893.0671,-58.3758,-0.0000
74.4800,5892.4833,-58.3758,-0.0000
74.4900,5891.8995,-58.3758,-0.0000
74.5000,5891.3158,-58.3758,-0.0000
74.5100,5890.7320,-58.3758,-0.0000
74.5200,5890.1483,-58.3758,-0.0000
74.5300,5889.5645,-58.3758,-0.0000
74.5400,5888.9807,-58.3758,-0.0000
74.5500,5888.3970,-58.3758,-0.0000
74.5600,5887.8132,-58.3758,-0.0000
74.5700,5887.2295,-58.3758,-0.0000
74.5800,5886.6457,-58.3758,-0.0000
74.5900,5886.0620,-58.3758,-0.0000
74.6000,5885.4782,-58.3758,-0.0000
74.6100,5884.8944,-58.3758,-0.0000
74.6200,5884.3107,-58.3758,-0.0000
74.6300,5883.7269,-58.3758,-0.0000
74.6400,5883.1432,-58.3758,-0.0000
74.6500,5882.5594,-58.3758,-0.0000
74.6600,5881.9757,-58.3758,-0.0000
74.6700,5881.3919,-58.3758,-0.0000
74.6800,5880.8081,-58.3758,-0.0000
74.6900,5880.2244,-58.3758,-0.0000
74.7000,5879.6406,-58.3758,-0.0000
74.7100,5879.0569,-58.3758,-0.0000
74.7200,5878.4731,-58.3758,-0.0000
74.7300,5877.8894,-58.3758,-0.0000
74.7400,5877.3056,-58.3758,-0.0000
74.7500,5876.7218,-58.3758,-0.0000
74.7600,5876.1381,-58.3758,-0.0000
74.7700,5875.5543,-58.3758,-0.0000
74.7800,5874.9706,-58.3758,-0.0000
74.7900,5874.3868,-58.3758,-0.0000
74.8000,5873.8031,-58.3758,-0.0000
74.8100,5873.2193,-58.3758,-0.0000
74.8200,5872.6355,-58.3758,-0.0000
74.8300,5872.0518,-58.3758,-0.0000
74.8400,5871.4680,-58.3758,-0.0000
74.8500,5870.8843,-58.3758,-0.0000
74.8600,5870.3005,-58.3758,-0.0000
74.8700,5869.7167,-58.3758,-0.0000
74.8800,5869.1330,-58.3758,-0.0000
74.8900,5868.5492,-58.3758,-0.0000
74.9000,5867.9655,-58.3758,-0.0000
74.9100,5867.3817,-58.3758,-0.0000
74.9200,5866.7980,-58.3758,-0.0000
74.9300,5866.2142,-58.3758,-0.0000
74.9400,5865.6304,-58.3758,-0.0000
74.9500,5865.0467,-58.3758,-0.0000
74.9600,5864.4629,-58.3758,-0.0000
74.9700,5863.8792,-58.3758,-0.0000
74.9800,5863.2954,-58.3758,-0.0000
74.9900,5862.7117,-58.3758,-0.0000
75.0000,5862.1279,-58.3758,-0.0000
75.0100,5861.5441,-58.3758,-0.0000
75.0200,5860.9604,-58.3758,-0.0000
75.0300,5860.3766,-58.3758,-0.0000
75.0400,5859.7929,-58.3758,-0.0000
75.0500,5859.2091,-58.3758,-0.0000
75.0600,5858.6254,-58.3758,-0.0000
75.0700,5858.0416,-58.3758,-0.0000
75.0800,5857.4578,-58.3758,-0.0000
75.0900,5856.8741,-58.3758,-0.0000
75.1000,5856.2903,-58.3758,-0.0000
75.1100,5855.7066,-58.3758,-0.0000
75.1200,5855.1228,-58.3758,-0.0000
75.1300,5854.5391,-58.3758,-0.0000
75.1400,5853.9553,-58.3758,-0.0000
75.1500,5853.3715,-58.3758,-0.0000
75.1600,5852.7878,-58.3758,-0.0000
75.1700,5852.2040,-58.3758,-0.0000
75.1800,5851.6203,-58.3758,-0.0000
75.1900,5851.0365,-58.3758,-0.0000
75.2000,5850.4527,-58.3758,-0.0000
75.2100,5849.8690,-58.3758,-0.0000
75.2200,5849.2852,-58.3758,-0.0000
75.2300,5848.7015,-58.3758,-0.0000
75.2400,5848.1177,-58.3758,-0.0000
75.2500,5847.5340,-58.3758,-0.0000
75.2600,5846.9502,-58.3758,-0.0000
75.2700,5846.3664,-58.3758,-0.0000
75.2800,5845.7827,-58.3758,-0.0000
75.2900,5845.1989,-58.3758,-0.0000
75.3000,5844.6152,-58.3758,-0.0000
75.3100,5844.0314,-58.3758,-0.0000
75.3200,5843.4477,-58.3758,-0.0000
75.3300,5842.8639,-58.3758,-0.0000
75.3400,5842.2801,-58.3758,-0.0000
75.3500,5841.6964,-58.3758,-0.0000
75.3600,5841.1126,-58.3758,-0.0000
75.3700,5840.5289,-58.3758,-0.0000
75.3800,5839.9451,-58.3758,-0.0000
75.3900,5839.3614,-58.3758,-0.0000
75.4000,5838.7776,-58.3758,-0.0000
75.4100,5838.1938,-58.3758,-0.0000
75.4200,5837.6101,-58.3758,-0.0000
75.4300,5837.0263,-58.3758,-0.0000
75.4400,5836.4426,-58.3758,-0.0000
75.4500,5835.8588,-58.3758,-0.0000
75.4600,5835.2751,-58.3758,-0.0000
75.4700,5834.6913,-58.3758,-0.0000
75.4800,5834.1075,-58.3758,-0.0000
75.4900,5833.5238,-58.3758,-0.0000
75.5000,5832.9400,-58.3758,-0.0000
75.5100,5832.3563,-58.3758,-0.0000
75.5200,5831.7725,-58.3758,-0.0000
75.5300,5831.1887,-58.3758,-0.0000
75.5400,5830.6050,-58.3758,-0.0000
75.5500,5830.0212,-58.3758,-0.0000
75.5600,5829.4375,-58.3758,-0.0000
75.5700,5828.8537,-58.3758,-0.0000
75.5800,5828.2700,-58.3758,-0.0000
75.5900,5827.6862,-58.3758,-0.0000
75.6000,5827.1024,-58.3758,-0.0000
75.6100,5826.5187,-58.3758,-0.0000
75.6200,5825.9349,-58.3758,-0.0000
75.6300,5825.3512,-58.3758,-0.0000
75.6400,5824.7674,-58.3758,-0.0000
75.6500,5824.1837,-58.3758,-0.0000
75.6600,5823.5999,-58.3758,-0.0000
75.6700,5823.0161,-58.3758,-0.0000
75.6800,5822.4324,-58.3758,-0.0000
75.6900,5821.8486,-58.3758,-0.0000
75.7000,5821.2649,-58.3758,-0.0000
75.7100,5820.6811,-58.3758,-0.0000
75.7200,5820.0974,-58.3758,-0.0000
75.7300,5819.5136,-58.3758,-0.0000
75.7400,5818.9298,-58.3758,-0.0000
75.7500,5818.3461,-58.3758,-0.0000
75.7600,5817.7623,-58.3758,-0.0000
75.7700,5817.1786,-58.3758,-0.0000
75.7800,5816.5948,-58.3758,-0.0000
75.7900,5816.0111,-58.3758,-0.0000
75.8000,5815.4273,-58.3758,-0.0000
75.8100,5814.8435,-58.3758,-0.0000
75.8200,5814.2598,-58.3758,-0.0000
75.8300,5813.6760,-58.3758,-0.0000
75.8400,5813.0923,-58.3758,-0.0000
75.8500,5812.5085,-58.3758,-0.0000
75.8600,5811.9247,-58.3758,-0.0000
75.8700,5811.3410,-58.3758,-0.0000
75.8800,5810.7572,-58.3758,-0.0000
75.8900,5810.1735,-58.3758,-0.0000
75.9000,5809.5897,-58.3758,-0.0000
75.9100,5809.0060,-58.3758,-0.0000
75.9200,5808.4222,-58.3758,-0.0000
75.9300,5807.8384,-58.3758,-0.0000
75.9400,5807.2547,-58.3758,-0.0000
75.9500,5806.6709,-58.3758,-0.0000
75.9600,5806.0872,-58.3758,-0.0000
75.9700,5805.5034,-58.3758,-0.0000
75.9800,5804.9197,-58.3758,-0.0000
75.9900,5804.3359,-58.3758,-0.0000
76.0000,5803.7521,-58.3758,-0.0000
76.0100,5803.1684,-58.3758,-0.0000
76.0200,5802.5846,-58.3758,-0.0000
76.0300,5802.0009,-58.3758,-0.0000
76.0400,5801.4171,-58.3758,-0.0000
76.0500,5800.8334,-58.3758,-0.0000
76.0600,5800.2496,-58.3758,-0.0000
76.0700,5799.6658,-58.3758,-0.0000
76.0800,5799.0821,-58.3758,-0.0000
76.0900,5798.4983,-58.3758,-0.0000
76.1000,5797.9146,-58.3758,-0.0000
76.1100,5797.3308,-58.3758,-0.0000
76.1200,5796.7471,-58.3758,-0.0000
76.1300,5796.1633,-58.3758,-0.0000
76.1400,5795.5795,-58.3758,-0.0000
76.1500,5794.9958,-58.3758,-0.0000
76.1600,5794.4120,-58.3758,-0.0000
76.1700,5793.8283,-58.3758,-0.0000
76.1800,5793.2445,-58.3758,-0.0000
76.1900,5792.6607,-58.3758,-0.0000
76.2000,5792.0770,-58.3758,-0.0000
76.2100,5791.4932,-58.3758,-0.0000
76.2200,5790.9095,-58.3758,-0.0000
76.2300,5790.3257,-58.3758,-0.0000
76.2400,5789.7420,-58.3758,-0.0000
76.2500,5789.1582,-58.3758,-0.0000
76.2600,5788.5744,-58.3758,-0.0000
76.2700,5787.9907,-58.3758,-0.0000
76.2800,5787.4069,-58.3758,-0.0000
76.2900,5786.8232,-58.3758,-0.0000
76.3000,5786.2394,-58.3758,-0.0000
76.3100,5785.6557,-58.3758,-0.0000
76.3200,5785.0719,-58.3758,-0.0000
76.3300,5784.4881,-58.3758,-0.0000
76.3400,5783.9044,-58.3758,-0.0000
76.3500,5783.3206,-58.3758,-0.0000
76.3600,5782.7369,-58.3758,-0.0000
76.3700,5782.1531,-58.3758,-0.0000
76.3800,5781.5694,-58.3758,-0.0000
76.3900,5780.9856,-58.3758,-0.0000
76.4000,5780.4018,-58.3758,-0.0000
76.4100,5779.8181,-58.3758,-0.0000
76.4200,5779.2343,-58.3758,-0.0000
76.4300,5778.6506,-58.3758,-0.0000
76.4400,5778.0668,-58.3758,-0.0000
76.4500,5777.4831,-58.3758,-0.0000
76.4600,5776.8993,-58.3758,-0.0000
76.4700,5776.3155,-58.3758,-0.0000
76.4800,5775.7318,-58.3758,-0.0000
76.4900,5775.1480,-58.3758,-0.0000
76.5000,5774.5643,-58.3758,-0.0000
76.5100,5773.9805,-58.3758,-0.0000
76.5200,5773.3967,-58.3758,-0.0000
76.5300,5772.8130,-58.3758,-0.0000
76.5400,5772.2292,-58.3758,-0.0000
76.5500,5771.6455,-58.3758,-0.0000
76.5600,5771.0617,-58.3758,-0.0000
76.5700,5770.4780,-58.3758,-0.0000
76.5800,5769.8942,-58.3758,-0.0000
76.5900,5769.3104,-58.3758,-0.0000
76.6000,5768.7267,-58.3758,-0.0000
76.6100,5768.1429,-58.3758,-0.0000
76.6200,5767.5592,-58.3758,-0.0000
76.6300,5766.9754,-58.3758,-0.0000
76.6400,5766.3917,-58.3758,-0.0000
76.6500,5765.8079,-58.3758,-0.0000
76.6600,5765.2241,-58.3758,-0.0000
76.6700,5764.6404,-58.3758,-0.0000
76.6800,5764.0566,-58.3758,-0.0000
76.6900,5763.4729,-58.3758,-0.0000
76.7000,5762.8891,-58.3758,-0.0000
76.7100,5762.3054,-58.3758,-0.0000
76.7200,5761.7216,-58.3758,-0.0000
76.7300,5761.1378,-58.3758,-0.0000
76.7400,5760.5541,-58.3758,-0.0000
76.7500,5759.9703,-58.3758,-0.0000
76.7600,5759.3866,-58.3758,-0.0000
76.7700,5758.8028,-58.3758,-0.0000
76.7800,5758.2191,-58.3758,-0.0000
76.7900,5757.6353,-58.3758,-0.0000
76.8000,5757.0515,-58.3758,-0.0000
76.8100,5756.4678,-58.3758,-0.0000
76.8200,5755.8840,-58.3758,-0.0000
76.8300,5755.3003,-58.3758,-0.0000
76.8400,5754.7165,-58.3758,-0.0000
76.8500,5754.1327,-58.3758,-0.0000
76.8600,5753.5490,-58.3758,-0.0000
76.8700,5752.9652,-58.3758,-0.0000
76.8800,5752.3815,-58.3758,-0.0000
76.8900,5751.7977,-58.3758,-0.0000
76.9000,5751.2140,-58.3758,-0.0000
76.9100,5750.6302,-58.3758,-0.0000
76.9200,5750.0464,-58.3758,-0.0000
76.9300,5749.4627,-58.3758,-0.0000
76.9400,5748.8789,-58.3758,-0.0000
76.9500,5748.2952,-58.3758,-0.0000
76.9600,5747.7114,-58.3758,-0.0000
76.9700,5747.1277,-58.3758,-0.0000
76.9800,5746.5439,-58.3758,-0.0000
76.9900,5745.9601,-58.3758,-0.0000
77.0000,5745.3764,-58.3758,-0.0000
77.0100,5744.7926,-58.3758,-0.0000
77.0200,5744.2089,-58.3758,-0.0000
77.0300,5743.6251,-58.3758,-0.0000
77.0400,5743.0414,-58.3758,-0.0000
77.0500,5742.4576,-58.3758,-0.0000
77.0600,5741.8738,-58.3758,-0.0000
77.0700,5741.2901,-58.3758,-0.0000
77.0800,5740.7063,-58.3758,-0.0000
77.0900,5740.1226,-58.3758,-0.0000
77.1000,5739.5388,-58.3758,-0.0000
77.1100,5738.9551,-58.3758,-0.0000
77.1200,5738.3713,-58.3758,-0.0000
77.1300,5737.7875,-58.3758,-0.0000
77.1400,5737.2038,-58.3758,-0.0000
77.1500,5736.6200,-58.3758,-0.0000
77.1600,5736.0363,-58.3758,-0.0000
77.1700,5735.4525,-58.3758,-0.0000
77.1800,5734.8687,-58.3758,-0.0000
77.1900,5734.2850,-58.3758,-0.0000
77.2000,5733.7012,-58.3758,-0.0000
77.2100,5733.1175,-58.3758,-0.0000
77.2200,5732.5337,-58.3758,-0.0000
77.2300,5731.9500,-58.3758,-0.0000
77.2400,5731.3662,-58.3758,-0.0000
77.2500,5730.7824,-58.3758,-0.0000
77.2600,5730.1987,-58.3758,-0.0000
77.2700,5729.6149,-58.3758,-0.0000
77.2800,5729.0312,-58.3758,-0.0000
77.2900,5728.4474,-58.3758,-0.0000
77.3000,5727.8637,-58.3758,-0.0000
77.3100,5727.2799,-58.3758,-0.0000
77.3200,5726.6961,-58.3758,-0.0000
77.3300,5726.1124,-58.3758,-0.0000
77.3400,5725.5286,-58.3758,-0.0000
77.3500,5724.9449,-58.3758,-0.0000
77.3600,5724.3611,-58.3758,-0.0000
77.3700,5723.7774,-58.3758,-0.0000
77.3800,5723.1936,-58.3758,-0.0000
77.3900,5722.6098,-58.3758,-0.0000
77.4000,5722.0261,-58.3758,-0.0000
77.4100,5721.4423,-58.3758,-0.0000
77.4200,5720.8586,-58.3758,-0.0000
77.4300,5720.2748,-58.3758,-0.0000
77.4400,5719.6911,-58.3758,-0.0000
77.4500,5719.1073,-58.3758,-0.0000
77.4600,5718.5235,-58.3758,-0.0000
77.4700,5717.9398,-58.3758,-0.0000
77.4800,5717.3560,-58.3758,-0.0000
77.4900,5716.7723,-58.3758,-0.0000
77.5000,5716.1885,-58.3758,-0.0000
77.5100,5715.6047,-58.3758,-0.0000
77.5200,5715.0210,-58.3758,-0.0000
77.5300,5714.4372,-58.3758,-0.0000
77.5400,5713.8535,-58.3758,-0.0000
77.5500,5713.2697,-58.3758,-0.0000
77.5600,5712.6860,-58.3758,-0.0000
77.5700,5712.1022,-58.3758,-0.0000
77.5800,5711.5184,-58.3758,-0.0000
77.5900,5710.9347,-58.3758,-0.0000
77.6000,5710.3509,-58.3758,-0.0000
77.6100,5709.7672,-58.3758,-0.0000
77.6200,5709.1834,-58.3758,-0.0000
77.6300,5708.5997,-58.3758,-0.0000
77.6400,5708.0159,-58.3758,-0.0000
77.6500,5707.4321,-58.3758,-0.0000
77.6600,5706.8484,-58.3758,-0.0000
77.6700,5706.2646,-58.3758,-0.0000
77.6800,5705.6809,-58.3758,-0.0000
77.6900,5705.0971,-58.3758,-0.0000
77.7000,5704.5134,-58.3758,-0.0000
77.7100,5703.9296,-58.3758,-0.0000
77.7200,5703.3458,-58.3758,-0.0000
77.7300,5702.7621,-58.3758,-0.0000
77.7400,5702.1783,-58.3758,-0.0000
77.7500,5701.5946,-58.3758,-0.0000
77.7600,5701.0108,-58.3758,-0.0000
77.7700,5700.4271,-58.3758,-0.0000
77.7800,5699.8433,-58.3758,-0.0000
77.7900,5699.2595,-58.3758,-0.0000
77.8000,5698.6758,-58.3758,-0.0000
77.8100,5698.0920,-58.3758,-0.0000
77.8200,5697.5083,-58.3758,-0.0000
77.8300,5696.9245,-58.3758,-0.0000
77.8400,5696.3407,-58.3758,-0.0000
77.8500,5695.7570,-58.3758,-0.0000
77.8600,5695.1732,-58.3758,-0.0000
77.8700,5694.5895,-58.3758,-0.0000
77.8800,5694.0057,-58.3758,-0.0000
77.8900,5693.4220,-58.3758,-0.0000
77.9000,5692.8382,-58.3758,-0.0000
77.9100,5692.2544,-58.3758,-0.0000
77.9200,5691.6707,-58.3758,-0.0000
77.9300,5691.0869,-58.3758,-0.0000
77.9400,5690.5032,-58.3758,-0.0000
77.9500,5689.9194,-58.3758,-0.0000
77.9600,5689.3357,-58.3758,-0.0000
77.9700,5688.7519,-58.3758,-0.0000
77.9800,5688.1681,-58.3758,-0.0000
77.9900,5687.5844,-58.3758,-0.0000
78.0000,5687.0006,-58.3758,-0.0000
78.0100,5686.4169,-58.3758,-0.0000
78.0200,5685.8331,-58.3758,-0.0000
78.0300,5685.2494,-58.3758,-0.0000
78.0400,5684.6656,-58.3758,-0.0000
78.0500,5684.0818,-58.3758,-0.0000
78.0600,5683.4981,-58.3758,-0.0000
78.0700,5682.9143,-58.3758,-0.0000
78.0800,5682.3306,-58.3758,-0.0000
78.0900,5681.7468,-58.3758,-0.0000
78.1000,5681.1631,-58.3758,-0.0000
78.1100,5680.5793,-58.3758,-0.0000
78.1200,5679.9955,-58.3758,-0.0000
78.1300,5679.4118,-58.3758,-0.0000
78.1400,5678.8280,-58.3758,-0.0000
78.1500,5678.2443,-58.3758,-0.0000
78.1600,5677.6605,-58.3758,-0.0000
78.1700,5677.0767,-58.3758,-0.0000
78.1800,5676.4930,-58.3758,-0.0000
78.1900,5675.9092,-58.3758,-0.0000
78.2000,5675.3255,-58.3758,-0.0000
78.2100,5674.7417,-58.3758,-0.0000
78.2200,5674.1580,-58.3758,-0.0000
78.2300,5673.5742,-58.3758,-0.0000
78.2400,5672.9904,-58.3758,-0.0000
78.2500,5672.4067,-58.3758,-0.0000
78.2600,5671.8229,-58.3758,-0.0000
78.2700,5671.2392,-58.3758,-0.0000
78.2800,5670.6554,-58.3758,-0.0000
78.2900,5670.0717,-58.3758,-0.0000
78.3000,5669.4879,-58.3758,-0.0000
78.3100,5668.9041,-58.3758,-0.0000
78.3200,5668.3204,-58.3758,-0.0000
78.3300,5667.7366,-58.3758,-0.0000
78.3400,5667.1529,-58.3758,-0.0000
78.3500,5666.5691,-58.3758,-0.0000
78.3600,5665.9854,-58.3758,-0.0000
78.3700,5665.4016,-58.3758,-0.0000
78.3800,5664.8178,-58.3758,-0.0000
78.3900,5664.2341,-58.3758,-0.0000
78.4000,5663.6503,-58.3758,-0.0000
78.4100,5663.0666,-58.3758,-0.0000
78.4200,5662.4828,-58.3758,-0.0000
78.4300,5661.8991,-58.3758,-0.0000
78.4400,5661.3153,-58.3758,-0.0000
78.4500,5660.7315,-58.3758,-0.0000
78.4600,5660.1478,-58.3758,-0.0000
78.4700,5659.5640,-58.3758,-0.0000
78.4800,5658.9803,-58.3758,-0.0000
78.4900,5658.3965,-58.3758,-0.0000
78.5000,5657.8127,-58.3758,-0.0000
78.5100,5657.2290,-58.3758,-0.0000
78.5200,5656.6452,-58.3758,-0.0000
78.5300,5656.0615,-58.3758,-0.0000
78.5400,5655.4777,-58.3758,-0.0000
78.5500,5654.8940,-58.3758,-0.0000
78.5600,5654.3102,-58.3758,-0.0000
78.5700,5653.7264,-58.3758,-0.0000
78.5800,5653.1427,-58.3758,-0.0000
78.5900,5652.5589,-58.3758,-0.0000
78.6000,5651.9752,-58.3758,-0.0000
78.6100,5651.3914,-58.3758,-0.0000
78.6200,5650.8077,-58.3758,-0.0000
78.6300,5650.2239,-58.3758,-0.0000
78.6400,5649.6401,-58.3758,-0.0000
78.6500,5649.0564,-58.3758,-0.0000
78.6600,5648.4726,-58.3758,-0.0000
78.6700,5647.8889,-58.3758,-0.0000
78.6800,5647.3051,-58.3758,-0.0000
78.6900,5646.7214,-58.3758,-0.0000
78.7000,5646.1376,-58.3758,-0.0000
78.7100,5645.5538,-58.3758,-0.0000
78.7200,5644.9701,-58.3758,-0.0000
78.7300,5644.3863,-58.3758,-0.0000
78.7400,5643.8026,-58.3758,-0.0000
78.7500,5643.2188,-58.3758,-0.0000
78.7600,5642.6351,-58.3758,-0.0000
78.7700,5642.0513,-58.3758,-0.0000
78.7800,5641.4675,-58.3758,-0.0000
78.7900,5640.8838,-58.3758,-0.0000
78.8000,5640.3000,-58.3758,-0.0000
78.8100,5639.7163,-58.3758,-0.0000
78.8200,5639.1325,-58.3758,-0.0000
78.8300,5638.5487,-58.3758,-0.0000
78.8400,5637.9650,-58.3758,-0.0000
78.8500,5637.3812,-58.3758,-0.0000
78.8600,5636.7975,-58.3758,-0.0000
78.8700,5636.2137,-58.3758,-0.0000
78.8800,5635.6300,-58.3758,-0.0000
78.8900,5635.0462,-58.3758,-0.0000
78.9000,5634.4624,-58.3758,-0.0000
78.9100,5633.8787,-58.3758,-0.0000
78.9200,5633.2949,-58.3758,-0.0000
78.9300,5632.7112,-58.3758,-0.0000
78.9400,5632.1274,-58.3758,-0.0000
78.9500,5631.5437,-58.3758,-0.0000
78.9600,5630.9599,-58.3758,-0.0000
78.9700,5630.3761,-58.3758,-0.0000
78.9800,5629.7924,-58.3758,-0.0000
78.9900,5629.2086,-58.3758,-0.0000
79.0000,5628.6249,-58.3758,-0.0000
79.0100,5628.0411,-58.3758,-0.0000
79.0200,5627.4574,-58.3758,-0.0000
79.0300,5626.8736,-58.3758,-0.0000
79.0400,5626.2898,-58.3758,-0.0000
79.0500,5625.7061,-58.3758,-0.0000
79.0600,5625.1223,-58.3758,-0.0000
79.0700,5624.5386,-58.3758,-0.0000
79.0800,5623.9548,-58.3758,-0.0000
79.0900,5623.3711,-58.3758,-0.0000
79.1000,5622.7873,-58.3758,-0.0000
79.1100,5622.2035,-58.3758,-0.0000
79.1200,5621.6198,-58.3758,-0.0000
79.1300,5621.0360,-58.3758,-0.0000
79.1400,5620.4523,-58.3758,-0.0000
79.1500,5619.8685,-58.3758,-0.0000
79.1600,5619.2847,-58.3758,-0.0000
79.1700,5618.7010,-58.3758,-0.0000
79.1800,5618.1172,-58.3758,-0.0000
79.1900,5617.5335,-58.3758,-0.0000
79.2000,5616.9497,-58.3758,-0.0000
79.2100,5616.3660,-58.3758,-0.0000
79.2200,5615.7822,-58.3758,-0.0000
79.2300,5615.1984,-58.3758,-0.0000
79.2400,5614.6147,-58.3758,-0.0000
79.2500,5614.0309,-58.3758,-0.0000
79.2600,5613.4472,-58.3758,-0.0000
79.2700,5612.8634,-58.3758,-0.0000
79.2800,5612.2797,-58.3758,-0.0000
79.2900,5611.6959,-58.3758,-0.0000
79.3000,5611.1121,-58.3758,-0.0000
79.3100,5610.5284,-58.3758,-0.0000
79.3200,5609.9446,-58.3758,-0.0000
79.3300,5609.3609,-58.3758,-0.0000
79.3400,5608.7771,-58.3758,-0.0000
79.3500,5608.1934,-58.3758,-0.0000
79.3600,5607.6096,-58.3758,-0.0000
79.3700,5607.0258,-58.3758,-0.0000
79.3800,5606.4421,-58.3758,-0.0000
79.3900,5605.8583,-58.3758,-0.0000
79.4000,5605.2746,-58.3758,-0.0000
79.4100,5604.6908,-58.3758,-0.0000
79.4200,5604.1071,-58.3758,-0.0000
79.4300,5603.5233,-58.3758,-0.0000
79.4400,5602.9395,-58.3758,-0.0000
79.4500,5602.3558,-58.3758,-0.0000
79.4600,5601.7720,-58.3758,-0.0000
79.4700,5601.1883,-58.3758,-0.0000
79.4800,5600.6045,-58.3758,-0.0000
79.4900,5600.0208,-58.3758,-0.0000
79.5000,5599.4370,-58.3758,-0.0000
79.5100,5598.8532,-58.3758,-0.0000
79.5200,5598.2695,-58.3758,-0.0000
79.5300,5597.6857,-58.3758,-0.0000
79.5400,5597.1020,-58.3758,-0.0000
79.5500,5596.5182,-58.3758,-0.0000
79.5600,5595.9344,-58.3758,-0.0000
79.5700,5595.3507,-58.3758,-0.0000
79.5800,5594.7669,-58.3758,-0.0000
79.5900,5594.1832,-58.3758,-0.0000
79.6000,5593.5994,-58.3758,-0.0000
79.6100,5593.0157,-58.3758,-0.0000
79.6200,5592.4319,-58.3758,-0.0000
79.6300,5591.8481,-58.3758,-0.0000
79.6400,5591.2644,-58.3758,-0.0000
79.6500,5590.6806,-58.3758,-0.0000
79.6600,5590.0969,-58.3758,-0.0000
79.6700,5589.5131,-58.3758,-0.0000
79.6800,5588.9294,-58.3758,-0.0000
79.6900,5588.3456,-58.3758,-0.0000
79.7000,5587.7618,-58.3758,-0.0000
79.7100,5587.1781,-58.3758,-0.0000
79.7200,5586.5943,-58.3758,-0.0000
79.7300,5586.0106,-58.3758,-0.0000
79.7400,5585.4268,-58.3758,-0.0000
79.7500,5584.8431,-58.3758,-0.0000
79.7600,5584.2593,-58.3758,-0.0000
79.7700,5583.6755,-58.3758,-0.0000
79.7800,5583.0918,-58.3758,-0.0000
79.7900,5582.5080,-58.3758,-0.0000
79.8000,5581.9243,-58.3758,-0.0000
79.8100,5581.3405,-58.3758,-0.0000
79.8200,5580.7568,-58.3758,-0.0000
79.8300,5580.1730,-58.3758,-0.0000
79.8400,5579.5892,-58.3758,-0.0000
79.8500,5579.0055,-58.3758,-0.0000
79.8600,5578.4217,-58.3758,-0.0000
79.8700,5577.8380,-58.3758,-0.0000
79.8800,5577.2542,-58.3758,-0.0000
79.8900,5576.6704,-58.3758,-0.0000
79.9000,5576.0867,-58.3758,-0.0000
79.9100,5575.5029,-58.3758,-0.0000
79.9200,5574.9192,-58.3758,-0.0000
79.9300,5574.3354,-58.3758,-0.0000
79.9400,5573.7517,-58.3758,-0.0000
79.9500,5573.1679,-58.3758,-0.0000
79.9600,5572.5841,-58.3758,-0.0000
79.9700,5572.0004,-58.3758,-0.0000
79.9800,5571.4166,-58.3758,-0.0000
79.9900,5570.8329,-58.3758,-0.0000
80.0000,5570.2491,-58.3758,-0.0000
80.0100,5569.6654,-58.3758,-0.0000
80.0200,5569.0816,-58.3758,-0.0000
80.0300,5568.4978,-58.3758,-0.0000
80.0400,5567.9141,-58.3758,-0.0000
80.0500,5567.3303,-58.3758,-0.0000
80.0600,5566.7466,-58.3758,-0.0000
80.0700,5566.1628,-58.3758,-0.0000
80.0800,5565.5791,-58.3758,-0.0000
80.0900,5564.9953,-58.3758,-0.0000
80.1000,5564.4115,-58.3758,-0.0000
80.1100,5563.8278,-58.3758,-0.0000
80.1200,5563.2440,-58.3758,-0.0000
80.1300,5562.6603,-58.3758,-0.0000
80.1400,5562.0765,-58.3758,-0.0000
80.1500,5561.4928,-58.3758,-0.0000
80.1600,5560.9090,-58.3758,-0.0000
80.1700,5560.3252,-58.3758,-0.0000
80.1800,5559.7415,-58.3758,-0.0000
80.1900,5559.1577,-58.3758,-0.0000
80.2000,5558.5740,-58.3758,-0.0000
80.2100,5557.9902,-58.3758,-0.0000
80.2200,5557.4064,-58.3758,-0.0000
80.2300,5556.8227,-58.3758,-0.0000
80.2400,5556.2389,-58.3758,-0.0000
80.2500,5555.6552,-58.3758,-0.0000
80.2600,5555.0714,-58.3758,-0.0000
80.2700,5554.4877,-58.3758,-0.0000
80.2800,5553.9039,-58.3758,-0.0000
80.2900,5553.3201,-58.3758,-0.0000
80.3000,5552.7364,-58.3758,-0.0000
80.3100,5552.1526,-58.3758,-0.0000
80.3200,5551.5689,-58.3758,-0.0000
80.3300,5550.9851,-58.3758,-0.0000
80.3400,5550.4014,-58.3758,-0.0000
80.3500,5549.8176,-58.3758,-0.0000
80.3600,5549.2338,-58.3758,-0.0000
80.3700,5548.6501,-58.3758,-0.0000
80.3800,5548.0663,-58.3758,-0.0000
80.3900,5547.4826,-58.3758,-0.0000
80.4000,5546.8988,-58.3758,-0.0000
80.4100,5546.3151,-58.3758,-0.0000
80.4200,5545.7313,-58.3758,-0.0000
80.4300,5545.1475,-58.3758,-0.0000
80.4400,5544.5638,-58.3758,-0.0000
80.4500,5543.9800,-58.3758,-0.0000
80.4600,5543.3963,-58.3758,-0.0000
80.4700,5542.8125,-58.3758,-0.0000
80.4800,5542.2288,-58.3758,-0.0000
80.4900,5541.6450,-58.3758,-0.0000
80.5000,5541.0612,-58.3758,-0.0000
80.5100,5540.4775,-58.3758,-0.0000
80.5200,5539.8937,-58.3758,-0.0000
80.5300,5539.3100,-58.3758,-0.0000
80.5400,5538.7262,-58.3758,-0.0000
80.5500,5538.1424,-58.3758,-0.0000
80.5600,5537.5587,-58.3758,-0.0000
80.5700,5536.9749,-58.3758,-0.0000
80.5800,5536.3912,-58.3758,-0.0000
80.5900,5535.8074,-58.3758,-0.0000
80.6000,5535.2237,-58.3758,-0.0000
80.6100,5534.6399,-58.3758,-0.0000
80.6200,5534.0561,-58.3758,-0.0000
80.6300,5533.4724,-58.3758,-0.0000
80.6400,5532.8886,-58.3758,-0.0000
80.6500,5532.3049,-58.3758,-0.0000
80.6600,5531.7211,-58.3758,-0.0000
80.6700,5531.1374,-58.3758,-0.0000
80.6800,5530.5536,-58.3758,-0.0000
80.6900,5529.9698,-58.3758,-0.0000
80.7000,5529.3861,-58.3758,-0.0000
80.7100,5528.8023,-58.3758,-0.0000
80.7200,5528.2186,-58.3758,-0.0000
80.7300,5527.6348,-58.3758,-0.0000
80.7400,5527.0511,-58.3758,-0.0000
80.7500,5526.4673,-58.3758,-0.0000
80.7600,5525.8835,-58.3758,-0.0000
80.7700,5525.2998,-58.3758,-0.0000
80.7800,5524.7160,-58.3758,-0.0000
80.7900,5524.1323,-58.3758,-0.0000
80.8000,5523.5485,-58.3758,-0.0000
80.8100,5522.9648,-58.3758,-0.0000
80.8200,5522.3810,-58.3758,-0.0000
80.8300,5521.7972,-58.3758,-0.0000
80.8400,5521.2135,-58.3758,-0.0000
80.8500,5520.6297,-58.3758,-0.0000
80.8600,5520.0460,-58.3758,-0.0000
80.8700,5519.4622,-58.3758,-0.0000
80.8800,5518.8784,-58.3758,-0.0000
80.8900,5518.2947,-58.3758,-0.0000
80.9000,5517.7109,-58.3758,-0.0000
80.9100,5517.1272,-58.3758,-0.0000
80.9200,5516.5434,-58.3758,-0.0000
80.9300,5515.9597,-58.3758,-0.0000
80.9400,5515.3759,-58.3758,-0.0000
80.9500,5514.7921,-58.3758,-0.0000
80.9600,5514.2084,-58.3758,-0.0000
80.9700,5513.6246,-58.3758,-0.0000
80.9800,5513.0409,-58.3758,-0.0000
80.9900,5512.4571,-58.3758,-0.0000
81.0000,5511.8734,-58.3758,-0.0000
81.0100,5511.2896,-58.3758,-0.0000
81.0200,5510.7058,-58.3758,-0.0000
81.0300,5510.1221,-58.3758,-0.0000
81.0400,5509.5383,-58.3758,-0.0000
81.0500,5508.9546,-58.3758,-0.0000
81.0600,5508.3708,-58.3758,-0.0000
81.0700,5507.7871,-58.3758,-0.0000
81.0800,5507.2033,-58.3758,-0.0000
81.0900,5506.6195,-58.3758,-0.0000
81.1000,5506.0358,-58.3758,-0.0000
81.1100,5505.4520,-58.3758,-0.0000
81.1200,5504.8683,-58.3758,-0.0000
81.1300,5504.2845,-58.3758,-0.0000
81.1400,5503.7008,-58.3758,-0.0000
81.1500,5503.1170,-58.3758,-0.0000
81.1600,5502.5332,-58.3758,-0.0000
81.1700,5501.9495,-58.3758,-0.0000
81.1800,5501.3657,-58.3758,-0.0000
81.1900,5500.7820,-58.3758,-0.0000
81.2000,5500.1982,-58.3758,-0.0000
81.2100,5499.6144,-58.3758,-0.0000
81.2200,5499.0307,-58.3758,-0.0000
81.2300,5498.4469,-58.3758,-0.0000
81.2400,5497.8632,-58.3758,-0.0000
81.2500,5497.2794,-58.3758,-0.0000
81.2600,5496.6957,-58.3758,-0.0000
81.2700,5496.1119,-58.3758,-0.0000
81.2800,5495.5281,-58.3758,-0.0000
81.2900,5494.9444,-58.3758,-0.0000
81.3000,5494.3606,-58.3758,-0.0000
81.3100,5493.7769,-58.3758,-0.0000
81.3200,5493.1931,-58.3758,-0.0000
81.3300,5492.6094,-58.3758,-0.0000
81.3400,5492.0256,-58.3758,-0.0000
81.3500,5491.4418,-58.3758,-0.0000
81.3600,5490.8581,-58.3758,-0.0000
81.3700,5490.2743,-58.3758,-0.0000
81.3800,5489.6906,-58.3758,-0.0000
81.3900,5489.1068,-58.3758,-0.0000
81.4000,5488.5231,-58.3758,-0.0000
81.4100,5487.9393,-58.3758,-0.0000
81.4200,5487.3555,-58.3758,-0.0000
81.4300,5486.7718,-58.3758,-0.0000
81.4400,5486.1880,-58.3758,-0.0000
81.4500,5485.6043,-58.3758,-0.0000
81.4600,5485.0205,-58.3758,-0.0000
81.4700,5484.4368,-58.3758,-0.0000
81.4800,5483.8530,-58.3758,-0.0000
81.4900,5483.2692,-58.3758,-0.0000
81.5000,5482.6855,-58.3758,-0.0000
81.5100,5482.1017,-58.3758,-0.0000
81.5200,5481.5180,-58.3758,-0.0000
81.5300,5480.9342,-58.3758,-0.0000
81.5400,5480.3504,-58.3758,-0.0000
81.5500,5479.7667,-58.3758,-0.0000
81.5600,5479.1829,-58.3758,-0.0000
81.5700,5478.5992,-58.3758,-0.0000
81.5800,5478.0154,-58.3758,-0.0000
81.5900,5477.4317,-58.3758,-0.0000
81.6000,5476.8479,-58.3758,-0.0000
81.6100,5476.2641,-58.3758,-0.0000
81.6200,5475.6804,-58.3758,-0.0000
81.6300,5475.0966,-58.3758,-0.0000
81.6400,5474.5129,-58.3758,-0.0000
81.6500,5473.9291,-58.3758,-0.0000
81.6600,5473.3454,-58.3758,-0.0000
81.6700,5472.7616,-58.3758,-0.0000
81.6800,5472.1778,-58.3758,-0.0000
81.6900,5471.5941,-58.3758,-0.0000
81.7000,5471.0103,-58.3758,-0.0000
81.7100,5470.4266,-58.3758,-0.0000
81.7200,5469.8428,-58.3758,-0.0000
81.7300,5469.2591,-58.3758,-0.0000
81.7400,5468.6753,-58.3758,-0.0000
81.7500,5468.0915,-58.3758,-0.0000
81.7600,5467.5078,-58.3758,-0.0000
81.7700,5466.9240,-58.3758,-0.0000
81.7800,5466.3403,-58.3758,-0.0000
81.7900,5465.7565,-58.3758,-0.0000
81.8000,5465.1728,-58.3758,-0.0000
81.8100,5464.5890,-58.3758,-0.0000
81.8200,5464.0052,-58.3758,-0.0000
81.8300,5463.4215,-58.3758,-0.0000
81.8400,5462.8377,-58.3758,-0.0000
81.8500,5462.2540,-58.3758,-0.0000
81.8600,5461.6702,-58.3758,-0.0000
81.8700,5461.0864,-58.3758,-0.0000
81.8800,5460.5027,-58.3758,-0.0000
81.8900,5459.9189,-58.3758,-0.0000
81.9000,5459.3352,-58.3758,-0.0000
81.9100,5458.7514,-58.3758,-0.0000
81.9200,5458.1677,-58.3758,-0.0000
81.9300,5457.5839,-58.3758,-0.0000
81.9400,5457.0001,-58.3758,-0.0000
81.9500,5456.4164,-58.3758,-0.0000
81.9600,5455.8326,-58.3758,-0.0000
81.9700,5455.2489,-58.3758,-0.0000
81.9800,5454.6651,-58.3758,-0.0000
81.9900,5454.0814,-58.3758,-0.0000
82.0000,5453.4976,-58.3758,-0.0000
82.0100,5452.9138,-58.3758,-0.0000
82.0200,5452.3301,-58.3758,-0.0000
82.0300,5451.7463,-58.3758,-0.0000
82.0400,5451.1626,-58.3758,-0.0000
82.0500,5450.5788,-58.3758,-0.0000
82.0600,5449.9951,-58.3758,-0.0000
82.0700,5449.4113,-58.3758,-0.0000
82.0800,5448.8275,-58.3758,-0.0000
82.0900,5448.2438,-58.3758,-0.0000
82.1000,5447.6600,-58.3758,-0.0000
82.1100,5447.0763,-58.3758,-0.0000
82.1200,5446.4925,-58.3758,-0.0000
82.1300,5445.9088,-58.3758,-0.0000
82.1400,5445.3250,-58.3758,-0.0000
82.1500,5444.7412,-58.3758,-0.0000
82.1600,5444.1575,-58.3758,-0.0000
82.1700,5443.5737,-58.3758,-0.0000
82.1800,5442.9900,-58.3758,-0.0000
82.1900,5442.4062,-58.3758,-0.0000
82.2000,5441.8224,-58.3758,-0.0000
82.2100,5441.2387,-58.3758,-0.0000
82.2200,5440.6549,-58.3758,-0.0000
82.2300,5440.0712,-58.3758,-0.0000
82.2400,5439.4874,-58.3758,-0.0000
82.2500,5438.9037,-58.3758,-0.0000
82.2600,5438.3199,-58.3758,-0.0000
82.2700,5437.7361,-58.3758,-0.0000
82.2800,5437.1524,-58.3758,-0.0000
82.2900,5436.5686,-58.3758,-0.0000
82.3000,5435.9849,-58.3758,-0.0000
82.3100,5435.4011,-58.3758,-0.0000
82.3200,5434.8174,-58.3758,-0.0000
82.3300,5434.2336,-58.3758,-0.0000
82.3400,5433.6498,-58.3758,-0.0000
82.3500,5433.0661,-58.3758,-0.0000
82.3600,5432.4823,-58.3758,-0.0000
82.3700,5431.8986,-58.3758,-0.0000
82.3800,5431.3148,-58.3758,-0.0000
82.3900,5430.7311,-58.3758,-0.0000
82.4000,5430.1473,-58.3758,-0.0000
82.4100,5429.5635,-58.3758,-0.0000
82.4200,5428.9798,-58.3758,-0.0000
82.4300,5428.3960,-58.3758,-0.0000
82.4400,5427.8123,-58.3758,-0.0000
82.4500,5427.2285,-58.3758,-0.0000
82.4600,5426.6448,-58.3758,-0.0000
82.4700,5426.0610,-58.3758,-0.0000
82.4800,5425.4772,-58.3758,-0.0000
82.4900,5424.8935,-58.3758,-0.0000
82.5000,5424.3097,-58.3758,-0.0000
82.5100,5423.7260,-58.3758,-0.0000
82.5200,5423.1422,-58.3758,-0.0000
82.5300,5422.5584,-58.3758,-0.0000
82.5400,5421.9747,-58.3758,-0.0000
82.5500,5421.3909,-58.3758,-0.0000
82.5600,5420.8072,-58.3758,-0.0000
82.5700,5420.2234,-58.3758,-0.0000
82.5800,5419.6397,-58.3758,-0.0000
82.5900,5419.0559,-58.3758,-0.0000
82.6000,5418.4721,-58.3758,-0.0000
82.6100,5417.8884,-58.3758,-0.0000
82.6200,5417.3046,-58.3758,-0.0000
82.6300,5416.7209,-58.3758,-0.0000
82.6400,5416.1371,-58.3758,-0.0000
82.6500,5415.5534,-58.3758,-0.0000
82.6600,5414.9696,-58.3758,-0.0000
82.6700,5414.3858,-58.3758,-0.0000
82.6800,5413.8021,-58.3758,-0.0000
82.6900,5413.2183,-58.3758,-0.0000
82.7000,5412.6346,-58.3758,-0.0000
82.7100,5412.0508,-58.3758,-0.0000
82.7200,5411.4671,-58.3758,-0.0000
82.7300,5410.8833,-58.3758,-0.0000
82.7400,5410.2995,-58.3758,-0.0000
82.7500,5409.7158,-58.3758,-0.0000
82.7600,5409.1320,-58.3758,-0.0000
82.7700,5408.5483,-58.3758,-0.0000
82.7800,5407.9645,-58.3758,-0.0000
82.7900,5407.3808,-58.3758,-0.0000
82.8000,5406.7970,-58.3758,-0.0000
82.8100,5406.2132,-58.3758,-0.0000
82.8200,5405.6295,-58.3758,-0.0000
82.8300,5405.0457,-58.3758,-0.0000
82.8400,5404.4620,-58.3758,-0.0000
82.8500,5403.8782,-58.3758,-0.0000
82.8600,5403.2944,-58.3758,-0.0000
82.8700,5402.7107,-58.3758,-0.0000
82.8800,5402.1269,-58.3758,-0.0000
82.8900,5401.5432,-58.3758,-0.0000
82.9000,5400.9594,-58.3758,-0.0000
82.9100,5400.3757,-58.3758,-0.0000
82.9200,5399.7919,-58.3758,-0.0000
82.9300,5399.2081,-58.3758,-0.0000
82.9400,5398.6244,-58.3758,-0.0000
82.9500,5398.0406,-58.3758,-0.0000
82.9600,5397.4569,-58.3758,-0.0000
82.9700,5396.8731,-58.3758,-0.0000
82.9800,5396.2894,-58.3758,-0.0000
82.9900,5395.7056,-58.3758,-0.0000
83.0000,5395.1218,-58.3758,-0.0000
83.0100,5394.5381,-58.3758,-0.0000
83.0200,5393.9543,-58.3758,-0.0000
83.0300,5393.3706,-58.3758,-0.0000
83.0400,5392.7868,-58.3758,-0.0000
83.0500,5392.2031,-58.3758,-0.0000
83.0600,5391.6193,-58.3758,-0.0000
83.0700,5391.0355,-58.3758,-0.0000
83.0800,5390.4518,-58.3758,-0.0000
83.0900,5389.8680,-58.3758,-0.0000
83.1000,5389.2843,-58.3758,-0.0000
83.1100,5388.7005,-58.3758,-0.0000
83.1200,5388.1168,-58.3758,-0.0000
83.1300,5387.5330,-58.3758,-0.0000
83.1400,5386.9492,-58.3758,-0.0000
83.1500,5386.3655,-58.3758,-0.0000
83.1600,5385.7817,-58.3758,-0.0000
83.1700,5385.1980,-58.3758,-0.0000
83.1800,5384.6142,-58.3758,-0.0000
83.1900,5384.0304,-58.3758,-0.0000
83.2000,5383.4467,-58.3758,-0.0000
83.2100,5382.8629,-58.3758,-0.0000
83.2200,5382.2792,-58.3758,-0.0000
83.2300,5381.6954,-58.3758,-0.0000
83.2400,5381.1117,-58.3758,-0.0000
83.2500,5380.5279,-58.3758,-0.0000
83.2600,5379.9441,-58.3758,-0.0000
83.2700,5379.3604,-58.3758,-0.0000
83.2800,5378.7766,-58.3758,-0.0000
83.2900,5378.1929,-58.3758,-0.0000
83.3000,5377.6091,-58.3758,-0.0000
83.3100,5377.0254,-58.3758,-0.0000
83.3200,5376.4416,-58.3758,-0.0000
83.3300,5375.8578,-58.3758,-0.0000
83.3400,5375.2741,-58.3758,-0.0000
83.3500,5374.6903,-58.3758,-0.0000
83.3600,5374.1066,-58.3758,-0.0000
83.3700,5373.5228,-58.3758,-0.0000
83.3800,5372.9391,-58.3758,-0.0000
83.3900,5372.3553,-58.3758,-0.0000
83.4000,5371.7715,-58.3758,-0.0000
83.4100,5371.1878,-58.3758,-0.0000
83.4200,5370.6040,-58.3758,-0.0000
83.4300,5370.0203,-58.3758,-0.0000
83.4400,5369.4365,-58.3758,-0.0000
83.4500,5368.8528,-58.3758,-0.0000
83.4600,5368.2690,-58.3758,-0.0000
83.4700,5367.6852,-58.3758,-0.0000
83.4800,5367.1015,-58.3758,-0.0000
83.4900,5366.5177,-58.3758,-0.0000
83.5000,5365.9340,-58.3758,-0.0000
83.5100,5365.3502,-58.3758,-0.0000
83.5200,5364.7664,-58.3758,-0.0000
83.5300,5364.1827,-58.3758,-0.0000
83.5400,5363.5989,-58.3758,-0.0000
83.5500,5363.0152,-58.3758,-0.0000
83.5600,5362.4314,-58.3758,-0.0000
83.5700,5361.8477,-58.3758,-0.0000
83.5800,5361.2639,-58.3758,-0.0000
83.5900,5360.6801,-58.3758,-0.0000
83.6000,5360.0964,-58.3758,-0.0000
83.6100,5359.5126,-58.3758,-0.0000
83.6200,5358.9289,-58.3758,-0.0000
83.6300,5358.3451,-58.3758,-0.0000
83.6400,5357.7614,-58.3758,-0.0000
83.6500,5357.1776,-58.3758,-0.0000
83.6600,5356.5938,-58.3758,-0.0000
83.6700,5356.0101,-58.3758,-0.0000
83.6800,5355.4263,-58.3758,-0.0000
83.6900,5354.8426,-58.3758,-0.0000
83.7000,5354.2588,-58.3758,-0.0000
83.7100,5353.6751,-58.3758,-0.0000
83.7200,5353.0913,-58.3758,-0.0000
83.7300,5352.5075,-58.3758,-0.0000
83.7400,5351.9238,-58.3758,-0.0000
83.7500,5351.3400,-58.3758,-0.0000
83.7600,5350.7563,-58.3758,-0.0000
83.7700,5350.1725,-58.3758,-0.0000
83.7800,5349.5888,-58.3758,-0.0000
83.7900,5349.0050,-58.3758,-0.0000
83.8000,5348.4212,-58.3758,-0.0000
83.8100,5347.8375,-58.3758,-0.0000
83.8200,5347.2537,-58.3758,-0.0000
83.8300,5346.6700,-58.3758,-0.0000
83.8400,5346.0862,-58.3758,-0.0000
83.8500,5345.5024,-58.3758,-0.0000
83.8600,5344.9187,-58.3758,-0.0000
83.8700,5344.3349,-58.3758,-0.0000
83.8800,5343.7512,-58.3758,-0.0000
83.8900,5343.1674,-58.3758,-0.0000
83.9000,5342.5837,-58.3758,-0.0000
83.9100,5341.9999,-58.3758,-0.0000
83.9200,5341.4161,-58.3758,-0.0000
83.9300,5340.8324,-58.3758,-0.0000
83.9400,5340.2486,-58.3758,-0.0000
83.9500,5339.6649,-58.3758,-0.0000
83.9600,5339.0811,-58.3758,-0.0000
83.9700,5338.4974,-58.3758,-0.0000
83.9800,5337.9136,-58.3758,-0.0000
83.9900,5337.3298,-58.3758,-0.0000
84.0000,5336.7461,-58.3758,-0.0000
84.0100,5336.1623,-58.3758,-0.0000
84.0200,5335.5786,-58.3758,-0.0000
84.0300,5334.9948,-58.3758,-0.0000
84.0400,5334.4111,-58.3758,-0.0000
84.0500,5333.8273,-58.3758,-0.0000
84.0600,5333.2435,-58.3758,-0.0000
84.0700,5332.6598,-58.3758,-0.0000
84.0800,5332.0760,-58.3758,-0.0000
84.0900,5331.4923,-58.3758,-0.0000
84.1000,5330.9085,-58.3758,-0.0000
84.1100,5330.3248,-58.3758,-0.0000
84.1200,5329.7410,-58.3758,-0.0000
84.1300,5329.1572,-58.3758,-0.0000
84.1400,5328.5735,-58.3758,-0.0000
84.1500,5327.9897,-58.3758,-0.0000
84.1600,5327.4060,-58.3758,-0.0000
84.1700,5326.8222,-58.3758,-0.0000
84.1800,5326.2384,-58.3758,-0.0000
84.1900,5325.6547,-58.3758,-0.0000
84.2000,5325.0709,-58.3758,-0.0000
84.2100,5324.4872,-58.3758,-0.0000
84.2200,5323.9034,-58.3758,-0.0000
84.2300,5323.3197,-58.3758,-0.0000
84.2400,5322.7359,-58.3758,-0.0000
84.2500,5322.1521,-58.3758,-0.0000
84.2600,5321.5684,-58.3758,-0.0000
84.2700,5320.9846,-58.3758,-0.0000
84.2800,5320.4009,-58.3758,-0.0000
84.2900,5319.8171,-58.3758,-0.0000
84.3000,5319.2334,-58.3758,-0.0000
84.3100,5318.6496,-58.3758,-0.0000
84.3200,5318.0658,-58.3758,-0.0000
84.3300,5317.4821,-58.3758,-0.0000
84.3400,5316.8983,-58.3758,-0.0000
84.3500,5316.3146,-58.3758,-0.0000
84.3600,5315.7308,-58.3758,-0.0000
84.3700,5315.1471,-58.3758,-0.0000
84.3800,5314.5633,-58.3758,-0.0000
84.3900,5313.9795,-58.3758,-0.0000
84.4000,5313.3958,-58.3758,-0.0000
84.4100,5312.8120,-58.3758,-0.0000
84.4200,5312.2283,-58.3758,-0.0000
84.4300,5311.6445,-58.3758,-0.0000
84.4400,5311.0608,-58.3758,-0.0000
84.4500,5310.4770,-58.3758,-0.0000
84.4600,5309.8932,-58.3758,-0.0000
84.4700,5309.3095,-58.3758,-0.0000
84.4800,5308.7257,-58.3758,-0.0000
84.4900,5308.1420,-58.3758,-0.0000
84.5000,5307.5582,-58.3758,-0.0000
84.5100,5306.9744,-58.3758,-0.0000
84.5200,5306.3907,-58.3758,-0.0000
84.5300,5305.8069,-58.3758,-0.0000
84.5400,5305.2232,-58.3758,-0.0000
84.5500,5304.6394,-58.3758,-0.0000
84.5600,5304.0557,-58.3758,-0.0000
84.5700,5303.4719,-58.3758,-0.0000
84.5800,5302.8881,-58.3758,-0.0000
84.5900,5302.3044,-58.3758,-0.0000
84.6000,5301.7206,-58.3758,-0.0000
84.6100,5301.1369,-58.3758,-0.0000
84.6200,5300.5531,-58.3758,-0.0000
84.6300,5299.9694,-58.3758,-0.0000
84.6400,5299.3856,-58.3758,-0.0000
84.6500,5298.8018,-58.3758,-0.0000
84.6600,5298.2181,-58.3758,-0.0000
84.6700,5297.6343,-58.3758,-0.0000
84.6800,5297.0506,-58.3758,-0.0000
84.6900,5296.4668,-58.3758,-0.0000
84.7000,5295.8831,-58.3758,-0.0000
84.7100,5295.2993,-58.3758,-0.0000
84.7200,5294.7155,-58.3758,-0.0000
84.7300,5294.1318,-58.3758,-0.0000
84.7400,5293.5480,-58.3758,-0.0000
84.7500,5292.9643,-58.3758,-0.0000
84.7600,5292.3805,-58.3758,-0.0000
84.7700,5291.7968,-58.3758,-0.0000
84.7800,5291.2130,-58.3758,-0.0000
84.7900,5290.6292,-58.3758,-0.0000
84.8000,5290.0455,-58.3758,-0.0000
84.8100,5289.4617,-58.3758,-0.0000
84.8200,5288.8780,-58.3758,-0.0000
84.8300,5288.2942,-58.3758,-0.0000
84.8400,5287.7104,-58.3758,-0.0000
84.8500,5287.1267,-58.3758,-0.0000
84.8600,5286.5429,-58.3758,-0.0000
84.8700,5285.9592,-58.3758,-0.0000
84.8800,5285.3754,-58.3758,-0.0000
84.8900,5284.7917,-58.3758,-0.0000
84.9000,5284.2079,-58.3758,-0.0000
84.9100,5283.6241,-58.3758,-0.0000
84.9200,5283.0404,-58.3758,-0.0000
84.9300,5282.4566,-58.3758,-0.0000
84.9400,5281.8729,-58.3758,-0.0000
84.9500,5281.2891,-58.3758,-0.0000
84.9600,5280.7054,-58.3758,-0.0000
84.9700,5280.1216,-58.3758,-0.0000
84.9800,5279.5378,-58.3758,-0.0000
84.9900,5278.9541,-58.3758,-0.0000
85.0000,5278.3703,-58.3758,-0.0000
85.0100,5277.7866,-58.3758,-0.0000
85.0200,5277.2028,-58.3758,-0.0000
85.0300,5276.6191,-58.3758,-0.0000
85.0400,5276.0353,-58.3758,-0.0000
85.0500,5275.4515,-58.3758,-0.0000
85.0600,5274.8678,-58.3758,-0.0000
85.0700,5274.2840,-58.3758,-0.0000
85.0800,5273.7003,-58.3758,-0.0000
85.0900,5273.1165,-58.3758,-0.0000
85.1000,5272.5328,-58.3758,-0.0000
85.1100,5271.9490,-58.3758,-0.0000
85.1200,5271.3652,-58.3758,-0.0000
85.1300,5270.7815,-58.3758,-0.0000
85.1400,5270.1977,-58.3758,-0.0000
85.1500,5269.6140,-58.3758,-0.0000
85.1600,5269.0302,-58.3758,-0.0000
85.1700,5268.4464,-58.3758,-0.0000
85.1800,5267.8627,-58.3758,-0.0000
85.1900,5267.2789,-58.3758,-0.0000
85.2000,5266.6952,-58.3758,-0.0000
85.2100,5266.1114,-58.3758,-0.0000
85.2200,5265.5277,-58.3758,-0.0000
85.2300,5264.9439,-58.3758,-0.0000
85.2400,5264.3601,-58.3758,-0.0000
85.2500,5263.7764,-58.3758,-0.0000
85.2600,5263.1926,-58.3758,-0.0000
85.2700,5262.6089,-58.3758,-0.0000
85.2800,5262.0251,-58.3758,-0.0000
85.2900,5261.4414,-58.3758,-0.0000
85.3000,5260.8576,-58.3758,-0.0000
85.3100,5260.2738,-58.3758,-0.0000
85.3200,5259.6901,-58.3758,-0.0000
85.3300,5259.1063,-58.3758,-0.0000
85.3400,5258.5226,-58.3758,-0.0000
85.3500,5257.9388,-58.3758,-0.0000
85.3600,5257.3551,-58.3758,-0.0000
85.3700,5256.7713,-58.3758,-0.0000
85.3800,5256.1875,-58.3758,-0.0000
85.3900,5255.6038,-58.3758,-0.0000
85.4000,5255.0200,-58.3758,-0.0000
85.4100,5254.4363,-58.3758,-0.0000
85.4200,5253.8525,-58.3758,-0.0000
85.4300,5253.2688,-58.3758,-0.0000
85.4400,5252.6850,-58.3758,-0.0000
85.4500,5252.1012,-58.3758,-0.0000
85.4600,5251.5175,-58.3758,-0.0000
85.4700,5250.9337,-58.3758,-0.0000
85.4800,5250.3500,-58.3758,-0.0000
85.4900,5249.7662,-58.3758,-0.0000
85.5000,5249.1824,-58.3758,-0.0000
85.5100,5248.5987,-58.3758,-0.0000
85.5200,5248.0149,-58.3758,-0.0000
85.5300,5247.4312,-58.3758,-0.0000
85.5400,5246.8474,-58.3758,-0.0000
85.5500,5246.2637,-58.3758,-0.0000
85.5600,5245.6799,-58.3758,-0.0000
85.5700,5245.0961,-58.3758,-0.0000
85.5800,5244.5124,-58.3758,-0.0000
85.5900,5243.9286,-58.3758,-0.0000
85.6000,5243.3449,-58.3758,-0.0000
85.6100,5242.7611,-58.3758,-0.0000
85.6200,5242.1774,-58.3758,-0.0000
85.6300,5241.5936,-58.3758,-0.0000
85.6400,5241.0098,-58.3758,-0.0000
85.6500,5240.4261,-58.3758,-0.0000
85.6600,5239.8423,-58.3758,-0.0000
85.6700,5239.2586,-58.3758,-0.0000
85.6800,5238.6748,-58.3758,-0.0000
85.6900,5238.0911,-58.3758,-0.0000
85.7000,5237.5073,-58.3758,-0.0000
85.7100,5236.9235,-58.3758,-0.0000
85.7200,5236.3398,-58.3758,-0.0000
85.7300,5235.7560,-58.3758,-0.0000
85.7400,5235.1723,-58.3758,-0.0000
85.7500,5234.5885,-58.3758,-0.0000
85.7600,5234.0048,-58.3758,-0.0000
85.7700,5233.4210,-58.3758,-0.0000
85.7800,5232.8372,-58.3758,-0.0000
85.7900,5232.2535,-58.3758,-0.0000
85.8000,5231.6697,-58.3758,-0.0000
85.8100,5231.0860,-58.3758,-0.0000
85.8200,5230.5022,-58.3758,-0.0000
85.8300,5229.9184,-58.3758,-0.0000
85.8400,5229.3347,-58.3758,-0.0000
85.8500,5228.7509,-58.3758,-0.0000
85.8600,5228.1672,-58.3758,-0.0000
85.8700,5227.5834,-58.3758,-0.0000
85.8800,5226.9997,-58.3758,-0.0000
85.8900,5226.4159,-58.3758,-0.0000
85.9000,5225.8321,-58.3758,-0.0000
85.9100,5225.2484,-58.3758,-0.0000
85.9200,5224.6646,-58.3758,-0.0000
85.9300,5224.0809,-58.3758,-0.0000
85.9400,5223.4971,-58.3758,-0.0000
85.9500,5222.9134,-58.3758,-0.0000
85.9600,5222.3296,-58.3758,-0.0000
85.9700,5221.7458,-58.3758,-0.0000
85.9800,5221.1621,-58.3758,-0.0000
85.9900,5220.5783,-58.3758,-0.0000
86.0000,5219.9946,-58.3758,-0.0000
86.0100,5219.4108,-58.3758,-0.0000
86.0200,5218.8271,-58.3758,-0.0000
86.0300,5218.2433,-58.3758,-0.0000
86.0400,5217.6595,-58.3758,-0.0000
86.0500,5217.0758,-58.3758,-0.0000
86.0600,5216.4920,-58.3758,-0.0000
86.0700,5215.9083,-58.3758,-0.0000
86.0800,5215.3245,-58.3758,-0.0000
86.0900,5214.7408,-58.3758,-0.0000
86.1000,5214.1570,-58.3758,-0.0000
86.1100,5213.5732,-58.3758,-0.0000
86.1200,5212.9895,-58.3758,-0.0000
86.1300,5212.4057,-58.3758,-0.0000
86.1400,5211.8220,-58.3758,-0.0000
86.1500,5211.2382,-58.3758,-0.0000
86.1600,5210.6544,-58.3758,-0.0000
86.1700,5210.0707,-58.3758,-0.0000
86.1800,5209.4869,-58.3758,-0.0000
86.1900,5208.9032,-58.3758,-0.0000
86.2000,5208.3194,-58.3758,-0.0000
86.2100,5207.7357,-58.3758,-0.0000
86.2200,5207.1519,-58.3758,-0.0000
86.2300,5206.5681,-58.3758,-0.0000
86.2400,5205.9844,-58.3758,-0.0000
86.2500,5205.4006,-58.3758,-0.0000
86.2600,5204.8169,-58.3758,-0.0000
86.2700,5204.2331,-58.3758,-0.0000
86.2800,5203.6494,-58.3758,-0.0000
86.2900,5203.0656,-58.3758,-0.0000
86.3000,5202.4818,-58.3758,-0.0000
86.3100,5201.8981,-58.3758,-0.0000
86.3200,5201.3143,-58.3758,-0.0000
86.3300,5200.7306,-58.3758,-0.0000
86.3400,5200.1468,-58.3758,-0.0000
86.3500,5199.5631,-58.3758,-0.0000
86.3600,5198.9793,-58.3758,-0.0000
86.3700,5198.3955,-58.3758,-0.0000
86.3800,5197.8118,-58.3758,-0.0000
86.3900,5197.2280,-58.3758,-0.0000
86.4000,5196.6443,-58.3758,-0.0000
86.4100,5196.0605,-58.3758,-0.0000
86.4200,5195.4768,-58.3758,-0.0000
86.4300,5194.8930,-58.3758,-0.0000
86.4400,5194.3092,-58.3758,-0.0000
86.4500,5193.7255,-58.3758,-0.0000
86.4600,5193.1417,-58.3758,-0.0000
86.4700,5192.5580,-58.3758,-0.0000
86.4800,5191.9742,-58.3758,-0.0000
86.4900,5191.3904,-58.3758,-0.0000
86.5000,5190.8067,-58.3758,-0.0000
86.5100,5190.2229,-58.3758,-0.0000
86.5200,5189.6392,-58.3758,-0.0000
86.5300,5189.0554,-58.3758,-0.0000
86.5400,5188.4717,-58.3758,-0.0000
86.5500,5187.8879,-58.3758,-0.0000
86.5600,5187.3041,-58.3758,-0.0000
86.5700,5186.7204,-58.3758,-0.0000
86.5800,5186.1366,-58.3758,-0.0000
86.5900,5185.5529,-58.3758,-0.0000
86.6000,5184.9691,-58.3758,-0.0000
86.6100,5184.3854,-58.3758,-0.0000
86.6200,5183.8016,-58.3758,-0.0000
86.6300,5183.2178,-58.3758,-0.0000
86.6400,5182.6341,-58.3758,-0.0000
86.6500,5182.0503,-58.3758,-0.0000
86.6600,5181.4666,-58.3758,-0.0000
86.6700,5180.8828,-58.3758,-0.0000
86.6800,5180.2991,-58.3758,-0.0000
86.6900,5179.7153,-58.3758,-0.0000
86.7000,5179.1315,-58.3758,-0.0000
86.7100,5178.5478,-58.3758,-0.0000
86.7200,5177.9640,-58.3758,-0.0000
86.7300,5177.3803,-58.3758,-0.0000
86.7400,5176.7965,-58.3758,-0.0000
86.7500,5176.2128,-58.3758,-0.0000
86.7600,5175.6290,-58.3758,-0.0000
86.7700,5175.0452,-58.3758,-0.0000
86.7800,5174.4615,-58.3758,-0.0000
86.7900,5173.8777,-58.3758,-0.0000
86.8000,5173.2940,-58.3758,-0.0000
86.8100,5172.7102,-58.3758,-0.0000
86.8200,5172.1264,-58.3758,-0.0000
86.8300,5171.5427,-58.3758,-0.0000
86.8400,5170.9589,-58.3758,-0.0000
86.8500,5170.3752,-58.3758,-0.0000
86.8600,5169.7914,-58.3758,-0.0000
86.8700,5169.2077,-58.3758,-0.0000
86.8800,5168.6239,-58.3758,-0.0000
86.8900,5168.0401,-58.3758,-0.0000
86.9000,5167.4564,-58.3758,-0.0000
86.9100,5166.8726,-58.3758,-0.0000
86.9200,5166.2889,-58.3758,-0.0000
86.9300,5165.7051,-58.3758,-0.0000
86.9400,5165.1214,-58.3758,-0.0000
86.9500,5164.5376,-58.3758,-0.0000
86.9600,5163.9538,-58.3758,-0.0000
86.9700,5163.3701,-58.3758,-0.0000
86.9800,5162.7863,-58.3758,-0.0000
86.9900,5162.2026,-58.3758,-0.0000
87.0000,5161.6188,-58.3758,-0.0000
87.0100,5161.0351,-58.3758,-0.0000
87.0200,5160.4513,-58.3758,-0.0000
87.0300,5159.8675,-58.3758,-0.0000
87.0400,5159.2838,-58.3758,-0.0000
87.0500,5158.7000,-58.3758,-0.0000
87.0600,5158.1163,-58.3758,-0.0000
87.0700,5157.5325,-58.3758,-0.0000
87.0800,5156.9488,-58.3758,-0.0000
87.0900,5156.3650,-58.3758,-0.0000
87.1000,5155.7812,-58.3758,-0.0000
87.1100,5155.1975,-58.3758,-0.0000
87.1200,5154.6137,-58.3758,-0.0000
87.1300,5154.0300,-58.3758,-0.0000
87.1400,5153.4462,-58.3758,-0.0000
87.1500,5152.8624,-58.3758,-0.0000
87.1600,5152.2787,-58.3758,-0.0000
87.1700,5151.6949,-58.3758,-0.0000
87.1800,5151.1112,-58.3758,-0.0000
87.1900,5150.5274,-58.3758,-0.0000
87.2000,5149.9437,-58.3758,-0.0000
87.2100,5149.3599,-58.3758,-0.0000
87.2200,5148.7761,-58.3758,-0.0000
87.2300,5148.1924,-58.3758,-0.0000
87.2400,5147.6086,-58.3758,-0.0000
87.2500,5147.0249,-58.3758,-0.0000
87.2600,5146.4411,-58.3758,-0.0000
87.2700,5145.8574,-58.3758,-0.0000
87.2800,5145.2736,-58.3758,-0.0000
87.2900,5144.6898,-58.3758,-0.0000
87.3000,5144.1061,-58.3758,-0.0000
87.3100,5143.5223,-58.3758,-0.0000
87.3200,5142.9386,-58.3758,-0.0000
87.3300,5142.3548,-58.3758,-0.0000
87.3400,5141.7711,-58.3758,-0.0000
87.3500,5141.1873,-58.3758,-0.0000
87.3600,5140.6035,-58.3758,-0.0000
87.3700,5140.0198,-58.3758,-0.0000
87.3800,5139.4360,-58.3758,-0.0000
87.3900,5138.8523,-58.3758,-0.0000
87.4000,5138.2685,-58.3758,-0.0000
87.4100,5137.6848,-58.3758,-0.0000
87.4200,5137.1010,-58.3758,-0.0000
87.4300,5136.5172,-58.3758,-0.0000
87.4400,5135.9335,-58.3758,-0.0000
87.4500,5135.3497,-58.3758,-0.0000
87.4600,5134.7660,-58.3758,-0.0000
87.4700,5134.1822,-58.3758,-0.0000
87.4800,5133.5984,-58.3758,-0.0000
87.4900,5133.0147,-58.3758,-0.0000
87.5000,5132.4309,-58.3758,-0.0000
87.5100,5131.8472,-58.3758,-0.0000
87.5200,5131.2634,-58.3758,-0.0000
87.5300,5130.6797,-58.3758,-0.0000
87.5400,5130.0959,-58.3758,-0.0000
87.5500,5129.5121,-58.3758,-0.0000
87.5600,5128.9284,-58.3758,-0.0000
87.5700,5128.3446,-58.3758,-0.0000
87.5800,5127.7609,-58.3758,-0.0000
87.5900,5127.1771,-58.3758,-0.0000
87.6000,5126.5934,-58.3758,-0.0000
87.6100,5126.0096,-58.3758,-0.0000
87.6200,5125.4258,-58.3758,-0.0000
87.6300,5124.8421,-58.3758,-0.0000
87.6400,5124.2583,-58.3758,-0.0000
87.6500,5123.6746,-58.3758,-0.0000
87.6600,5123.0908,-58.3758,-0.0000
87.6700,5122.5071,-58.3758,-0.0000
87.6800,5121.9233,-58.3758,-0.0000
87.6900,5121.3395,-58.3758,-0.0000
87.7000,5120.7558,-58.3758,-0.0000
87.7100,5120.1720,-58.3758,-0.0000
87.7200,5119.5883,-58.3758,-0.0000
87.7300,5119.0045,-58.3758,-0.0000
87.7400,5118.4208,-58.3758,-0.0000
87.7500,5117.8370,-58.3758,-0.0000
87.7600,5117.2532,-58.3758,-0.0000
87.7700,5116.6695,-58.3758,-0.0000
87.7800,5116.0857,-58.3758,-0.0000
87.7900,5115.5020,-58.3758,-0.0000
87.8000,5114.9182,-58.3758,-0.0000
87.8100,5114.3344,-58.3758,-0.0000
87.8200,5113.7507,-58.3758,-0.0000
87.8300,5113.1669,-58.3758,-0.0000
87.8400,5112.5832,-58.3758,-0.0000
87.8500,5111.9994,-58.3758,-0.0000
87.8600,5111.4157,-58.3758,-0.0000
87.8700,5110.8319,-58.3758,-0.0000
87.8800,5110.2481,-58.3758,-0.0000
87.8900,5109.6644,-58.3758,-0.0000
87.9000,5109.0806,-58.3758,-0.0000
87.9100,5108.4969,-58.3758,-0.0000
87.9200,5107.9131,-58.3758,-0.0000
87.9300,5107.3294,-58.3758,-0.0000
87.9400,5106.7456,-58.3758,-0.0000
87.9500,5106.1618,-58.3758,-0.0000
87.9600,5105.5781,-58.3758,-0.0000
87.9700,5104.9943,-58.3758,-0.0000
87.9800,5104.4106,-58.3758,-0.0000
87.9900,5103.8268,-58.3758,-0.0000
88.0000,5103.2431,-58.3758,-0.0000
88.0100,5102.6593,-58.3758,-0.0000
88.0200,5102.0755,-58.3758,-0.0000
88.0300,5101.4918,-58.3758,-0.0000
88.0400,5100.9080,-58.3758,-0.0000
88.0500,5100.3243,-58.3758,-0.0000
88.0600,5099.7405,-58.3758,-0.0000
88.0700,5099.1568,-58.3758,-0.0000
88.0800,5098.5730,-58.3758,-0.0000
88.0900,5097.9892,-58.3758,-0.0000
88.1000,5097.4055,-58.3758,-0.0000
88.1100,5096.8217,-58.3758,-0.0000
88.1200,5096.2380,-58.3758,-0.0000
88.1300,5095.6542,-58.3758,-0.0000
88.1400,5095.0704,-58.3758,-0.0000
88.1500,5094.4867,-58.3758,-0.0000
88.1600,5093.9029,-58.3758,-0.0000
88.1700,5093.3192,-58.3758,-0.0000
88.1800,5092.7354,-58.3758,-0.0000
88.1900,5092.1517,-58.3758,-0.0000
88.2000,5091.5679,-58.3758,-0.0000
88.2100,5090.9841,-58.3758,-0.0000
88.2200,5090.4004,-58.3758,-0.0000
88.2300,5089.8166,-58.3758,-0.0000
88.2400,5089.2329,-58.3758,-0.0000
88.2500,5088.6491,-58.3758,-0.0000
88.2600,5088.0654,-58.3758,-0.0000
88.2700,5087.4816,-58.3758,-0.0000
88.2800,5086.8978,-58.3758,-0.0000
88.2900,5086.3141,-58.3758,-0.0000
88.3000,5085.7303,-58.3758,-0.0000
88.3100,5085.1466,-58.3758,-0.0000
88.3200,5084.5628,-58.3758,-0.0000
88.3300,5083.9791,-58.3758,-0.0000
88.3400,5083.3953,-58.3758,-0.0000
88.3500,5082.8115,-58.3758,-0.0000
88.3600,5082.2278,-58.3758,-0.0000
88.3700,5081.6440,-58.3758,-0.0000
88.3800,5081.0603,-58.3758,-0.0000
88.3900,5080.4765,-58.3758,-0.0000
88.4000,5079.8928,-58.3758,-0.0000
88.4100,5079.3090,-58.3758,-0.0000
88.4200,5078.7252,-58.3758,-0.0000
88.4300,5078.1415,-58.3758,-0.0000
88.4400,5077.5577,-58.3758,-0.0000
88.4500,5076.9740,-58.3758,-0.0000
88.4600,5076.3902,-58.3758,-0.0000
88.4700,5075.8064,-58.3758,-0.0000
88.4800,5075.2227,-58.3758,-0.0000
88.4900,5074.6389,-58.3758,-0.0000
88.5000,5074.0552,-58.3758,-0.0000
88.5100,5073.4714,-58.3758,-0.0000
88.5200,5072.8877,-58.3758,-0.0000
88.5300,5072.3039,-58.3758,-0.0000
88.5400,5071.7201,-58.3758,-0.0000
88.5500,5071.1364,-58.3758,-0.0000
88.5600,5070.5526,-58.3758,-0.0000
88.5700,5069.9689,-58.3758,-0.0000
88.5800,5069.3851,-58.3758,-0.0000
88.5900,5068.8014,-58.3758,-0.0000
88.6000,5068.2176,-58.3758,-0.0000
88.6100,5067.6338,-58.3758,-0.0000
88.6200,5067.0501,-58.3758,-0.0000
88.6300,5066.4663,-58.3758,-0.0000
88.6400,5065.8826,-58.3758,-0.0000
88.6500,5065.2988,-58.3758,-0.0000
88.6600,5064.7151,-58.3758,-0.0000
88.6700,5064.1313,-58.3758,-0.0000
88.6800,5063.5475,-58.3758,-0.0000
88.6900,5062.9638,-58.3758,-0.0000
88.7000,5062.3800,-58.3758,-0.0000
88.7100,5061.7963,-58.3758,-0.0000
88.7200,5061.2125,-58.3758,-0.0000
88.7300,5060.6288,-58.3758,-0.0000
88.7400,5060.0450,-58.3758,-0.0000
88.7500,5059.4612,-58.3758,-0.0000
88.7600,5058.8775,-58.3758,-0.0000
88.7700,5058.2937,-58.3758,-0.0000
88.7800,5057.7100,-58.3758,-0.0000
88.7900,5057.1262,-58.3758,-0.0000
88.8000,5056.5424,-58.3758,-0.0000
88.8100,5055.9587,-58.3758,-0.0000
88.8200,5055.3749,-58.3758,-0.0000
88.8300,5054.7912,-58.3758,-0.0000
88.8400,5054.2074,-58.3758,-0.0000
88.8500,5053.6237,-58.3758,-0.0000
88.8600,5053.0399,-58.3758,-0.0000
88.8700,5052.4561,-58.3758,-0.0000
88.8800,5051.8724,-58.3758,-0.0000
88.8900,5051.2886,-58.3758,-0.0000
88.9000,5050.7049,-58.3758,-0.0000
88.9100,5050.1211,-58.3758,-0.0000
88.9200,5049.5374,-58.3758,-0.0000
88.9300,5048.9536,-58.3758,-0.0000
88.9400,5048.3698,-58.3758,-0.0000
88.9500,5047.7861,-58.3758,-0.0000
88.9600,5047.2023,-58.3758,-0.0000
88.9700,5046.6186,-58.3758,-0.0000
88.9800,5046.0348,-58.3758,-0.0000
88.9900,5045.4511,-58.3758,-0.0000
89.0000,5044.8673,-58.3758,-0.0000
89.0100,5044.2835,-58.3758,-0.0000
89.0200,5043.6998,-58.3758,-0.0000
89.0300,5043.1160,-58.3758,-0.0000
89.0400,5042.5323,-58.3758,-0.0000
89.0500,5041.9485,-58.3758,-0.0000
89.0600,5041.3648,-58.3758,-0.0000
89.0700,5040.7810,-58.3758,-0.0000
89.0800,5040.1972,-58.3758,-0.0000
89.0900,5039.6135,-58.3758,-0.0000
89.1000,5039.0297,-58.3758,-0.0000
89.1100,5038.4460,-58.3758,-0.0000
89.1200,5037.8622,-58.3758,-0.0000
89.1300,5037.2784,-58.3758,-0.0000
89.1400,5036.6947,-58.3758,-0.0000
89.1500,5036.1109,-58.3758,-0.0000
89.1600,5035.5272,-58.3758,-0.0000
89.1700,5034.9434,-58.3758,-0.0000
89.1800,5034.3597,-58.3758,-0.0000
89.1900,5033.7759,-58.3758,-0.0000
89.2000,5033.1921,-58.3758,-0.0000
89.2100,5032.6084,-58.3758,-0.0000
89.2200,5032.0246,-58.3758,-0.0000
89.2300,5031.4409,-58.3758,-0.0000
89.2400,5030.8571,-58.3758,-0.0000
89.2500,5030.2734,-58.3758,-0.0000
89.2600,5029.6896,-58.3758,-0.0000
89.2700,5029.1058,-58.3758,-0.0000
89.2800,5028.5221,-58.3758,-0.0000
89.2900,5027.9383,-58.3758,-0.0000
89.3000,5027.3546,-58.3758,-0.0000
89.3100,5026.7708,-58.3758,-0.0000
89.3200,5026.1871,-58.3758,-0.0000
89.3300,5025.6033,-58.3758,-0.0000
89.3400,5025.0195,-58.3758,-0.0000
89.3500,5024.4358,-58.3758,-0.0000
89.3600,5023.8520,-58.3758,-0.0000
89.3700,5023.2683,-58.3758,-0.0000
89.3800,5022.6845,-58.3758,-0.0000
89.3900,5022.1008,-58.3758,-0.0000
89.4000,5021.5170,-58.3758,-0.0000
89.4100,5020.9332,-58.3758,-0.0000
89.4200,5020.3495,-58.3758,-0.0000
89.4300,5019.7657,-58.3758,-0.0000
89.4400,5019.1820,-58.3758,-0.0000
89.4500,5018.5982,-58.3758,-0.0000
89.4600,5018.0144,-58.3758,-0.0000
89.4700,5017.4307,-58.3758,-0.0000
89.4800,5016.8469,-58.3758,-0.0000
89.4900,5016.2632,-58.3758,-0.0000
89.5000,5015.6794,-58.3758,-0.0000
89.5100,5015.0957,-58.3758,-0.0000
89.5200,5014.5119,-58.3758,-0.0000
89.5300,5013.9281,-58.3758,-0.0000
89.5400,5013.3444,-58.3758,-0.0000
89.5500,5012.7606,-58.3758,-0.0000
89.5600,5012.1769,-58.3758,-0.0000
89.5700,5011.5931,-58.3758,-0.0000
89.5800,5011.0094,-58.3758,-0.0000
89.5900,5010.4256,-58.3758,-0.0000
89.6000,5009.8418,-58.3758,-0.0000
89.6100,5009.2581,-58.3758,-0.0000
89.6200,5008.6743,-58.3758,-0.0000
89.6300,5008.0906,-58.3758,-0.0000
89.6400,5007.5068,-58.3758,-0.0000
89.6500,5006.9231,-58.3758,-0.0000
89.6600,5006.3393,-58.3758,-0.0000
89.6700,5005.7555,-58.3758,-0.0000
89.6800,5005.1718,-58.3758,-0.0000
89.6900,5004.5880,-58.3758,-0.0000
89.7000,5004.0043,-58.3758,-0.0000
89.7100,5003.4205,-58.3758,-0.0000
89.7200,5002.8368,-58.3758,-0.0000
89.7300,5002.2530,-58.3758,-0.0000
89.7400,5001.6692,-58.3758,-0.0000
89.7500,5001.0855,-58.3758,-0.0000
89.7600,5000.5017,-58.3758,-0.0000
89.7700,4999.9180,-58.3758,-0.0000
89.7800,4999.3342,-58.3758,-0.0000
89.7900,4998.7504,-58.3758,-0.0000
89.8000,4998.1667,-58.3758,-0.0000
89.8100,4997.5829,-58.3758,-0.0000
89.8200,4996.9992,-58.3758,-0.0000
89.8300,4996.4154,-58.3758,-0.0000
89.8400,4995.8317,-58.3758,-0.0000
89.8500,4995.2479,-58.3758,-0.0000
89.8600,4994.6641,-58.3758,-0.0000
89.8700,4994.0804,-58.3758,-0.0000
89.8800,4993.4966,-58.3758,-0.0000
89.8900,4992.9129,-58.3758,-0.0000
89.9000,4992.3291,-58.3758,-0.0000
89.9100,4991.7454,-58.3758,-0.0000
89.9200,4991.1616,-58.3758,-0.0000
89.9300,4990.5778,-58.3758,-0.0000
89.9400,4989.9941,-58.3758,-0.0000
89.9500,4989.4103,-58.3758,-0.0000
89.9600,4988.8266,-58.3758,-0.0000
89.9700,4988.2428,-58.3758,-0.0000
89.9800,4987.6591,-58.3758,-0.0000
89.9900,4987.0753,-58.3758,-0.0000
90.0000,4986.4915,-58.3758,-0.0000
90.0100,4985.9078,-58.3758,-0.0000
90.0200,4985.3240,-58.3758,-0.0000
90.0300,4984.7403,-58.3758,-0.0000
90.0400,4984.1565,-58.3758,-0.0000
90.0500,4983.5728,-58.3758,-0.0000
90.0600,4982.9890,-58.3758,-0.0000
90.0700,4982.4052,-58.3758,-0.0000
90.0800,4981.8215,-58.3758,-0.0000
90.0900,4981.2377,-58.3758,-0.0000
90.1000,4980.6540,-58.3758,-0.0000
90.1100,4980.0702,-58.3758,-0.0000
90.1200,4979.4864,-58.3758,-0.0000
90.1300,4978.9027,-58.3758,-0.0000
90.1400,4978.3189,-58.3758,-0.0000
90.1500,4977.7352,-58.3758,-0.0000
90.1600,4977.1514,-58.3758,-0.0000
90.1700,4976.5677,-58.3758,-0.0000
90.1800,4975.9839,-58.3758,-0.0000
90.1900,4975.4001,-58.3758,-0.0000
90.2000,4974.8164,-58.3758,-0.0000
90.2100,4974.2326,-58.3758,-0.0000
90.2200,4973.6489,-58.3758,-0.0000
90.2300,4973.0651,-58.3758,-0.0000
90.2400,4972.4814,-58.3758,-0.0000
90.2500,4971.8976,-58.3758,-0.0000
90.2600,4971.3138,-58.3758,-0.0000
90.2700,4970.7301,-58.3758,-0.0000
90.2800,4970.1463,-58.3758,-0.0000
90.2900,4969.5626,-58.3758,-0.0000
90.3000,4968.9788,-58.3758,-0.0000
90.3100,4968.3951,-58.3758,-0.0000
90.3200,4967.8113,-58.3758,-0.0000
90.3300,4967.2275,-58.3758,-0.0000
90.3400,4966.6438,-58.3758,-0.0000
90.3500,4966.0600,-58.3758,-0.0000
90.3600,4965.4763,-58.3758,-0.0000
90.3700,4964.8925,-58.3758,-0.0000
90.3800,4964.3088,-58.3758,-0.0000
90.3900,4963.7250,-58.3758,-0.0000
90.4000,4963.1412,-58.3758,-0.0000
90.4100,4962.5575,-58.3758,-0.0000
90.4200,4961.9737,-58.3758,-0.0000
90.4300,4961.3900,-58.3758,-0.0000
90.4400,4960.8062,-58.3758,-0.0000
90.4500,4960.2224,-58.3758,-0.0000
90.4600,4959.6387,-58.3758,-0.0000
90.4700,4959.0549,-58.3758,-0.0000
90.4800,4958.4712,-58.3758,-0.0000
90.4900,4957.8874,-58.3758,-0.0000
90.5000,4957.3037,-58.3758,-0.0000
90.5100,4956.7199,-58.3758,-0.0000
90.5200,4956.1361,-58.3758,-0.0000
90.5300,4955.5524,-58.3758,-0.0000
90.5400,4954.9686,-58.3758,-0.0000
90.5500,4954.3849,-58.3758,-0.0000
90.5600,4953.8011,-58.3758,-0.0000
90.5700,4953.2174,-58.3758,-0.0000
90.5800,4952.6336,-58.3758,-0.0000
90.5900,4952.0498,-58.3758,-0.0000
90.6000,4951.4661,-58.3758,-0.0000
90.6100,4950.8823,-58.3758,-0.0000
90.6200,4950.2986,-58.3758,-0.0000
90.6300,4949.7148,-58.3758,-0.0000
90.6400,4949.1311,-58.3758,-0.0000
90.6500,4948.5473,-58.3758,-0.0000
90.6600,4947.9635,-58.3758,-0.0000
90.6700,4947.3798,-58.3758,-0.0000
90.6800,4946.7960,-58.3758,-0.0000
90.6900,4946.2123,-58.3758,-0.0000
90.7000,4945.6285,-58.3758,-0.0000
90.7100,4945.0448,-58.3758,-0.0000
90.7200,4944.4610,-58.3758,-0.0000
90.7300,4943.8772,-58.3758,-0.0000
90.7400,4943.2935,-58.3758,-0.0000
90.7500,4942.7097,-58.3758,-0.0000
90.7600,4942.1260,-58.3758,-0.0000
90.7700,4941.5422,-58.3758,-0.0000
90.7800,4940.9584,-58.3758,-0.0000
90.7900,4940.3747,-58.3758,-0.0000
90.8000,4939.7909,-58.3758,-0.0000
90.8100,4939.2072,-58.3758,-0.0000
90.8200,4938.6234,-58.3758,-0.0000
90.8300,4938.0397,-58.3758,-0.0000
90.8400,4937.4559,-58.3758,-0.0000
90.8500,4936.8721,-58.3758,-0.0000
90.8600,4936.2884,-58.3758,-0.0000
90.8700,4935.7046,-58.3758,-0.0000
90.8800,4935.1209,-58.3758,-0.0000
90.8900,4934.5371,-58.3758,-0.0000
90.9000,4933.9534,-58.3758,-0.0000
90.9100,4933.3696,-58.3758,-0.0000
90.9200,4932.7858,-58.3758,-0.0000
90.9300,4932.2021,-58.3758,-0.0000
90.9400,4931.6183,-58.3758,-0.0000
90.9500,4931.0346,-58.3758,-0.0000
90.9600,4930.4508,-58.3758,-0.0000
90.9700,4929.8671,-58.3758,-0.0000
90.9800,4929.2833,-58.3758,-0.0000
90.9900,4928.6995,-58.3758,-0.0000
91.0000,4928.1158,-58.3758,-0.0000
91.0100,4927.5320,-58.3758,-0.0000
91.0200,4926.9483,-58.3758,-0.0000
91.0300,4926.3645,-58.3758,-0.0000
91.0400,4925.7808,-58.3758,-0.0000
91.0500,4925.1970,-58.3758,-0.0000
91.0600,4924.6132,-58.3758,-0.0000
91.0700,4924.0295,-58.3758,-0.0000
91.0800,4923.4457,-58.3758,-0.0000
91.0900,4922.8620,-58.3758,-0.0000
91.1000,4922.2782,-58.3758,-0.0000
91.1100,4921.6944,-58.3758,-0.0000
91.1200,4921.1107,-58.3758,-0.0000
91.1300,4920.5269,-58.3758,-0.0000
91.1400,4919.9432,-58.3758,-0.0000
91.1500,4919.3594,-58.3758,-0.0000
91.1600,4918.7757,-58.3758,-0.0000
91.1700,4918.1919,-58.3758,-0.0000
91.1800,4917.6081,-58.3758,-0.0000
91.1900,4917.0244,-58.3758,-0.0000
91.2000,4916.4406,-58.3758,-0.0000
91.2100,4915.8569,-58.3758,-0.0000
91.2200,4915.2731,-58.3758,-0.0000
91.2300,4914.6894,-58.3758,-0.0000
91.2400,4914.1056,-58.3758,-0.0000
91.2500,4913.5218,-58.3758,-0.0000
91.2600,4912.9381,-58.3758,-0.0000
91.2700,4912.3543,-58.3758,-0.0000
91.2800,4911.7706,-58.3758,-0.0000
91.2900,4911.1868,-58.3758,-0.0000
91.3000,4910.6031,-58.3758,-0.0000
91.3100,4910.0193,-58.3758,-0.0000
91.3200,4909.4355,-58.3758,-0.0000
91.3300,4908.8518,-58.3758,-0.0000
91.3400,4908.2680,-58.3758,-0.0000
91.3500,4907.6843,-58.3758,-0.0000
91.3600,4907.1005,-58.3758,-0.0000
91.3700,4906.5168,-58.3758,-0.0000
91.3800,4905.9330,-58.3758,-0.0000
91.3900,4905.3492,-58.3758,-0.0000
91.4000,4904.7655,-58.3758,-0.0000
91.4100,4904.1817,-58.3758,-0.0000
91.4200,4903.5980,-58.3758,-0.0000
91.4300,4903.0142,-58.3758,-0.0000
91.4400,4902.4304,-58.3758,-0.0000
91.4500,4901.8467,-58.3758,-0.0000
91.4600,4901.2629,-58.3758,-0.0000
91.4700,4900.6792,-58.3758,-0.0000
91.4800,4900.0954,-58.3758,-0.0000
91.4900,4899.5117,-58.3758,-0.0000
91.5000,4898.9279,-58.3758,-0.0000
91.5100,4898.3441,-58.3758,-0.0000
91.5200,4897.7604,-58.3758,-0.0000
91.5300,4897.1766,-58.3758,-0.0000
91.5400,4896.5929,-58.3758,-0.0000
91.5500,4896.0091,-58.3758,-0.0000
91.5600,4895.4254,-58.3758,-0.0000
91.5700,4894.8416,-58.3758,-0.0000
91.5800,4894.2578,-58.3758,-0.0000
91.5900,4893.6741,-58.3758,-0.0000
91.6000,4893.0903,-58.3758,-0.0000
91.6100,4892.5066,-58.3758,-0.0000
91.6200,4891.9228,-58.3758,-0.0000
91.6300,4891.3391,-58.3758,-0.0000
91.6400,4890.7553,-58.3758,-0.0000
91.6500,4890.1715,-58.3758,-0.0000
91.6600,4889.5878,-58.3758,-0.0000
91.6700,4889.0040,-58.3758,-0.0000
91.6800,4888.4203,-58.3758,-0.0000
91.6900,4887.8365,-58.3758,-0.0000
91.7000,4887.2528,-58.3758,-0.0000
91.7100,4886.6690,-58.3758,-0.0000
91.7200,4886.0852,-58.3758,-0.0000
91.7300,4885.5015,-58.3758,-0.0000
91.7400,4884.9177,-58.3758,-0.0000
91.7500,4884.3340,-58.3758,-0.0000
91.7600,4883.7502,-58.3758,-0.0000
91.7700,4883.1664,-58.3758,-0.0000
91.7800,4882.5827,-58.3758,-0.0000
91.7900,4881.9989,-58.3758,-0.0000
91.8000,4881.4152,-58.3758,-0.0000
91.8100,4880.8314,-58.3758,-0.0000
91.8200,4880.2477,-58.3758,-0.0000
91.8300,4879.6639,-58.3758,-0.0000
91.8400,4879.0801,-58.3758,-0.0000
91.8500,4878.4964,-58.3758,-0.0000
91.8600,4877.9126,-58.3758,-0.0000
91.8700,4877.3289,-58.3758,-0.0000
91.8800,4876.7451,-58.3758,-0.0000
91.8900,4876.1614,-58.3758,-0.0000
91.9000,4875.5776,-58.3758,-0.0000
91.9100,4874.9938,-58.3758,-0.0000
91.9200,4874.4101,-58.3758,-0.0000
91.9300,4873.8263,-58.3758,-0.0000
91.9400,4873.2426,-58.3758,-0.0000
91.9500,4872.6588,-58.3758,-0.0000
91.9600,4872.0751,-58.3758,-0.0000
91.9700,4871.4913,-58.3758,-0.0000
91.9800,4870.9075,-58.3758,-0.0000
91.9900,4870.3238,-58.3758,-0.0000
92.0000,4869.7400,-58.3758,-0.0000
92.0100,4869.1563,-58.3758,-0.0000
92.0200,4868.5725,-58.3758,-0.0000
92.0300,4867.9888,-58.3758,-0.0000
92.0400,4867.4050,-58.3758,-0.0000
92.0500,4866.8212,-58.3758,-0.0000
92.0600,4866.2375,-58.3758,-0.0000
92.0700,4865.6537,-58.3758,-0.0000
92.0800,4865.0700,-58.3758,-0.0000
92.0900,4864.4862,-58.3758,-0.0000
92.1000,4863.9024,-58.3758,-0.0000
92.1100,4863.3187,-58.3758,-0.0000
92.1200,4862.7349,-58.3758,-0.0000
92.1300,4862.1512,-58.3758,-0.0000
92.1400,4861.5674,-58.3758,-0.0000
92.1500,4860.9837,-58.3758,-0.0000
92.1600,4860.3999,-58.3758,-0.0000
92.1700,4859.8161,-58.3758,-0.0000
92.1800,4859.2324,-58.3758,-0.0000
92.1900,4858.6486,-58.3758,-0.0000
92.2000,4858.0649,-58.3758,-0.0000
92.2100,4857.4811,-58.3758,-0.0000
92.2200,4856.8974,-58.3758,-0.0000
92.2300,4856.3136,-58.3758,-0.0000
92.2400,4855.7298,-58.3758,-0.0000
92.2500,4855.1461,-58.3758,-0.0000
92.2600,4854.5623,-58.3758,-0.0000
92.2700,4853.9786,-58.3758,-0.0000
92.2800,4853.3948,-58.3758,-0.0000
92.2900,4852.8111,-58.3758,-0.0000
92.3000,4852.2273,-58.3758,-0.0000
92.3100,4851.6435,-58.3758,-0.0000
92.3200,4851.0598,-58.3758,-0.0000
92.3300,4850.4760,-58.3758,-0.0000
92.3400,4849.8923,-58.3758,-0.0000
92.3500,4849.3085,-58.3758,-0.0000
92.3600,4848.7248,-58.3758,-0.0000
92.3700,4848.1410,-58.3758,-0.0000
92.3800,4847.5572,-58.3758,-0.0000
92.3900,4846.9735,-58.3758,-0.0000
92.4000,4846.3897,-58.3758,-0.0000
92.4100,4845.8060,-58.3758,-0.0000
92.4200,4845.2222,-58.3758,-0.0000
92.4300,4844.6384,-58.3758,-0.0000
92.4400,4844.0547,-58.3758,-0.0000
92.4500,4843.4709,-58.3758,-0.0000
92.4600,4842.8872,-58.3758,-0.0000
92.4700,4842.3034,-58.3758,-0.0000
92.4800,4841.7197,-58.3758,-0.0000
92.4900,4841.1359,-58.3758,-0.0000
92.5000,4840.5521,-58.3758,-0.0000
92.5100,4839.9684,-58.3758,-0.0000
92.5200,4839.3846,-58.3758,-0.0000
92.5300,4838.8009,-58.3758,-0.0000
92.5400,4838.2171,-58.3758,-0.0000
92.5500,4837.6334,-58.3758,-0.0000
92.5600,4837.0496,-58.3758,-0.0000
92.5700,4836.4658,-58.3758,-0.0000
92.5800,4835.8821,-58.3758,-0.0000
92.5900,4835.2983,-58.3758,-0.0000
92.6000,4834.7146,-58.3758,-0.0000
92.6100,4834.1308,-58.3758,-0.0000
92.6200,4833.5471,-58.3758,-0.0000
92.6300,4832.9633,-58.3758,-0.0000
92.6400,4832.3795,-58.3758,-0.0000
92.6500,4831.7958,-58.3758,-0.0000
92.6600,4831.2120,-58.3758,-0.0000
92.6700,4830.6283,-58.3758,-0.0000
92.6800,4830.0445,-58.3758,-0.0000
92.6900,4829.4608,-58.3758,-0.0000
92.7000,4828.8770,-58.3758,-0.0000
92.7100,4828.2932,-58.3758,-0.0000
92.7200,4827.7095,-58.3758,-0.0000
92.7300,4827.1257,-58.3758,-0.0000
92.7400,4826.5420,-58.3758,-0.0000
92.7500,4825.9582,-58.3758,-0.0000
92.7600,4825.3744,-58.3758,-0.0000
92.7700,4824.7907,-58.3758,-0.0000
92.7800,4824.2069,-58.3758,-0.0000
92.7900,4823.6232,-58.3758,-0.0000
92.8000,4823.0394,-58.3758,-0.0000
92.8100,4822.4557,-58.3758,-0.0000
92.8200,4821.8719,-58.3758,-0.0000
92.8300,4821.2881,-58.3758,-0.0000
92.8400,4820.7044,-58.3758,-0.0000
92.8500,4820.1206,-58.3758,-0.0000
92.8600,4819.5369,-58.3758,-0.0000
92.8700,4818.9531,-58.3758,-0.0000
92.8800,4818.3694,-58.3758,-0.0000
92.8900,4817.7856,-58.3758,-0.0000
92.9000,4817.2018,-58.3758,-0.0000
92.9100,4816.6181,-58.3758,-0.0000
92.9200,4816.0343,-58.3758,-0.0000
92.9300,4815.4506,-58.3758,-0.0000
92.9400,4814.8668,-58.3758,-0.0000
92.9500,4814.2831,-58.3758,-0.0000
92.9600,4813.6993,-58.3758,-0.0000
92.9700,4813.1155,-58.3758,-0.0000
92.9800,4812.5318,-58.3758,-0.0000
92.9900,4811.9480,-58.3758,-0.0000
93.0000,4811.3643,-58.3758,-0.0000
93.0100,4810.7805,-58.3758,-0.0000
93.0200,4810.1968,-58.3758,-0.0000
93.0300,4809.6130,-58.3758,-0.0000
93.0400,4809.0292,-58.3758,-0.0000
93.0500,4808.4455,-58.3758,-0.0000
93.0600,4807.8617,-58.3758,-0.0000
93.0700,4807.2780,-58.3758,-0.0000
93.0800,4806.6942,-58.3758,-0.0000
93.0900,4806.1104,-58.3758,-0.0000
93.1000,4805.5267,-58.3758,-0.0000
93.1100,4804.9429,-58.3758,-0.0000
93.1200,4804.3592,-58.3758,-0.0000
93.1300,4803.7754,-58.3758,-0.0000
93.1400,4803.1917,-58.3758,-0.0000
93.1500,4802.6079,-58.3758,-0.0000
93.1600,4802.0241,-58.3758,-0.0000
93.1700,4801.4404,-58.3758,-0.0000
93.1800,4800.8566,-58.3758,-0.0000
93.1900,4800.2729,-58.3758,-0.0000
93.2000,4799.6891,-58.3758,-0.0000
93.2100,4799.1054,-58.3758,-0.0000
93.2200,4798.5216,-58.3758,-0.0000
93.2300,4797.9378,-58.3758,-0.0000
93.2400,4797.3541,-58.3758,-0.0000
93.2500,4796.7703,-58.3758,-0.0000
93.2600,4796.1866,-58.3758,-0.0000
93.2700,4795.6028,-58.3758,-0.0000
93.2800,4795.0191,-58.3758,-0.0000
93.2900,4794.4353,-58.3758,-0.0000
93.3000,4793.8515,-58.3758,-0.0000
93.3100,4793.2678,-58.3758,-0.0000
93.3200,4792.6840,-58.3758,-0.0000
93.3300,4792.1003,-58.3758,-0.0000
93.3400,4791.5165,-58.3758,-0.0000
93.3500,4790.9328,-58.3758,-0.0000
93.3600,4790.3490,-58.3758,-0.0000
93.3700,4789.7652,-58.3758,-0.0000
93.3800,4789.1815,-58.3758,-0.0000
93.3900,4788.5977,-58.3758,-0.0000
93.4000,4788.0140,-58.3758,-0.0000
93.4100,4787.4302,-58.3758,-0.0000
93.4200,4786.8464,-58.3758,-0.0000
93.4300,4786.2627,-58.3758,-0.0000
93.4400,4785.6789,-58.3758,-0.0000
93.4500,4785.0952,-58.3758,-0.0000
93.4600,4784.5114,-58.3758,-0.0000
93.4700,4783.9277,-58.3758,-0.0000
93.4800,4783.3439,-58.3758,-0.0000
93.4900,4782.7601,-58.3758,-0.0000
93.5000,4782.1764,-58.3758,-0.0000
93.5100,4781.5926,-58.3758,-0.0000
93.5200,4781.0089,-58.3758,-0.0000
93.5300,4780.4251,-58.3758,-0.0000
93.5400,4779.8414,-58.3758,-0.0000
93.5500,4779.2576,-58.3758,-0.0000
93.5600,4778.6738,-58.3758,-0.0000
93.5700,4778.0901,-58.3758,-0.0000
93.5800,4777.5063,-58.3758,-0.0000
93.5900,4776.9226,-58.3758,-0.0000
93.6000,4776.3388,-58.3758,-0.0000
93.6100,4775.7551,-58.3758,-0.0000
93.6200,4775.1713,-58.3758,-0.0000
93.6300,4774.5875,-58.3758,-0.0000
93.6400,4774.0038,-58.3758,-0.0000
93.6500,4773.4200,-58.3758,-0.0000
93.6600,4772.8363,-58.3758,-0.0000
93.6700,4772.2525,-58.3758,-0.0000
93.6800,4771.6688,-58.3758,-0.0000
93.6900,4771.0850,-58.3758,-0.0000
93.7000,4770.5012,-58.3758,-0.0000
93.7100,4769.9175,-58.3758,-0.0000
93.7200,4769.3337,-58.3758,-0.0000
93.7300,4768.7500,-58.3758,-0.0000
93.7400,4768.1662,-58.3758,-0.0000
93.7500,4767.5824,-58.3758,-0.0000
93.7600,4766.9987,-58.3758,-0.0000
93.7700,4766.4149,-58.3758,-0.0000
93.7800,4765.8312,-58.3758,-0.0000
93.7900,4765.2474,-58.3758,-0.0000
93.8000,4764.6637,-58.3758,-0.0000
93.8100,4764.0799,-58.3758,-0.0000
93.8200,4763.4961,-58.3758,-0.0000
93.8300,4762.9124,-58.3758,-0.0000
93.8400,4762.3286,-58.3758,-0.0000
93.8500,4761.7449,-58.3758,-0.0000
93.8600,4761.1611,-58.3758,-0.0000
93.8700,4760.5774,-58.3758,-0.0000
93.8800,4759.9936,-58.3758,-0.0000
93.8900,4759.4098,-58.3758,-0.0000
93.9000,4758.8261,-58.3758,-0.0000
93.9100,4758.2423,-58.3758,-0.0000
93.9200,4757.6586,-58.3758,-0.0000
93.9300,4757.0748,-58.3758,-0.0000
93.9400,4756.4911,-58.3758,-0.0000
93.9500,4755.9073,-58.3758,-0.0000
93.9600,4755.3235,-58.3758,-0.0000
93.9700,4754.7398,-58.3758,-0.0000
93.9800,4754.1560,-58.3758,-0.0000
93.9900,4753.5723,-58.3758,-0.0000
94.0000,4752.9885,-58.3758,-0.0000
94.0100,4752.4048,-58.3758,-0.0000
94.0200,4751.8210,-58.3758,-0.0000
94.0300,4751.2372,-58.3758,-0.0000
94.0400,4750.6535,-58.3758,-0.0000
94.0500,4750.0697,-58.3758,-0.0000
94.0600,4749.4860,-58.3758,-0.0000
94.0700,4748.9022,-58.3758,-0.0000
94.0800,4748.3184,-58.3758,-0.0000
94.0900,4747.7347,-58.3758,-0.0000
94.1000,4747.1509,-58.3758,-0.0000
94.1100,4746.5672,-58.3758,-0.0000
94.1200,4745.9834,-58.3758,-0.0000
94.1300,4745.3997,-58.3758,-0.0000
94.1400,4744.8159,-58.3758,-0.0000
94.1500,4744.2321,-58.3758,-0.0000
94.1600,4743.6484,-58.3758,-0.0000
94.1700,4743.0646,-58.3758,-0.0000
94.1800,4742.4809,-58.3758,-0.0000
94.1900,4741.8971,-58.3758,-0.0000
94.2000,4741.3134,-58.3758,-0.0000
94.2100,4740.7296,-58.3758,-0.0000
94.2200,4740.1458,-58.3758,-0.0000
94.2300,4739.5621,-58.3758,-0.0000
94.2400,4738.9783,-58.3758,-0.0000
94.2500,4738.3946,-58.3758,-0.0000
94.2600,4737.8108,-58.3758,-0.0000
94.2700,4737.2271,-58.3758,-0.0000
94.2800,4736.6433,-58.3758,-0.0000
94.2900,4736.0595,-58.3758,-0.0000
94.3000,4735.4758,-58.3758,-0.0000
94.3100,4734.8920,-58.3758,-0.0000
94.3200,4734.3083,-58.3758,-0.0000
94.3300,4733.7245,-58.3758,-0.0000
94.3400,4733.1408,-58.3758,-0.0000
94.3500,4732.5570,-58.3758,-0.0000
94.3600,4731.9732,-58.3758,-0.0000
94.3700,4731.3895,-58.3758,-0.0000
94.3800,4730.8057,-58.3758,-0.0000
94.3900,4730.2220,-58.3758,-0.0000
94.4000,4729.6382,-58.3758,-0.0000
94.4100,4729.0545,-58.3758,-0.0000
94.4200,4728.4707,-58.3758,-0.0000
94.4300,4727.8869,-58.3758,-0.0000
94.4400,4727.3032,-58.3758,-0.0000
94.4500,4726.7194,-58.3758,-0.0000
94.4600,4726.1357,-58.3758,-0.0000
94.4700,4725.5519,-58.3758,-0.0000
94.4800,4724.9681,-58.3758,-0.0000
94.4900,4724.3844,-58.3758,-0.0000
94.5000,4723.8006,-58.3758,-0.0000
94.5100,4723.2169,-58.3758,-0.0000
94.5200,4722.6331,-58.3758,-0.0000
94.5300,4722.0494,-58.3758,-0.0000
94.5400,4721.4656,-58.3758,-0.0000
94.5500,4720.8818,-58.3758,-0.0000
94.5600,4720.2981,-58.3758,-0.0000
94.5700,4719.7143,-58.3758,-0.0000
94.5800,4719.1306,-58.3758,-0.0000
94.5900,4718.5468,-58.3758,-0.0000
94.6000,4717.9631,-58.3758,-0.0000
94.6100,4717.3793,-58.3758,-0.0000
94.6200,4716.7955,-58.3758,-0.0000
94.6300,4716.2118,-58.3758,-0.0000
94.6400,4715.6280,-58.3758,-0.0000
94.6500,4715.0443,-58.3758,-0.0000
94.6600,4714.4605,-58.3758,-0.0000
94.6700,4713.8768,-58.3758,-0.0000
94.6800,4713.2930,-58.3758,-0.0000
94.6900,4712.7092,-58.3758,-0.0000
94.7000,4712.1255,-58.3758,-0.0000
94.7100,4711.5417,-58.3758,-0.0000
94.7200,4710.9580,-58.3758,-0.0000
94.7300,4710.3742,-58.3758,-0.0000
94.7400,4709.7905,-58.3758,-0.0000
94.7500,4709.2067,-58.3758,-0.0000
94.7600,4708.6229,-58.3758,-0.0000
94.7700,4708.0392,-58.3758,-0.0000
94.7800,4707.4554,-58.3758,-0.0000
94.7900,4706.8717,-58.3758,-0.0000
94.8000,4706.2879,-58.3758,-0.0000
94.8100,4705.7041,-58.3758,-0.0000
94.8200,4705.1204,-58.3758,-0.0000
94.8300,4704.5366,-58.3758,-0.0000
94.8400,4703.9529,-58.3758,-0.0000
94.8500,4703.3691,-58.3758,-0.0000
94.8600,4702.7854,-58.3758,-0.0000
94.8700,4702.2016,-58.3758,-0.0000
94.8800,4701.6178,-58.3758,-0.0000
94.8900,4701.0341,-58.3758,-0.0000
94.9000,4700.4503,-58.3758,-0.0000
94.9100,4699.8666,-58.3758,-0.0000
94.9200,4699.2828,-58.3758,-0.0000
94.9300,4698.6991,-58.3758,-0.0000
94.9400,4698.1153,-58.3758,-0.0000
94.9500,4697.5315,-58.3758,-0.0000
94.9600,4696.9478,-58.3758,-0.0000
94.9700,4696.3640,-58.3758,-0.0000
94.9800,4695.7803,-58.3758,-0.0000
94.9900,4695.1965,-58.3758,-0.0000
95.0000,4694.6128,-58.3758,-0.0000
95.0100,4694.0290,-58.3758,-0.0000
95.0200,4693.4452,-58.3758,-0.0000
95.0300,4692.8615,-58.3758,-0.0000
95.0400,4692.2777,-58.3758,-0.0000
95.0500,4691.6940,-58.3758,-0.0000
95.0600,4691.1102,-58.3758,-0.0000
95.0700,4690.5265,-58.3758,-0.0000
95.0800,4689.9427,-58.3758,-0.0000
95.0900,4689.3589,-58.3758,-0.0000
95.1000,4688.7752,-58.3758,-0.0000
95.1100,4688.1914,-58.3758,-0.0000
95.1200,4687.6077,-58.3758,-0.0000
95.1300,4687.0239,-58.3758,-0.0000
95.1400,4686.4401,-58.3758,-0.0000
95.1500,4685.8564,-58.3758,-0.0000
95.1600,4685.2726,-58.3758,-0.0000
95.1700,4684.6889,-58.3758,-0.0000
95.1800,4684.1051,-58.3758,-0.0000
95.1900,4683.5214,-58.3758,-0.0000
95.2000,4682.9376,-58.3758,-0.0000
95.2100,4682.3538,-58.3758,-0.0000
95.2200,4681.7701,-58.3758,-0.0000
95.2300,4681.1863,-58.3758,-0.0000
95.2400,4680.6026,-58.3758,-0.0000
95.2500,4680.0188,-58.3758,-0.0000
95.2600,4679.4351,-58.3758,-0.0000
95.2700,4678.8513,-58.3758,-0.0000
95.2800,4678.2675,-58.3758,-0.0000
95.2900,4677.6838,-58.3758,-0.0000
95.3000,4677.1000,-58.3758,-0.0000
95.3100,4676.5163,-58.3758,-0.0000
95.3200,4675.9325,-58.3758,-0.0000
95.3300,4675.3488,-58.3758,-0.0000
95.3400,4674.7650,-58.3758,-0.0000
95.3500,4674.1812,-58.3758,-0.0000
95.3600,4673.5975,-58.3758,-0.0000
95.3700,4673.0137,-58.3758,-0.0000
95.3800,4672.4300,-58.3758,-0.0000
95.3900,4671.8462,-58.3758,-0.0000
95.4000,4671.2625,-58.3758,-0.0000
95.4100,4670.6787,-58.3758,-0.0000
95.4200,4670.0949,-58.3758,-0.0000
95.4300,4669.5112,-58.3758,-0.0000
95.4400,4668.9274,-58.3758,-0.0000
95.4500,4668.3437,-58.3758,-0.0000
95.4600,4667.7599,-58.3758,-0.0000
95.4700,4667.1761,-58.3758,-0.0000
95.4800,4666.5924,-58.3758,-0.0000
95.4900,4666.0086,-58.3758,-0.0000
95.5000,4665.4249,-58.3758,-0.0000
95.5100,4664.8411,-58.3758,-0.0000
95.5200,4664.2574,-58.3758,-0.0000
95.5300,4663.6736,-58.3758,-0.0000
95.5400,4663.0898,-58.3758,-0.0000
95.5500,4662.5061,-58.3758,-0.0000
95.5600,4661.9223,-58.3758,-0.0000
95.5700,4661.3386,-58.3758,-0.0000
95.5800,4660.7548,-58.3758,-0.0000
95.5900,4660.1711,-58.3758,-0.0000
95.6000,4659.5873,-58.3758,-0.0000
95.6100,4659.0035,-58.3758,-0.0000
95.6200,4658.4198,-58.3758,-0.0000
95.6300,4657.8360,-58.3758,-0.0000
95.6400,4657.2523,-58.3758,-0.0000
95.6500,4656.6685,-58.3758,-0.0000
95.6600,4656.0848,-58.3758,-0.0000
95.6700,4655.5010,-58.3758,-0.0000
95.6800,4654.9172,-58.3758,-0.0000
95.6900,4654.3335,-58.3758,-0.0000
95.7000,4653.7497,-58.3758,-0.0000
95.7100,4653.1660,-58.3758,-0.0000
95.7200,4652.5822,-58.3758,-0.0000
95.7300,4651.9985,-58.3758,-0.0000
95.7400,4651.4147,-58.3758,-0.0000
95.7500,4650.8309,-58.3758,-0.0000
95.7600,4650.2472,-58.3758,-0.0000
95.7700,4649.6634,-58.3758,-0.0000
95.7800,4649.0797,-58.3758,-0.0000
95.7900,4648.4959,-58.3758,-0.0000
95.8000,4647.9121,-58.3758,-0.0000
95.8100,4647.3284,-58.3758,-0.0000
95.8200,4646.7446,-58.3758,-0.0000
95.8300,4646.1609,-58.3758,-0.0000
95.8400,4645.5771,-58.3758,-0.0000
95.8500,4644.9934,-58.3758,-0.0000
95.8600,4644.4096,-58.3758,-0.0000
95.8700,4643.8258,-58.3758,-0.0000
95.8800,4643.2421,-58.3758,-0.0000
95.8900,4642.6583,-58.3758,-0.0000
95.9000,4642.0746,-58.3758,-0.0000
95.9100,4641.4908,-58.3758,-0.0000
95.9200,4640.9071,-58.3758,-0.0000
95.9300,4640.3233,-58.3758,-0.0000
95.9400,4639.7395,-58.3758,-0.0000
95.9500,4639.1558,-58.3758,-0.0000
95.9600,4638.5720,-58.3758,-0.0000
95.9700,4637.9883,-58.3758,-0.0000
95.9800,4637.4045,-58.3758,-0.0000
95.9900,4636.8208,-58.3758,-0.0000
96.0000,4636.2370,-58.3758,-0.0000
96.0100,4635.6532,-58.3758,-0.0000
96.0200,4635.0695,-58.3758,-0.0000
96.0300,4634.4857,-58.3758,-0.0000
96.0400,4633.9020,-58.3758,-0.0000
96.0500,4633.3182,-58.3758,-0.0000
96.0600,4632.7345,-58.3758,-0.0000
96.0700,4632.1507,-58.3758,-0.0000
96.0800,4631.5669,-58.3758,-0.0000
96.0900,4630.9832,-58.3758,-0.0000
96.1000,4630.3994,-58.3758,-0.0000
96.1100,4629.8157,-58.3758,-0.0000
96.1200,4629.2319,-58.3758,-0.0000
96.1300,4628.6481,-58.3758,-0.0000
96.1400,4628.0644,-58.3758,-0.0000
96.1500,4627.4806,-58.3758,-0.0000
96.1600,4626.8969,-58.3758,-0.0000
96.1700,4626.3131,-58.3758,-0.0000
96.1800,4625.7294,-58.3758,-0.0000
96.1900,4625.1456,-58.3758,-0.0000
96.2000,4624.5618,-58.3758,-0.0000
96.2100,4623.9781,-58.3758,-0.0000
96.2200,4623.3943,-58.3758,-0.0000
96.2300,4622.8106,-58.3758,-0.0000
96.2400,4622.2268,-58.3758,-0.0000
96.2500,4621.6431,-58.3758,-0.0000
96.2600,4621.0593,-58.3758,-0.0000
96.2700,4620.4755,-58.3758,-0.0000
96.2800,4619.8918,-58.3758,-0.0000
96.2900,4619.3080,-58.3758,-0.0000
96.3000,4618.7243,-58.3758,-0.0000
96.3100,4618.1405,-58.3758,-0.0000
96.3200,4617.5568,-58.3758,-0.0000
96.3300,4616.9730,-58.3758,-0.0000
96.3400,4616.3892,-58.3758,-0.0000
96.3500,4615.8055,-58.3758,-0.0000
96.3600,4615.2217,-58.3758,-0.0000
96.3700,4614.6380,-58.3758,-0.0000
96.3800,4614.0542,-58.3758,-0.0000
96.3900,4613.4705,-58.3758,-0.0000
96.4000,4612.8867,-58.3758,-0.0000
96.4100,4612.3029,-58.3758,-0.0000
96.4200,4611.7192,-58.3758,-0.0000
96.4300,4611.1354,-58.3758,-0.0000
96.4400,4610.5517,-58.3758,-0.0000
96.4500,4609.9679,-58.3758,-0.0000
96.4600,4609.3841,-58.3758,-0.0000
96.4700,4608.8004,-58.3758,-0.0000
96.4800,4608.2166,-58.3758,-0.0000
96.4900,4607.6329,-58.3758,-0.0000
96.5000,4607.0491,-58.3758,-0.0000
96.5100,4606.4654,-58.3758,-0.0000
96.5200,4605.8816,-58.3758,-0.0000
96.5300,4605.2978,-58.3758,-0.0000
96.5400,4604.7141,-58.3758,-0.0000
96.5500,4604.1303,-58.3758,-0.0000
96.5600,4603.5466,-58.3758,-0.0000
96.5700,4602.9628,-58.3758,-0.0000
96.5800,4602.3791,-58.3758,-0.0000
96.5900,4601.7953,-58.3758,-0.0000
96.6000,4601.2115,-58.3758,-0.0000
96.6100,4600.6278,-58.3758,-0.0000
96.6200,4600.0440,-58.3758,-0.0000
96.6300,4599.4603,-58.3758,-0.0000
96.6400,4598.8765,-58.3758,-0.0000
96.6500,4598.2928,-58.3758,-0.0000
96.6600,4597.7090,-58.3758,-0.0000
96.6700,4597.1252,-58.3758,-0.0000
96.6800,4596.5415,-58.3758,-0.0000
96.6900,4595.9577,-58.3758,-0.0000
96.7000,4595.3740,-58.3758,-0.0000
96.7100,4594.7902,-58.3758,-0.0000
96.7200,4594.2065,-58.3758,-0.0000
96.7300,4593.6227,-58.3758,-0.0000
96.7400,4593.0389,-58.3758,-0.0000
96.7500,4592.4552,-58.3758,-0.0000
96.7600,4591.8714,-58.3758,-0.0000
96.7700,4591.2877,-58.3758,-0.0000
96.7800,4590.7039,-58.3758,-0.0000
96.7900,4590.1201,-58.3758,-0.0000
96.8000,4589.5364,-58.3758,-0.0000
96.8100,4588.9526,-58.3758,-0.0000
96.8200,4588.3689,-58.3758,-0.0000
96.8300,4587.7851,-58.3758,-0.0000
96.8400,4587.2014,-58.3758,-0.0000
96.8500,4586.6176,-58.3758,-0.0000
96.8600,4586.0338,-58.3758,-0.0000
96.8700,4585.4501,-58.3758,-0.0000
96.8800,4584.8663,-58.3758,-0.0000
96.8900,4584.2826,-58.3758,-0.0000
96.9000,4583.6988,-58.3758,-0.0000
96.9100,4583.1151,-58.3758,-0.0000
96.9200,4582.5313,-58.3758,-0.0000
96.9300,4581.9475,-58.3758,-0.0000
96.9400,4581.3638,-58.3758,-0.0000
96.9500,4580.7800,-58.3758,-0.0000
96.9600,4580.1963,-58.3758,-0.0000
96.9700,4579.6125,-58.3758,-0.0000
96.9800,4579.0288,-58.3758,-0.0000
96.9900,4578.4450,-58.3758,-0.0000
97.0000,4577.8612,-58.3758,-0.0000
97.0100,4577.2775,-58.3758,-0.0000
97.0200,4576.6937,-58.3758,-0.0000
97.0300,4576.1100,-58.3758,-0.0000
97.0400,4575.5262,-58.3758,-0.0000
97.0500,4574.9425,-58.3758,-0.0000
97.0600,4574.3587,-58.3758,-0.0000
97.0700,4573.7749,-58.3758,-0.0000
97.0800,4573.1912,-58.3758,-0.0000
97.0900,4572.6074,-58.3758,-0.0000
97.1000,4572.0237,-58.3758,-0.0000
97.1100,4571.4399,-58.3758,-0.0000
97.1200,4570.8561,-58.3758,-0.0000
97.1300,4570.2724,-58.3758,-0.0000
97.1400,4569.6886,-58.3758,-0.0000
97.1500,4569.1049,-58.3758,-0.0000
97.1600,4568.5211,-58.3758,-0.0000
97.1700,4567.9374,-58.3758,-0.0000
97.1800,4567.3536,-58.3758,-0.0000
97.1900,4566.7698,-58.3758,-0.0000
97.2000,4566.1861,-58.3758,-0.0000
97.2100,4565.6023,-58.3758,-0.0000
97.2200,4565.0186,-58.3758,-0.0000
97.2300,4564.4348,-58.3758,-0.0000
97.2400,4563.8511,-58.3758,-0.0000
97.2500,4563.2673,-58.3758,-0.0000
97.2600,4562.6835,-58.3758,-0.0000
97.2700,4562.0998,-58.3758,-0.0000
97.2800,4561.5160,-58.3758,-0.0000
97.2900,4560.9323,-58.3758,-0.0000
97.3000,4560.3485,-58.3758,-0.0000
97.3100,4559.7648,-58.3758,-0.0000
97.3200,4559.1810,-58.3758,-0.0000
97.3300,4558.5972,-58.3758,-0.0000
97.3400,4558.0135,-58.3758,-0.0000
97.3500,4557.4297,-58.3758,-0.0000
97.3600,4556.8460,-58.3758,-0.0000
97.3700,4556.2622,-58.3758,-0.0000
97.3800,4555.6785,-58.3758,-0.0000
97.3900,4555.0947,-58.3758,-0.0000
97.4000,4554.5109,-58.3758,-0.0000
97.4100,4553.9272,-58.3758,-0.0000
97.4200,4553.3434,-58.3758,-0.0000
97.4300,4552.7597,-58.3758,-0.0000
97.4400,4552.1759,-58.3758,-0.0000
97.4500,4551.5921,-58.3758,-0.0000
97.4600,4551.0084,-58.3758,-0.0000
97.4700,4550.4246,-58.3758,-0.0000
97.4800,4549.8409,-58.3758,-0.0000
97.4900,4549.2571,-58.3758,-0.0000
97.5000,4548.6734,-58.3758,-0.0000
97.5100,4548.0896,-58.3758,-0.0000
97.5200,4547.5058,-58.3758,-0.0000
97.5300,4546.9221,-58.3758,-0.0000
97.5400,4546.3383,-58.3758,-0.0000
97.5500,4545.7546,-58.3758,-0.0000
97.5600,4545.1708,-58.3758,-0.0000
97.5700,4544.5871,-58.3758,-0.0000
97.5800,4544.0033,-58.3758,-0.0000
97.5900,4543.4195,-58.3758,-0.0000
97.6000,4542.8358,-58.3758,-0.0000
97.6100,4542.2520,-58.3758,-0.0000
97.6200,4541.6683,-58.3758,-0.0000
97.6300,4541.0845,-58.3758,-0.0000
97.6400,4540.5008,-58.3758,-0.0000
97.6500,4539.9170,-58.3758,-0.0000
97.6600,4539.3332,-58.3758,-0.0000
97.6700,4538.7495,-58.3758,-0.0000
97.6800,4538.1657,-58.3758,-0.0000
97.6900,4537.5820,-58.3758,-0.0000
97.7000,4536.9982,-58.3758,-0.0000
97.7100,4536.4145,-58.3758,-0.0000
97.7200,4535.8307,-58.3758,-0.0000
97.7300,4535.2469,-58.3758,-0.0000
97.7400,4534.6632,-58.3758,-0.0000
97.7500,4534.0794,-58.3758,-0.0000
97.7600,4533.4957,-58.3758,-0.0000
97.7700,4532.9119,-58.3758,-0.0000
97.7800,4532.3281,-58.3758,-0.0000
97.7900,4531.7444,-58.3758,-0.0000
97.8000,4531.1606,-58.3758,-0.0000
97.8100,4530.5769,-58.3758,-0.0000
97.8200,4529.9931,-58.3758,-0.0000
97.8300,4529.4094,-58.3758,-0.0000
97.8400,4528.8256,-58.3758,-0.0000
97.8500,4528.2418,-58.3758,-0.0000
97.8600,4527.6581,-58.3758,-0.0000
97.8700,4527.0743,-58.3758,-0.0000
97.8800,4526.4906,-58.3758,-0.0000
97.8900,4525.9068,-58.3758,-0.0000
97.9000,4525.3231,-58.3758,-0.0000
97.9100,4524.7393,-58.3758,-0.0000
97.9200,4524.1555,-58.3758,-0.0000
97.9300,4523.5718,-58.3758,-0.0000
97.9400,4522.9880,-58.3758,-0.0000
97.9500,4522.4043,-58.3758,-0.0000
97.9600,4521.8205,-58.3758,-0.0000
97.9700,4521.2368,-58.3758,-0.0000
97.9800,4520.6530,-58.3758,-0.0000
97.9900,4520.0692,-58.3758,-0.0000
98.0000,4519.4855,-58.3758,-0.0000
98.0100,4518.9017,-58.3758,-0.0000
98.0200,4518.3180,-58.3758,-0.0000
98.0300,4517.7342,-58.3758,-0.0000
98.0400,4517.1505,-58.3758,-0.0000
98.0500,4516.5667,-58.3758,-0.0000
98.0600,4515.9829,-58.3758,-0.0000
98.0700,4515.3992,-58.3758,-0.0000
98.0800,4514.8154,-58.3758,-0.0000
98.0900,4514.2317,-58.3758,-0.0000
98.1000,4513.6479,-58.3758,-0.0000
98.1100,4513.0641,-58.3758,-0.0000
98.1200,4512.4804,-58.3758,-0.0000
98.1300,4511.8966,-58.3758,-0.0000
98.1400,4511.3129,-58.3758,-0.0000
98.1500,4510.7291,-58.3758,-0.0000
98.1600,4510.1454,-58.3758,-0.0000
98.1700,4509.5616,-58.3758,-0.0000
98.1800,4508.9778,-58.3758,-0.0000
98.1900,4508.3941,-58.3758,-0.0000
98.2000,4507.8103,-58.3758,-0.0000
98.2100,4507.2266,-58.3758,-0.0000
98.2200,4506.6428,-58.3758,-0.0000
98.2300,4506.0591,-58.3758,-0.0000
98.2400,4505.4753,-58.3758,-0.0000
98.2500,4504.8915,-58.3758,-0.0000
98.2600,4504.3078,-58.3758,-0.0000
98.2700,4503.7240,-58.3758,-0.0000
98.2800,4503.1403,-58.3758,-0.0000
98.2900,4502.5565,-58.3758,-0.0000
98.3000,4501.9728,-58.3758,-0.0000
98.3100,4501.3890,-58.3758,-0.0000
98.3200,4500.8052,-58.3758,-0.0000
98.3300,4500.2215,-58.3758,-0.0000
98.3400,4499.6377,-58.3758,-0.0000
98.3500,4499.0540,-58.3758,-0.0000
98.3600,4498.4702,-58.3758,-0.0000
98.3700,4497.8865,-58.3758,-0.0000
98.3800,4497.3027,-58.3758,-0.0000
98.3900,4496.7189,-58.3758,-0.0000
98.4000,4496.1352,-58.3758,-0.0000
98.4100,4495.5514,-58.3758,-0.0000
98.4200,4494.9677,-58.3758,-0.0000
98.4300,4494.3839,-58.3758,-0.0000
98.4400,4493.8001,-58.3758,-0.0000
98.4500,4493.2164,-58.3758,-0.0000
98.4600,4492.6326,-58.3758,-0.0000
98.4700,4492.0489,-58.3758,-0.0000
98.4800,4491.4651,-58.3758,-0.0000
98.4900,4490.8814,-58.3758,-0.0000
98.5000,4490.2976,-58.3758,-0.0000
98.5100,4489.7138,-58.3758,-0.0000
98.5200,4489.1301,-58.3758,-0.0000
98.5300,4488.5463,-58.3758,-0.0000
98.5400,4487.9626,-58.3758,-0.0000
98.5500,4487.3788,-58.3758,-0.0000
98.5600,4486.7951,-58.3758,-0.0000
98.5700,4486.2113,-58.3758,-0.0000
98.5800,4485.6275,-58.3758,-0.0000
98.5900,4485.0438,-58.3758,-0.0000
98.6000,4484.4600,-58.3758,-0.0000
98.6100,4483.8763,-58.3758,-0.0000
98.6200,4483.2925,-58.3758,-0.0000
98.6300,4482.7088,-58.3758,-0.0000
98.6400,4482.1250,-58.3758,-0.0000
98.6500,4481.5412,-58.3758,-0.0000
98.6600,4480.9575,-58.3758,-0.0000
98.6700,4480.3737,-58.3758,-0.0000
98.6800,4479.7900,-58.3758,-0.0000
98.6900,4479.2062,-58.3758,-0.0000
98.7000,4478.6225,-58.3758,-0.0000
98.7100,4478.0387,-58.3758,-0.0000
98.7200,4477.4549,-58.3758,-0.0000
98.7300,4476.8712,-58.3758,-0.0000
98.7400,4476.2874,-58.3758,-0.0000
98.7500,4475.7037,-58.3758,-0.0000
98.7600,4475.1199,-58.3758,-0.0000
98.7700,4474.5361,-58.3758,-0.0000
98.7800,4473.9524,-58.3758,-0.0000
98.7900,4473.3686,-58.3758,-0.0000
98.8000,4472.7849,-58.3758,-0.0000
98.8100,4472.2011,-58.3758,-0.0000
98.8200,4471.6174,-58.3758,-0.0000
98.8300,4471.0336,-58.3758,-0.0000
98.8400,4470.4498,-58.3758,-0.0000
98.8500,4469.8661,-58.3758,-0.0000
98.8600,4469.2823,-58.3758,-0.0000
98.8700,4468.6986,-58.3758,-0.0000
98.8800,4468.1148,-58.3758,-0.0000
98.8900,4467.5311,-58.3758,-0.0000
98.9000,4466.9473,-58.3758,-0.0000
98.9100,4466.3635,-58.3758,-0.0000
98.9200,4465.7798,-58.3758,-0.0000
98.9300,4465.1960,-58.3758,-0.0000
98.9400,4464.6123,-58.3758,-0.0000
98.9500,4464.0285,-58.3758,-0.0000
98.9600,4463.4448,-58.3758,-0.0000
98.9700,4462.8610,-58.3758,-0.0000
98.9800,4462.2772,-58.3758,-0.0000
98.9900,4461.6935,-58.3758,-0.0000
99.0000,4461.1097,-58.3758,-0.0000
99.0100,4460.5260,-58.3758,-0.0000
99.0200,4459.9422,-58.3758,-0.0000
99.0300,4459.3585,-58.3758,-0.0000
99.0400,4458.7747,-58.3758,-0.0000
99.0500,4458.1909,-58.3758,-0.0000
99.0600,4457.6072,-58.3758,-0.0000
99.0700,4457.0234,-58.3758,-0.0000
99.0800,4456.4397,-58.3758,-0.0000
99.0900,4455.8559,-58.3758,-0.0000
99.1000,4455.2721,-58.3758,-0.0000
99.1100,4454.6884,-58.3758,-0.0000
99.1200,4454.1046,-58.3758,-0.0000
99.1300,4453.5209,-58.3758,-0.0000
99.1400,4452.9371,-58.3758,-0.0000
99.1500,4452.3534,-58.3758,-0.0000
99.1600,4451.7696,-58.3758,-0.0000
99.1700,4451.1858,-58.3758,-0.0000
99.1800,4450.6021,-58.3758,-0.0000
99.1900,4450.0183,-58.3758,-0.0000
99.2000,4449.4346,-58.3758,-0.0000
99.2100,4448.8508,-58.3758,-0.0000
99.2200,4448.2671,-58.3758,-0.0000
99.2300,4447.6833,-58.3758,-0.0000
99.2400,4447.0995,-58.3758,-0.0000
99.2500,4446.5158,-58.3758,-0.0000
99.2600,4445.9320,-58.3758,-0.0000
99.2700,4445.3483,-58.3758,-0.0000
99.2800,4444.7645,-58.3758,-0.0000
99.2900,4444.1808,-58.3758,-0.0000
99.3000,4443.5970,-58.3758,-0.0000
99.3100,4443.0132,-58.3758,-0.0000
99.3200,4442.4295,-58.3758,-0.0000
99.3300,4441.8457,-58.3758,-0.0000
99.3400,4441.2620,-58.3758,-0.0000
99.3500,4440.6782,-58.3758,-0.0000
99.3600,4440.0945,-58.3758,-0.0000
99.3700,4439.5107,-58.3758,-0.0000
99.3800,4438.9269,-58.3758,-0.0000
99.3900,4438.3432,-58.3758,-0.0000
99.4000,4437.7594,-58.3758,-0.0000
99.4100,4437.1757,-58.3758,-0.0000
99.4200,4436.5919,-58.3758,-0.0000
99.4300,4436.0081,-58.3758,-0.0000
99.4400,4435.4244,-58.3758,-0.0000
99.4500,4434.8406,-58.3758,-0.0000
99.4600,4434.2569,-58.3758,-0.0000
99.4700,4433.6731,-58.3758,-0.0000
99.4800,4433.0894,-58.3758,-0.0000
99.4900,4432.5056,-58.3758,-0.0000
99.5000,4431.9218,-58.3758,-0.0000
99.5100,4431.3381,-58.3758,-0.0000
99.5200,4430.7543,-58.3758,-0.0000
99.5300,4430.1706,-58.3758,-0.0000
99.5400,4429.5868,-58.3758,-0.0000
99.5500,4429.0031,-58.3758,-0.0000
99.5600,4428.4193,-58.3758,-0.0000
99.5700,4427.8355,-58.3758,-0.0000
99.5800,4427.2518,-58.3758,-0.0000
99.5900,4426.6680,-58.3758,-0.0000
99.6000,4426.0843,-58.3758,-0.0000
99.6100,4425.5005,-58.3758,-0.0000
99.6200,4424.9168,-58.3758,-0.0000
99.6300,4424.3330,-58.3758,-0.0000
99.6400,4423.7492,-58.3758,-0.0000
99.6500,4423.1655,-58.3758,-0.0000
99.6600,4422.5817,-58.3758,-0.0000
99.6700,4421.9980,-58.3758,-0.0000
99.6800,4421.4142,-58.3758,-0.0000
99.6900,4420.8305,-58.3758,-0.0000
99.7000,4420.2467,-58.3758,-0.0000
99.7100,4419.6629,-58.3758,-0.0000
99.7200,4419.0792,-58.3758,-0.0000
99.7300,4418.4954,-58.3758,-0.0000
99.7400,4417.9117,-58.3758,-0.0000
99.7500,4417.3279,-58.3758,-0.0000
99.7600,4416.7441,-58.3758,-0.0000
99.7700,4416.1604,-58.3758,-0.0000
99.7800,4415.5766,-58.3758,-0.0000
99.7900,4414.9929,-58.3758,-0.0000
99.8000,4414.4091,-58.3758,-0.0000
99.8100,4413.8254,-58.3758,-0.0000
99.8200,4413.2416,-58.3758,-0.0000
99.8300,4412.6578,-58.3758,-0.0000
99.8400,4412.0741,-58.3758,-0.0000
99.8500,4411.4903,-58.3758,-0.0000
99.8600,4410.9066,-58.3758,-0.0000
99.8700,4410.3228,-58.3758,-0.0000
99.8800,4409.7391,-58.3758,-0.0000
99.8900,4409.1553,-58.3758,-0.0000
99.9000,4408.5715,-58.3758,-0.0000
99.9100,4407.9878,-58.3758,-0.0000
99.9200,4407.4040,-58.3758,-0.0000
99.9300,4406.8203,-58.3758,-0.0000
99.9400,4406.2365,-58.3758,-0.0000
99.9500,4405.6528,-58.3758,-0.0000
99.9600,4405.0690,-58.3758,-0.0000
99.9700,4404.4852,-58.3758,-0.0000
99.9800,4403.9015,-58.3758,-0.0000
99.9900,4403.3177,-58.3758,-0.0000
100.0000,4402.7340,-58.3758,-0.0000
100.0100,4402.1502,-58.3758,-0.0000
100.0200,4401.5665,-58.3758,-0.0000
100.0300,4400.9827,-58.3758,-0.0000
100.0400,4400.3989,-58.3758,-0.0000
100.0500,4399.8152,-58.3758,-0.0000
100.0600,4399.2314,-58.3758,-0.0000
100.0700,4398.6477,-58.3758,-0.0000
100.0800,4398.0639,-58.3758,-0.0000
100.0900,4397.4801,-58.3758,-0.0000
100.1000,4396.8964,-58.3758,-0.0000
100.1100,4396.3126,-58.3758,-0.0000
100.1200,4395.7289,-58.3758,-0.0000
100.1300,4395.1451,-58.3758,-0.0000
100.1400,4394.5614,-58.3758,-0.0000
100.1500,4393.9776,-58.3758,-0.0000
100.1600,4393.3938,-58.3758,-0.0000
100.1700,4392.8101,-58.3758,-0.0000
100.1800,4392.2263,-58.3758,-0.0000
100.1900,4391.6426,-58.3758,-0.0000
100.2000,4391.0588,-58.3758,-0.0000
100.2100,4390.4751,-58.3758,-0.0000
100.2200,4389.8913,-58.3758,-0.0000
100.2300,4389.3075,-58.3758,-0.0000
100.2400,4388.7238,-58.3758,-0.0000
100.2500,4388.1400,-58.3758,-0.0000
100.2600,4387.5563,-58.3758,-0.0000
100.2700,4386.9725,-58.3758,-0.0000
100.2800,4386.3888,-58.3758,-0.0000
100.2900,4385.8050,-58.3758,-0.0000
100.3000,4385.2212,-58.3758,-0.0000
100.3100,4384.6375,-58.3758,-0.0000
100.3200,4384.0537,-58.3758,-0.0000
100.3300,4383.4700,-58.3758,-0.0000
100.3400,4382.8862,-58.3758,-0.0000
100.3500,4382.3025,-58.3758,-0.0000
100.3600,4381.7187,-58.3758,-0.0000
100.3700,4381.1349,-58.3758,-0.0000
100.3800,4380.5512,-58.3758,-0.0000
100.3900,4379.9674,-58.3758,-0.0000
100.4000,4379.3837,-58.3758,-0.0000
100.4100,4378.7999,-58.3758,-0.0000
100.4200,4378.2161,-58.3758,-0.0000
100.4300,4377.6324,-58.3758,-0.0000
100.4400,4377.0486,-58.3758,-0.0000
100.4500,4376.4649,-58.3758,-0.0000
100.4600,4375.8811,-58.3758,-0.0000
100.4700,4375.2974,-58.3758,-0.0000
100.4800,4374.7136,-58.3758,-0.0000
100.4900,4374.1298,-58.3758,-0.0000
100.5000,4373.5461,-58.3758,-0.0000
100.5100,4372.9623,-58.3758,-0.0000
100.5200,4372.3786,-58.3758,-0.0000
100.5300,4371.7948,-58.3758,-0.0000
100.5400,4371.2111,-58.3758,-0.0000
100.5500,4370.6273,-58.3758,-0.0000
100.5600,4370.0435,-58.3758,-0.0000
100.5700,4369.4598,-58.3758,-0.0000
100.5800,4368.8760,-58.3758,-0.0000
100.5900,4368.2923,-58.3758,-0.0000
100.6000,4367.7085,-58.3758,-0.0000
100.6100,4367.1248,-58.3758,-0.0000
100.6200,4366.5410,-58.3758,-0.0000
100.6300,4365.9572,-58.3758,-0.0000
100.6400,4365.3735,-58.3758,-0.0000
100.6500,4364.7897,-58.3758,-0.0000
100.6600,4364.2060,-58.3758,-0.0000
100.6700,4363.6222,-58.3758,-0.0000
100.6800,4363.0385,-58.3758,-0.0000
100.6900,4362.4547,-58.3758,-0.0000
100.7000,4361.8709,-58.3758,-0.0000
100.7100,4361.2872,-58.3758,-0.0000
100.7200,4360.7034,-58.3758,-0.0000
100.7300,4360.1197,-58.3758,-0.0000
100.7400,4359.5359,-58.3758,-0.0000
100.7500,4358.9521,-58.3758,-0.0000
100.7600,4358.3684,-58.3758,-0.0000
100.7700,4357.7846,-58.3758,-0.0000
100.7800,4357.2009,-58.3758,-0.0000
100.7900,4356.6171,-58.3758,-0.0000
100.8000,4356.0334,-58.3758,-0.0000
100.8100,4355.4496,-58.3758,-0.0000
100.8200,4354.8658,-58.3758,-0.0000
100.8300,4354.2821,-58.3758,-0.0000
100.8400,4353.6983,-58.3758,-0.0000
100.8500,4353.1146,-58.3758,-0.0000
100.8600,4352.5308,-58.3758,-0.0000
100.8700,4351.9471,-58.3758,-0.0000
100.8800,4351.3633,-58.3758,-0.0000
100.8900,4350.7795,-58.3758,-0.0000
100.9000,4350.1958,-58.3758,-0.0000
100.9100,4349.6120,-58.3758,-0.0000
100.9200,4349.0283,-58.3758,-0.0000
100.9300,4348.4445,-58.3758,-0.0000
100.9400,4347.8608,-58.3758,-0.0000
100.9500,4347.2770,-58.3758,-0.0000
100.9600,4346.6932,-58.3758,-0.0000
100.9700,4346.1095,-58.3758,-0.0000
100.9800,4345.5257,-58.3758,-0.0000
100.9900,4344.9420,-58.3758,-0.0000
101.0000,4344.3582,-58.3758,-0.0000
101.0100,4343.7745,-58.3758,-0.0000
101.0200,4343.1907,-58.3758,-0.0000
101.0300,4342.6069,-58.3758,-0.0000
101.0400,4342.0232,-58.3758,-0.0000
101.0500,4341.4394,-58.3758,-0.0000
101.0600,4340.8557,-58.3758,-0.0000
101.0700,4340.2719,-58.3758,-0.0000
101.0800,4339.6881,-58.3758,-0.0000
101.0900,4339.1044,-58.3758,-0.0000
101.1000,4338.5206,-58.3758,-0.0000
101.1100,4337.9369,-58.3758,-0.0000
101.1200,4337.3531,-58.3758,-0.0000
101.1300,4336.7694,-58.3758,-0.0000
101.1400,4336.1856,-58.3758,-0.0000
101.1500,4335.6018,-58.3758,-0.0000
101.1600,4335.0181,-58.3758,-0.0000
101.1700,4334.4343,-58.3758,-0.0000
101.1800,4333.8506,-58.3758,-0.0000
101.1900,4333.2668,-58.3758,-0.0000
101.2000,4332.6831,-58.3758,-0.0000
101.2100,4332.0993,-58.3758,-0.0000
101.2200,4331.5155,-58.3758,-0.0000
101.2300,4330.9318,-58.3758,-0.0000
101.2400,4330.3480,-58.3758,-0.0000
101.2500,4329.7643,-58.3758,-0.0000
101.2600,4329.1805,-58.3758,-0.0000
101.2700,4328.5968,-58.3758,-0.0000
101.2800,4328.0130,-58.3758,-0.0000
101.2900,4327.4292,-58.3758,-0.0000
101.3000,4326.8455,-58.3758,-0.0000
101.3100,4326.2617,-58.3758,-0.0000
101.3200,4325.6780,-58.3758,-0.0000
101.3300,4325.0942,-58.3758,-0.0000
101.3400,4324.5105,-58.3758,-0.0000
101.3500,4323.9267,-58.3758,-0.0000
101.3600,4323.3429,-58.3758,-0.0000
101.3700,4322.7592,-58.3758,-0.0000
101.3800,4322.1754,-58.3758,-0.0000
101.3900,4321.5917,-58.3758,-0.0000
101.4000,4321.0079,-58.3758,-0.0000
101.4100,4320.4241,-58.3758,-0.0000
101.4200,4319.8404,-58.3758,-0.0000
101.4300,4319.2566,-58.3758,-0.0000
101.4400,4318.6729,-58.3758,-0.0000
101.4500,4318.0891,-58.3758,-0.0000
101.4600,4317.5054,-58.3758,-0.0000
101.4700,4316.9216,-58.3758,-0.0000
101.4800,4316.3378,-58.3758,-0.0000
101.4900,4315.7541,-58.3758,-0.0000
101.5000,4315.1703,-58.3758,-0.0000
101.5100,4314.5866,-58.3758,-0.0000
101.5200,4314.0028,-58.3758,-0.0000
101.5300,4313.4191,-58.3758,-0.0000
101.5400,4312.8353,-58.3758,-0.0000
101.5500,4312.2515,-58.3758,-0.0000
101.5600,4311.6678,-58.3758,-0.0000
101.5700,4311.0840,-58.3758,-0.0000
101.5800,4310.5003,-58.3758,-0.0000
101.5900,4309.9165,-58.3758,-0.0000
101.6000,4309.3328,-58.3758,-0.0000
101.6100,4308.7490,-58.3758,-0.0000
101.6200,4308.1652,-58.3758,-0.0000
101.6300,4307.5815,-58.3758,-0.0000
101.6400,4306.9977,-58.3758,-0.0000
101.6500,4306.4140,-58.3758,-0.0000
101.6600,4305.8302,-58.3758,-0.0000
101.6700,4305.2465,-58.3758,-0.0000
101.6800,4304.6627,-58.3758,-0.0000
101.6900,4304.0789,-58.3758,-0.0000
101.7000,4303.4952,-58.3758,-0.0000
101.7100,4302.9114,-58.3758,-0.0000
101.7200,4302.3277,-58.3758,-0.0000
101.7300,4301.7439,-58.3758,-0.0000
101.7400,4301.1601,-58.3758,-0.0000
101.7500,4300.5764,-58.3758,-0.0000
101.7600,4299.9926,-58.3758,-0.0000
101.7700,4299.4089,-58.3758,-0.0000
101.7800,4298.8251,-58.3758,-0.0000
101.7900,4298.2414,-58.3758,-0.0000
101.8000,4297.6576,-58.3758,-0.0000
101.8100,4297.0738,-58.3758,-0.0000
101.8200,4296.4901,-58.3758,-0.0000
101.8300,4295.9063,-58.3758,-0.0000
101.8400,4295.3226,-58.3758,-0.0000
101.8500,4294.7388,-58.3758,-0.0000
101.8600,4294.1551,-58.3758,-0.0000
101.8700,4293.5713,-58.3758,-0.0000
101.8800,4292.9875,-58.3758,-0.0000
101.8900,4292.4038,-58.3758,-0.0000
101.9000,4291.8200,-58.3758,-0.0000
101.9100,4291.2363,-58.3758,-0.0000
101.9200,4290.6525,-58.3758,-0.0000
101.9300,4290.0688,-58.3758,-0.0000
101.9400,4289.4850,-58.3758,-0.0000
101.9500,4288.9012,-58.3758,-0.0000
101.9600,4288.3175,-58.3758,-0.0000
101.9700,4287.7337,-58.3758,-0.0000
101.9800,4287.1500,-58.3758,-0.0000
101.9900,4286.5662,-58.3758,-0.0000
102.0000,4285.9825,-58.3758,-0.0000
102.0100,4285.3987,-58.3758,-0.0000
102.0200,4284.8149,-58.3758,-0.0000
102.0300,4284.2312,-58.3758,-0.0000
102.0400,4283.6474,-58.3758,-0.0000
102.0500,4283.0637,-58.3758,-0.0000
102.0600,4282.4799,-58.3758,-0.0000
102.0700,4281.8961,-58.3758,-0.0000
102.0800,4281.3124,-58.3758,-0.0000
102.0900,4280.7286,-58.3758,-0.0000
102.1000,4280.1449,-58.3758,-0.0000
102.1100,4279.5611,-58.3758,-0.0000
102.1200,4278.9774,-58.3758,-0.0000
102.1300,4278.3936,-58.3758,-0.0000
102.1400,4277.8098,-58.3758,-0.0000
102.1500,4277.2261,-58.3758,-0.0000
102.1600,4276.6423,-58.3758,-0.0000
102.1700,4276.0586,-58.3758,-0.0000
102.1800,4275.4748,-58.3758,-0.0000
102.1900,4274.8911,-58.3758,-0.0000
102.2000,4274.3073,-58.3758,-0.0000
102.2100,4273.7235,-58.3758,-0.0000
102.2200,4273.1398,-58.3758,-0.0000
102.2300,4272.5560,-58.3758,-0.0000
102.2400,4271.9723,-58.3758,-0.0000
102.2500,4271.3885,-58.3758,-0.0000
102.2600,4270.8048,-58.3758,-0.0000
102.2700,4270.2210,-58.3758,-0.0000
102.2800,4269.6372,-58.3758,-0.0000
102.2900,4269.0535,-58.3758,-0.0000
102.3000,4268.4697,-58.3758,-0.0000
102.3100,4267.8860,-58.3758,-0.0000
102.3200,4267.3022,-58.3758,-0.0000
102.3300,4266.7185,-58.3758,-0.0000
102.3400,4266.1347,-58.3758,-0.0000
102.3500,4265.5509,-58.3758,-0.0000
102.3600,4264.9672,-58.3758,-0.0000
102.3700,4264.3834,-58.3758,-0.0000
102.3800,4263.7997,-58.3758,-0.0000
102.3900,4263.2159,-58.3758,-0.0000
102.4000,4262.6321,-58.3758,-0.0000
102.4100,4262.0484,-58.3758,-0.0000
102.4200,4261.4646,-58.3758,-0.0000
102.4300,4260.8809,-58.3758,-0.0000
102.4400,4260.2971,-58.3758,-0.0000
102.4500,4259.7134,-58.3758,-0.0000
102.4600,4259.1296,-58.3758,-0.0000
102.4700,4258.5458,-58.3758,-0.0000
102.4800,4257.9621,-58.3758,-0.0000
102.4900,4257.3783,-58.3758,-0.0000
102.5000,4256.7946,-58.3758,-0.0000
102.5100,4256.2108,-58.3758,-0.0000
102.5200,4255.6271,-58.3758,-0.0000
102.5300,4255.0433,-58.3758,-0.0000
102.5400,4254.4595,-58.3758,-0.0000
102.5500,4253.8758,-58.3758,-0.0000
102.5600,4253.2920,-58.3758,-0.0000
102.5700,4252.7083,-58.3758,-0.0000
102.5800,4252.1245,-58.3758,-0.0000
102.5900,4251.5408,-58.3758,-0.0000
102.6000,4250.9570,-58.3758,-0.0000
102.6100,4250.3732,-58.3758,-0.0000
102.6200,4249.7895,-58.3758,-0.0000
102.6300,4249.2057,-58.3758,-0.0000
102.6400,4248.6220,-58.3758,-0.0000
102.6500,4248.0382,-58.3758,-0.0000
102.6600,4247.4545,-58.3758,-0.0000
102.6700,4246.8707,-58.3758,-0.0000
102.6800,4246.2869,-58.3758,-0.0000
102.6900,4245.7032,-58.3758,-0.0000
102.7000,4245.1194,-58.3758,-0.0000
102.7100,4244.5357,-58.3758,-0.0000
102.7200,4243.9519,-58.3758,-0.0000
102.7300,4243.3681,-58.3758,-0.0000
102.7400,4242.7844,-58.3758,-0.0000
102.7500,4242.2006,-58.3758,-0.0000
102.7600,4241.6169,-58.3758,-0.0000
102.7700,4241.0331,-58.3758,-0.0000
102.7800,4240.4494,-58.3758,-0.0000
102.7900,4239.8656,-58.3758,-0.0000
102.8000,4239.2818,-58.3758,-0.0000
102.8100,4238.6981,-58.3758,-0.0000
102.8200,4238.1143,-58.3758,-0.0000
102.8300,4237.5306,-58.3758,-0.0000
102.8400,4236.9468,-58.3758,-0.0000
102.8500,4236.3631,-58.3758,-0.0000
102.8600,4235.7793,-58.3758,-0.0000
102.8700,4235.1955,-58.3758,-0.0000
102.8800,4234.6118,-58.3758,-0.0000
102.8900,4234.0280,-58.3758,-0.0000
102.9000,4233.4443,-58.3758,-0.0000
102.9100,4232.8605,-58.3758,-0.0000
102.9200,4232.2768,-58.3758,-0.0000
102.9300,4231.6930,-58.3758,-0.0000
102.9400,4231.1092,-58.3758,-0.0000
102.9500,4230.5255,-58.3758,-0.0000
102.9600,4229.9417,-58.3758,-0.0000
102.9700,4229.3580,-58.3758,-0.0000
102.9800,4228.7742,-58.3758,-0.0000
102.9900,4228.1905,-58.3758,-0.0000
103.0000,4227.6067,-58.3758,-0.0000
103.0100,4227.0229,-58.3758,-0.0000
103.0200,4226.4392,-58.3758,-0.0000
103.0300,4225.8554,-58.3758,-0.0000
103.0400,4225.2717,-58.3758,-0.0000
103.0500,4224.6879,-58.3758,-0.0000
103.0600,4224.1041,-58.3758,-0.0000
103.0700,4223.5204,-58.3758,-0.0000
103.0800,4222.9366,-58.3758,-0.0000
103.0900,4222.3529,-58.3758,-0.0000
103.1000,4221.7691,-58.3758,-0.0000
103.1100,4221.1854,-58.3758,-0.0000
103.1200,4220.6016,-58.3758,-0.0000
103.1300,4220.0178,-58.3758,-0.0000
103.1400,4219.4341,-58.3758,-0.0000
103.1500,4218.8503,-58.3758,-0.0000
103.1600,4218.2666,-58.3758,-0.0000
103.1700,4217.6828,-58.3758,-0.0000
103.1800,4217.0991,-58.3758,-0.0000
103.1900,4216.5153,-58.3758,-0.0000
103.2000,4215.9315,-58.3758,-0.0000
103.2100,4215.3478,-58.3758,-0.0000
103.2200,4214.7640,-58.3758,-0.0000
103.2300,4214.1803,-58.3758,-0.0000
103.2400,4213.5965,-58.3758,-0.0000
103.2500,4213.0128,-58.3758,-0.0000
103.2600,4212.4290,-58.3758,-0.0000
103.2700,4211.8452,-58.3758,-0.0000
103.2800,4211.2615,-58.3758,-0.0000
103.2900,4210.6777,-58.3758,-0.0000
103.3000,4210.0940,-58.3758,-0.0000
103.3100,4209.5102,-58.3758,-0.0000
103.3200,4208.9265,-58.3758,-0.0000
103.3300,4208.3427,-58.3758,-0.0000
103.3400,4207.7589,-58.3758,-0.0000
103.3500,4207.1752,-58.3758,-0.0000
103.3600,4206.5914,-58.3758,-0.0000
103.3700,4206.0077,-58.3758,-0.0000
103.3800,4205.4239,-58.3758,-0.0000
103.3900,4204.8401,-58.3758,-0.0000
103.4000,4204.2564,-58.3758,-0.0000
103.4100,4203.6726,-58.3758,-0.0000
103.4200,4203.0889,-58.3758,-0.0000
103.4300,4202.5051,-58.3758,-0.0000
103.4400,4201.9214,-58.3758,-0.0000
103.4500,4201.3376,-58.3758,-0.0000
103.4600,4200.7538,-58.3758,-0.0000
103.4700,4200.1701,-58.3758,-0.0000
103.4800,4199.5863,-58.3758,-0.0000
103.4900,4199.0026,-58.3758,-0.0000
103.5000,4198.4188,-58.3758,-0.0000
103.5100,4197.8351,-58.3758,-0.0000
103.5200,4197.2513,-58.3758,-0.0000
103.5300,4196.6675,-58.3758,-0.0000
103.5400,4196.0838,-58.3758,-0.0000
103.5500,4195.5000,-58.3758,-0.0000
103.5600,4194.9163,-58.3758,-0.0000
103.5700,4194.3325,-58.3758,-0.0000
103.5800,4193.7488,-58.3758,-0.0000
103.5900,4193.1650,-58.3758,-0.0000
103.6000,4192.5812,-58.3758,-0.0000
103.6100,4191.9975,-58.3758,-0.0000
103.6200,4191.4137,-58.3758,-0.0000
103.6300,4190.8300,-58.3758,-0.0000
103.6400,4190.2462,-58.3758,-0.0000
103.6500,4189.6625,-58.3758,-0.0000
103.6600,4189.0787,-58.3758,-0.0000
103.6700,4188.4949,-58.3758,-0.0000
103.6800,4187.9112,-58.3758,-0.0000
103.6900,4187.3274,-58.3758,-0.0000
103.7000,4186.7437,-58.3758,-0.0000
103.7100,4186.1599,-58.3758,-0.0000
103.7200,4185.5761,-58.3758,-0.0000
103.7300,4184.9924,-58.3758,-0.0000
103.7400,4184.4086,-58.3758,-0.0000
103.7500,4183.8249,-58.3758,-0.0000
103.7600,4183.2411,-58.3758,-0.0000
103.7700,4182.6574,-58.3758,-0.0000
103.7800,4182.0736,-58.3758,-0.0000
103.7900,4181.4898,-58.3758,-0.0000
103.8000,4180.9061,-58.3758,-0.0000
103.8100,4180.3223,-58.3758,-0.0000
103.8200,4179.7386,-58.3758,-0.0000
103.8300,4179.1548,-58.3758,-0.0000
103.8400,4178.5711,-58.3758,-0.0000
103.8500,4177.9873,-58.3758,-0.0000
103.8600,4177.4035,-58.3758,-0.0000
103.8700,4176.8198,-58.3758,-0.0000
103.8800,4176.2360,-58.3758,-0.0000
103.8900,4175.6523,-58.3758,-0.0000
103.9000,4175.0685,-58.3758,-0.0000
103.9100,4174.4848,-58.3758,-0.0000
103.9200,4173.9010,-58.3758,-0.0000
103.9300,4173.3172,-58.3758,-0.0000
103.9400,4172.7335,-58.3758,-0.0000
103.9500,4172.1497,-58.3758,-0.0000
103.9600,4171.5660,-58.3758,-0.0000
103.9700,4170.9822,-58.3758,-0.0000
103.9800,4170.3985,-58.3758,-0.0000
103.9900,4169.8147,-58.3758,-0.0000
104.0000,4169.2309,-58.3758,-0.0000
104.0100,4168.6472,-58.3758,-0.0000
104.0200,4168.0634,-58.3758,-0.0000
104.0300,4167.4797,-58.3758,-0.0000
104.0400,4166.8959,-58.3758,-0.0000
104.0500,4166.3121,-58.3758,-0.0000
104.0600,4165.7284,-58.3758,-0.0000
104.0700,4165.1446,-58.3758,-0.0000
104.0800,4164.5609,-58.3758,-0.0000
104.0900,4163.9771,-58.3758,-0.0000
104.1000,4163.3934,-58.3758,-0.0000
104.1100,4162.8096,-58.3758,-0.0000
104.1200,4162.2258,-58.3758,-0.0000
104.1300,4161.6421,-58.3758,-0.0000
104.1400,4161.0583,-58.3758,-0.0000
104.1500,4160.4746,-58.3758,-0.0000
104.1600,4159.8908,-58.3758,-0.0000
104.1700,4159.3071,-58.3758,-0.0000
104.1800,4158.7233,-58.3758,-0.0000
104.1900,4158.1395,-58.3758,-0.0000
104.2000,4157.5558,-58.3758,-0.0000
104.2100,4156.9720,-58.3758,-0.0000
104.2200,4156.3883,-58.3758,-0.0000
104.2300,4155.8045,-58.3758,-0.0000
104.2400,4155.2208,-58.3758,-0.0000
104.2500,4154.6370,-58.3758,-0.0000
104.2600,4154.0532,-58.3758,-0.0000
104.2700,4153.4695,-58.3758,-0.0000
104.2800,4152.8857,-58.3758,-0.0000
104.2900,4152.3020,-58.3758,-0.0000
104.3000,4151.7182,-58.3758,-0.0000
104.3100,4151.1345,-58.3758,-0.0000
104.3200,4150.5507,-58.3758,-0.0000
104.3300,4149.9669,-58.3758,-0.0000
104.3400,4149.3832,-58.3758,-0.0000
104.3500,4148.7994,-58.3758,-0.0000
104.3600,4148.2157,-58.3758,-0.0000
104.3700,4147.6319,-58.3758,-0.0000
104.3800,4147.0481,-58.3758,-0.0000
104.3900,4146.4644,-58.3758,-0.0000
104.4000,4145.8806,-58.3758,-0.0000
104.4100,4145.2969,-58.3758,-0.0000
104.4200,4144.7131,-58.3758,-0.0000
104.4300,4144.1294,-58.3758,-0.0000
104.4400,4143.5456,-58.3758,-0.0000
104.4500,4142.9618,-58.3758,-0.0000
104.4600,4142.3781,-58.3758,-0.0000
104.4700,4141.7943,-58.3758,-0.0000
104.4800,4141.2106,-58.3758,-0.0000
104.4900,4140.6268,-58.3758,-0.0000
104.5000,4140.0431,-58.3758,-0.0000
104.5100,4139.4593,-58.3758,-0.0000
104.5200,4138.8755,-58.3758,-0.0000
104.5300,4138.2918,-58.3758,-0.0000
104.5400,4137.7080,-58.3758,-0.0000
104.5500,4137.1243,-58.3758,-0.0000
104.5600,4136.5405,-58.3758,-0.0000
104.5700,4135.9568,-58.3758,-0.0000
104.5800,4135.3730,-58.3758,-0.0000
104.5900,4134.7892,-58.3758,-0.0000
104.6000,4134.2055,-58.3758,-0.0000
104.6100,4133.6217,-58.3758,-0.0000
104.6200,4133.0380,-58.3758,-0.0000
104.6300,4132.4542,-58.3758,-0.0000
104.6400,4131.8705,-58.3758,-0.0000
104.6500,4131.2867,-58.3758,-0.0000
104.6600,4130.7029,-58.3758,-0.0000
104.6700,4130.1192,-58.3758,-0.0000
104.6800,4129.5354,-58.3758,-0.0000
104.6900,4128.9517,-58.3758,-0.0000
104.7000,4128.3679,-58.3758,-0.0000
104.7100,4127.7841,-58.3758,-0.0000
104.7200,4127.2004,-58.3758,-0.0000
104.7300,4126.6166,-58.3758,-0.0000
104.7400,4126.0329,-58.3758,-0.0000
104.7500,4125.4491,-58.3758,-0.0000
104.7600,4124.8654,-58.3758,-0.0000
104.7700,4124.2816,-58.3758,-0.0000
104.7800,4123.6978,-58.3758,-0.0000
104.7900,4123.1141,-58.3758,-0.0000
104.8000,4122.5303,-58.3758,-0.0000
104.8100,4121.9466,-58.3758,-0.0000
104.8200,4121.3628,-58.3758,-0.0000
104.8300,4120.7791,-58.3758,-0.0000
104.8400,4120.1953,-58.3758,-0.0000
104.8500,4119.6115,-58.3758,-0.0000
104.8600,4119.0278,-58.3758,-0.0000
104.8700,4118.4440,-58.3758,-0.0000
104.8800,4117.8603,-58.3758,-0.0000
104.8900,4117.2765,-58.3758,-0.0000
104.9000,4116.6928,-58.3758,-0.0000
104.9100,4116.1090,-58.3758,-0.0000
104.9200,4115.5252,-58.3758,-0.0000
104.9300,4114.9415,-58.3758,-0.0000
104.9400,4114.3577,-58.3758,-0.0000
104.9500,4113.7740,-58.3758,-0.0000
104.9600,4113.1902,-58.3758,-0.0000
104.9700,4112.6065,-58.3758,-0.0000
104.9800,4112.0227,-58.3758,-0.0000
104.9900,4111.4389,-58.3758,-0.0000
105.0000,4110.8552,-58.3758,-0.0000
105.0100,4110.2714,-58.3758,-0.0000
105.0200,4109.6877,-58.3758,-0.0000
105.0300,4109.1039,-58.3758,-0.0000
105.0400,4108.5201,-58.3758,-0.0000
105.0500,4107.9364,-58.3758,-0.0000
105.0600,4107.3526,-58.3758,-0.0000
105.0700,4106.7689,-58.3758,-0.0000
105.0800,4106.1851,-58.3758,-0.0000
105.0900,4105.6014,-58.3758,-0.0000
105.1000,4105.0176,-58.3758,-0.0000
105.1100,4104.4338,-58.3758,-0.0000
105.1200,4103.8501,-58.3758,-0.0000
105.1300,4103.2663,-58.3758,-0.0000
105.1400,4102.6826,-58.3758,-0.0000
105.1500,4102.0988,-58.3758,-0.0000
105.1600,4101.5151,-58.3758,-0.0000
105.1700,4100.9313,-58.3758,-0.0000
105.1800,4100.3475,-58.3758,-0.0000
105.1900,4099.7638,-58.3758,-0.0000
105.2000,4099.1800,-58.3758,-0.0000
105.2100,4098.5963,-58.3758,-0.0000
105.2200,4098.0125,-58.3758,-0.0000
105.2300,4097.4288,-58.3758,-0.0000
105.2400,4096.8450,-58.3758,-0.0000
105.2500,4096.2612,-58.3758,-0.0000
105.2600,4095.6775,-58.3758,-0.0000
105.2700,4095.0937,-58.3758,-0.0000
105.2800,4094.5100,-58.3758,-0.0000
105.2900,4093.9262,-58.3758,-0.0000
105.3000,4093.3425,-58.3758,-0.0000
105.3100,4092.7587,-58.3758,-0.0000
105.3200,4092.1749,-58.3758,-0.0000
105.3300,4091.5912,-58.3758,-0.0000
105.3400,4091.0074,-58.3758,-0.0000
105.3500,4090.4237,-58.3758,-0.0000
105.3600,4089.8399,-58.3758,-0.0000
105.3700,4089.2561,-58.3758,-0.0000
105.3800,4088.6724,-58.3758,-0.0000
105.3900,4088.0886,-58.3758,-0.0000
105.4000,4087.5049,-58.3758,-0.0000
105.4100,4086.9211,-58.3758,-0.0000
105.4200,4086.3374,-58.3758,-0.0000
105.4300,4085.7536,-58.3758,-0.0000
105.4400,4085.1698,-58.3758,-0.0000
105.4500,4084.5861,-58.3758,-0.0000
105.4600,4084.0023,-58.3758,-0.0000
105.4700,4083.4186,-58.3758,-0.0000
105.4800,4082.8348,-58.3758,-0.0000
105.4900,4082.2511,-58.3758,-0.0000
105.5000,4081.6673,-58.3758,-0.0000
105.5100,4081.0835,-58.3758,-0.0000
105.5200,4080.4998,-58.3758,-0.0000
105.5300,4079.9160,-58.3758,-0.0000
105.5400,4079.3323,-58.3758,-0.0000
105.5500,4078.7485,-58.3758,-0.0000
105.5600,4078.1648,-58.3758,-0.0000
105.5700,4077.5810,-58.3758,-0.0000
105.5800,4076.9972,-58.3758,-0.0000
105.5900,4076.4135,-58.3758,-0.0000
105.6000,4075.8297,-58.3758,-0.0000
105.6100,4075.2460,-58.3758,-0.0000
105.6200,4074.6622,-58.3758,-0.0000
105.6300,4074.0785,-58.3758,-0.0000
105.6400,4073.4947,-58.3758,-0.0000
105.6500,4072.9109,-58.3758,-0.0000
105.6600,4072.3272,-58.3758,-0.0000
105.6700,4071.7434,-58.3758,-0.0000
105.6800,4071.1597,-58.3758,-0.0000
105.6900,4070.5759,-58.3758,-0.0000
105.7000,4069.9921,-58.3758,-0.0000
105.7100,4069.4084,-58.3758,-0.0000
105.7200,4068.8246,-58.3758,-0.0000
105.7300,4068.2409,-58.3758,-0.0000
105.7400,4067.6571,-58.3758,-0.0000
105.7500,4067.0734,-58.3758,-0.0000
105.7600,4066.4896,-58.3758,-0.0000
105.7700,4065.9058,-58.3758,-0.0000
105.7800,4065.3221,-58.3758,-0.0000
105.7900,4064.7383,-58.3758,-0.0000
105.8000,4064.1546,-58.3758,-0.0000
105.8100,4063.5708,-58.3758,-0.0000
105.8200,4062.9871,-58.3758,-0.0000
105.8300,4062.4033,-58.3758,-0.0000
105.8400,4061.8195,-58.3758,-0.0000
105.8500,4061.2358,-58.3758,-0.0000
105.8600,4060.6520,-58.3758,-0.0000
105.8700,4060.0683,-58.3758,-0.0000
105.8800,4059.4845,-58.3758,-0.0000
105.8900,4058.9008,-58.3758,-0.0000
105.9000,4058.3170,-58.3758,-0.0000
105.9100,4057.7332,-58.3758,-0.0000
105.9200,4057.1495,-58.3758,-0.0000
105.9300,4056.5657,-58.3758,-0.0000
105.9400,4055.9820,-58.3758,-0.0000
105.9500,4055.3982,-58.3758,-0.0000
105.9600,4054.8145,-58.3758,-0.0000
105.9700,4054.2307,-58.3758,-0.0000
105.9800,4053.6469,-58.3758,-0.0000
105.9900,4053.0632,-58.3758,-0.0000
106.0000,4052.4794,-58.3758,-0.0000
106.0100,4051.8957,-58.3758,-0.0000
106.0200,4051.3119,-58.3758,-0.0000
106.0300,4050.7281,-58.3758,-0.0000
106.0400,4050.1444,-58.3758,-0.0000
106.0500,4049.5606,-58.3758,-0.0000
106.0600,4048.9769,-58.3758,-0.0000
106.0700,4048.3931,-58.3758,-0.0000
106.0800,4047.8094,-58.3758,-0.0000
106.0900,4047.2256,-58.3758,-0.0000
106.1000,4046.6418,-58.3758,-0.0000
106.1100,4046.0581,-58.3758,-0.0000
106.1200,4045.4743,-58.3758,-0.0000
106.1300,4044.8906,-58.3758,-0.0000
106.1400,4044.3068,-58.3758,-0.0000
106.1500,4043.7231,-58.3758,-0.0000
106.1600,4043.1393,-58.3758,-0.0000
106.1700,4042.5555,-58.3758,-0.0000
106.1800,4041.9718,-58.3758,-0.0000
106.1900,4041.3880,-58.3758,-0.0000
106.2000,4040.8043,-58.3758,-0.0000
106.2100,4040.2205,-58.3758,-0.0000
106.2200,4039.6368,-58.3758,-0.0000
106.2300,4039.0530,-58.3758,-0.0000
106.2400,4038.4692,-58.3758,-0.0000
106.2500,4037.8855,-58.3758,-0.0000
106.2600,4037.3017,-58.3758,-0.0000
106.2700,4036.7180,-58.3758,-0.0000
106.2800,4036.1342,-58.3758,-0.0000
106.2900,4035.5505,-58.3758,-0.0000
106.3000,4034.9667,-58.3758,-0.0000
106.3100,4034.3829,-58.3758,-0.0000
106.3200,4033.7992,-58.3758,-0.0000
106.3300,4033.2154,-58.3758,-0.0000
106.3400,4032.6317,-58.3758,-0.0000
106.3500,4032.0479,-58.3758,-0.0000
106.3600,4031.4641,-58.3758,-0.0000
106.3700,4030.8804,-58.3758,-0.0000
106.3800,4030.2966,-58.3758,-0.0000
106.3900,4029.7129,-58.3758,-0.0000
106.4000,4029.1291,-58.3758,-0.0000
106.4100,4028.5454,-58.3758,-0.0000
106.4200,4027.9616,-58.3758,-0.0000
106.4300,4027.3778,-58.3758,-0.0000
106.4400,4026.7941,-58.3758,-0.0000
106.4500,4026.2103,-58.3758,-0.0000
106.4600,4025.6266,-58.3758,-0.0000
106.4700,4025.0428,-58.3758,-0.0000
106.4800,4024.4591,-58.3758,-0.0000
106.4900,4023.8753,-58.3758,-0.0000
106.5000,4023.2915,-58.3758,-0.0000
106.5100,4022.7078,-58.3758,-0.0000
106.5200,4022.1240,-58.3758,-0.0000
106.5300,4021.5403,-58.3758,-0.0000
106.5400,4020.9565,-58.3758,-0.0000
106.5500,4020.3728,-58.3758,-0.0000
106.5600,4019.7890,-58.3758,-0.0000
106.5700,4019.2052,-58.3758,-0.0000
106.5800,4018.6215,-58.3758,-0.0000
106.5900,4018.0377,-58.3758,-0.0000
106.6000,4017.4540,-58.3758,-0.0000
106.6100,4016.8702,-58.3758,-0.0000
106.6200,4016.2865,-58.3758,-0.0000
106.6300,4015.7027,-58.3758,-0.0000
106.6400,4015.1189,-58.3758,-0.0000
106.6500,4014.5352,-58.3758,-0.0000
106.6600,4013.9514,-58.3758,-0.0000
106.6700,4013.3677,-58.3758,-0.0000
106.6800,4012.7839,-58.3758,-0.0000
106.6900,4012.2001,-58.3758,-0.0000
106.7000,4011.6164,-58.3758,-0.0000
106.7100,4011.0326,-58.3758,-0.0000
106.7200,4010.4489,-58.3758,-0.0000
106.7300,4009.8651,-58.3758,-0.0000
106.7400,4009.2814,-58.3758,-0.0000
106.7500,4008.6976,-58.3758,-0.0000
106.7600,4008.1138,-58.3758,-0.0000
106.7700,4007.5301,-58.3758,-0.0000
106.7800,4006.9463,-58.3758,-0.0000
106.7900,4006.3626,-58.3758,-0.0000
106.8000,4005.7788,-58.3758,-0.0000
106.8100,4005.1951,-58.3758,-0.0000
106.8200,4004.6113,-58.3758,-0.0000
106.8300,4004.0275,-58.3758,-0.0000
106.8400,4003.4438,-58.3758,-0.0000
106.8500,4002.8600,-58.3758,-0.0000
106.8600,4002.2763,-58.3758,-0.0000
106.8700,4001.6925,-58.3758,-0.0000
106.8800,4001.1088,-58.3758,-0.0000
106.8900,4000.5250,-58.3758,-0.0000
106.9000,3999.9412,-58.3758,-0.0000
106.9100,3999.3575,-58.3758,-0.0000
106.9200,3998.7737,-58.3758,-0.0000
106.9300,3998.1900,-58.3758,-0.0000
106.9400,3997.6062,-58.3758,-0.0000
106.9500,3997.0225,-58.3758,-0.0000
106.9600,3996.4387,-58.3758,-0.0000
106.9700,3995.8549,-58.3758,-0.0000
106.9800,3995.2712,-58.3758,-0.0000
106.9900,3994.6874,-58.3758,-0.0000
107.0000,3994.1037,-58.3758,-0.0000
107.0100,3993.5199,-58.3758,-0.0000
107.0200,3992.9361,-58.3758,-0.0000
107.0300,3992.3524,-58.3758,-0.0000
107.0400,3991.7686,-58.3758,-0.0000
107.0500,3991.1849,-58.3758,-0.0000
107.0600,3990.6011,-58.3758,-0.0000
107.0700,3990.0174,-58.3758,-0.0000
107.0800,3989.4336,-58.3758,-0.0000
107.0900,3988.8498,-58.3758,-0.0000
107.1000,3988.2661,-58.3758,-0.0000
107.1100,3987.6823,-58.3758,-0.0000
107.1200,3987.0986,-58.3758,-0.0000
107.1300,3986.5148,-58.3758,-0.0000
107.1400,3985.9311,-58.3758,-0.0000
107.1500,3985.3473,-58.3758,-0.0000
107.1600,3984.7635,-58.3758,-0.0000
107.1700,3984.1798,-58.3758,-0.0000
107.1800,3983.5960,-58.3758,-0.0000
107.1900,3983.0123,-58.3758,-0.0000
107.2000,3982.4285,-58.3758,-0.0000
107.2100,3981.8448,-58.3758,-0.0000
107.2200,3981.2610,-58.3758,-0.0000
107.2300,3980.6772,-58.3758,-0.0000
107.2400,3980.0935,-58.3758,-0.0000
107.2500,3979.5097,-58.3758,-0.0000
107.2600,3978.9260,-58.3758,-0.0000
107.2700,3978.3422,-58.3758,-0.0000
107.2800,3977.7585,-58.3758,-0.0000
107.2900,3977.1747,-58.3758,-0.0000
107.3000,3976.5909,-58.3758,-0.0000
107.3100,3976.0072,-58.3758,-0.0000
107.3200,3975.4234,-58.3758,-0.0000
107.3300,3974.8397,-58.3758,-0.0000
107.3400,3974.2559,-58.3758,-0.0000
107.3500,3973.6721,-58.3758,-0.0000
107.3600,3973.0884,-58.3758,-0.0000
107.3700,3972.5046,-58.3758,-0.0000
107.3800,3971.9209,-58.3758,-0.0000
107.3900,3971.3371,-58.3758,-0.0000
107.4000,3970.7534,-58.3758,-0.0000
107.4100,3970.1696,-58.3758,-0.0000
107.4200,3969.5858,-58.3758,-0.0000
107.4300,3969.0021,-58.3758,-0.0000
107.4400,3968.4183,-58.3758,-0.0000
107.4500,3967.8346,-58.3758,-0.0000
107.4600,3967.2508,-58.3758,-0.0000
107.4700,3966.6671,-58.3758,-0.0000
107.4800,3966.0833,-58.3758,-0.0000
107.4900,3965.4995,-58.3758,-0.0000
107.5000,3964.9158,-58.3758,-0.0000
107.5100,3964.3320,-58.3758,-0.0000
107.5200,3963.7483,-58.3758,-0.0000
107.5300,3963.1645,-58.3758,-0.0000
107.5400,3962.5808,-58.3758,-0.0000
107.5500,3961.9970,-58.3758,-0.0000
107.5600,3961.4132,-58.3758,-0.0000
107.5700,3960.8295,-58.3758,-0.0000
107.5800,3960.2457,-58.3758,-0.0000
107.5900,3959.6620,-58.3758,-0.0000
107.6000,3959.0782,-58.3758,-0.0000
107.6100,3958.4945,-58.3758,-0.0000
107.6200,3957.9107,-58.3758,-0.0000
107.6300,3957.3269,-58.3758,-0.0000
107.6400,3956.7432,-58.3758,-0.0000
107.6500,3956.1594,-58.3758,-0.0000
107.6600,3955.5757,-58.3758,-0.0000
107.6700,3954.9919,-58.3758,-0.0000
107.6800,3954.4081,-58.3758,-0.0000
107.6900,3953.8244,-58.3758,-0.0000
107.7000,3953.2406,-58.3758,-0.0000
107.7100,3952.6569,-58.3758,-0.0000
107.7200,3952.0731,-58.3758,-0.0000
107.7300,3951.4894,-58.3758,-0.0000
107.7400,3950.9056,-58.3758,-0.0000
107.7500,3950.3218,-58.3758,-0.0000
107.7600,3949.7381,-58.3758,-0.0000
107.7700,3949.1543,-58.3758,-0.0000
107.7800,3948.5706,-58.3758,-0.0000
107.7900,3947.9868,-58.3758,-0.0000
107.8000,3947.4031,-58.3758,-0.0000
107.8100,3946.8193,-58.3758,-0.0000
107.8200,3946.2355,-58.3758,-0.0000
107.8300,3945.6518,-58.3758,-0.0000
107.8400,3945.0680,-58.3758,-0.0000
107.8500,3944.4843,-58.3758,-0.0000
107.8600,3943.9005,-58.3758,-0.0000
107.8700,3943.3168,-58.3758,-0.0000
107.8800,3942.7330,-58.3758,-0.0000
107.8900,3942.1492,-58.3758,-0.0000
107.9000,3941.5655,-58.3758,-0.0000
107.9100,3940.9817,-58.3758,-0.0000
107.9200,3940.3980,-58.3758,-0.0000
107.9300,3939.8142,-58.3758,-0.0000
107.9400,3939.2305,-58.3758,-0.0000
107.9500,3938.6467,-58.3758,-0.0000
107.9600,3938.0629,-58.3758,-0.0000
107.9700,3937.4792,-58.3758,-0.0000
107.9800,3936.8954,-58.3758,-0.0000
107.9900,3936.3117,-58.3758,-0.0000
108.0000,3935.7279,-58.3758,-0.0000
108.0100,3935.1441,-58.3758,-0.0000
108.0200,3934.5604,-58.3758,-0.0000
108.0300,3933.9766,-58.3758,-0.0000
108.0400,3933.3929,-58.3758,-0.0000
108.0500,3932.8091,-58.3758,-0.0000
108.0600,3932.2254,-58.3758,-0.0000
108.0700,3931.6416,-58.3758,-0.0000
108.0800,3931.0578,-58.3758,-0.0000
108.0900,3930.4741,-58.3758,-0.0000
108.1000,3929.8903,-58.3758,-0.0000
108.1100,3929.3066,-58.3758,-0.0000
108.1200,3928.7228,-58.3758,-0.0000
108.1300,3928.1391,-58.3758,-0.0000
108.1400,3927.5553,-58.3758,-0.0000
108.1500,3926.9715,-58.3758,-0.0000
108.1600,3926.3878,-58.3758,-0.0000
108.1700,3925.8040,-58.3758,-0.0000
108.1800,3925.2203,-58.3758,-0.0000
108.1900,3924.6365,-58.3758,-0.0000
108.2000,3924.0528,-58.3758,-0.0000
108.2100,3923.4690,-58.3758,-0.0000
108.2200,3922.8852,-58.3758,-0.0000
108.2300,3922.3015,-58.3758,-0.0000
108.2400,3921.7177,-58.3758,-0.0000
108.2500,3921.1340,-58.3758,-0.0000
108.2600,3920.5502,-58.3758,-0.0000
108.2700,3919.9665,-58.3758,-0.0000
108.2800,3919.3827,-58.3758,-0.0000
108.2900,3918.7989,-58.3758,-0.0000
108.3000,3918.2152,-58.3758,-0.0000
108.3100,3917.6314,-58.3758,-0.0000
108.3200,3917.0477,-58.3758,-0.0000
108.3300,3916.4639,-58.3758,-0.0000
108.3400,3915.8801,-58.3758,-0.0000
108.3500,3915.2964,-58.3758,-0.0000
108.3600,3914.7126,-58.3758,-0.0000
108.3700,3914.1289,-58.3758,-0.0000
108.3800,3913.5451,-58.3758,-0.0000
108.3900,3912.9614,-58.3758,-0.0000
108.4000,3912.3776,-58.3758,-0.0000
108.4100,3911.7938,-58.3758,-0.0000
108.4200,3911.2101,-58.3758,-0.0000
108.4300,3910.6263,-58.3758,-0.0000
108.4400,3910.0426,-58.3758,-0.0000
108.4500,3909.4588,-58.3758,-0.0000
108.4600,3908.8751,-58.3758,-0.0000
108.4700,3908.2913,-58.3758,-0.0000
108.4800,3907.7075,-58.3758,-0.0000
108.4900,3907.1238,-58.3758,-0.0000
108.5000,3906.5400,-58.3758,-0.0000
108.5100,3905.9563,-58.3758,-0.0000
108.5200,3905.3725,-58.3758,-0.0000
108.5300,3904.7888,-58.3758,-0.0000
108.5400,3904.2050,-58.3758,-0.0000
108.5500,3903.6212,-58.3758,-0.0000
108.5600,3903.0375,-58.3758,-0.0000
108.5700,3902.4537,-58.3758,-0.0000
108.5800,3901.8700,-58.3758,-0.0000
108.5900,3901.2862,-58.3758,-0.0000
108.6000,3900.7025,-58.3758,-0.0000
108.6100,3900.1187,-58.3758,-0.0000
108.6200,3899.5349,-58.3758,-0.0000
108.6300,3898.9512,-58.3758,-0.0000
108.6400,3898.3674,-58.3758,-0.0000
108.6500,3897.7837,-58.3758,-0.0000
108.6600,3897.1999,-58.3758,-0.0000
108.6700,3896.6161,-58.3758,-0.0000
108.6800,3896.0324,-58.3758,-0.0000
108.6900,3895.4486,-58.3758,-0.0000
108.7000,3894.8649,-58.3758,-0.0000
108.7100,3894.2811,-58.3758,-0.0000
108.7200,3893.6974,-58.3758,-0.0000
108.7300,3893.1136,-58.3758,-0.0000
108.7400,3892.5298,-58.3758,-0.0000
108.7500,3891.9461,-58.3758,-0.0000
108.7600,3891.3623,-58.3758,-0.0000
108.7700,3890.7786,-58.3758,-0.0000
108.7800,3890.1948,-58.3758,-0.0000
108.7900,3889.6111,-58.3758,-0.0000
108.8000,3889.0273,-58.3758,-0.0000
108.8100,3888.4435,-58.3758,-0.0000
108.8200,3887.8598,-58.3758,-0.0000
108.8300,3887.2760,-58.3758,-0.0000
108.8400,3886.6923,-58.3758,-0.0000
108.8500,3886.1085,-58.3758,-0.0000
108.8600,3885.5248,-58.3758,-0.0000
108.8700,3884.9410,-58.3758,-0.0000
108.8800,3884.3572,-58.3758,-0.0000
108.8900,3883.7735,-58.3758,-0.0000
108.9000,3883.1897,-58.3758,-0.0000
108.9100,3882.6060,-58.3758,-0.0000
108.9200,3882.0222,-58.3758,-0.0000
108.9300,3881.4385,-58.3758,-0.0000
108.9400,3880.8547,-58.3758,-0.0000
108.9500,3880.2709,-58.3758,-0.0000
108.9600,3879.6872,-58.3758,-0.0000
108.9700,3879.1034,-58.3758,-0.0000
108.9800,3878.5197,-58.3758,-0.0000
108.9900,3877.9359,-58.3758,-0.0000
109.0000,3877.3521,-58.3758,-0.0000
109.0100,3876.7684,-58.3758,-0.0000
109.0200,3876.1846,-58.3758,-0.0000
109.0300,3875.6009,-58.3758,-0.0000
109.0400,3875.0171,-58.3758,-0.0000
109.0500,3874.4334,-58.3758,-0.0000
109.0600,3873.8496,-58.3758,-0.0000
109.0700,3873.2658,-58.3758,-0.0000
109.0800,3872.6821,-58.3758,-0.0000
109.0900,3872.0983,-58.3758,-0.0000
109.1000,3871.5146,-58.3758,-0.0000
109.1100,3870.9308,-58.3758,-0.0000
109.1200,3870.3471,-58.3758,-0.0000
109.1300,3869.7633,-58.3758,-0.0000
109.1400,3869.1795,-58.3758,-0.0000
109.1500,3868.5958,-58.3758,-0.0000
109.1600,3868.0120,-58.3758,-0.0000
109.1700,3867.4283,-58.3758,-0.0000
109.1800,3866.8445,-58.3758,-0.0000
109.1900,3866.2608,-58.3758,-0.0000
109.2000,3865.6770,-58.3758,-0.0000
109.2100,3865.0932,-58.3758,-0.0000
109.2200,3864.5095,-58.3758,-0.0000
109.2300,3863.9257,-58.3758,-0.0000
109.2400,3863.3420,-58.3758,-0.0000
109.2500,3862.7582,-58.3758,-0.0000
109.2600,3862.1745,-58.3758,-0.0000
109.2700,3861.5907,-58.3758,-0.0000
109.2800,3861.0069,-58.3758,-0.0000
109.2900,3860.4232,-58.3758,-0.0000
109.3000,3859.8394,-58.3758,-0.0000
109.3100,3859.2557,-58.3758,-0.0000
109.3200,3858.6719,-58.3758,-0.0000
109.3300,3858.0881,-58.3758,-0.0000
109.3400,3857.5044,-58.3758,-0.0000
109.3500,3856.9206,-58.3758,-0.0000
109.3600,3856.3369,-58.3758,-0.0000
109.3700,3855.7531,-58.3758,-0.0000
109.3800,3855.1694,-58.3758,-0.0000
109.3900,3854.5856,-58.3758,-0.0000
109.4000,3854.0018,-58.3758,-0.0000
109.4100,3853.4181,-58.3758,-0.0000
109.4200,3852.8343,-58.3758,-0.0000
109.4300,3852.2506,-58.3758,-0.0000
109.4400,3851.6668,-58.3758,-0.0000
109.4500,3851.0831,-58.3758,-0.0000
109.4600,3850.4993,-58.3758,-0.0000
109.4700,3849.9155,-58.3758,-0.0000
109.4800,3849.3318,-58.3758,-0.0000
109.4900,3848.7480,-58.3758,-0.0000
109.5000,3848.1643,-58.3758,-0.0000
109.5100,3847.5805,-58.3758,-0.0000
109.5200,3846.9968,-58.3758,-0.0000
109.5300,3846.4130,-58.3758,-0.0000
109.5400,3845.8292,-58.3758,-0.0000
109.5500,3845.2455,-58.3758,-0.0000
109.5600,3844.6617,-58.3758,-0.0000
109.5700,3844.0780,-58.3758,-0.0000
109.5800,3843.4942,-58.3758,-0.0000
109.5900,3842.9105,-58.3758,-0.0000
109.6000,3842.3267,-58.3758,-0.0000
109.6100,3841.7429,-58.3758,-0.0000
109.6200,3841.1592,-58.3758,-0.0000
109.6300,3840.5754,-58.3758,-0.0000
109.6400,3839.9917,-58.3758,-0.0000
109.6500,3839.4079,-58.3758,-0.0000
109.6600,3838.8242,-58.3758,-0.0000
109.6700,3838.2404,-58.3758,-0.0000
109.6800,3837.6566,-58.3758,-0.0000
109.6900,3837.0729,-58.3758,-0.0000
109.7000,3836.4891,-58.3758,-0.0000
109.7100,3835.9054,-58.3758,-0.0000
109.7200,3835.3216,-58.3758,-0.0000
109.7300,3834.7378,-58.3758,-0.0000
109.7400,3834.1541,-58.3758,-0.0000
109.7500,3833.5703,-58.3758,-0.0000
109.7600,3832.9866,-58.3758,-0.0000
109.7700,3832.4028,-58.3758,-0.0000
109.7800,3831.8191,-58.3758,-0.0000
109.7900,3831.2353,-58.3758,-0.0000
109.8000,3830.6515,-58.3758,-0.0000
109.8100,3830.0678,-58.3758,-0.0000
109.8200,3829.4840,-58.3758,-0.0000
109.8300,3828.9003,-58.3758,-0.0000
109.8400,3828.3165,-58.3758,-0.0000
109.8500,3827.7328,-58.3758,-0.0000
109.8600,3827.1490,-58.3758,-0.0000
109.8700,3826.5652,-58.3758,-0.0000
109.8800,3825.9815,-58.3758,-0.0000
109.8900,3825.3977,-58.3758,-0.0000
109.9000,3824.8140,-58.3758,-0.0000
109.9100,3824.2302,-58.3758,-0.0000
109.9200,3823.6465,-58.3758,-0.0000
109.9300,3823.0627,-58.3758,-0.0000
109.9400,3822.4789,-58.3758,-0.0000
109.9500,3821.8952,-58.3758,-0.0000
109.9600,3821.3114,-58.3758,-0.0000
109.9700,3820.7277,-58.3758,-0.0000
109.9800,3820.1439,-58.3758,-0.0000
109.9900,3819.5602,-58.3758,-0.0000
110.0000,3818.9764,-58.3758,-0.0000
110.0100,3818.3926,-58.3758,-0.0000
110.0200,3817.8089,-58.3758,-0.0000
110.0300,3817.2251,-58.3758,-0.0000
110.0400,3816.6414,-58.3758,-0.0000
110.0500,3816.0576,-58.3758,-0.0000
110.0600,3815.4738,-58.3758,-0.0000
110.0700,3814.8901,-58.3758,-0.0000
110.0800,3814.3063,-58.3758,-0.0000
110.0900,3813.7226,-58.3758,-0.0000
110.1000,3813.1388,-58.3758,-0.0000
110.1100,3812.5551,-58.3758,-0.0000
110.1200,3811.9713,-58.3758,-0.0000
110.1300,3811.3875,-58.3758,-0.0000
110.1400,3810.8038,-58.3758,-0.0000
110.1500,3810.2200,-58.3758,-0.0000
110.1600,3809.6363,-58.3758,-0.0000
110.1700,3809.0525,-58.3758,-0.0000
110.1800,3808.4688,-58.3758,-0.0000
110.1900,3807.8850,-58.3758,-0.0000
110.2000,3807.3012,-58.3758,-0.0000
110.2100,3806.7175,-58.3758,-0.0000
110.2200,3806.1337,-58.3758,-0.0000
110.2300,3805.5500,-58.3758,-0.0000
110.2400,3804.9662,-58.3758,-0.0000
110.2500,3804.3825,-58.3758,-0.0000
110.2600,3803.7987,-58.3758,-0.0000
110.2700,3803.2149,-58.3758,-0.0000
110.2800,3802.6312,-58.3758,-0.0000
110.2900,3802.0474,-58.3758,-0.0000
110.3000,3801.4637,-58.3758,-0.0000
110.3100,3800.8799,-58.3758,-0.0000
110.3200,3800.2962,-58.3758,-0.0000
110.3300,3799.7124,-58.3758,-0.0000
110.3400,3799.1286,-58.3758,-0.0000
110.3500,3798.5449,-58.3758,-0.0000
110.3600,3797.9611,-58.3758,-0.0000
110.3700,3797.3774,-58.3758,-0.0000
110.3800,3796.7936,-58.3758,-0.0000
110.3900,3796.2098,-58.3758,-0.0000
110.4000,3795.6261,-58.3758,-0.0000
110.4100,3795.0423,-58.3758,-0.0000
110.4200,3794.4586,-58.3758,-0.0000
110.4300,3793.8748,-58.3758,-0.0000
110.4400,3793.2911,-58.3758,-0.0000
110.4500,3792.7073,-58.3758,-0.0000
110.4600,3792.1235,-58.3758,-0.0000
110.4700,3791.5398,-58.3758,-0.0000
110.4800,3790.9560,-58.3758,-0.0000
110.4900,3790.3723,-58.3758,-0.0000
110.5000,3789.7885,-58.3758,-0.0000
110.5100,3789.2048,-58.3758,-0.0000
110.5200,3788.6210,-58.3758,-0.0000
110.5300,3788.0372,-58.3758,-0.0000
110.5400,3787.4535,-58.3758,-0.0000
110.5500,3786.8697,-58.3758,-0.0000
110.5600,3786.2860,-58.3758,-0.0000
110.5700,3785.7022,-58.3758,-0.0000
110.5800,3785.1185,-58.3758,-0.0000
110.5900,3784.5347,-58.3758,-0.0000
110.6000,3783.9509,-58.3758,-0.0000
110.6100,3783.3672,-58.3758,-0.0000
110.6200,3782.7834,-58.3758,-0.0000
110.6300,3782.1997,-58.3758,-0.0000
110.6400,3781.6159,-58.3758,-0.0000
110.6500,3781.0322,-58.3758,-0.0000
110.6600,3780.4484,-58.3758,-0.0000
110.6700,3779.8646,-58.3758,-0.0000
110.6800,3779.2809,-58.3758,-0.0000
110.6900,3778.6971,-58.3758,-0.0000
110.7000,3778.1134,-58.3758,-0.0000
110.7100,3777.5296,-58.3758,-0.0000
110.7200,3776.9458,-58.3758,-0.0000
110.7300,3776.3621,-58.3758,-0.0000
110.7400,3775.7783,-58.3758,-0.0000
110.7500,3775.1946,-58.3758,-0.0000
110.7600,3774.6108,-58.3758,-0.0000
110.7700,3774.0271,-58.3758,-0.0000
110.7800,3773.4433,-58.3758,-0.0000
110.7900,3772.8595,-58.3758,-0.0000
110.8000,3772.2758,-58.3758,-0.0000
110.8100,3771.6920,-58.3758,-0.0000
110.8200,3771.1083,-58.3758,-0.0000
110.8300,3770.5245,-58.3758,-0.0000
110.8400,3769.9408,-58.3758,-0.0000
110.8500,3769.3570,-58.3758,-0.0000
110.8600,3768.7732,-58.3758,-0.0000
110.8700,3768.1895,-58.3758,-0.0000
110.8800,3767.6057,-58.3758,-0.0000
110.8900,3767.0220,-58.3758,-0.0000
110.9000,3766.4382,-58.3758,-0.0000
110.9100,3765.8545,-58.3758,-0.0000
110.9200,3765.2707,-58.3758,-0.0000
110.9300,3764.6869,-58.3758,-0.0000
110.9400,3764.1032,-58.3758,-0.0000
110.9500,3763.5194,-58.3758,-0.0000
110.9600,3762.9357,-58.3758,-0.0000
110.9700,3762.3519,-58.3758,-0.0000
110.9800,3761.7682,-58.3758,-0.0000
110.9900,3761.1844,-58.3758,-0.0000
111.0000,3760.6006,-58.3758,-0.0000
111.0100,3760.0169,-58.3758,-0.0000
111.0200,3759.4331,-58.3758,-0.0000
111.0300,3758.8494,-58.3758,-0.0000
111.0400,3758.2656,-58.3758,-0.0000
111.0500,3757.6818,-58.3758,-0.0000
111.0600,3757.0981,-58.3758,-0.0000
111.0700,3756.5143,-58.3758,-0.0000
111.0800,3755.9306,-58.3758,-0.0000
111.0900,3755.3468,-58.3758,-0.0000
111.1000,3754.7631,-58.3758,-0.0000
111.1100,3754.1793,-58.3758,-0.0000
111.1200,3753.5955,-58.3758,-0.0000
111.1300,3753.0118,-58.3758,-0.0000
111.1400,3752.4280,-58.3758,-0.0000
111.1500,3751.8443,-58.3758,-0.0000
111.1600,3751.2605,-58.3758,-0.0000
111.1700,3750.6768,-58.3758,-0.0000
111.1800,3750.0930,-58.3758,-0.0000
111.1900,3749.5092,-58.3758,-0.0000
111.2000,3748.9255,-58.3758,-0.0000
111.2100,3748.3417,-58.3758,-0.0000
111.2200,3747.7580,-58.3758,-0.0000
111.2300,3747.1742,-58.3758,-0.0000
111.2400,3746.5905,-58.3758,-0.0000
111.2500,3746.0067,-58.3758,-0.0000
111.2600,3745.4229,-58.3758,-0.0000
111.2700,3744.8392,-58.3758,-0.0000
111.2800,3744.2554,-58.3758,-0.0000
111.2900,3743.6717,-58.3758,-0.0000
111.3000,3743.0879,-58.3758,-0.0000
111.3100,3742.5042,-58.3758,-0.0000
111.3200,3741.9204,-58.3758,-0.0000
111.3300,3741.3366,-58.3758,-0.0000
111.3400,3740.7529,-58.3758,-0.0000
111.3500,3740.1691,-58.3758,-0.0000
111.3600,3739.5854,-58.3758,-0.0000
111.3700,3739.0016,-58.3758,-0.0000
111.3800,3738.4178,-58.3758,-0.0000
111.3900,3737.8341,-58.3758,-0.0000
111.4000,3737.2503,-58.3758,-0.0000
111.4100,3736.6666,-58.3758,-0.0000
111.4200,3736.0828,-58.3758,-0.0000
111.4300,3735.4991,-58.3758,-0.0000
111.4400,3734.9153,-58.3758,-0.0000
111.4500,3734.3315,-58.3758,-0.0000
111.4600,3733.7478,-58.3758,-0.0000
111.4700,3733.1640,-58.3758,-0.0000
111.4800,3732.5803,-58.3758,-0.0000
111.4900,3731.9965,-58.3758,-0.0000
111.5000,3731.4128,-58.3758,-0.0000
111.5100,3730.8290,-58.3758,-0.0000
111.5200,3730.2452,-58.3758,-0.0000
111.5300,3729.6615,-58.3758,-0.0000
111.5400,3729.0777,-58.3758,-0.0000
111.5500,3728.4940,-58.3758,-0.0000
111.5600,3727.9102,-58.3758,-0.0000
111.5700,3727.3265,-58.3758,-0.0000
111.5800,3726.7427,-58.3758,-0.0000
111.5900,3726.1589,-58.3758,-0.0000
111.6000,3725.5752,-58.3758,-0.0000
111.6100,3724.9914,-58.3758,-0.0000
111.6200,3724.4077,-58.3758,-0.0000
111.6300,3723.8239,-58.3758,-0.0000
111.6400,3723.2402,-58.3758,-0.0000
111.6500,3722.6564,-58.3758,-0.0000
111.6600,3722.0726,-58.3758,-0.0000
111.6700,3721.4889,-58.3758,-0.0000
111.6800,3720.9051,-58.3758,-0.0000
111.6900,3720.3214,-58.3758,-0.0000
111.7000,3719.7376,-58.3758,-0.0000
111.7100,3719.1538,-58.3758,-0.0000
111.7200,3718.5701,-58.3758,-0.0000
111.7300,3717.9863,-58.3758,-0.0000
111.7400,3717.4026,-58.3758,-0.0000
111.7500,3716.8188,-58.3758,-0.0000
111.7600,3716.2351,-58.3758,-0.0000
111.7700,3715.6513,-58.3758,-0.0000
111.7800,3715.0675,-58.3758,-0.0000
111.7900,3714.4838,-58.3758,-0.0000
111.8000,3713.9000,-58.3758,-0.0000
111.8100,3713.3163,-58.3758,-0.0000
111.8200,3712.7325,-58.3758,-0.0000
111.8300,3712.1488,-58.3758,-0.0000
111.8400,3711.5650,-58.3758,-0.0000
111.8500,3710.9812,-58.3758,-0.0000
111.8600,3710.3975,-58.3758,-0.0000
111.8700,3709.8137,-58.3758,-0.0000
111.8800,3709.2300,-58.3758,-0.0000
111.8900,3708.6462,-58.3758,-0.0000
111.9000,3708.0625,-58.3758,-0.0000
111.9100,3707.4787,-58.3758,-0.0000
111.9200,3706.8949,-58.3758,-0.0000
111.9300,3706.3112,-58.3758,-0.0000
111.9400,3705.7274,-58.3758,-0.0000
111.9500,3705.1437,-58.3758,-0.0000
111.9600,3704.5599,-58.3758,-0.0000
111.9700,3703.9762,-58.3758,-0.0000
111.9800,3703.3924,-58.3758,-0.0000
111.9900,3702.8086,-58.3758,-0.0000
112.0000,3702.2249,-58.3758,-0.0000
112.0100,3701.6411,-58.3758,-0.0000
112.0200,3701.0574,-58.3758,-0.0000
112.0300,3700.4736,-58.3758,-0.0000
112.0400,3699.8898,-58.3758,-0.0000
112.0500,3699.3061,-58.3758,-0.0000
112.0600,3698.7223,-58.3758,-0.0000
112.0700,3698.1386,-58.3758,-0.0000
112.0800,3697.5548,-58.3758,-0.0000
112.0900,3696.9711,-58.3758,-0.0000
112.1000,3696.3873,-58.3758,-0.0000
112.1100,3695.8035,-58.3758,-0.0000
112.1200,3695.2198,-58.3758,-0.0000
112.1300,3694.6360,-58.3758,-0.0000
112.1400,3694.0523,-58.3758,-0.0000
112.1500,3693.4685,-58.3758,-0.0000
112.1600,3692.8848,-58.3758,-0.0000
112.1700,3692.3010,-58.3758,-0.0000
112.1800,3691.7172,-58.3758,-0.0000
112.1900,3691.1335,-58.3758,-0.0000
112.2000,3690.5497,-58.3758,-0.0000
112.2100,3689.9660,-58.3758,-0.0000
112.2200,3689.3822,-58.3758,-0.0000
112.2300,3688.7985,-58.3758,-0.0000
112.2400,3688.2147,-58.3758,-0.0000
112.2500,3687.6309,-58.3758,-0.0000
112.2600,3687.0472,-58.3758,-0.0000
112.2700,3686.4634,-58.3758,-0.0000
112.2800,3685.8797,-58.3758,-0.0000
112.2900,3685.2959,-58.3758,-0.0000
112.3000,3684.7122,-58.3758,-0.0000
112.3100,3684.1284,-58.3758,-0.0000
112.3200,3683.5446,-58.3758,-0.0000
112.3300,3682.9609,-58.3758,-0.0000
112.3400,3682.3771,-58.3758,-0.0000
112.3500,3681.7934,-58.3758,-0.0000
112.3600,3681.2096,-58.3758,-0.0000
112.3700,3680.6258,-58.3758,-0.0000
112.3800,3680.0421,-58.3758,-0.0000
112.3900,3679.4583,-58.3758,-0.0000
112.4000,3678.8746,-58.3758,-0.0000
112.4100,3678.2908,-58.3758,-0.0000
112.4200,3677.7071,-58.3758,-0.0000
112.4300,3677.1233,-58.3758,-0.0000
112.4400,3676.5395,-58.3758,-0.0000
112.4500,3675.9558,-58.3758,-0.0000
112.4600,3675.3720,-58.3758,-0.0000
112.4700,3674.7883,-58.3758,-0.0000
112.4800,3674.2045,-58.3758,-0.0000
112.4900,3673.6208,-58.3758,-0.0000
112.5000,3673.0370,-58.3758,-0.0000
112.5100,3672.4532,-58.3758,-0.0000
112.5200,3671.8695,-58.3758,-0.0000
112.5300,3671.2857,-58.3758,-0.0000
112.5400,3670.7020,-58.3758,-0.0000
112.5500,3670.1182,-58.3758,-0.0000
112.5600,3669.5345,-58.3758,-0.0000
112.5700,3668.9507,-58.3758,-0.0000
112.5800,3668.3669,-58.3758,-0.0000
112.5900,3667.7832,-58.3758,-0.0000
112.6000,3667.1994,-58.3758,-0.0000
112.6100,3666.6157,-58.3758,-0.0000
112.6200,3666.0319,-58.3758,-0.0000
112.6300,3665.4482,-58.3758,-0.0000
112.6400,3664.8644,-58.3758,-0.0000
112.6500,3664.2806,-58.3758,-0.0000
112.6600,3663.6969,-58.3758,-0.0000
112.6700,3663.1131,-58.3758,-0.0000
112.6800,3662.5294,-58.3758,-0.0000
112.6900,3661.9456,-58.3758,-0.0000
112.7000,3661.3618,-58.3758,-0.0000
112.7100,3660.7781,-58.3758,-0.0000
112.7200,3660.1943,-58.3758,-0.0000
112.7300,3659.6106,-58.3758,-0.0000
112.7400,3659.0268,-58.3758,-0.0000
112.7500,3658.4431,-58.3758,-0.0000
112.7600,3657.8593,-58.3758,-0.0000
112.7700,3657.2755,-58.3758,-0.0000
112.7800,3656.6918,-58.3758,-0.0000
112.7900,3656.1080,-58.3758,-0.0000
112.8000,3655.5243,-58.3758,-0.0000
112.8100,3654.9405,-58.3758,-0.0000
112.8200,3654.3568,-58.3758,-0.0000
112.8300,3653.7730,-58.3758,-0.0000
112.8400,3653.1892,-58.3758,-0.0000
112.8500,3652.6055,-58.3758,-0.0000
112.8600,3652.0217,-58.3758,-0.0000
112.8700,3651.4380,-58.3758,-0.0000
112.8800,3650.8542,-58.3758,-0.0000
112.8900,3650.2705,-58.3758,-0.0000
112.9000,3649.6867,-58.3758,-0.0000
112.9100,3649.1029,-58.3758,-0.0000
112.9200,3648.5192,-58.3758,-0.0000
112.9300,3647.9354,-58.3758,-0.0000
112.9400,3647.3517,-58.3758,-0.0000
112.9500,3646.7679,-58.3758,-0.0000
112.9600,3646.1842,-58.3758,-0.0000
112.9700,3645.6004,-58.3758,-0.0000
112.9800,3645.0166,-58.3758,-0.0000
112.9900,3644.4329,-58.3758,-0.0000
113.0000,3643.8491,-58.3758,-0.0000
113.0100,3643.2654,-58.3758,-0.0000
113.0200,3642.6816,-58.3758,-0.0000
113.0300,3642.0978,-58.3758,-0.0000
113.0400,3641.5141,-58.3758,-0.0000
113.0500,3640.9303,-58.3758,-0.0000
113.0600,3640.3466,-58.3758,-0.0000
113.0700,3639.7628,-58.3758,-0.0000
113.0800,3639.1791,-58.3758,-0.0000
113.0900,3638.5953,-58.3758,-0.0000
113.1000,3638.0115,-58.3758,-0.0000
113.1100,3637.4278,-58.3758,-0.0000
113.1200,3636.8440,-58.3758,-0.0000
113.1300,3636.2603,-58.3758,-0.0000
113.1400,3635.6765,-58.3758,-0.0000
113.1500,3635.0928,-58.3758,-0.0000
113.1600,3634.5090,-58.3758,-0.0000
113.1700,3633.9252,-58.3758,-0.0000
113.1800,3633.3415,-58.3758,-0.0000
113.1900,3632.7577,-58.3758,-0.0000
113.2000,3632.1740,-58.3758,-0.0000
113.2100,3631.5902,-58.3758,-0.0000
113.2200,3631.0065,-58.3758,-0.0000
113.2300,3630.4227,-58.3758,-0.0000
113.2400,3629.8389,-58.3758,-0.0000
113.2500,3629.2552,-58.3758,-0.0000
113.2600,3628.6714,-58.3758,-0.0000
113.2700,3628.0877,-58.3758,-0.0000
113.2800,3627.5039,-58.3758,-0.0000
113.2900,3626.9202,-58.3758,-0.0000
113.3000,3626.3364,-58.3758,-0.0000
113.3100,3625.7526,-58.3758,-0.0000
113.3200,3625.1689,-58.3758,-0.0000
113.3300,3624.5851,-58.3758,-0.0000
113.3400,3624.0014,-58.3758,-0.0000
113.3500,3623.4176,-58.3758,-0.0000
113.3600,3622.8338,-58.3758,-0.0000
113.3700,3622.2501,-58.3758,-0.0000
113.3800,3621.6663,-58.3758,-0.0000
113.3900,3621.0826,-58.3758,-0.0000
113.4000,3620.4988,-58.3758,-0.0000
113.4100,3619.9151,-58.3758,-0.0000
113.4200,3619.3313,-58.3758,-0.0000
113.4300,3618.7475,-58.3758,-0.0000
113.4400,3618.1638,-58.3758,-0.0000
113.4500,3617.5800,-58.3758,-0.0000
113.4600,3616.9963,-58.3758,-0.0000
113.4700,3616.4125,-58.3758,-0.0000
113.4800,3615.8288,-58.3758,-0.0000
113.4900,3615.2450,-58.3758,-0.0000
113.5000,3614.6612,-58.3758,-0.0000
113.5100,3614.0775,-58.3758,-0.0000
113.5200,3613.4937,-58.3758,-0.0000
113.5300,3612.9100,-58.3758,-0.0000
113.5400,3612.3262,-58.3758,-0.0000
113.5500,3611.7425,-58.3758,-0.0000
113.5600,3611.1587,-58.3758,-0.0000
113.5700,3610.5749,-58.3758,-0.0000
113.5800,3609.9912,-58.3758,-0.0000
113.5900,3609.4074,-58.3758,-0.0000
113.6000,3608.8237,-58.3758,-0.0000
113.6100,3608.2399,-58.3758,-0.0000
113.6200,3607.6562,-58.3758,-0.0000
113.6300,3607.0724,-58.3758,-0.0000
113.6400,3606.4886,-58.3758,-0.0000
113.6500,3605.9049,-58.3758,-0.0000
113.6600,3605.3211,-58.3758,-0.0000
113.6700,3604.7374,-58.3758,-0.0000
113.6800,3604.1536,-58.3758,-0.0000
113.6900,3603.5698,-58.3758,-0.0000
113.7000,3602.9861,-58.3758,-0.0000
113.7100,3602.4023,-58.3758,-0.0000
113.7200,3601.8186,-58.3758,-0.0000
113.7300,3601.2348,-58.3758,-0.0000
113.7400,3600.6511,-58.3758,-0.0000
113.7500,3600.0673,-58.3758,-0.0000
113.7600,3599.4835,-58.3758,-0.0000
113.7700,3598.8998,-58.3758,-0.0000
113.7800,3598.3160,-58.3758,-0.0000
113.7900,3597.7323,-58.3758,-0.0000
113.8000,3597.1485,-58.3758,-0.0000
113.8100,3596.5648,-58.3758,-0.0000
113.8200,3595.9810,-58.3758,-0.0000
113.8300,3595.3972,-58.3758,-0.0000
113.8400,3594.8135,-58.3758,-0.0000
113.8500,3594.2297,-58.3758,-0.0000
113.8600,3593.6460,-58.3758,-0.0000
113.8700,3593.0622,-58.3758,-0.0000
113.8800,3592.4785,-58.3758,-0.0000
113.8900,3591.8947,-58.3758,-0.0000
113.9000,3591.3109,-58.3758,-0.0000
113.9100,3590.7272,-58.3758,-0.0000
113.9200,3590.1434,-58.3758,-0.0000
113.9300,3589.5597,-58.3758,-0.0000
113.9400,3588.9759,-58.3758,-0.0000
113.9500,3588.3922,-58.3758,-0.0000
113.9600,3587.8084,-58.3758,-0.0000
113.9700,3587.2246,-58.3758,-0.0000
113.9800,3586.6409,-58.3758,-0.0000
113.9900,3586.0571,-58.3758,-0.0000
114.0000,3585.4734,-58.3758,-0.0000
114.0100,3584.8896,-58.3758,-0.0000
114.0200,3584.3058,-58.3758,-0.0000
114.0300,3583.7221,-58.3758,-0.0000
114.0400,3583.1383,-58.3758,-0.0000
114.0500,3582.5546,-58.3758,-0.0000
114.0600,3581.9708,-58.3758,-0.0000
114.0700,3581.3871,-58.3758,-0.0000
114.0800,3580.8033,-58.3758,-0.0000
114.0900,3580.2195,-58.3758,-0.0000
114.1000,3579.6358,-58.3758,-0.0000
114.1100,3579.0520,-58.3758,-0.0000
114.1200,3578.4683,-58.3758,-0.0000
114.1300,3577.8845,-58.3758,-0.0000
114.1400,3577.3008,-58.3758,-0.0000
114.1500,3576.7170,-58.3758,-0.0000
114.1600,3576.1332,-58.3758,-0.0000
114.1700,3575.5495,-58.3758,-0.0000
114.1800,3574.9657,-58.3758,-0.0000
114.1900,3574.3820,-58.3758,-0.0000
114.2000,3573.7982,-58.3758,-0.0000
114.2100,3573.2145,-58.3758,-0.0000
114.2200,3572.6307,-58.3758,-0.0000
114.2300,3572.0469,-58.3758,-0.0000
114.2400,3571.4632,-58.3758,-0.0000
114.2500,3570.8794,-58.3758,-0.0000
114.2600,3570.2957,-58.3758,-0.0000
114.2700,3569.7119,-58.3758,-0.0000
114.2800,3569.1282,-58.3758,-0.0000
114.2900,3568.5444,-58.3758,-0.0000
114.3000,3567.9606,-58.3758,-0.0000
114.3100,3567.3769,-58.3758,-0.0000
114.3200,3566.7931,-58.3758,-0.0000
114.3300,3566.2094,-58.3758,-0.0000
114.3400,3565.6256,-58.3758,-0.0000
114.3500,3565.0418,-58.3758,-0.0000
114.3600,3564.4581,-58.3758,-0.0000
114.3700,3563.8743,-58.3758,-0.0000
114.3800,3563.2906,-58.3758,-0.0000
114.3900,3562.7068,-58.3758,-0.0000
114.4000,3562.1231,-58.3758,-0.0000
114.4100,3561.5393,-58.3758,-0.0000
114.4200,3560.9555,-58.3758,-0.0000
114.4300,3560.3718,-58.3758,-0.0000
114.4400,3559.7880,-58.3758,-0.0000
114.4500,3559.2043,-58.3758,-0.0000
114.4600,3558.6205,-58.3758,-0.0000
114.4700,3558.0368,-58.3758,-0.0000
114.4800,3557.4530,-58.3758,-0.0000
114.4900,3556.8692,-58.3758,-0.0000
114.5000,3556.2855,-58.3758,-0.0000
114.5100,3555.7017,-58.3758,-0.0000
114.5200,3555.1180,-58.3758,-0.0000
114.5300,3554.5342,-58.3758,-0.0000
114.5400,3553.9505,-58.3758,-0.0000
114.5500,3553.3667,-58.3758,-0.0000
114.5600,3552.7829,-58.3758,-0.0000
114.5700,3552.1992,-58.3758,-0.0000
114.5800,3551.6154,-58.3758,-0.0000
114.5900,3551.0317,-58.3758,-0.0000
114.6000,3550.4479,-58.3758,-0.0000
114.6100,3549.8642,-58.3758,-0.0000
114.6200,3549.2804,-58.3758,-0.0000
114.6300,3548.6966,-58.3758,-0.0000
114.6400,3548.1129,-58.3758,-0.0000
114.6500,3547.5291,-58.3758,-0.0000
114.6600,3546.9454,-58.3758,-0.0000
114.6700,3546.3616,-58.3758,-0.0000
114.6800,3545.7778,-58.3758,-0.0000
114.6900,3545.1941,-58.3758,-0.0000
114.7000,3544.6103,-58.3758,-0.0000
114.7100,3544.0266,-58.3758,-0.0000
114.7200,3543.4428,-58.3758,-0.0000
114.7300,3542.8591,-58.3758,-0.0000
114.7400,3542.2753,-58.3758,-0.0000
114.7500,3541.6915,-58.3758,-0.0000
114.7600,3541.1078,-58.3758,-0.0000
114.7700,3540.5240,-58.3758,-0.0000
114.7800,3539.9403,-58.3758,-0.0000
114.7900,3539.3565,-58.3758,-0.0000
114.8000,3538.7728,-58.3758,-0.0000
114.8100,3538.1890,-58.3758,-0.0000
114.8200,3537.6052,-58.3758,-0.0000
114.8300,3537.0215,-58.3758,-0.0000
114.8400,3536.4377,-58.3758,-0.0000
114.8500,3535.8540,-58.3758,-0.0000
114.8600,3535.2702,-58.3758,-0.0000
114.8700,3534.6865,-58.3758,-0.0000
114.8800,3534.1027,-58.3758,-0.0000
114.8900,3533.5189,-58.3758,-0.0000
114.9000,3532.9352,-58.3758,-0.0000
114.9100,3532.3514,-58.3758,-0.0000
114.9200,3531.7677,-58.3758,-0.0000
114.9300,3531.1839,-58.3758,-0.0000
114.9400,3530.6002,-58.3758,-0.0000
114.9500,3530.0164,-58.3758,-0.0000
114.9600,3529.4326,-58.3758,-0.0000
114.9700,3528.8489,-58.3758,-0.0000
114.9800,3528.2651,-58.3758,-0.0000
114.9900,3527.6814,-58.3758,-0.0000
115.0000,3527.0976,-58.3758,-0.0000
115.0100,3526.5138,-58.3758,-0.0000
115.0200,3525.9301,-58.3758,-0.0000
115.0300,3525.3463,-58.3758,-0.0000
115.0400,3524.7626,-58.3758,-0.0000
115.0500,3524.1788,-58.3758,-0.0000
115.0600,3523.5951,-58.3758,-0.0000
115.0700,3523.0113,-58.3758,-0.0000
115.0800,3522.4275,-58.3758,-0.0000
115.0900,3521.8438,-58.3758,-0.0000
115.1000,3521.2600,-58.3758,-0.0000
115.1100,3520.6763,-58.3758,-0.0000
115.1200,3520.0925,-58.3758,-0.0000
115.1300,3519.5088,-58.3758,-0.0000
115.1400,3518.9250,-58.3758,-0.0000
115.1500,3518.3412,-58.3758,-0.0000
115.1600,3517.7575,-58.3758,-0.0000
115.1700,3517.1737,-58.3758,-0.0000
115.1800,3516.5900,-58.3758,-0.0000
115.1900,3516.0062,-58.3758,-0.0000
115.2000,3515.4225,-58.3758,-0.0000
115.2100,3514.8387,-58.3758,-0.0000
115.2200,3514.2549,-58.3758,-0.0000
115.2300,3513.6712,-58.3758,-0.0000
115.2400,3513.0874,-58.3758,-0.0000
115.2500,3512.5037,-58.3758,-0.0000
115.2600,3511.9199,-58.3758,-0.0000
115.2700,3511.3362,-58.3758,-0.0000
115.2800,3510.7524,-58.3758,-0.0000
115.2900,3510.1686,-58.3758,-0.0000
115.3000,3509.5849,-58.3758,-0.0000
115.3100,3509.0011,-58.3758,-0.0000
115.3200,3508.4174,-58.3758,-0.0000
115.3300,3507.8336,-58.3758,-0.0000
115.3400,3507.2498,-58.3758,-0.0000
115.3500,3506.6661,-58.3758,-0.0000
115.3600,3506.0823,-58.3758,-0.0000
115.3700,3505.4986,-58.3758,-0.0000
115.3800,3504.9148,-58.3758,-0.0000
115.3900,3504.3311,-58.3758,-0.0000
115.4000,3503.7473,-58.3758,-0.0000
115.4100,3503.1635,-58.3758,-0.0000
115.4200,3502.5798,-58.3758,-0.0000
115.4300,3501.9960,-58.3758,-0.0000
115.4400,3501.4123,-58.3758,-0.0000
115.4500,3500.8285,-58.3758,-0.0000
115.4600,3500.2448,-58.3758,-0.0000
115.4700,3499.6610,-58.3758,-0.0000
115.4800,3499.0772,-58.3758,-0.0000
115.4900,3498.4935,-58.3758,-0.0000
115.5000,3497.9097,-58.3758,-0.0000
115.5100,3497.3260,-58.3758,-0.0000
115.5200,3496.7422,-58.3758,-0.0000
115.5300,3496.1585,-58.3758,-0.0000
115.5400,3495.5747,-58.3758,-0.0000
115.5500,3494.9909,-58.3758,-0.0000
115.5600,3494.4072,-58.3758,-0.0000
115.5700,3493.8234,-58.3758,-0.0000
115.5800,3493.2397,-58.3758,-0.0000
115.5900,3492.6559,-58.3758,-0.0000
115.6000,3492.0722,-58.3758,-0.0000
115.6100,3491.4884,-58.3758,-0.0000
115.6200,3490.9046,-58.3758,-0.0000
115.6300,3490.3209,-58.3758,-0.0000
115.6400,3489.7371,-58.3758,-0.0000
115.6500,3489.1534,-58.3758,-0.0000
115.6600,3488.5696,-58.3758,-0.0000
115.6700,3487.9858,-58.3758,-0.0000
115.6800,3487.4021,-58.3758,-0.0000
115.6900,3486.8183,-58.3758,-0.0000
115.7000,3486.2346,-58.3758,-0.0000
115.7100,3485.6508,-58.3758,-0.0000
115.7200,3485.0671,-58.3758,-0.0000
115.7300,3484.4833,-58.3758,-0.0000
115.7400,3483.8995,-58.3758,-0.0000
115.7500,3483.3158,-58.3758,-0.0000
115.7600,3482.7320,-58.3758,-0.0000
115.7700,3482.1483,-58.3758,-0.0000
115.7800,3481.5645,-58.3758,-0.0000
115.7900,3480.9808,-58.3758,-0.0000
115.8000,3480.3970,-58.3758,-0.0000
115.8100,3479.8132,-58.3758,-0.0000
115.8200,3479.2295,-58.3758,-0.0000
115.8300,3478.6457,-58.3758,-0.0000
115.8400,3478.0620,-58.3758,-0.0000
115.8500,3477.4782,-58.3758,-0.0000
115.8600,3476.8945,-58.3758,-0.0000
115.8700,3476.3107,-58.3758,-0.0000
115.8800,3475.7269,-58.3758,-0.0000
115.8900,3475.1432,-58.3758,-0.0000
115.9000,3474.5594,-58.3758,-0.0000
115.9100,3473.9757,-58.3758,-0.0000
115.9200,3473.3919,-58.3758,-0.0000
115.9300,3472.8082,-58.3758,-0.0000
115.9400,3472.2244,-58.3758,-0.0000
115.9500,3471.6406,-58.3758,-0.0000
115.9600,3471.0569,-58.3758,-0.0000
115.9700,3470.4731,-58.3758,-0.0000
115.9800,3469.8894,-58.3758,-0.0000
115.9900,3469.3056,-58.3758,-0.0000
116.0000,3468.7218,-58.3758,-0.0000
116.0100,3468.1381,-58.3758,-0.0000
116.0200,3467.5543,-58.3758,-0.0000
116.0300,3466.9706,-58.3758,-0.0000
116.0400,3466.3868,-58.3758,-0.0000
116.0500,3465.8031,-58.3758,-0.0000
116.0600,3465.2193,-58.3758,-0.0000
116.0700,3464.6355,-58.3758,-0.0000
116.0800,3464.0518,-58.3758,-0.0000
116.0900,3463.4680,-58.3758,-0.0000
116.1000,3462.8843,-58.3758,-0.0000
116.1100,3462.3005,-58.3758,-0.0000
116.1200,3461.7168,-58.3758,-0.0000
116.1300,3461.1330,-58.3758,-0.0000
116.1400,3460.5492,-58.3758,-0.0000
116.1500,3459.9655,-58.3758,-0.0000
116.1600,3459.3817,-58.3758,-0.0000
116.1700,3458.7980,-58.3758,-0.0000
116.1800,3458.2142,-58.3758,-0.0000
116.1900,3457.6305,-58.3758,-0.0000
116.2000,3457.0467,-58.3758,-0.0000
116.2100,3456.4629,-58.3758,-0.0000
116.2200,3455.8792,-58.3758,-0.0000
116.2300,3455.2954,-58.3758,-0.0000
116.2400,3454.7117,-58.3758,-0.0000
116.2500,3454.1279,-58.3758,-0.0000
116.2600,3453.5442,-58.3758,-0.0000
116.2700,3452.9604,-58.3758,-0.0000
116.2800,3452.3766,-58.3758,-0.0000
116.2900,3451.7929,-58.3758,-0.0000
116.3000,3451.2091,-58.3758,-0.0000
116.3100,3450.6254,-58.3758,-0.0000
116.3200,3450.0416,-58.3758,-0.0000
116.3300,3449.4578,-58.3758,-0.0000
116.3400,3448.8741,-58.3758,-0.0000
116.3500,3448.2903,-58.3758,-0.0000
116.3600,3447.7066,-58.3758,-0.0000
116.3700,3447.1228,-58.3758,-0.0000
116.3800,3446.5391,-58.3758,-0.0000
116.3900,3445.9553,-58.3758,-0.0000
116.4000,3445.3715,-58.3758,-0.0000
116.4100,3444.7878,-58.3758,-0.0000
116.4200,3444.2040,-58.3758,-0.0000
116.4300,3443.6203,-58.3758,-0.0000
116.4400,3443.0365,-58.3758,-0.0000
116.4500,3442.4528,-58.3758,-0.0000
116.4600,3441.8690,-58.3758,-0.0000
116.4700,3441.2852,-58.3758,-0.0000
116.4800,3440.7015,-58.3758,-0.0000
116.4900,3440.1177,-58.3758,-0.0000
116.5000,3439.5340,-58.3758,-0.0000
116.5100,3438.9502,-58.3758,-0.0000
116.5200,3438.3665,-58.3758,-0.0000
116.5300,3437.7827,-58.3758,-0.0000
116.5400,3437.1989,-58.3758,-0.0000
116.5500,3436.6152,-58.3758,-0.0000
116.5600,3436.0314,-58.3758,-0.0000
116.5700,3435.4477,-58.3758,-0.0000
116.5800,3434.8639,-58.3758,-0.0000
116.5900,3434.2802,-58.3758,-0.0000
116.6000,3433.6964,-58.3758,-0.0000
116.6100,3433.1126,-58.3758,-0.0000
116.6200,3432.5289,-58.3758,-0.0000
116.6300,3431.9451,-58.3758,-0.0000
116.6400,3431.3614,-58.3758,-0.0000
116.6500,3430.7776,-58.3758,-0.0000
116.6600,3430.1938,-58.3758,-0.0000
116.6700,3429.6101,-58.3758,-0.0000
116.6800,3429.0263,-58.3758,-0.0000
116.6900,3428.4426,-58.3758,-0.0000
116.7000,3427.8588,-58.3758,-0.0000
116.7100,3427.2751,-58.3758,-0.0000
116.7200,3426.6913,-58.3758,-0.0000
116.7300,3426.1075,-58.3758,-0.0000
116.7400,3425.5238,-58.3758,-0.0000
116.7500,3424.9400,-58.3758,-0.0000
116.7600,3424.3563,-58.3758,-0.0000
116.7700,3423.7725,-58.3758,-0.0000
116.7800,3423.1888,-58.3758,-0.0000
116.7900,3422.6050,-58.3758,-0.0000
116.8000,3422.0212,-58.3758,-0.0000
116.8100,3421.4375,-58.3758,-0.0000
116.8200,3420.8537,-58.3758,-0.0000
116.8300,3420.2700,-58.3758,-0.0000
116.8400,3419.6862,-58.3758,-0.0000
116.8500,3419.1025,-58.3758,-0.0000
116.8600,3418.5187,-58.3758,-0.0000
116.8700,3417.9349,-58.3758,-0.0000
116.8800,3417.3512,-58.3758,-0.0000
116.8900,3416.7674,-58.3758,-0.0000
116.9000,3416.1837,-58.3758,-0.0000
116.9100,3415.5999,-58.3758,-0.0000
116.9200,3415.0162,-58.3758,-0.0000
116.9300,3414.4324,-58.3758,-0.0000
116.9400,3413.8486,-58.3758,-0.0000
116.9500,3413.2649,-58.3758,-0.0000
116.9600,3412.6811,-58.3758,-0.0000
116.9700,3412.0974,-58.3758,-0.0000
116.9800,3411.5136,-58.3758,-0.0000
116.9900,3410.9298,-58.3758,-0.0000
117.0000,3410.3461,-58.3758,-0.0000
117.0100,3409.7623,-58.3758,-0.0000
117.0200,3409.1786,-58.3758,-0.0000
117.0300,3408.5948,-58.3758,-0.0000
117.0400,3408.0111,-58.3758,-0.0000
117.0500,3407.4273,-58.3758,-0.0000
117.0600,3406.8435,-58.3758,-0.0000
117.0700,3406.2598,-58.3758,-0.0000
117.0800,3405.6760,-58.3758,-0.0000
117.0900,3405.0923,-58.3758,-0.0000
117.1000,3404.5085,-58.3758,-0.0000
117.1100,3403.9248,-58.3758,-0.0000
117.1200,3403.3410,-58.3758,-0.0000
117.1300,3402.7572,-58.3758,-0.0000
117.1400,3402.1735,-58.3758,-0.0000
117.1500,3401.5897,-58.3758,-0.0000
117.1600,3401.0060,-58.3758,-0.0000
117.1700,3400.4222,-58.3758,-0.0000
117.1800,3399.8385,-58.3758,-0.0000
117.1900,3399.2547,-58.3758,-0.0000
117.2000,3398.6709,-58.3758,-0.0000
117.2100,3398.0872,-58.3758,-0.0000
117.2200,3397.5034,-58.3758,-0.0000
117.2300,3396.9197,-58.3758,-0.0000
117.2400,3396.3359,-58.3758,-0.0000
117.2500,3395.7522,-58.3758,-0.0000
117.2600,3395.1684,-58.3758,-0.0000
117.2700,3394.5846,-58.3758,-0.0000
117.2800,3394.0009,-58.3758,-0.0000
117.2900,3393.4171,-58.3758,-0.0000
117.3000,3392.8334,-58.3758,-0.0000
117.3100,3392.2496,-58.3758,-0.0000
117.3200,3391.6658,-58.3758,-0.0000
117.3300,3391.0821,-58.3758,-0.0000
117.3400,3390.4983,-58.3758,-0.0000
117.3500,3389.9146,-58.3758,-0.0000
117.3600,3389.3308,-58.3758,-0.0000
117.3700,3388.7471,-58.3758,-0.0000
117.3800,3388.1633,-58.3758,-0.0000
117.3900,3387.5795,-58.3758,-0.0000
117.4000,3386.9958,-58.3758,-0.0000
117.4100,3386.4120,-58.3758,-0.0000
117.4200,3385.8283,-58.3758,-0.0000
117.4300,3385.2445,-58.3758,-0.0000
117.4400,3384.6608,-58.3758,-0.0000
117.4500,3384.0770,-58.3758,-0.0000
117.4600,3383.4932,-58.3758,-0.0000
117.4700,3382.9095,-58.3758,-0.0000
117.4800,3382.3257,-58.3758,-0.0000
117.4900,3381.7420,-58.3758,-0.0000
117.5000,3381.1582,-58.3758,-0.0000
117.5100,3380.5745,-58.3758,-0.0000
117.5200,3379.9907,-58.3758,-0.0000
117.5300,3379.4069,-58.3758,-0.0000
117.5400,3378.8232,-58.3758,-0.0000
117.5500,3378.2394,-58.3758,-0.0000
117.5600,3377.6557,-58.3758,-0.0000
117.5700,3377.0719,-58.3758,-0.0000
117.5800,3376.4882,-58.3758,-0.0000
117.5900,3375.9044,-58.3758,-0.0000
117.6000,3375.3206,-58.3758,-0.0000
117.6100,3374.7369,-58.3758,-0.0000
117.6200,3374.1531,-58.3758,-0.0000
117.6300,3373.5694,-58.3758,-0.0000
117.6400,3372.9856,-58.3758,-0.0000
117.6500,3372.4018,-58.3758,-0.0000
117.6600,3371.8181,-58.3758,-0.0000
117.6700,3371.2343,-58.3758,-0.0000
117.6800,3370.6506,-58.3758,-0.0000
117.6900,3370.0668,-58.3758,-0.0000
117.7000,3369.4831,-58.3758,-0.0000
117.7100,3368.8993,-58.3758,-0.0000
117.7200,3368.3155,-58.3758,-0.0000
117.7300,3367.7318,-58.3758,-0.0000
117.7400,3367.1480,-58.3758,-0.0000
117.7500,3366.5643,-58.3758,-0.0000
117.7600,3365.9805,-58.3758,-0.0000
117.7700,3365.3968,-58.3758,-0.0000
117.7800,3364.8130,-58.3758,-0.0000
117.7900,3364.2292,-58.3758,-0.0000
117.8000,3363.6455,-58.3758,-0.0000
117.8100,3363.0617,-58.3758,-0.0000
117.8200,3362.4780,-58.3758,-0.0000
117.8300,3361.8942,-58.3758,-0.0000
117.8400,3361.3105,-58.3758,-0.0000
117.8500,3360.7267,-58.3758,-0.0000
117.8600,3360.1429,-58.3758,-0.0000
117.8700,3359.5592,-58.3758,-0.0000
117.8800,3358.9754,-58.3758,-0.0000
117.8900,3358.3917,-58.3758,-0.0000
117.9000,3357.8079,-58.3758,-0.0000
117.9100,3357.2242,-58.3758,-0.0000
117.9200,3356.6404,-58.3758,-0.0000
117.9300,3356.0566,-58.3758,-0.0000
117.9400,3355.4729,-58.3758,-0.0000
117.9500,3354.8891,-58.3758,-0.0000
117.9600,3354.3054,-58.3758,-0.0000
117.9700,3353.7216,-58.3758,-0.0000
117.9800,3353.1378,-58.3758,-0.0000
117.9900,3352.5541,-58.3758,-0.0000
118.0000,3351.9703,-58.3758,-0.0000
118.0100,3351.3866,-58.3758,-0.0000
118.0200,3350.8028,-58.3758,-0.0000
118.0300,3350.2191,-58.3758,-0.0000
118.0400,3349.6353,-58.3758,-0.0000
118.0500,3349.0515,-58.3758,-0.0000
118.0600,3348.4678,-58.3758,-0.0000
118.0700,3347.8840,-58.3758,-0.0000
118.0800,3347.3003,-58.3758,-0.0000
118.0900,3346.7165,-58.3758,-0.0000
118.1000,3346.1328,-58.3758,-0.0000
118.1100,3345.5490,-58.3758,-0.0000
118.1200,3344.9652,-58.3758,-0.0000
118.1300,3344.3815,-58.3758,-0.0000
118.1400,3343.7977,-58.3758,-0.0000
118.1500,3343.2140,-58.3758,-0.0000
118.1600,3342.6302,-58.3758,-0.0000
118.1700,3342.0465,-58.3758,-0.0000
118.1800,3341.4627,-58.3758,-0.0000
118.1900,3340.8789,-58.3758,-0.0000
118.2000,3340.2952,-58.3758,-0.0000
118.2100,3339.7114,-58.3758,-0.0000
118.2200,3339.1277,-58.3758,-0.0000
118.2300,3338.5439,-58.3758,-0.0000
118.2400,3337.9602,-58.3758,-0.0000
118.2500,3337.3764,-58.3758,-0.0000
118.2600,3336.7926,-58.3758,-0.0000
118.2700,3336.2089,-58.3758,-0.0000
118.2800,3335.6251,-58.3758,-0.0000
118.2900,3335.0414,-58.3758,-0.0000
118.3000,3334.4576,-58.3758,-0.0000
118.3100,3333.8738,-58.3758,-0.0000
118.3200,3333.2901,-58.3758,-0.0000
118.3300,3332.7063,-58.3758,-0.0000
118.3400,3332.1226,-58.3758,-0.0000
118.3500,3331.5388,-58.3758,-0.0000
118.3600,3330.9551,-58.3758,-0.0000
118.3700,3330.3713,-58.3758,-0.0000
118.3800,3329.7875,-58.3758,-0.0000
118.3900,3329.2038,-58.3758,-0.0000
118.4000,3328.6200,-58.3758,-0.0000
118.4100,3328.0363,-58.3758,-0.0000
118.4200,3327.4525,-58.3758,-0.0000
118.4300,3326.8688,-58.3758,-0.0000
118.4400,3326.2850,-58.3758,-0.0000
118.4500,3325.7012,-58.3758,-0.0000
118.4600,3325.1175,-58.3758,-0.0000
118.4700,3324.5337,-58.3758,-0.0000
118.4800,3323.9500,-58.3758,-0.0000
118.4900,3323.3662,-58.3758,-0.0000
118.5000,3322.7825,-58.3758,-0.0000
118.5100,3322.1987,-58.3758,-0.0000
118.5200,3321.6149,-58.3758,-0.0000
118.5300,3321.0312,-58.3758,-0.0000
118.5400,3320.4474,-58.3758,-0.0000
118.5500,3319.8637,-58.3758,-0.0000
118.5600,3319.2799,-58.3758,-0.0000
118.5700,3318.6962,-58.3758,-0.0000
118.5800,3318.1124,-58.3758,-0.0000
118.5900,3317.5286,-58.3758,-0.0000
118.6000,3316.9449,-58.3758,-0.0000
118.6100,3316.3611,-58.3758,-0.0000
118.6200,3315.7774,-58.3758,-0.0000
118.6300,3315.1936,-58.3758,-0.0000
118.6400,3314.6098,-58.3758,-0.0000
118.6500,3314.0261,-58.3758,-0.0000
118.6600,3313.4423,-58.3758,-0.0000
118.6700,3312.8586,-58.3758,-0.0000
118.6800,3312.2748,-58.3758,-0.0000
118.6900,3311.6911,-58.3758,-0.0000
118.7000,3311.1073,-58.3758,-0.0000
118.7100,3310.5235,-58.3758,-0.0000
118.7200,3309.9398,-58.3758,-0.0000
118.7300,3309.3560,-58.3758,-0.0000
118.7400,3308.7723,-58.3758,-0.0000
118.7500,3308.1885,-58.3758,-0.0000
118.7600,3307.6048,-58.3758,-0.0000
118.7700,3307.0210,-58.3758,-0.0000
118.7800,3306.4372,-58.3758,-0.0000
118.7900,3305.8535,-58.3758,-0.0000
118.8000,3305.2697,-58.3758,-0.0000
118.8100,3304.6860,-58.3758,-0.0000
118.8200,3304.1022,-58.3758,-0.0000
118.8300,3303.5185,-58.3758,-0.0000
118.8400,3302.9347,-58.3758,-0.0000
118.8500,3302.3509,-58.3758,-0.0000
118.8600,3301.7672,-58.3758,-0.0000
118.8700,3301.1834,-58.3758,-0.0000
118.8800,3300.5997,-58.3758,-0.0000
118.8900,3300.0159,-58.3758,-0.0000
118.9000,3299.4322,-58.3758,-0.0000
118.9100,3298.8484,-58.3758,-0.0000
118.9200,3298.2646,-58.3758,-0.0000
118.9300,3297.6809,-58.3758,-0.0000
118.9400,3297.0971,-58.3758,-0.0000
118.9500,3296.5134,-58.3758,-0.0000
118.9600,3295.9296,-58.3758,-0.0000
118.9700,3295.3458,-58.3758,-0.0000
118.9800,3294.7621,-58.3758,-0.0000
118.9900,3294.1783,-58.3758,-0.0000
119.0000,3293.5946,-58.3758,-0.0000
119.0100,3293.0108,-58.3758,-0.0000
119.0200,3292.4271,-58.3758,-0.0000
119.0300,3291.8433,-58.3758,-0.0000
119.0400,3291.2595,-58.3758,-0.0000
119.0500,3290.6758,-58.3758,-0.0000
119.0600,3290.0920,-58.3758,-0.0000
119.0700,3289.5083,-58.3758,-0.0000
119.0800,3288.9245,-58.3758,-0.0000
119.0900,3288.3408,-58.3758,-0.0000
119.1000,3287.7570,-58.3758,-0.0000
119.1100,3287.1732,-58.3758,-0.0000
119.1200,3286.5895,-58.3758,-0.0000
119.1300,3286.0057,-58.3758,-0.0000
119.1400,3285.4220,-58.3758,-0.0000
119.1500,3284.8382,-58.3758,-0.0000
119.1600,3284.2545,-58.3758,-0.0000
119.1700,3283.6707,-58.3758,-0.0000
119.1800,3283.0869,-58.3758,-0.0000
119.1900,3282.5032,-58.3758,-0.0000
119.2000,3281.9194,-58.3758,-0.0000
119.2100,3281.3357,-58.3758,-0.0000
119.2200,3280.7519,-58.3758,-0.0000
119.2300,3280.1682,-58.3758,-0.0000
119.2400,3279.5844,-58.3758,-0.0000
119.2500,3279.0006,-58.3758,-0.0000
119.2600,3278.4169,-58.3758,-0.0000
119.2700,3277.8331,-58.3758,-0.0000
119.2800,3277.2494,-58.3758,-0.0000
119.2900,3276.6656,-58.3758,-0.0000
119.3000,3276.0818,-58.3758,-0.0000
119.3100,3275.4981,-58.3758,-0.0000
119.3200,3274.9143,-58.3758,-0.0000
119.3300,3274.3306,-58.3758,-0.0000
119.3400,3273.7468,-58.3758,-0.0000
119.3500,3273.1631,-58.3758,-0.0000
119.3600,3272.5793,-58.3758,-0.0000
119.3700,3271.9955,-58.3758,-0.0000
119.3800,3271.4118,-58.3758,-0.0000
119.3900,3270.8280,-58.3758,-0.0000
119.4000,3270.2443,-58.3758,-0.0000
119.4100,3269.6605,-58.3758,-0.0000
119.4200,3269.0768,-58.3758,-0.0000
119.4300,3268.4930,-58.3758,-0.0000
119.4400,3267.9092,-58.3758,-0.0000
119.4500,3267.3255,-58.3758,-0.0000
119.4600,3266.7417,-58.3758,-0.0000
119.4700,3266.1580,-58.3758,-0.0000
119.4800,3265.5742,-58.3758,-0.0000
119.4900,3264.9905,-58.3758,-0.0000
119.5000,3264.4067,-58.3758,-0.0000
119.5100,3263.8229,-58.3758,-0.0000
119.5200,3263.2392,-58.3758,-0.0000
119.5300,3262.6554,-58.3758,-0.0000
119.5400,3262.0717,-58.3758,-0.0000
119.5500,3261.4879,-58.3758,-0.0000
119.5600,3260.9042,-58.3758,-0.0000
119.5700,3260.3204,-58.3758,-0.0000
119.5800,3259.7366,-58.3758,-0.0000
119.5900,3259.1529,-58.3758,-0.0000
119.6000,3258.5691,-58.3758,-0.0000
119.6100,3257.9854,-58.3758,-0.0000
119.6200,3257.4016,-58.3758,-0.0000
119.6300,3256.8178,-58.3758,-0.0000
119.6400,3256.2341,-58.3758,-0.0000
119.6500,3255.6503,-58.3758,-0.0000
119.6600,3255.0666,-58.3758,-0.0000
119.6700,3254.4828,-58.3758,-0.0000
119.6800,3253.8991,-58.3758,-0.0000
119.6900,3253.3153,-58.3758,-0.0000
119.7000,3252.7315,-58.3758,-0.0000
119.7100,3252.1478,-58.3758,-0.0000
119.7200,3251.5640,-58.3758,-0.0000
119.7300,3250.9803,-58.3758,-0.0000
119.7400,3250.3965,-58.3758,-0.0000
119.7500,3249.8128,-58.3758,-0.0000
119.7600,3249.2290,-58.3758,-0.0000
119.7700,3248.6452,-58.3758,-0.0000
119.7800,3248.0615,-58.3758,-0.0000
119.7900,3247.4777,-58.3758,-0.0000
119.8000,3246.8940,-58.3758,-0.0000
119.8100,3246.3102,-58.3758,-0.0000
119.8200,3245.7265,-58.3758,-0.0000
119.8300,3245.1427,-58.3758,-0.0000
119.8400,3244.5589,-58.3758,-0.0000
119.8500,3243.9752,-58.3758,-0.0000
119.8600,3243.3914,-58.3758,-0.0000
119.8700,3242.8077,-58.3758,-0.0000
119.8800,3242.2239,-58.3758,-0.0000
119.8900,3241.6402,-58.3758,-0.0000
119.9000,3241.0564,-58.3758,-0.0000
119.9100,3240.4726,-58.3758,-0.0000
119.9200,3239.8889,-58.3758,-0.0000
119.9300,3239.3051,-58.3758,-0.0000
119.9400,3238.7214,-58.3758,-0.0000
119.9500,3238.1376,-58.3758,-0.0000
119.9600,3237.5538,-58.3758,-0.0000
119.9700,3236.9701,-58.3758,-0.0000
119.9800,3236.3863,-58.3758,-0.0000
119.9900,3235.8026,-58.3758,-0.0000
120.0000,3235.2188,-58.3758,-0.0000
120.0100,3234.6351,-58.3758,-0.0000
120.0200,3234.0513,-58.3758,-0.0000
120.0300,3233.4675,-58.3758,-0.0000
120.0400,3232.8838,-58.3758,-0.0000
120.0500,3232.3000,-58.3758,-0.0000
120.0600,3231.7163,-58.3758,-0.0000
120.0700,3231.1325,-58.3758,-0.0000
120.0800,3230.5488,-58.3758,-0.0000
120.0900,3229.9650,-58.3758,-0.0000
120.1000,3229.3812,-58.3758,-0.0000
120.1100,3228.7975,-58.3758,-0.0000
120.1200,3228.2137,-58.3758,-0.0000
120.1300,3227.6300,-58.3758,-0.0000
120.1400,3227.0462,-58.3758,-0.0000
120.1500,3226.4625,-58.3758,-0.0000
120.1600,3225.8787,-58.3758,-0.0000
120.1700,3225.2949,-58.3758,-0.0000
120.1800,3224.7112,-58.3758,-0.0000
120.1900,3224.1274,-58.3758,-0.0000
120.2000,3223.5437,-58.3758,-0.0000
120.2100,3222.9599,-58.3758,-0.0000
120.2200,3222.3762,-58.3758,-0.0000
120.2300,3221.7924,-58.3758,-0.0000
120.2400,3221.2086,-58.3758,-0.0000
120.2500,3220.6249,-58.3758,-0.0000
120.2600,3220.0411,-58.3758,-0.0000
120.2700,3219.4574,-58.3758,-0.0000
120.2800,3218.8736,-58.3758,-0.0000
120.2900,3218.2898,-58.3758,-0.0000
120.3000,3217.7061,-58.3758,-0.0000
120.3100,3217.1223,-58.3758,-0.0000
120.3200,3216.5386,-58.3758,-0.0000
120.3300,3215.9548,-58.3758,-0.0000
120.3400,3215.3711,-58.3758,-0.0000
120.3500,3214.7873,-58.3758,-0.0000
120.3600,3214.2035,-58.3758,-0.0000
120.3700,3213.6198,-58.3758,-0.0000
120.3800,3213.0360,-58.3758,-0.0000
120.3900,3212.4523,-58.3758,-0.0000
120.4000,3211.8685,-58.3758,-0.0000
120.4100,3211.2848,-58.3758,-0.0000
120.4200,3210.7010,-58.3758,-0.0000
120.4300,3210.1172,-58.3758,-0.0000
120.4400,3209.5335,-58.3758,-0.0000
120.4500,3208.9497,-58.3758,-0.0000
120.4600,3208.3660,-58.3758,-0.0000
120.4700,3207.7822,-58.3758,-0.0000
120.4800,3207.1985,-58.3758,-0.0000
120.4900,3206.6147,-58.3758,-0.0000
120.5000,3206.0309,-58.3758,-0.0000
120.5100,3205.4472,-58.3758,-0.0000
120.5200,3204.8634,-58.3758,-0.0000
120.5300,3204.2797,-58.3758,-0.0000
120.5400,3203.6959,-58.3758,-0.0000
120.5500,3203.1122,-58.3758,-0.0000
120.5600,3202.5284,-58.3758,-0.0000
120.5700,3201.9446,-58.3758,-0.0000
120.5800,3201.3609,-58.3758,-0.0000
120.5900,3200.7771,-58.3758,-0.0000
120.6000,3200.1934,-58.3758,-0.0000
120.6100,3199.6096,-58.3758,-0.0000
120.6200,3199.0258,-58.3758,-0.0000
120.6300,3198.4421,-58.3758,-0.0000
120.6400,3197.8583,-58.3758,-0.0000
120.6500,3197.2746,-58.3758,-0.0000
120.6600,3196.6908,-58.3758,-0.0000
120.6700,3196.1071,-58.3758,-0.0000
120.6800,3195.5233,-58.3758,-0.0000
120.6900,3194.9395,-58.3758,-0.0000
120.7000,3194.3558,-58.3758,-0.0000
120.7100,3193.7720,-58.3758,-0.0000
120.7200,3193.1883,-58.3758,-0.0000
120.7300,3192.6045,-58.3758,-0.0000
120.7400,3192.0208,-58.3758,-0.0000
120.7500,3191.4370,-58.3758,-0.0000
120.7600,3190.8532,-58.3758,-0.0000
120.7700,3190.2695,-58.3758,-0.0000
120.7800,3189.6857,-58.3758,-0.0000
120.7900,3189.1020,-58.3758,-0.0000
120.8000,3188.5182,-58.3758,-0.0000
120.8100,3187.9345,-58.3758,-0.0000
120.8200,3187.3507,-58.3758,-0.0000
120.8300,3186.7669,-58.3758,-0.0000
120.8400,3186.1832,-58.3758,-0.0000
120.8500,3185.5994,-58.3758,-0.0000
120.8600,3185.0157,-58.3758,-0.0000
120.8700,3184.4319,-58.3758,-0.0000
120.8800,3183.8482,-58.3758,-0.0000
120.8900,3183.2644,-58.3758,-0.0000
120.9000,3182.6806,-58.3758,-0.0000
120.9100,3182.0969,-58.3758,-0.0000
120.9200,3181.5131,-58.3758,-0.0000
120.9300,3180.9294,-58.3758,-0.0000
120.9400,3180.3456,-58.3758,-0.0000
120.9500,3179.7618,-58.3758,-0.0000
120.9600,3179.1781,-58.3758,-0.0000
120.9700,3178.5943,-58.3758,-0.0000
120.9800,3178.0106,-58.3758,-0.0000
120.9900,3177.4268,-58.3758,-0.0000
121.0000,3176.8431,-58.3758,-0.0000
121.0100,3176.2593,-58.3758,-0.0000
121.0200,3175.6755,-58.3758,-0.0000
121.0300,3175.0918,-58.3758,-0.0000
121.0400,3174.5080,-58.3758,-0.0000
121.0500,3173.9243,-58.3758,-0.0000
121.0600,3173.3405,-58.3758,-0.0000
121.0700,3172.7568,-58.3758,-0.0000
121.0800,3172.1730,-58.3758,-0.0000
121.0900,3171.5892,-58.3758,-0.0000
121.1000,3171.0055,-58.3758,-0.0000
121.1100,3170.4217,-58.3758,-0.0000
121.1200,3169.8380,-58.3758,-0.0000
121.1300,3169.2542,-58.3758,-0.0000
121.1400,3168.6705,-58.3758,-0.0000
121.1500,3168.0867,-58.3758,-0.0000
121.1600,3167.5029,-58.3758,-0.0000
121.1700,3166.9192,-58.3758,-0.0000
121.1800,3166.3354,-58.3758,-0.0000
121.1900,3165.7517,-58.3758,-0.0000
121.2000,3165.1679,-58.3758,-0.0000
121.2100,3164.5842,-58.3758,-0.0000
121.2200,3164.0004,-58.3758,-0.0000
121.2300,3163.4166,-58.3758,-0.0000
121.2400,3162.8329,-58.3758,-0.0000
121.2500,3162.2491,-58.3758,-0.0000
121.2600,3161.6654,-58.3758,-0.0000
121.2700,3161.0816,-58.3758,-0.0000
121.2800,3160.4978,-58.3758,-0.0000
121.2900,3159.9141,-58.3758,-0.0000
121.3000,3159.3303,-58.3758,-0.0000
121.3100,3158.7466,-58.3758,-0.0000
121.3200,3158.1628,-58.3758,-0.0000
121.3300,3157.5791,-58.3758,-0.0000
121.3400,3156.9953,-58.3758,-0.0000
121.3500,3156.4115,-58.3758,-0.0000
121.3600,3155.8278,-58.3758,-0.0000
121.3700,3155.2440,-58.3758,-0.0000
121.3800,3154.6603,-58.3758,-0.0000
121.3900,3154.0765,-58.3758,-0.0000
121.4000,3153.4928,-58.3758,-0.0000
121.4100,3152.9090,-58.3758,-0.0000
121.4200,3152.3252,-58.3758,-0.0000
121.4300,3151.7415,-58.3758,-0.0000
121.4400,3151.1577,-58.3758,-0.0000
121.4500,3150.5740,-58.3758,-0.0000
121.4600,3149.9902,-58.3758,-0.0000
121.4700,3149.4065,-58.3758,-0.0000
121.4800,3148.8227,-58.3758,-0.0000
121.4900,3148.2389,-58.3758,-0.0000
121.5000,3147.6552,-58.3758,-0.0000
121.5100,3147.0714,-58.3758,-0.0000
121.5200,3146.4877,-58.3758,-0.0000
121.5300,3145.9039,-58.3758,-0.0000
121.5400,3145.3202,-58.3758,-0.0000
121.5500,3144.7364,-58.3758,-0.0000
121.5600,3144.1526,-58.3758,-0.0000
121.5700,3143.5689,-58.3758,-0.0000
121.5800,3142.9851,-58.3758,-0.0000
121.5900,3142.4014,-58.3758,-0.0000
121.6000,3141.8176,-58.3758,-0.0000
121.6100,3141.2338,-58.3758,-0.0000
121.6200,3140.6501,-58.3758,-0.0000
121.6300,3140.0663,-58.3758,-0.0000
121.6400,3139.4826,-58.3758,-0.0000
121.6500,3138.8988,-58.3758,-0.0000
121.6600,3138.3151,-58.3758,-0.0000
121.6700,3137.7313,-58.3758,-0.0000
121.6800,3137.1475,-58.3758,-0.0000
121.6900,3136.5638,-58.3758,-0.0000
121.7000,3135.9800,-58.3758,-0.0000
121.7100,3135.3963,-58.3758,-0.0000
121.7200,3134.8125,-58.3758,-0.0000
121.7300,3134.2288,-58.3758,-0.0000
121.7400,3133.6450,-58.3758,-0.0000
121.7500,3133.0612,-58.3758,-0.0000
121.7600,3132.4775,-58.3758,-0.0000
121.7700,3131.8937,-58.3758,-0.0000
121.7800,3131.3100,-58.3758,-0.0000
121.7900,3130.7262,-58.3758,-0.0000
121.8000,3130.1425,-58.3758,-0.0000
121.8100,3129.5587,-58.3758,-0.0000
121.8200,3128.9749,-58.3758,-0.0000
121.8300,3128.3912,-58.3758,-0.0000
121.8400,3127.8074,-58.3758,-0.0000
121.8500,3127.2237,-58.3758,-0.0000
121.8600,3126.6399,-58.3758,-0.0000
121.8700,3126.0562,-58.3758,-0.0000
121.8800,3125.4724,-58.3758,-0.0000
121.8900,3124.8886,-58.3758,-0.0000
121.9000,3124.3049,-58.3758,-0.0000
121.9100,3123.7211,-58.3758,-0.0000
121.9200,3123.1374,-58.3758,-0.0000
121.9300,3122.5536,-58.3758,-0.0000
121.9400,3121.9698,-58.3758,-0.0000
121.9500,3121.3861,-58.3758,-0.0000
121.9600,3120.8023,-58.3758,-0.0000
121.9700,3120.2186,-58.3758,-0.0000
121.9800,3119.6348,-58.3758,-0.0000
121.9900,3119.0511,-58.3758,-0.0000
122.0000,3118.4673,-58.3758,-0.0000
122.0100,3117.8835,-58.3758,-0.0000
122.0200,3117.2998,-58.3758,-0.0000
122.0300,3116.7160,-58.3758,-0.0000
122.0400,3116.1323,-58.3758,-0.0000
122.0500,3115.5485,-58.3758,-0.0000
122.0600,3114.9648,-58.3758,-0.0000
122.0700,3114.3810,-58.3758,-0.0000
122.0800,3113.7972,-58.3758,-0.0000
122.0900,3113.2135,-58.3758,-0.0000
122.1000,3112.6297,-58.3758,-0.0000
122.1100,3112.0460,-58.3758,-0.0000
122.1200,3111.4622,-58.3758,-0.0000
122.1300,3110.8785,-58.3758,-0.0000
122.1400,3110.2947,-58.3758,-0.0000
122.1500,3109.7109,-58.3758,-0.0000
122.1600,3109.1272,-58.3758,-0.0000
122.1700,3108.5434,-58.3758,-0.0000
122.1800,3107.9597,-58.3758,-0.0000
122.1900,3107.3759,-58.3758,-0.0000
122.2000,3106.7922,-58.3758,-0.0000
122.2100,3106.2084,-58.3758,-0.0000
122.2200,3105.6246,-58.3758,-0.0000
122.2300,3105.0409,-58.3758,-0.0000
122.2400,3104.4571,-58.3758,-0.0000
122.2500,3103.8734,-58.3758,-0.0000
122.2600,3103.2896,-58.3758,-0.0000
122.2700,3102.7058,-58.3758,-0.0000
122.2800,3102.1221,-58.3758,-0.0000
122.2900,3101.5383,-58.3758,-0.0000
122.3000,3100.9546,-58.3758,-0.0000
122.3100,3100.3708,-58.3758,-0.0000
122.3200,3099.7871,-58.3758,-0.0000
122.3300,3099.2033,-58.3758,-0.0000
122.3400,3098.6195,-58.3758,-0.0000
122.3500,3098.0358,-58.3758,-0.0000
122.3600,3097.4520,-58.3758,-0.0000
122.3700,3096.8683,-58.3758,-0.0000
122.3800,3096.2845,-58.3758,-0.0000
122.3900,3095.7008,-58.3758,-0.0000
122.4000,3095.1170,-58.3758,-0.0000
122.4100,3094.5332,-58.3758,-0.0000
122.4200,3093.9495,-58.3758,-0.0000
122.4300,3093.3657,-58.3758,-0.0000
122.4400,3092.7820,-58.3758,-0.0000
122.4500,3092.1982,-58.3758,-0.0000
122.4600,3091.6145,-58.3758,-0.0000
122.4700,3091.0307,-58.3758,-0.0000
122.4800,3090.4469,-58.3758,-0.0000
122.4900,3089.8632,-58.3758,-0.0000
122.5000,3089.2794,-58.3758,-0.0000
122.5100,3088.6957,-58.3758,-0.0000
122.5200,3088.1119,-58.3758,-0.0000
122.5300,3087.5282,-58.3758,-0.0000
122.5400,3086.9444,-58.3758,-0.0000
122.5500,3086.3606,-58.3758,-0.0000
122.5600,3085.7769,-58.3758,-0.0000
122.5700,3085.1931,-58.3758,-0.0000
122.5800,3084.6094,-58.3758,-0.0000
122.5900,3084.0256,-58.3758,-0.0000
122.6000,3083.4418,-58.3758,-0.0000
122.6100,3082.8581,-58.3758,-0.0000
122.6200,3082.2743,-58.3758,-0.0000
122.6300,3081.6906,-58.3758,-0.0000
122.6400,3081.1068,-58.3758,-0.0000
122.6500,3080.5231,-58.3758,-0.0000
122.6600,3079.9393,-58.3758,-0.0000
122.6700,3079.3555,-58.3758,-0.0000
122.6800,3078.7718,-58.3758,-0.0000
122.6900,3078.1880,-58.3758,-0.0000
122.7000,3077.6043,-58.3758,-0.0000
122.7100,3077.0205,-58.3758,-0.0000
122.7200,3076.4368,-58.3758,-0.0000
122.7300,3075.8530,-58.3758,-0.0000
122.7400,3075.2692,-58.3758,-0.0000
122.7500,3074.6855,-58.3758,-0.0000
122.7600,3074.1017,-58.3758,-0.0000
122.7700,3073.5180,-58.3758,-0.0000
122.7800,3072.9342,-58.3758,-0.0000
122.7900,3072.3505,-58.3758,-0.0000
122.8000,3071.7667,-58.3758,-0.0000
122.8100,3071.1829,-58.3758,-0.0000
122.8200,3070.5992,-58.3758,-0.0000
122.8300,3070.0154,-58.3758,-0.0000
122.8400,3069.4317,-58.3758,-0.0000
122.8500,3068.8479,-58.3758,-0.0000
122.8600,3068.2642,-58.3758,-0.0000
122.8700,3067.6804,-58.3758,-0.0000
122.8800,3067.0966,-58.3758,-0.0000
122.8900,3066.5129,-58.3758,-0.0000
122.9000,3065.9291,-58.3758,-0.0000
122.9100,3065.3454,-58.3758,-0.0000
122.9200,3064.7616,-58.3758,-0.0000
122.9300,3064.1778,-58.3758,-0.0000
122.9400,3063.5941,-58.3758,-0.0000
122.9500,3063.0103,-58.3758,-0.0000
122.9600,3062.4266,-58.3758,-0.0000
122.9700,3061.8428,-58.3758,-0.0000
122.9800,3061.2591,-58.3758,-0.0000
122.9900,3060.6753,-58.3758,-0.0000
123.0000,3060.0915,-58.3758,-0.0000
123.0100,3059.5078,-58.3758,-0.0000
123.0200,3058.9240,-58.3758,-0.0000
123.0300,3058.3403,-58.3758,-0.0000
123.0400,3057.7565,-58.3758,-0.0000
123.0500,3057.1728,-58.3758,-0.0000
123.0600,3056.5890,-58.3758,-0.0000
123.0700,3056.0052,-58.3758,-0.0000
123.0800,3055.4215,-58.3758,-0.0000
123.0900,3054.8377,-58.3758,-0.0000
123.1000,3054.2540,-58.3758,-0.0000
123.1100,3053.6702,-58.3758,-0.0000
123.1200,3053.0865,-58.3758,-0.0000
123.1300,3052.5027,-58.3758,-0.0000
123.1400,3051.9189,-58.3758,-0.0000
123.1500,3051.3352,-58.3758,-0.0000
123.1600,3050.7514,-58.3758,-0.0000
123.1700,3050.1677,-58.3758,-0.0000
123.1800,3049.5839,-58.3758,-0.0000
123.1900,3049.0002,-58.3758,-0.0000
123.2000,3048.4164,-58.3758,-0.0000
123.2100,3047.8326,-58.3758,-0.0000
123.2200,3047.2489,-58.3758,-0.0000
123.2300,3046.6651,-58.3758,-0.0000
123.2400,3046.0814,-58.3758,-0.0000
123.2500,3045.4976,-58.3758,-0.0000
123.2600,3044.9138,-58.3758,-0.0000
123.2700,3044.3301,-58.3758,-0.0000
123.2800,3043.7463,-58.3758,-0.0000
123.2900,3043.1626,-58.3758,-0.0000
123.3000,3042.5788,-58.3758,-0.0000
123.3100,3041.9951,-58.3758,-0.0000
123.3200,3041.4113,-58.3758,-0.0000
123.3300,3040.8275,-58.3758,-0.0000
123.3400,3040.2438,-58.3758,-0.0000
123.3500,3039.6600,-58.3758,-0.0000
123.3600,3039.0763,-58.3758,-0.0000
123.3700,3038.4925,-58.3758,-0.0000
123.3800,3037.9088,-58.3758,-0.0000
123.3900,3037.3250,-58.3758,-0.0000
123.4000,3036.7412,-58.3758,-0.0000
123.4100,3036.1575,-58.3758,-0.0000
123.4200,3035.5737,-58.3758,-0.0000
123.4300,3034.9900,-58.3758,-0.0000
123.4400,3034.4062,-58.3758,-0.0000
123.4500,3033.8225,-58.3758,-0.0000
123.4600,3033.2387,-58.3758,-0.0000
123.4700,3032.6549,-58.3758,-0.0000
123.4800,3032.0712,-58.3758,-0.0000
123.4900,3031.4874,-58.3758,-0.0000
123.5000,3030.9037,-58.3758,-0.0000
123.5100,3030.3199,-58.3758,-0.0000
123.5200,3029.7362,-58.3758,-0.0000
123.5300,3029.1524,-58.3758,-0.0000
123.5400,3028.5686,-58.3758,-0.0000
123.5500,3027.9849,-58.3758,-0.0000
123.5600,3027.4011,-58.3758,-0.0000
123.5700,3026.8174,-58.3758,-0.0000
123.5800,3026.2336,-58.3758,-0.0000
123.5900,3025.6498,-58.3758,-0.0000
123.6000,3025.0661,-58.3758,-0.0000
123.6100,3024.4823,-58.3758,-0.0000
123.6200,3023.8986,-58.3758,-0.0000
123.6300,3023.3148,-58.3758,-0.0000
123.6400,3022.7311,-58.3758,-0.0000
123.6500,3022.1473,-58.3758,-0.0000
123.6600,3021.5635,-58.3758,-0.0000
123.6700,3020.9798,-58.3758,-0.0000
123.6800,3020.3960,-58.3758,-0.0000
123.6900,3019.8123,-58.3758,-0.0000
123.7000,3019.2285,-58.3758,-0.0000
123.7100,3018.6448,-58.3758,-0.0000
123.7200,3018.0610,-58.3758,-0.0000
123.7300,3017.4772,-58.3758,-0.0000
123.7400,3016.8935,-58.3758,-0.0000
123.7500,3016.3097,-58.3758,-0.0000
123.7600,3015.7260,-58.3758,-0.0000
123.7700,3015.1422,-58.3758,-0.0000
123.7800,3014.5585,-58.3758,-0.0000
123.7900,3013.9747,-58.3758,-0.0000
123.8000,3013.3909,-58.3758,-0.0000
123.8100,3012.8072,-58.3758,-0.0000
123.8200,3012.2234,-58.3758,-0.0000
123.8300,3011.6397,-58.3758,-0.0000
123.8400,3011.0559,-58.3758,-0.0000
123.8500,3010.4722,-58.3758,-0.0000
123.8600,3009.8884,-58.3758,-0.0000
123.8700,3009.3046,-58.3758,-0.0000
123.8800,3008.7209,-58.3758,-0.0000
123.8900,3008.1371,-58.3758,-0.0000
123.9000,3007.5534,-58.3758,-0.0000
123.9100,3006.9696,-58.3758,-0.0000
123.9200,3006.3858,-58.3758,-0.0000
123.9300,3005.8021,-58.3758,-0.0000
123.9400,3005.2183,-58.3758,-0.0000
123.9500,3004.6346,-58.3758,-0.0000
123.9600,3004.0508,-58.3758,-0.0000
123.9700,3003.4671,-58.3758,-0.0000
123.9800,3002.8833,-58.3758,-0.0000
123.9900,3002.2995,-58.3758,-0.0000
124.0000,3001.7158,-58.3758,-0.0000
124.0100,3001.1320,-58.3758,-0.0000
124.0200,3000.5483,-58.3758,-0.0000
124.0300,2999.9645,-58.3758,-0.0000
124.0400,2999.3808,-58.3758,-0.0000
124.0500,2998.7970,-58.3758,-0.0000
124.0600,2998.2132,-58.3758,-0.0000
124.0700,2997.6295,-58.3758,-0.0000
124.0800,2997.0457,-58.3758,-0.0000
124.0900,2996.4620,-58.3758,-0.0000
124.1000,2995.8782,-58.3758,-0.0000
124.1100,2995.2945,-58.3758,-0.0000
124.1200,2994.7107,-58.3758,-0.0000
124.1300,2994.1269,-58.3758,-0.0000
124.1400,2993.5432,-58.3758,-0.0000
124.1500,2992.9594,-58.3758,-0.0000
124.1600,2992.3757,-58.3758,-0.0000
124.1700,2991.7919,-58.3758,-0.0000
124.1800,2991.2082,-58.3758,-0.0000
124.1900,2990.6244,-58.3758,-0.0000
124.2000,2990.0406,-58.3758,-0.0000
124.2100,2989.4569,-58.3758,-0.0000
124.2200,2988.8731,-58.3758,-0.0000
124.2300,2988.2894,-58.3758,-0.0000
124.2400,2987.7056,-58.3758,-0.0000
124.2500,2987.1218,-58.3758,-0.0000
124.2600,2986.5381,-58.3758,-0.0000
124.2700,2985.9543,-58.3758,-0.0000
124.2800,2985.3706,-58.3758,-0.0000
124.2900,2984.7868,-58.3758,-0.0000
124.3000,2984.2031,-58.3758,-0.0000
124.3100,2983.6193,-58.3758,-0.0000
124.3200,2983.0355,-58.3758,-0.0000
124.3300,2982.4518,-58.3758,-0.0000
124.3400,2981.8680,-58.3758,-0.0000
124.3500,2981.2843,-58.3758,-0.0000
124.3600,2980.7005,-58.3758,-0.0000
124.3700,2980.1168,-58.3758,-0.0000
124.3800,2979.5330,-58.3758,-0.0000
124.3900,2978.9492,-58.3758,-0.0000
124.4000,2978.3655,-58.3758,-0.0000
124.4100,2977.7817,-58.3758,-0.0000
124.4200,2977.1980,-58.3758,-0.0000
124.4300,2976.6142,-58.3758,-0.0000
124.4400,2976.0305,-58.3758,-0.0000
124.4500,2975.4467,-58.3758,-0.0000
124.4600,2974.8629,-58.3758,-0.0000
124.4700,2974.2792,-58.3758,-0.0000
124.4800,2973.6954,-58.3758,-0.0000
124.4900,2973.1117,-58.3758,-0.0000
124.5000,2972.5279,-58.3758,-0.0000
124.5100,2971.9442,-58.3758,-0.0000
124.5200,2971.3604,-58.3758,-0.0000
124.5300,2970.7766,-58.3758,-0.0000
124.5400,2970.1929,-58.3758,-0.0000
124.5500,2969.6091,-58.3758,-0.0000
124.5600,2969.0254,-58.3758,-0.0000
124.5700,2968.4416,-58.3758,-0.0000
124.5800,2967.8579,-58.3758,-0.0000
124.5900,2967.2741,-58.3758,-0.0000
124.6000,2966.6903,-58.3758,-0.0000
124.6100,2966.1066,-58.3758,-0.0000
124.6200,2965.5228,-58.3758,-0.0000
124.6300,2964.9391,-58.3758,-0.0000
124.6400,2964.3553,-58.3758,-0.0000
124.6500,2963.7715,-58.3758,-0.0000
124.6600,2963.1878,-58.3758,-0.0000
124.6700,2962.6040,-58.3758,-0.0000
124.6800,2962.0203,-58.3758,-0.0000
124.6900,2961.4365,-58.3758,-0.0000
124.7000,2960.8528,-58.3758,-0.0000
124.7100,2960.2690,-58.3758,-0.0000
124.7200,2959.6852,-58.3758,-0.0000
124.7300,2959.1015,-58.3758,-0.0000
124.7400,2958.5177,-58.3758,-0.0000
124.7500,2957.9340,-58.3758,-0.0000
124.7600,2957.3502,-58.3758,-0.0000
124.7700,2956.7665,-58.3758,-0.0000
124.7800,2956.1827,-58.3758,-0.0000
124.7900,2955.5989,-58.3758,-0.0000
124.8000,2955.0152,-58.3758,-0.0000
124.8100,2954.4314,-58.3758,-0.0000
124.8200,2953.8477,-58.3758,-0.0000
124.8300,2953.2639,-58.3758,-0.0000
124.8400,2952.6802,-58.3758,-0.0000
124.8500,2952.0964,-58.3758,-0.0000
124.8600,2951.5126,-58.3758,-0.0000
124.8700,2950.9289,-58.3758,-0.0000
124.8800,2950.3451,-58.3758,-0.0000
124.8900,2949.7614,-58.3758,-0.0000
124.9000,2949.1776,-58.3758,-0.0000
124.9100,2948.5939,-58.3758,-0.0000
124.9200,2948.0101,-58.3758,-0.0000
124.9300,2947.4263,-58.3758,-0.0000
124.9400,2946.8426,-58.3758,-0.0000
124.9500,2946.2588,-58.3758,-0.0000
124.9600,2945.6751,-58.3758,-0.0000
124.9700,2945.0913,-58.3758,-0.0000
124.9800,2944.5075,-58.3758,-0.0000
124.9900,2943.9238,-58.3758,-0.0000
125.0000,2943.3400,-58.3758,-0.0000
125.0100,2942.7563,-58.3758,-0.0000
125.0200,2942.1725,-58.3758,-0.0000
125.0300,2941.5888,-58.3758,-0.0000
125.0400,2941.0050,-58.3758,-0.0000
125.0500,2940.4212,-58.3758,-0.0000
125.0600,2939.8375,-58.3758,-0.0000
125.0700,2939.2537,-58.3758,-0.0000
125.0800,2938.6700,-58.3758,-0.0000
125.0900,2938.0862,-58.3758,-0.0000
125.1000,2937.5025,-58.3758,-0.0000
125.1100,2936.9187,-58.3758,-0.0000
125.1200,2936.3349,-58.3758,-0.0000
125.1300,2935.7512,-58.3758,-0.0000
125.1400,2935.1674,-58.3758,-0.0000
125.1500,2934.5837,-58.3758,-0.0000
125.1600,2933.9999,-58.3758,-0.0000
125.1700,2933.4162,-58.3758,-0.0000
125.1800,2932.8324,-58.3758,-0.0000
125.1900,2932.2486,-58.3758,-0.0000
125.2000,2931.6649,-58.3758,-0.0000
125.2100,2931.0811,-58.3758,-0.0000
125.2200,2930.4974,-58.3758,-0.0000
125.2300,2929.9136,-58.3758,-0.0000
125.2400,2929.3299,-58.3758,-0.0000
125.2500,2928.7461,-58.3758,-0.0000
125.2600,2928.1623,-58.3758,-0.0000
125.2700,2927.5786,-58.3758,-0.0000
125.2800,2926.9948,-58.3758,-0.0000
125.2900,2926.4111,-58.3758,-0.0000
125.3000,2925.8273,-58.3758,-0.0000
125.3100,2925.2435,-58.3758,-0.0000
125.3200,2924.6598,-58.3758,-0.0000
125.3300,2924.0760,-58.3758,-0.0000
125.3400,2923.4923,-58.3758,-0.0000
125.3500,2922.9085,-58.3758,-0.0000
125.3600,2922.3248,-58.3758,-0.0000
125.3700,2921.7410,-58.3758,-0.0000
125.3800,2921.1572,-58.3758,-0.0000
125.3900,2920.5735,-58.3758,-0.0000
125.4000,2919.9897,-58.3758,-0.0000
125.4100,2919.4060,-58.3758,-0.0000
125.4200,2918.8222,-58.3758,-0.0000
125.4300,2918.2385,-58.3758,-0.0000
125.4400,2917.6547,-58.3758,-0.0000
125.4500,2917.0709,-58.3758,-0.0000
125.4600,2916.4872,-58.3758,-0.0000
125.4700,2915.9034,-58.3758,-0.0000
125.4800,2915.3197,-58.3758,-0.0000
125.4900,2914.7359,-58.3758,-0.0000
125.5000,2914.1522,-58.3758,-0.0000
125.5100,2913.5684,-58.3758,-0.0000
125.5200,2912.9846,-58.3758,-0.0000
125.5300,2912.4009,-58.3758,-0.0000
125.5400,2911.8171,-58.3758,-0.0000
125.5500,2911.2334,-58.3758,-0.0000
125.5600,2910.6496,-58.3758,-0.0000
125.5700,2910.0659,-58.3758,-0.0000
125.5800,2909.4821,-58.3758,-0.0000
125.5900,2908.8983,-58.3758,-0.0000
125.6000,2908.3146,-58.3758,-0.0000
125.6100,2907.7308,-58.3758,-0.0000
125.6200,2907.1471,-58.3758,-0.0000
125.6300,2906.5633,-58.3758,-0.0000
125.6400,2905.9795,-58.3758,-0.0000
125.6500,2905.3958,-58.3758,-0.0000
125.6600,2904.8120,-58.3758,-0.0000
125.6700,2904.2283,-58.3758,-0.0000
125.6800,2903.6445,-58.3758,-0.0000
125.6900,2903.0608,-58.3758,-0.0000
125.7000,2902.4770,-58.3758,-0.0000
125.7100,2901.8932,-58.3758,-0.0000
125.7200,2901.3095,-58.3758,-0.0000
125.7300,2900.7257,-58.3758,-0.0000
125.7400,2900.1420,-58.3758,-0.0000
125.7500,2899.5582,-58.3758,-0.0000
125.7600,2898.9745,-58.3758,-0.0000
125.7700,2898.3907,-58.3758,-0.0000
125.7800,2897.8069,-58.3758,-0.0000
125.7900,2897.2232,-58.3758,-0.0000
125.8000,2896.6394,-58.3758,-0.0000
125.8100,2896.0557,-58.3758,-0.0000
125.8200,2895.4719,-58.3758,-0.0000
125.8300,2894.8882,-58.3758,-0.0000
125.8400,2894.3044,-58.3758,-0.0000
125.8500,2893.7206,-58.3758,-0.0000
125.8600,2893.1369,-58.3758,-0.0000
125.8700,2892.5531,-58.3758,-0.0000
125.8800,2891.9694,-58.3758,-0.0000
125.8900,2891.3856,-58.3758,-0.0000
125.9000,2890.8019,-58.3758,-0.0000
125.9100,2890.2181,-58.3758,-0.0000
125.9200,2889.6343,-58.3758,-0.0000
125.9300,2889.0506,-58.3758,-0.0000
125.9400,2888.4668,-58.3758,-0.0000
125.9500,2887.8831,-58.3758,-0.0000
125.9600,2887.2993,-58.3758,-0.0000
125.9700,2886.7155,-58.3758,-0.0000
125.9800,2886.1318,-58.3758,-0.0000
125.9900,2885.5480,-58.3758,-0.0000
126.0000,2884.9643,-58.3758,-0.0000
126.0100,2884.3805,-58.3758,-0.0000
126.0200,2883.7968,-58.3758,-0.0000
126.0300,2883.2130,-58.3758,-0.0000
126.0400,2882.6292,-58.3758,-0.0000
126.0500,2882.0455,-58.3758,-0.0000
126.0600,2881.4617,-58.3758,-0.0000
126.0700,2880.8780,-58.3758,-0.0000
126.0800,2880.2942,-58.3758,-0.0000
126.0900,2879.7105,-58.3758,-0.0000
126.1000,2879.1267,-58.3758,-0.0000
126.1100,2878.5429,-58.3758,-0.0000
126.1200,2877.9592,-58.3758,-0.0000
126.1300,2877.3754,-58.3758,-0.0000
126.1400,2876.7917,-58.3758,-0.0000
126.1500,2876.2079,-58.3758,-0.0000
126.1600,2875.6242,-58.3758,-0.0000
126.1700,2875.0404,-58.3758,-0.0000
126.1800,2874.4566,-58.3758,-0.0000
126.1900,2873.8729,-58.3758,-0.0000
126.2000,2873.2891,-58.3758,-0.0000
126.2100,2872.7054,-58.3758,-0.0000
126.2200,2872.1216,-58.3758,-0.0000
126.2300,2871.5379,-58.3758,-0.0000
126.2400,2870.9541,-58.3758,-0.0000
126.2500,2870.3703,-58.3758,-0.0000
126.2600,2869.7866,-58.3758,-0.0000
126.2700,2869.2028,-58.3758,-0.0000
126.2800,2868.6191,-58.3758,-0.0000
126.2900,2868.0353,-58.3758,-0.0000
126.3000,2867.4515,-58.3758,-0.0000
126.3100,2866.8678,-58.3758,-0.0000
126.3200,2866.2840,-58.3758,-0.0000
126.3300,2865.7003,-58.3758,-0.0000
126.3400,2865.1165,-58.3758,-0.0000
126.3500,2864.5328,-58.3758,-0.0000
126.3600,2863.9490,-58.3758,-0.0000
126.3700,2863.3652,-58.3758,-0.0000
126.3800,2862.7815,-58.3758,-0.0000
126.3900,2862.1977,-58.3758,-0.0000
126.4000,2861.6140,-58.3758,-0.0000
126.4100,2861.0302,-58.3758,-0.0000
126.4200,2860.4465,-58.3758,-0.0000
126.4300,2859.8627,-58.3758,-0.0000
126.4400,2859.2789,-58.3758,-0.0000
126.4500,2858.6952,-58.3758,-0.0000
126.4600,2858.1114,-58.3758,-0.0000
126.4700,2857.5277,-58.3758,-0.0000
126.4800,2856.9439,-58.3758,-0.0000
126.4900,2856.3602,-58.3758,-0.0000
126.5000,2855.7764,-58.3758,-0.0000
126.5100,2855.1926,-58.3758,-0.0000
126.5200,2854.6089,-58.3758,-0.0000
126.5300,2854.0251,-58.3758,-0.0000
126.5400,2853.4414,-58.3758,-0.0000
126.5500,2852.8576,-58.3758,-0.0000
126.5600,2852.2739,-58.3758,-0.0000
126.5700,2851.6901,-58.3758,-0.0000
126.5800,2851.1063,-58.3758,-0.0000
126.5900,2850.5226,-58.3758,-0.0000
126.6000,2849.9388,-58.3758,-0.0000
126.6100,2849.3551,-58.3758,-0.0000
126.6200,2848.7713,-58.3758,-0.0000
126.6300,2848.1875,-58.3758,-0.0000
126.6400,2847.6038,-58.3758,-0.0000
126.6500,2847.0200,-58.3758,-0.0000
126.6600,2846.4363,-58.3758,-0.0000
126.6700,2845.8525,-58.3758,-0.0000
126.6800,2845.2688,-58.3758,-0.0000
126.6900,2844.6850,-58.3758,-0.0000
126.7000,2844.1012,-58.3758,-0.0000
126.7100,2843.5175,-58.3758,-0.0000
126.7200,2842.9337,-58.3758,-0.0000
126.7300,2842.3500,-58.3758,-0.0000
126.7400,2841.7662,-58.3758,-0.0000
126.7500,2841.1825,-58.3758,-0.0000
126.7600,2840.5987,-58.3758,-0.0000
126.7700,2840.0149,-58.3758,-0.0000
126.7800,2839.4312,-58.3758,-0.0000
126.7900,2838.8474,-58.3758,-0.0000
126.8000,2838.2637,-58.3758,-0.0000
126.8100,2837.6799,-58.3758,-0.0000
126.8200,2837.0962,-58.3758,-0.0000
126.8300,2836.5124,-58.3758,-0.0000
126.8400,2835.9286,-58.3758,-0.0000
126.8500,2835.3449,-58.3758,-0.0000
126.8600,2834.7611,-58.3758,-0.0000
126.8700,2834.1774,-58.3758,-0.0000
126.8800,2833.5936,-58.3758,-0.0000
126.8900,2833.0099,-58.3758,-0.0000
126.9000,2832.4261,-58.3758,-0.0000
126.9100,2831.8423,-58.3758,-0.0000
126.9200,2831.2586,-58.3758,-0.0000
126.9300,2830.6748,-58.3758,-0.0000
126.9400,2830.0911,-58.3758,-0.0000
126.9500,2829.5073,-58.3758,-0.0000
126.9600,2828.9235,-58.3758,-0.0000
126.9700,2828.3398,-58.3758,-0.0000
126.9800,2827.7560,-58.3758,-0.0000
126.9900,2827.1723,-58.3758,-0.0000
127.0000,2826.5885,-58.3758,-0.0000
127.0100,2826.0048,-58.3758,-0.0000
127.0200,2825.4210,-58.3758,-0.0000
127.0300,2824.8372,-58.3758,-0.0000
127.0400,2824.2535,-58.3758,-0.0000
127.0500,2823.6697,-58.3758,-0.0000
127.0600,2823.0860,-58.3758,-0.0000
127.0700,2822.5022,-58.3758,-0.0000
127.0800,2821.9185,-58.3758,-0.0000
127.0900,2821.3347,-58.3758,-0.0000
127.1000,2820.7509,-58.3758,-0.0000
127.1100,2820.1672,-58.3758,-0.0000
127.1200,2819.5834,-58.3758,-0.0000
127.1300,2818.9997,-58.3758,-0.0000
127.1400,2818.4159,-58.3758,-0.0000
127.1500,2817.8322,-58.3758,-0.0000
127.1600,2817.2484,-58.3758,-0.0000
127.1700,2816.6646,-58.3758,-0.0000
127.1800,2816.0809,-58.3758,-0.0000
127.1900,2815.4971,-58.3758,-0.0000
127.2000,2814.9134,-58.3758,-0.0000
127.2100,2814.3296,-58.3758,-0.0000
127.2200,2813.7459,-58.3758,-0.0000
127.2300,2813.1621,-58.3758,-0.0000
127.2400,2812.5783,-58.3758,-0.0000
127.2500,2811.9946,-58.3758,-0.0000
127.2600,2811.4108,-58.3758,-0.0000
127.2700,2810.8271,-58.3758,-0.0000
127.2800,2810.2433,-58.3758,-0.0000
127.2900,2809.6595,-58.3758,-0.0000
127.3000,2809.0758,-58.3758,-0.0000
127.3100,2808.4920,-58.3758,-0.0000
127.3200,2807.9083,-58.3758,-0.0000
127.3300,2807.3245,-58.3758,-0.0000
127.3400,2806.7408,-58.3758,-0.0000
127.3500,2806.1570,-58.3758,-0.0000
127.3600,2805.5732,-58.3758,-0.0000
127.3700,2804.9895,-58.3758,-0.0000
127.3800,2804.4057,-58.3758,-0.0000
127.3900,2803.8220,-58.3758,-0.0000
127.4000,2803.2382,-58.3758,-0.0000
127.4100,2802.6545,-58.3758,-0.0000
127.4200,2802.0707,-58.3758,-0.0000
127.4300,2801.4869,-58.3758,-0.0000
127.4400,2800.9032,-58.3758,-0.0000
127.4500,2800.3194,-58.3758,-0.0000
127.4600,2799.7357,-58.3758,-0.0000
127.4700,2799.1519,-58.3758,-0.0000
127.4800,2798.5682,-58.3758,-0.0000
127.4900,2797.9844,-58.3758,-0.0000
127.5000,2797.4006,-58.3758,-0.0000
127.5100,2796.8169,-58.3758,-0.0000
127.5200,2796.2331,-58.3758,-0.0000
127.5300,2795.6494,-58.3758,-0.0000
127.5400,2795.0656,-58.3758,-0.0000
127.5500,2794.4819,-58.3758,-0.0000
127.5600,2793.8981,-58.3758,-0.0000
127.5700,2793.3143,-58.3758,-0.0000
127.5800,2792.7306,-58.3758,-0.0000
127.5900,2792.1468,-58.3758,-0.0000
127.6000,2791.5631,-58.3758,-0.0000
127.6100,2790.9793,-58.3758,-0.0000
127.6200,2790.3955,-58.3758,-0.0000
127.6300,2789.8118,-58.3758,-0.0000
127.6400,2789.2280,-58.3758,-0.0000
127.6500,2788.6443,-58.3758,-0.0000
127.6600,2788.0605,-58.3758,-0.0000
127.6700,2787.4768,-58.3758,-0.0000
127.6800,2786.8930,-58.3758,-0.0000
127.6900,2786.3092,-58.3758,-0.0000
127.7000,2785.7255,-58.3758,-0.0000
127.7100,2785.1417,-58.3758,-0.0000
127.7200,2784.5580,-58.3758,-0.0000
127.7300,2783.9742,-58.3758,-0.0000
127.7400,2783.3905,-58.3758,-0.0000
127.7500,2782.8067,-58.3758,-0.0000
127.7600,2782.2229,-58.3758,-0.0000
127.7700,2781.6392,-58.3758,-0.0000
127.7800,2781.0554,-58.3758,-0.0000
127.7900,2780.4717,-58.3758,-0.0000
127.8000,2779.8879,-58.3758,-0.0000
127.8100,2779.3042,-58.3758,-0.0000
127.8200,2778.7204,-58.3758,-0.0000
127.8300,2778.1366,-58.3758,-0.0000
127.8400,2777.5529,-58.3758,-0.0000
127.8500,2776.9691,-58.3758,-0.0000
127.8600,2776.3854,-58.3758,-0.0000
127.8700,2775.8016,-58.3758,-0.0000
127.8800,2775.2179,-58.3758,-0.0000
127.8900,2774.6341,-58.3758,-0.0000
127.9000,2774.0503,-58.3758,-0.0000
127.9100,2773.4666,-58.3758,-0.0000
127.9200,2772.8828,-58.3758,-0.0000
127.9300,2772.2991,-58.3758,-0.0000
127.9400,2771.7153,-58.3758,-0.0000
127.9500,2771.1315,-58.3758,-0.0000
127.9600,2770.5478,-58.3758,-0.0000
127.9700,2769.9640,-58.3758,-0.0000
127.9800,2769.3803,-58.3758,-0.0000
127.9900,2768.7965,-58.3758,-0.0000
128.0000,2768.2128,-58.3758,-0.0000
128.0100,2767.6290,-58.3758,-0.0000
128.0200,2767.0452,-58.3758,-0.0000
128.0300,2766.4615,-58.3758,-0.0000
128.0400,2765.8777,-58.3758,-0.0000
128.0500,2765.2940,-58.3758,-0.0000
128.0600,2764.7102,-58.3758,-0.0000
128.0700,2764.1265,-58.3758,-0.0000
128.0800,2763.5427,-58.3758,-0.0000
128.0900,2762.9589,-58.3758,-0.0000
128.1000,2762.3752,-58.3758,-0.0000
128.1100,2761.7914,-58.3758,-0.0000
128.1200,2761.2077,-58.3758,-0.0000
128.1300,2760.6239,-58.3758,-0.0000
128.1400,2760.0402,-58.3758,-0.0000
128.1500,2759.4564,-58.3758,-0.0000
128.1600,2758.8726,-58.3758,-0.0000
128.1700,2758.2889,-58.3758,-0.0000
128.1800,2757.7051,-58.3758,-0.0000
128.1900,2757.1214,-58.3758,-0.0000
128.2000,2756.5376,-58.3758,-0.0000
128.2100,2755.9539,-58.3758,-0.0000
128.2200,2755.3701,-58.3758,-0.0000
128.2300,2754.7863,-58.3758,-0.0000
128.2400,2754.2026,-58.3758,-0.0000
128.2500,2753.6188,-58.3758,-0.0000
128.2600,2753.0351,-58.3758,-0.0000
128.2700,2752.4513,-58.3758,-0.0000
128.2800,2751.8675,-58.3758,-0.0000
128.2900,2751.2838,-58.3758,-0.0000
128.3000,2750.7000,-58.3758,-0.0000
128.3100,2750.1163,-58.3758,-0.0000
128.3200,2749.5325,-58.3758,-0.0000
128.3300,2748.9488,-58.3758,-0.0000
128.3400,2748.3650,-58.3758,-0.0000
128.3500,2747.7812,-58.3758,-0.0000
128.3600,2747.1975,-58.3758,-0.0000
128.3700,2746.6137,-58.3758,-0.0000
128.3800,2746.0300,-58.3758,-0.0000
128.3900,2745.4462,-58.3758,-0.0000
128.4000,2744.8625,-58.3758,-0.0000
128.4100,2744.2787,-58.3758,-0.0000
128.4200,2743.6949,-58.3758,-0.0000
128.4300,2743.1112,-58.3758,-0.0000
128.4400,2742.5274,-58.3758,-0.0000
128.4500,2741.9437,-58.3758,-0.0000
128.4600,2741.3599,-58.3758,-0.0000
128.4700,2740.7762,-58.3758,-0.0000
128.4800,2740.1924,-58.3758,-0.0000
128.4900,2739.6086,-58.3758,-0.0000
128.5000,2739.0249,-58.3758,-0.0000
128.5100,2738.4411,-58.3758,-0.0000
128.5200,2737.8574,-58.3758,-0.0000
128.5300,2737.2736,-58.3758,-0.0000
128.5400,2736.6899,-58.3758,-0.0000
128.5500,2736.1061,-58.3758,-0.0000
128.5600,2735.5223,-58.3758,-0.0000
128.5700,2734.9386,-58.3758,-0.0000
128.5800,2734.3548,-58.3758,-0.0000
128.5900,2733.7711,-58.3758,-0.0000
128.6000,2733.1873,-58.3758,-0.0000
128.6100,2732.6035,-58.3758,-0.0000
128.6200,2732.0198,-58.3758,-0.0000
128.6300,2731.4360,-58.3758,-0.0000
128.6400,2730.8523,-58.3758,-0.0000
128.6500,2730.2685,-58.3758,-0.0000
128.6600,2729.6848,-58.3758,-0.0000
128.6700,2729.1010,-58.3758,-0.0000
128.6800,2728.5172,-58.3758,-0.0000
128.6900,2727.9335,-58.3758,-0.0000
128.7000,2727.3497,-58.3758,-0.0000
128.7100,2726.7660,-58.3758,-0.0000
128.7200,2726.1822,-58.3758,-0.0000
128.7300,2725.5985,-58.3758,-0.0000
128.7400,2725.0147,-58.3758,-0.0000
128.7500,2724.4309,-58.3758,-0.0000
128.7600,2723.8472,-58.3758,-0.0000
128.7700,2723.2634,-58.3758,-0.0000
128.7800,2722.6797,-58.3758,-0.0000
128.7900,2722.0959,-58.3758,-0.0000
128.8000,2721.5122,-58.3758,-0.0000
128.8100,2720.9284,-58.3758,-0.0000
128.8200,2720.3446,-58.3758,-0.0000
128.8300,2719.7609,-58.3758,-0.0000
128.8400,2719.1771,-58.3758,-0.0000
128.8500,2718.5934,-58.3758,-0.0000
128.8600,2718.0096,-58.3758,-0.0000
128.8700,2717.4259,-58.3758,-0.0000
128.8800,2716.8421,-58.3758,-0.0000
128.8900,2716.2583,-58.3758,-0.0000
128.9000,2715.6746,-58.3758,-0.0000
128.9100,2715.0908,-58.3758,-0.0000
128.9200,2714.5071,-58.3758,-0.0000
128.9300,2713.9233,-58.3758,-0.0000
128.9400,2713.3395,-58.3758,-0.0000
128.9500,2712.7558,-58.3758,-0.0000
128.9600,2712.1720,-58.3758,-0.0000
128.9700,2711.5883,-58.3758,-0.0000
128.9800,2711.0045,-58.3758,-0.0000
128.9900,2710.4208,-58.3758,-0.0000
129.0000,2709.8370,-58.3758,-0.0000
129.0100,2709.2532,-58.3758,-0.0000
129.0200,2708.6695,-58.3758,-0.0000
129.0300,2708.0857,-58.3758,-0.0000
129.0400,2707.5020,-58.3758,-0.0000
129.0500,2706.9182,-58.3758,-0.0000
129.0600,2706.3345,-58.3758,-0.0000
129.0700,2705.7507,-58.3758,-0.0000
129.0800,2705.1669,-58.3758,-0.0000
129.0900,2704.5832,-58.3758,-0.0000
129.1000,2703.9994,-58.3758,-0.0000
129.1100,2703.4157,-58.3758,-0.0000
129.1200,2702.8319,-58.3758,-0.0000
129.1300,2702.2482,-58.3758,-0.0000
129.1400,2701.6644,-58.3758,-0.0000
129.1500,2701.0806,-58.3758,-0.0000
129.1600,2700.4969,-58.3758,-0.0000
129.1700,2699.9131,-58.3758,-0.0000
129.1800,2699.3294,-58.3758,-0.0000
129.1900,2698.7456,-58.3758,-0.0000
129.2000,2698.1619,-58.3758,-0.0000
129.2100,2697.5781,-58.3758,-0.0000
129.2200,2696.9943,-58.3758,-0.0000
129.2300,2696.4106,-58.3758,-0.0000
129.2400,2695.8268,-58.3758,-0.0000
129.2500,2695.2431,-58.3758,-0.0000
129.2600,2694.6593,-58.3758,-0.0000
129.2700,2694.0755,-58.3758,-0.0000
129.2800,2693.4918,-58.3758,-0.0000
129.2900,2692.9080,-58.3758,-0.0000
129.3000,2692.3243,-58.3758,-0.0000
129.3100,2691.7405,-58.3758,-0.0000
129.3200,2691.1568,-58.3758,-0.0000
129.3300,2690.5730,-58.3758,-0.0000
129.3400,2689.9892,-58.3758,-0.0000
129.3500,2689.4055,-58.3758,-0.0000
129.3600,2688.8217,-58.3758,-0.0000
129.3700,2688.2380,-58.3758,-0.0000
129.3800,2687.6542,-58.3758,-0.0000
129.3900,2687.0705,-58.3758,-0.0000
129.4000,2686.4867,-58.3758,-0.0000
129.4100,2685.9029,-58.3758,-0.0000
129.4200,2685.3192,-58.3758,-0.0000
129.4300,2684.7354,-58.3758,-0.0000
129.4400,2684.1517,-58.3758,-0.0000
129.4500,2683.5679,-58.3758,-0.0000
129.4600,2682.9842,-58.3758,-0.0000
129.4700,2682.4004,-58.3758,-0.0000
129.4800,2681.8166,-58.3758,-0.0000
129.4900,2681.2329,-58.3758,-0.0000
129.5000,2680.6491,-58.3758,-0.0000
129.5100,2680.0654,-58.3758,-0.0000
129.5200,2679.4816,-58.3758,-0.0000
129.5300,2678.8979,-58.3758,-0.0000
129.5400,2678.3141,-58.3758,-0.0000
129.5500,2677.7303,-58.3758,-0.0000
129.5600,2677.1466,-58.3758,-0.0000
129.5700,2676.5628,-58.3758,-0.0000
129.5800,2675.9791,-58.3758,-0.0000
129.5900,2675.3953,-58.3758,-0.0000
129.6000,2674.8115,-58.3758,-0.0000
129.6100,2674.2278,-58.3758,-0.0000
129.6200,2673.6440,-58.3758,-0.0000
129.6300,2673.0603,-58.3758,-0.0000
129.6400,2672.4765,-58.3758,-0.0000
129.6500,2671.8928,-58.3758,-0.0000
129.6600,2671.3090,-58.3758,-0.0000
129.6700,2670.7252,-58.3758,-0.0000
129.6800,2670.1415,-58.3758,-0.0000
129.6900,2669.5577,-58.3758,-0.0000
129.7000,2668.9740,-58.3758,-0.0000
129.7100,2668.3902,-58.3758,-0.0000
129.7200,2667.8065,-58.3758,-0.0000
129.7300,2667.2227,-58.3758,-0.0000
129.7400,2666.6389,-58.3758,-0.0000
129.7500,2666.0552,-58.3758,-0.0000
129.7600,2665.4714,-58.3758,-0.0000
129.7700,2664.8877,-58.3758,-0.0000
129.7800,2664.3039,-58.3758,-0.0000
129.7900,2663.7202,-58.3758,-0.0000
129.8000,2663.1364,-58.3758,-0.0000
129.8100,2662.5526,-58.3758,-0.0000
129.8200,2661.9689,-58.3758,-0.0000
129.8300,2661.3851,-58.3758,-0.0000
129.8400,2660.8014,-58.3758,-0.0000
129.8500,2660.2176,-58.3758,-0.0000
129.8600,2659.6339,-58.3758,-0.0000
129.8700,2659.0501,-58.3758,-0.0000
129.8800,2658.4663,-58.3758,-0.0000
129.8900,2657.8826,-58.3758,-0.0000
129.9000,2657.2988,-58.3758,-0.0000
129.9100,2656.7151,-58.3758,-0.0000
129.9200,2656.1313,-58.3758,-0.0000
129.9300,2655.5475,-58.3758,-0.0000
129.9400,2654.9638,-58.3758,-0.0000
129.9500,2654.3800,-58.3758,-0.0000
129.9600,2653.7963,-58.3758,-0.0000
129.9700,2653.2125,-58.3758,-0.0000
129.9800,2652.6288,-58.3758,-0.0000
129.9900,2652.0450,-58.3758,-0.0000
130.0000,2651.4612,-58.3758,-0.0000
130.0100,2650.8775,-58.3758,-0.0000
130.0200,2650.2937,-58.3758,-0.0000
130.0300,2649.7100,-58.3758,-0.0000
130.0400,2649.1262,-58.3758,-0.0000
130.0500,2648.5425,-58.3758,-0.0000
130.0600,2647.9587,-58.3758,-0.0000
130.0700,2647.3749,-58.3758,-0.0000
130.0800,2646.7912,-58.3758,-0.0000
130.0900,2646.2074,-58.3758,-0.0000
130.1000,2645.6237,-58.3758,-0.0000
130.1100,2645.0399,-58.3758,-0.0000
130.1200,2644.4562,-58.3758,-0.0000
130.1300,2643.8724,-58.3758,-0.0000
130.1400,2643.2886,-58.3758,-0.0000
130.1500,2642.7049,-58.3758,-0.0000
130.1600,2642.1211,-58.3758,-0.0000
130.1700,2641.5374,-58.3758,-0.0000
130.1800,2640.9536,-58.3758,-0.0000
130.1900,2640.3699,-58.3758,-0.0000
130.2000,2639.7861,-58.3758,-0.0000
130.2100,2639.2023,-58.3758,-0.0000
130.2200,2638.6186,-58.3758,-0.0000
130.2300,2638.0348,-58.3758,-0.0000
130.2400,2637.4511,-58.3758,-0.0000
130.2500,2636.8673,-58.3758,-0.0000
130.2600,2636.2835,-58.3758,-0.0000
130.2700,2635.6998,-58.3758,-0.0000
130.2800,2635.1160,-58.3758,-0.0000
130.2900,2634.5323,-58.3758,-0.0000
130.3000,2633.9485,-58.3758,-0.0000
130.3100,2633.3648,-58.3758,-0.0000
130.3200,2632.7810,-58.3758,-0.0000
130.3300,2632.1972,-58.3758,-0.0000
130.3400,2631.6135,-58.3758,-0.0000
130.3500,2631.0297,-58.3758,-0.0000
130.3600,2630.4460,-58.3758,-0.0000
130.3700,2629.8622,-58.3758,-0.0000
130.3800,2629.2785,-58.3758,-0.0000
130.3900,2628.6947,-58.3758,-0.0000
130.4000,2628.1109,-58.3758,-0.0000
130.4100,2627.5272,-58.3758,-0.0000
130.4200,2626.9434,-58.3758,-0.0000
130.4300,2626.3597,-58.3758,-0.0000
130.4400,2625.7759,-58.3758,-0.0000
130.4500,2625.1922,-58.3758,-0.0000
130.4600,2624.6084,-58.3758,-0.0000
130.4700,2624.0246,-58.3758,-0.0000
130.4800,2623.4409,-58.3758,-0.0000
130.4900,2622.8571,-58.3758,-0.0000
130.5000,2622.2734,-58.3758,-0.0000
130.5100,2621.6896,-58.3758,-0.0000
130.5200,2621.1059,-58.3758,-0.0000
130.5300,2620.5221,-58.3758,-0.0000
130.5400,2619.9383,-58.3758,-0.0000
130.5500,2619.3546,-58.3758,-0.0000
130.5600,2618.7708,-58.3758,-0.0000
130.5700,2618.1871,-58.3758,-0.0000
130.5800,2617.6033,-58.3758,-0.0000
130.5900,2617.0195,-58.3758,-0.0000
130.6000,2616.4358,-58.3758,-0.0000
130.6100,2615.8520,-58.3758,-0.0000
130.6200,2615.2683,-58.3758,-0.0000
130.6300,2614.6845,-58.3758,-0.0000
130.6400,2614.1008,-58.3758,-0.0000
130.6500,2613.5170,-58.3758,-0.0000
130.6600,2612.9332,-58.3758,-0.0000
130.6700,2612.3495,-58.3758,-0.0000
130.6800,2611.7657,-58.3758,-0.0000
130.6900,2611.1820,-58.3758,-0.0000
130.7000,2610.5982,-58.3758,-0.0000
130.7100,2610.0145,-58.3758,-0.0000
130.7200,2609.4307,-58.3758,-0.0000
130.7300,2608.8469,-58.3758,-0.0000
130.7400,2608.2632,-58.3758,-0.0000
130.7500,2607.6794,-58.3758,-0.0000
130.7600,2607.0957,-58.3758,-0.0000
130.7700,2606.5119,-58.3758,-0.0000
130.7800,2605.9282,-58.3758,-0.0000
130.7900,2605.3444,-58.3758,-0.0000
130.8000,2604.7606,-58.3758,-0.0000
130.8100,2604.1769,-58.3758,-0.0000
130.8200,2603.5931,-58.3758,-0.0000
130.8300,2603.0094,-58.3758,-0.0000
130.8400,2602.4256,-58.3758,-0.0000
130.8500,2601.8419,-58.3758,-0.0000
130.8600,2601.2581,-58.3758,-0.0000
130.8700,2600.6743,-58.3758,-0.0000
130.8800,2600.0906,-58.3758,-0.0000
130.8900,2599.5068,-58.3758,-0.0000
130.9000,2598.9231,-58.3758,-0.0000
130.9100,2598.3393,-58.3758,-0.0000
130.9200,2597.7555,-58.3758,-0.0000
130.9300,2597.1718,-58.3758,-0.0000
130.9400,2596.5880,-58.3758,-0.0000
130.9500,2596.0043,-58.3758,-0.0000
130.9600,2595.4205,-58.3758,-0.0000
130.9700,2594.8368,-58.3758,-0.0000
130.9800,2594.2530,-58.3758,-0.0000
130.9900,2593.6692,-58.3758,-0.0000
131.0000,2593.0855,-58.3758,-0.0000
131.0100,2592.5017,-58.3758,-0.0000
131.0200,2591.9180,-58.3758,-0.0000
131.0300,2591.3342,-58.3758,-0.0000
131.0400,2590.7505,-58.3758,-0.0000
131.0500,2590.1667,-58.3758,-0.0000
131.0600,2589.5829,-58.3758,-0.0000
131.0700,2588.9992,-58.3758,-0.0000
131.0800,2588.4154,-58.3758,-0.0000
131.0900,2587.8317,-58.3758,-0.0000
131.1000,2587.2479,-58.3758,-0.0000
131.1100,2586.6642,-58.3758,-0.0000
131.1200,2586.0804,-58.3758,-0.0000
131.1300,2585.4966,-58.3758,-0.0000
131.1400,2584.9129,-58.3758,-0.0000
131.1500,2584.3291,-58.3758,-0.0000
131.1600,2583.7454,-58.3758,-0.0000
131.1700,2583.1616,-58.3758,-0.0000
131.1800,2582.5779,-58.3758,-0.0000
131.1900,2581.9941,-58.3758,-0.0000
131.2000,2581.4103,-58.3758,-0.0000
131.2100,2580.8266,-58.3758,-0.0000
131.2200,2580.2428,-58.3758,-0.0000
131.2300,2579.6591,-58.3758,-0.0000
131.2400,2579.0753,-58.3758,-0.0000
131.2500,2578.4915,-58.3758,-0.0000
131.2600,2577.9078,-58.3758,-0.0000
131.2700,2577.3240,-58.3758,-0.0000
131.2800,2576.7403,-58.3758,-0.0000
131.2900,2576.1565,-58.3758,-0.0000
131.3000,2575.5728,-58.3758,-0.0000
131.3100,2574.9890,-58.3758,-0.0000
131.3200,2574.4052,-58.3758,-0.0000
131.3300,2573.8215,-58.3758,-0.0000
131.3400,2573.2377,-58.3758,-0.0000
131.3500,2572.6540,-58.3758,-0.0000
131.3600,2572.0702,-58.3758,-0.0000
131.3700,2571.4865,-58.3758,-0.0000
131.3800,2570.9027,-58.3758,-0.0000
131.3900,2570.3189,-58.3758,-0.0000
131.4000,2569.7352,-58.3758,-0.0000
131.4100,2569.1514,-58.3758,-0.0000
131.4200,2568.5677,-58.3758,-0.0000
131.4300,2567.9839,-58.3758,-0.0000
131.4400,2567.4002,-58.3758,-0.0000
131.4500,2566.8164,-58.3758,-0.0000
131.4600,2566.2326,-58.3758,-0.0000
131.4700,2565.6489,-58.3758,-0.0000
131.4800,2565.0651,-58.3758,-0.0000
131.4900,2564.4814,-58.3758,-0.0000
131.5000,2563.8976,-58.3758,-0.0000
131.5100,2563.3139,-58.3758,-0.0000
131.5200,2562.7301,-58.3758,-0.0000
131.5300,2562.1463,-58.3758,-0.0000
131.5400,2561.5626,-58.3758,-0.0000
131.5500,2560.9788,-58.3758,-0.0000
131.5600,2560.3951,-58.3758,-0.0000
131.5700,2559.8113,-58.3758,-0.0000
131.5800,2559.2275,-58.3758,-0.0000
131.5900,2558.6438,-58.3758,-0.0000
131.6000,2558.0600,-58.3758,-0.0000
131.6100,2557.4763,-58.3758,-0.0000
131.6200,2556.8925,-58.3758,-0.0000
131.6300,2556.3088,-58.3758,-0.0000
131.6400,2555.7250,-58.3758,-0.0000
131.6500,2555.1412,-58.3758,-0.0000
131.6600,2554.5575,-58.3758,-0.0000
131.6700,2553.9737,-58.3758,-0.0000
131.6800,2553.3900,-58.3758,-0.0000
131.6900,2552.8062,-58.3758,-0.0000
131.7000,2552.2225,-58.3758,-0.0000
131.7100,2551.6387,-58.3758,-0.0000
131.7200,2551.0549,-58.3758,-0.0000
131.7300,2550.4712,-58.3758,-0.0000
131.7400,2549.8874,-58.3758,-0.0000
131.7500,2549.3037,-58.3758,-0.0000
131.7600,2548.7199,-58.3758,-0.0000
131.7700,2548.1362,-58.3758,-0.0000
131.7800,2547.5524,-58.3758,-0.0000
131.7900,2546.9686,-58.3758,-0.0000
131.8000,2546.3849,-58.3758,-0.0000
131.8100,2545.8011,-58.3758,-0.0000
131.8200,2545.2174,-58.3758,-0.0000
131.8300,2544.6336,-58.3758,-0.0000
131.8400,2544.0499,-58.3758,-0.0000
131.8500,2543.4661,-58.3758,-0.0000
131.8600,2542.8823,-58.3758,-0.0000
131.8700,2542.2986,-58.3758,-0.0000
131.8800,2541.7148,-58.3758,-0.0000
131.8900,2541.1311,-58.3758,-0.0000
131.9000,2540.5473,-58.3758,-0.0000
131.9100,2539.9635,-58.3758,-0.0000
131.9200,2539.3798,-58.3758,-0.0000
131.9300,2538.7960,-58.3758,-0.0000
131.9400,2538.2123,-58.3758,-0.0000
131.9500,2537.6285,-58.3758,-0.0000
131.9600,2537.0448,-58.3758,-0.0000
131.9700,2536.4610,-58.3758,-0.0000
131.9800,2535.8772,-58.3758,-0.0000
131.9900,2535.2935,-58.3758,-0.0000
132.0000,2534.7097,-58.3758,-0.0000
132.0100,2534.1260,-58.3758,-0.0000
132.0200,2533.5422,-58.3758,-0.0000
132.0300,2532.9585,-58.3758,-0.0000
132.0400,2532.3747,-58.3758,-0.0000
132.0500,2531.7909,-58.3758,-0.0000
132.0600,2531.2072,-58.3758,-0.0000
132.0700,2530.6234,-58.3758,-0.0000
132.0800,2530.0397,-58.3758,-0.0000
132.0900,2529.4559,-58.3758,-0.0000
132.1000,2528.8722,-58.3758,-0.0000
132.1100,2528.2884,-58.3758,-0.0000
132.1200,2527.7046,-58.3758,-0.0000
132.1300,2527.1209,-58.3758,-0.0000
132.1400,2526.5371,-58.3758,-0.0000
132.1500,2525.9534,-58.3758,-0.0000
132.1600,2525.3696,-58.3758,-0.0000
132.1700,2524.7859,-58.3758,-0.0000
132.1800,2524.2021,-58.3758,-0.0000
132.1900,2523.6183,-58.3758,-0.0000
132.2000,2523.0346,-58.3758,-0.0000
132.2100,2522.4508,-58.3758,-0.0000
132.2200,2521.8671,-58.3758,-0.0000
132.2300,2521.2833,-58.3758,-0.0000
132.2400,2520.6995,-58.3758,-0.0000
132.2500,2520.1158,-58.3758,-0.0000
132.2600,2519.5320,-58.3758,-0.0000
132.2700,2518.9483,-58.3758,-0.0000
132.2800,2518.3645,-58.3758,-0.0000
132.2900,2517.7808,-58.3758,-0.0000
132.3000,2517.1970,-58.3758,-0.0000
132.3100,2516.6132,-58.3758,-0.0000
132.3200,2516.0295,-58.3758,-0.0000
132.3300,2515.4457,-58.3758,-0.0000
132.3400,2514.8620,-58.3758,-0.0000
132.3500,2514.2782,-58.3758,-0.0000
132.3600,2513.6945,-58.3758,-0.0000
132.3700,2513.1107,-58.3758,-0.0000
132.3800,2512.5269,-58.3758,-0.0000
132.3900,2511.9432,-58.3758,-0.0000
132.4000,2511.3594,-58.3758,-0.0000
132.4100,2510.7757,-58.3758,-0.0000
132.4200,2510.1919,-58.3758,-0.0000
132.4300,2509.6082,-58.3758,-0.0000
132.4400,2509.0244,-58.3758,-0.0000
132.4500,2508.4406,-58.3758,-0.0000
132.4600,2507.8569,-58.3758,-0.0000
132.4700,2507.2731,-58.3758,-0.0000
132.4800,2506.6894,-58.3758,-0.0000
132.4900,2506.1056,-58.3758,-0.0000
132.5000,2505.5219,-58.3758,-0.0000
132.5100,2504.9381,-58.3758,-0.0000
132.5200,2504.3543,-58.3758,-0.0000
132.5300,2503.7706,-58.3758,-0.0000
132.5400,2503.1868,-58.3758,-0.0000
132.5500,2502.6031,-58.3758,-0.0000
132.5600,2502.0193,-58.3758,-0.0000
132.5700,2501.4355,-58.3758,-0.0000
132.5800,2500.8518,-58.3758,-0.0000
132.5900,2500.2680,-58.3758,-0.0000
132.6000,2499.6843,-58.3758,-0.0000
132.6100,2499.1005,-58.3758,-0.0000
132.6200,2498.5168,-58.3758,-0.0000
132.6300,2497.9330,-58.3758,-0.0000
132.6400,2497.3492,-58.3758,-0.0000
132.6500,2496.7655,-58.3758,-0.0000
132.6600,2496.1817,-58.3758,-0.0000
132.6700,2495.5980,-58.3758,-0.0000
132.6800,2495.0142,-58.3758,-0.0000
132.6900,2494.4305,-58.3758,-0.0000
132.7000,2493.8467,-58.3758,-0.0000
132.7100,2493.2629,-58.3758,-0.0000
132.7200,2492.6792,-58.3758,-0.0000
132.7300,2492.0954,-58.3758,-0.0000
132.7400,2491.5117,-58.3758,-0.0000
132.7500,2490.9279,-58.3758,-0.0000
132.7600,2490.3442,-58.3758,-0.0000
132.7700,2489.7604,-58.3758,-0.0000
132.7800,2489.1766,-58.3758,-0.0000
132.7900,2488.5929,-58.3758,-0.0000
132.8000,2488.0091,-58.3758,-0.0000
132.8100,2487.4254,-58.3758,-0.0000
132.8200,2486.8416,-58.3758,-0.0000
132.8300,2486.2579,-58.3758,-0.0000
132.8400,2485.6741,-58.3758,-0.0000
132.8500,2485.0903,-58.3758,-0.0000
132.8600,2484.5066,-58.3758,-0.0000
132.8700,2483.9228,-58.3758,-0.0000
132.8800,2483.3391,-58.3758,-0.0000
132.8900,2482.7553,-58.3758,-0.0000
132.9000,2482.1715,-58.3758,-0.0000
132.9100,2481.5878,-58.3758,-0.0000
132.9200,2481.0040,-58.3758,-0.0000
132.9300,2480.4203,-58.3758,-0.0000
132.9400,2479.8365,-58.3758,-0.0000
132.9500,2479.2528,-58.3758,-0.0000
132.9600,2478.6690,-58.3758,-0.0000
132.9700,2478.0852,-58.3758,-0.0000
132.9800,2477.5015,-58.3758,-0.0000
132.9900,2476.9177,-58.3758,-0.0000
133.0000,2476.3340,-58.3758,-0.0000
133.0100,2475.7502,-58.3758,-0.0000
133.0200,2475.1665,-58.3758,-0.0000
133.0300,2474.5827,-58.3758,-0.0000
133.0400,2473.9989,-58.3758,-0.0000
133.0500,2473.4152,-58.3758,-0.0000
133.0600,2472.8314,-58.3758,-0.0000
133.0700,2472.2477,-58.3758,-0.0000
133.0800,2471.6639,-58.3758,-0.0000
133.0900,2471.0802,-58.3758,-0.0000
133.1000,2470.4964,-58.3758,-0.0000
133.1100,2469.9126,-58.3758,-0.0000
133.1200,2469.3289,-58.3758,-0.0000
133.1300,2468.7451,-58.3758,-0.0000
133.1400,2468.1614,-58.3758,-0.0000
133.1500,2467.5776,-58.3758,-0.0000
133.1600,2466.9939,-58.3758,-0.0000
133.1700,2466.4101,-58.3758,-0.0000
133.1800,2465.8263,-58.3758,-0.0000
133.1900,2465.2426,-58.3758,-0.0000
133.2000,2464.6588,-58.3758,-0.0000
133.2100,2464.0751,-58.3758,-0.0000
133.2200,2463.4913,-58.3758,-0.0000
133.2300,2462.9075,-58.3758,-0.0000
133.2400,2462.3238,-58.3758,-0.0000
133.2500,2461.7400,-58.3758,-0.0000
133.2600,2461.1563,-58.3758,-0.0000
133.2700,2460.5725,-58.3758,-0.0000
133.2800,2459.9888,-58.3758,-0.0000
133.2900,2459.4050,-58.3758,-0.0000
133.3000,2458.8212,-58.3758,-0.0000
133.3100,2458.2375,-58.3758,-0.0000
133.3200,2457.6537,-58.3758,-0.0000
133.3300,2457.0700,-58.3758,-0.0000
133.3400,2456.4862,-58.3758,-0.0000
133.3500,2455.9025,-58.3758,-0.0000
133.3600,2455.3187,-58.3758,-0.0000
133.3700,2454.7349,-58.3758,-0.0000
133.3800,2454.1512,-58.3758,-0.0000
133.3900,2453.5674,-58.3758,-0.0000
133.4000,2452.9837,-58.3758,-0.0000
133.4100,2452.3999,-58.3758,-0.0000
133.4200,2451.8162,-58.3758,-0.0000
133.4300,2451.2324,-58.3758,-0.0000
133.4400,2450.6486,-58.3758,-0.0000
133.4500,2450.0649,-58.3758,-0.0000
133.4600,2449.4811,-58.3758,-0.0000
133.4700,2448.8974,-58.3758,-0.0000
133.4800,2448.3136,-58.3758,-0.0000
133.4900,2447.7299,-58.3758,-0.0000
133.5000,2447.1461,-58.3758,-0.0000
133.5100,2446.5623,-58.3758,-0.0000
133.5200,2445.9786,-58.3758,-0.0000
133.5300,2445.3948,-58.3758,-0.0000
133.5400,2444.8111,-58.3758,-0.0000
133.5500,2444.2273,-58.3758,-0.0000
133.5600,2443.6435,-58.3758,-0.0000
133.5700,2443.0598,-58.3758,-0.0000
133.5800,2442.4760,-58.3758,-0.0000
133.5900,2441.8923,-58.3758,-0.0000
133.6000,2441.3085,-58.3758,-0.0000
133.6100,2440.7248,-58.3758,-0.0000
133.6200,2440.1410,-58.3758,-0.0000
133.6300,2439.5572,-58.3758,-0.0000
133.6400,2438.9735,-58.3758,-0.0000
133.6500,2438.3897,-58.3758,-0.0000
133.6600,2437.8060,-58.3758,-0.0000
133.6700,2437.2222,-58.3758,-0.0000
133.6800,2436.6385,-58.3758,-0.0000
133.6900,2436.0547,-58.3758,-0.0000
133.7000,2435.4709,-58.3758,-0.0000
133.7100,2434.8872,-58.3758,-0.0000
133.7200,2434.3034,-58.3758,-0.0000
133.7300,2433.7197,-58.3758,-0.0000
133.7400,2433.1359,-58.3758,-0.0000
133.7500,2432.5522,-58.3758,-0.0000
133.7600,2431.9684,-58.3758,-0.0000
133.7700,2431.3846,-58.3758,-0.0000
133.7800,2430.8009,-58.3758,-0.0000
133.7900,2430.2171,-58.3758,-0.0000
133.8000,2429.6334,-58.3758,-0.0000
133.8100,2429.0496,-58.3758,-0.0000
133.8200,2428.4659,-58.3758,-0.0000
133.8300,2427.8821,-58.3758,-0.0000
133.8400,2427.2983,-58.3758,-0.0000
133.8500,2426.7146,-58.3758,-0.0000
133.8600,2426.1308,-58.3758,-0.0000
133.8700,2425.5471,-58.3758,-0.0000
133.8800,2424.9633,-58.3758,-0.0000
133.8900,2424.3795,-58.3758,-0.0000
133.9000,2423.7958,-58.3758,-0.0000
133.9100,2423.2120,-58.3758,-0.0000
133.9200,2422.6283,-58.3758,-0.0000
133.9300,2422.0445,-58.3758,-0.0000
133.9400,2421.4608,-58.3758,-0.0000
133.9500,2420.8770,-58.3758,-0.0000
133.9600,2420.2932,-58.3758,-0.0000
133.9700,2419.7095,-58.3758,-0.0000
133.9800,2419.1257,-58.3758,-0.0000
133.9900,2418.5420,-58.3758,-0.0000
134.0000,2417.9582,-58.3758,-0.0000
134.0100,2417.3745,-58.3758,-0.0000
134.0200,2416.7907,-58.3758,-0.0000
134.0300,2416.2069,-58.3758,-0.0000
134.0400,2415.6232,-58.3758,-0.0000
134.0500,2415.0394,-58.3758,-0.0000
134.0600,2414.4557,-58.3758,-0.0000
134.0700,2413.8719,-58.3758,-0.0000
134.0800,2413.2882,-58.3758,-0.0000
134.0900,2412.7044,-58.3758,-0.0000
134.1000,2412.1206,-58.3758,-0.0000
134.1100,2411.5369,-58.3758,-0.0000
134.1200,2410.9531,-58.3758,-0.0000
134.1300,2410.3694,-58.3758,-0.0000
134.1400,2409.7856,-58.3758,-0.0000
134.1500,2409.2019,-58.3758,-0.0000
134.1600,2408.6181,-58.3758,-0.0000
134.1700,2408.0343,-58.3758,-0.0000
134.1800,2407.4506,-58.3758,-0.0000
134.1900,2406.8668,-58.3758,-0.0000
134.2000,2406.2831,-58.3758,-0.0000
134.2100,2405.6993,-58.3758,-0.0000
134.2200,2405.1155,-58.3758,-0.0000
134.2300,2404.5318,-58.3758,-0.0000
134.2400,2403.9480,-58.3758,-0.0000
134.2500,2403.3643,-58.3758,-0.0000
134.2600,2402.7805,-58.3758,-0.0000
134.2700,2402.1968,-58.3758,-0.0000
134.2800,2401.6130,-58.3758,-0.0000
134.2900,2401.0292,-58.3758,-0.0000
134.3000,2400.4455,-58.3758,-0.0000
134.3100,2399.8617,-58.3758,-0.0000
134.3200,2399.2780,-58.3758,-0.0000
134.3300,2398.6942,-58.3758,-0.0000
134.3400,2398.1105,-58.3758,-0.0000
134.3500,2397.5267,-58.3758,-0.0000
134.3600,2396.9429,-58.3758,-0.0000
134.3700,2396.3592,-58.3758,-0.0000
134.3800,2395.7754,-58.3758,-0.0000
134.3900,2395.1917,-58.3758,-0.0000
134.4000,2394.6079,-58.3758,-0.0000
134.4100,2394.0242,-58.3758,-0.0000
134.4200,2393.4404,-58.3758,-0.0000
134.4300,2392.8566,-58.3758,-0.0000
134.4400,2392.2729,-58.3758,-0.0000
134.4500,2391.6891,-58.3758,-0.0000
134.4600,2391.1054,-58.3758,-0.0000
134.4700,2390.5216,-58.3758,-0.0000
134.4800,2389.9379,-58.3758,-0.0000
134.4900,2389.3541,-58.3758,-0.0000
134.5000,2388.7703,-58.3758,-0.0000
134.5100,2388.1866,-58.3758,-0.0000
134.5200,2387.6028,-58.3758,-0.0000
134.5300,2387.0191,-58.3758,-0.0000
134.5400,2386.4353,-58.3758,-0.0000
134.5500,2385.8515,-58.3758,-0.0000
134.5600,2385.2678,-58.3758,-0.0000
134.5700,2384.6840,-58.3758,-0.0000
134.5800,2384.1003,-58.3758,-0.0000
134.5900,2383.5165,-58.3758,-0.0000
134.6000,2382.9328,-58.3758,-0.0000
134.6100,2382.3490,-58.3758,-0.0000
134.6200,2381.7652,-58.3758,-0.0000
134.6300,2381.1815,-58.3758,-0.0000
134.6400,2380.5977,-58.3758,-0.0000
134.6500,2380.0140,-58.3758,-0.0000
134.6600,2379.4302,-58.3758,-0.0000
134.6700,2378.8465,-58.3758,-0.0000
134.6800,2378.2627,-58.3758,-0.0000
134.6900,2377.6789,-58.3758,-0.0000
134.7000,2377.0952,-58.3758,-0.0000
134.7100,2376.5114,-58.3758,-0.0000
134.7200,2375.9277,-58.3758,-0.0000
134.7300,2375.3439,-58.3758,-0.0000
134.7400,2374.7602,-58.3758,-0.0000
134.7500,2374.1764,-58.3758,-0.0000
134.7600,2373.5926,-58.3758,-0.0000
134.7700,2373.0089,-58.3758,-0.0000
134.7800,2372.4251,-58.3758,-0.0000
134.7900,2371.8414,-58.3758,-0.0000
134.8000,2371.2576,-58.3758,-0.0000
134.8100,2370.6739,-58.3758,-0.0000
134.8200,2370.0901,-58.3758,-0.0000
134.8300,2369.5063,-58.3758,-0.0000
134.8400,2368.9226,-58.3758,-0.0000
134.8500,2368.3388,-58.3758,-0.0000
134.8600,2367.7551,-58.3758,-0.0000
134.8700,2367.1713,-58.3758,-0.0000
134.8800,2366.5875,-58.3758,-0.0000
134.8900,2366.0038,-58.3758,-0.0000
134.9000,2365.4200,-58.3758,-0.0000
134.9100,2364.8363,-58.3758,-0.0000
134.9200,2364.2525,-58.3758,-0.0000
134.9300,2363.6688,-58.3758,-0.0000
134.9400,2363.0850,-58.3758,-0.0000
134.9500,2362.5012,-58.3758,-0.0000
134.9600,2361.9175,-58.3758,-0.0000
134.9700,2361.3337,-58.3758,-0.0000
134.9800,2360.7500,-58.3758,-0.0000
134.9900,2360.1662,-58.3758,-0.0000
135.0000,2359.5825,-58.3758,-0.0000
135.0100,2358.9987,-58.3758,-0.0000
135.0200,2358.4149,-58.3758,-0.0000
135.0300,2357.8312,-58.3758,-0.0000
135.0400,2357.2474,-58.3758,-0.0000
135.0500,2356.6637,-58.3758,-0.0000
135.0600,2356.0799,-58.3758,-0.0000
135.0700,2355.4962,-58.3758,-0.0000
135.0800,2354.9124,-58.3758,-0.0000
135.0900,2354.3286,-58.3758,-0.0000
135.1000,2353.7449,-58.3758,-0.0000
135.1100,2353.1611,-58.3758,-0.0000
135.1200,2352.5774,-58.3758,-0.0000
135.1300,2351.9936,-58.3758,-0.0000
135.1400,2351.4099,-58.3758,-0.0000
135.1500,2350.8261,-58.3758,-0.0000
135.1600,2350.2423,-58.3758,-0.0000
135.1700,2349.6586,-58.3758,-0.0000
135.1800,2349.0748,-58.3758,-0.0000
135.1900,2348.4911,-58.3758,-0.0000
135.2000,2347.9073,-58.3758,-0.0000
135.2100,2347.3235,-58.3758,-0.0000
135.2200,2346.7398,-58.3758,-0.0000
135.2300,2346.1560,-58.3758,-0.0000
135.2400,2345.5723,-58.3758,-0.0000
135.2500,2344.9885,-58.3758,-0.0000
135.2600,2344.4048,-58.3758,-0.0000
135.2700,2343.8210,-58.3758,-0.0000
135.2800,2343.2372,-58.3758,-0.0000
135.2900,2342.6535,-58.3758,-0.0000
135.3000,2342.0697,-58.3758,-0.0000
135.3100,2341.4860,-58.3758,-0.0000
135.3200,2340.9022,-58.3758,-0.0000
135.3300,2340.3185,-58.3758,-0.0000
135.3400,2339.7347,-58.3758,-0.0000
135.3500,2339.1509,-58.3758,-0.0000
135.3600,2338.5672,-58.3758,-0.0000
135.3700,2337.9834,-58.3758,-0.0000
135.3800,2337.3997,-58.3758,-0.0000
135.3900,2336.8159,-58.3758,-0.0000
135.4000,2336.2322,-58.3758,-0.0000
135.4100,2335.6484,-58.3758,-0.0000
135.4200,2335.0646,-58.3758,-0.0000
135.4300,2334.4809,-58.3758,-0.0000
135.4400,2333.8971,-58.3758,-0.0000
135.4500,2333.3134,-58.3758,-0.0000
135.4600,2332.7296,-58.3758,-0.0000
135.4700,2332.1459,-58.3758,-0.0000
135.4800,2331.5621,-58.3758,-0.0000
135.4900,2330.9783,-58.3758,-0.0000
135.5000,2330.3946,-58.3758,-0.0000
135.5100,2329.8108,-58.3758,-0.0000
135.5200,2329.2271,-58.3758,-0.0000
135.5300,2328.6433,-58.3758,-0.0000
135.5400,2328.0595,-58.3758,-0.0000
135.5500,2327.4758,-58.3758,-0.0000
135.5600,2326.8920,-58.3758,-0.0000
135.5700,2326.3083,-58.3758,-0.0000
135.5800,2325.7245,-58.3758,-0.0000
135.5900,2325.1408,-58.3758,-0.0000
135.6000,2324.5570,-58.3758,-0.0000
135.6100,2323.9732,-58.3758,-0.0000
135.6200,2323.3895,-58.3758,-0.0000
135.6300,2322.8057,-58.3758,-0.0000
135.6400,2322.2220,-58.3758,-0.0000
135.6500,2321.6382,-58.3758,-0.0000
135.6600,2321.0545,-58.3758,-0.0000
135.6700,2320.4707,-58.3758,-0.0000
135.6800,2319.8869,-58.3758,-0.0000
135.6900,2319.3032,-58.3758,-0.0000
135.7000,2318.7194,-58.3758,-0.0000
135.7100,2318.1357,-58.3758,-0.0000
135.7200,2317.5519,-58.3758,-0.0000
135.7300,2316.9682,-58.3758,-0.0000
135.7400,2316.3844,-58.3758,-0.0000
135.7500,2315.8006,-58.3758,-0.0000
135.7600,2315.2169,-58.3758,-0.0000
135.7700,2314.6331,-58.3758,-0.0000
135.7800,2314.0494,-58.3758,-0.0000
135.7900,2313.4656,-58.3758,-0.0000
135.8000,2312.8819,-58.3758,-0.0000
135.8100,2312.2981,-58.3758,-0.0000
135.8200,2311.7143,-58.3758,-0.0000
135.8300,2311.1306,-58.3758,-0.0000
135.8400,2310.5468,-58.3758,-0.0000
135.8500,2309.9631,-58.3758,-0.0000
135.8600,2309.3793,-58.3758,-0.0000
135.8700,2308.7955,-58.3758,-0.0000
135.8800,2308.2118,-58.3758,-0.0000
135.8900,2307.6280,-58.3758,-0.0000
135.9000,2307.0443,-58.3758,-0.0000
135.9100,2306.4605,-58.3758,-0.0000
135.9200,2305.8768,-58.3758,-0.0000
135.9300,2305.2930,-58.3758,-0.0000
135.9400,2304.7092,-58.3758,-0.0000
135.9500,2304.1255,-58.3758,-0.0000
135.9600,2303.5417,-58.3758,-0.0000
135.9700,2302.9580,-58.3758,-0.0000
135.9800,2302.3742,-58.3758,-0.0000
135.9900,2301.7905,-58.3758,-0.0000
136.0000,2301.2067,-58.3758,-0.0000
136.0100,2300.6229,-58.3758,-0.0000
136.0200,2300.0392,-58.3758,-0.0000
136.0300,2299.4554,-58.3758,-0.0000
136.0400,2298.8717,-58.3758,-0.0000
136.0500,2298.2879,-58.3758,-0.0000
136.0600,2297.7042,-58.3758,-0.0000
136.0700,2297.1204,-58.3758,-0.0000
136.0800,2296.5366,-58.3758,-0.0000
136.0900,2295.9529,-58.3758,-0.0000
136.1000,2295.3691,-58.3758,-0.0000
136.1100,2294.7854,-58.3758,-0.0000
136.1200,2294.2016,-58.3758,-0.0000
136.1300,2293.6179,-58.3758,-0.0000
136.1400,2293.0341,-58.3758,-0.0000
136.1500,2292.4503,-58.3758,-0.0000
136.1600,2291.8666,-58.3758,-0.0000
136.1700,2291.2828,-58.3758,-0.0000
136.1800,2290.6991,-58.3758,-0.0000
136.1900,2290.1153,-58.3758,-0.0000
136.2000,2289.5315,-58.3758,-0.0000
136.2100,2288.9478,-58.3758,-0.0000
136.2200,2288.3640,-58.3758,-0.0000
136.2300,2287.7803,-58.3758,-0.0000
136.2400,2287.1965,-58.3758,-0.0000
136.2500,2286.6128,-58.3758,-0.0000
136.2600,2286.0290,-58.3758,-0.0000
136.2700,2285.4452,-58.3758,-0.0000
136.2800,2284.8615,-58.3758,-0.0000
136.2900,2284.2777,-58.3758,-0.0000
136.3000,2283.6940,-58.3758,-0.0000
136.3100,2283.1102,-58.3758,-0.0000
136.3200,2282.5265,-58.3758,-0.0000
136.3300,2281.9427,-58.3758,-0.0000
136.3400,2281.3589,-58.3758,-0.0000
136.3500,2280.7752,-58.3758,-0.0000
136.3600,2280.1914,-58.3758,-0.0000
136.3700,2279.6077,-58.3758,-0.0000
136.3800,2279.0239,-58.3758,-0.0000
136.3900,2278.4402,-58.3758,-0.0000
136.4000,2277.8564,-58.3758,-0.0000
136.4100,2277.2726,-58.3758,-0.0000
136.4200,2276.6889,-58.3758,-0.0000
136.4300,2276.1051,-58.3758,-0.0000
136.4400,2275.5214,-58.3758,-0.0000
136.4500,2274.9376,-58.3758,-0.0000
136.4600,2274.3539,-58.3758,-0.0000
136.4700,2273.7701,-58.3758,-0.0000
136.4800,2273.1863,-58.3758,-0.0000
136.4900,2272.6026,-58.3758,-0.0000
136.5000,2272.0188,-58.3758,-0.0000
136.5100,2271.4351,-58.3758,-0.0000
136.5200,2270.8513,-58.3758,-0.0000
136.5300,2270.2675,-58.3758,-0.0000
136.5400,2269.6838,-58.3758,-0.0000
136.5500,2269.1000,-58.3758,-0.0000
136.5600,2268.5163,-58.3758,-0.0000
136.5700,2267.9325,-58.3758,-0.0000
136.5800,2267.3488,-58.3758,-0.0000
136.5900,2266.7650,-58.3758,-0.0000
136.6000,2266.1812,-58.3758,-0.0000
136.6100,2265.5975,-58.3758,-0.0000
136.6200,2265.0137,-58.3758,-0.0000
136.6300,2264.4300,-58.3758,-0.0000
136.6400,2263.8462,-58.3758,-0.0000
136.6500,2263.2625,-58.3758,-0.0000
136.6600,2262.6787,-58.3758,-0.0000
136.6700,2262.0949,-58.3758,-0.0000
136.6800,2261.5112,-58.3758,-0.0000
136.6900,2260.9274,-58.3758,-0.0000
136.7000,2260.3437,-58.3758,-0.0000
136.7100,2259.7599,-58.3758,-0.0000
136.7200,2259.1762,-58.3758,-0.0000
136.7300,2258.5924,-58.3758,-0.0000
136.7400,2258.0086,-58.3758,-0.0000
136.7500,2257.4249,-58.3758,-0.0000
136.7600,2256.8411,-58.3758,-0.0000
136.7700,2256.2574,-58.3758,-0.0000
136.7800,2255.6736,-58.3758,-0.0000
136.7900,2255.0899,-58.3758,-0.0000
136.8000,2254.5061,-58.3758,-0.0000
136.8100,2253.9223,-58.3758,-0.0000
136.8200,2253.3386,-58.3758,-0.0000
136.8300,2252.7548,-58.3758,-0.0000
136.8400,2252.1711,-58.3758,-0.0000
136.8500,2251.5873,-58.3758,-0.0000
136.8600,2251.0035,-58.3758,-0.0000
136.8700,2250.4198,-58.3758,-0.0000
136.8800,2249.8360,-58.3758,-0.0000
136.8900,2249.2523,-58.3758,-0.0000
136.9000,2248.6685,-58.3758,-0.0000
136.9100,2248.0848,-58.3758,-0.0000
136.9200,2247.5010,-58.3758,-0.0000
136.9300,2246.9172,-58.3758,-0.0000
136.9400,2246.3335,-58.3758,-0.0000
136.9500,2245.7497,-58.3758,-0.0000
136.9600,2245.1660,-58.3758,-0.0000
136.9700,2244.5822,-58.3758,-0.0000
136.9800,2243.9985,-58.3758,-0.0000
136.9900,2243.4147,-58.3758,-0.0000
137.0000,2242.8309,-58.3758,-0.0000
137.0100,2242.2472,-58.3758,-0.0000
137.0200,2241.6634,-58.3758,-0.0000
137.0300,2241.0797,-58.3758,-0.0000
137.0400,2240.4959,-58.3758,-0.0000
137.0500,2239.9122,-58.3758,-0.0000
137.0600,2239.3284,-58.3758,-0.0000
137.0700,2238.7446,-58.3758,-0.0000
137.0800,2238.1609,-58.3758,-0.0000
137.0900,2237.5771,-58.3758,-0.0000
137.1000,2236.9934,-58.3758,-0.0000
137.1100,2236.4096,-58.3758,-0.0000
137.1200,2235.8259,-58.3758,-0.0000
137.1300,2235.2421,-58.3758,-0.0000
137.1400,2234.6583,-58.3758,-0.0000
137.1500,2234.0746,-58.3758,-0.0000
137.1600,2233.4908,-58.3758,-0.0000
137.1700,2232.9071,-58.3758,-0.0000
137.1800,2232.3233,-58.3758,-0.0000
137.1900,2231.7395,-58.3758,-0.0000
137.2000,2231.1558,-58.3758,-0.0000
137.2100,2230.5720,-58.3758,-0.0000
137.2200,2229.9883,-58.3758,-0.0000
137.2300,2229.4045,-58.3758,-0.0000
137.2400,2228.8208,-58.3758,-0.0000
137.2500,2228.2370,-58.3758,-0.0000
137.2600,2227.6532,-58.3758,-0.0000
137.2700,2227.0695,-58.3758,-0.0000
137.2800,2226.4857,-58.3758,-0.0000
137.2900,2225.9020,-58.3758,-0.0000
137.3000,2225.3182,-58.3758,-0.0000
137.3100,2224.7345,-58.3758,-0.0000
137.3200,2224.1507,-58.3758,-0.0000
137.3300,2223.5669,-58.3758,-0.0000
137.3400,2222.9832,-58.3758,-0.0000
137.3500,2222.3994,-58.3758,-0.0000
137.3600,2221.8157,-58.3758,-0.0000
137.3700,2221.2319,-58.3758,-0.0000
137.3800,2220.6482,-58.3758,-0.0000
137.3900,2220.0644,-58.3758,-0.0000
137.4000,2219.4806,-58.3758,-0.0000
137.4100,2218.8969,-58.3758,-0.0000
137.4200,2218.3131,-58.3758,-0.0000
137.4300,2217.7294,-58.3758,-0.0000
137.4400,2217.1456,-58.3758,-0.0000
137.4500,2216.5619,-58.3758,-0.0000
137.4600,2215.9781,-58.3758,-0.0000
137.4700,2215.3943,-58.3758,-0.0000
137.4800,2214.8106,-58.3758,-0.0000
137.4900,2214.2268,-58.3758,-0.0000
137.5000,2213.6431,-58.3758,-0.0000
137.5100,2213.0593,-58.3758,-0.0000
137.5200,2212.4755,-58.3758,-0.0000
137.5300,2211.8918,-58.3758,-0.0000
137.5400,2211.3080,-58.3758,-0.0000
137.5500,2210.7243,-58.3758,-0.0000
137.5600,2210.1405,-58.3758,-0.0000
137.5700,2209.5568,-58.3758,-0.0000
137.5800,2208.9730,-58.3758,-0.0000
137.5900,2208.3892,-58.3758,-0.0000
137.6000,2207.8055,-58.3758,-0.0000
137.6100,2207.2217,-58.3758,-0.0000
137.6200,2206.6380,-58.3758,-0.0000
137.6300,2206.0542,-58.3758,-0.0000
137.6400,2205.4705,-58.3758,-0.0000
137.6500,2204.8867,-58.3758,-0.0000
137.6600,2204.3029,-58.3758,-0.0000
137.6700,2203.7192,-58.3758,-0.0000
137.6800,2203.1354,-58.3758,-0.0000
137.6900,2202.5517,-58.3758,-0.0000
137.7000,2201.9679,-58.3758,-0.0000
137.7100,2201.3842,-58.3758,-0.0000
137.7200,2200.8004,-58.3758,-0.0000
137.7300,2200.2166,-58.3758,-0.0000
137.7400,2199.6329,-58.3758,-0.0000
137.7500,2199.0491,-58.3758,-0.0000
137.7600,2198.4654,-58.3758,-0.0000
137.7700,2197.8816,-58.3758,-0.0000
137.7800,2197.2979,-58.3758,-0.0000
137.7900,2196.7141,-58.3758,-0.0000
137.8000,2196.1303,-58.3758,-0.0000
137.8100,2195.5466,-58.3758,-0.0000
137.8200,2194.9628,-58.3758,-0.0000
137.8300,2194.3791,-58.3758,-0.0000
137.8400,2193.7953,-58.3758,-0.0000
137.8500,2193.2115,-58.3758,-0.0000
137.8600,2192.6278,-58.3758,-0.0000
137.8700,2192.0440,-58.3758,-0.0000
137.8800,2191.4603,-58.3758,-0.0000
137.8900,2190.8765,-58.3758,-0.0000
137.9000,2190.2928,-58.3758,-0.0000
137.9100,2189.7090,-58.3758,-0.0000
137.9200,2189.1252,-58.3758,-0.0000
137.9300,2188.5415,-58.3758,-0.0000
137.9400,2187.9577,-58.3758,-0.0000
137.9500,2187.3740,-58.3758,-0.0000
137.9600,2186.7902,-58.3758,-0.0000
137.9700,2186.2065,-58.3758,-0.0000
137.9800,2185.6227,-58.3758,-0.0000
137.9900,2185.0389,-58.3758,-0.0000
138.0000,2184.4552,-58.3758,-0.0000
138.0100,2183.8714,-58.3758,-0.0000
138.0200,2183.2877,-58.3758,-0.0000
138.0300,2182.7039,-58.3758,-0.0000
138.0400,2182.1202,-58.3758,-0.0000
138.0500,2181.5364,-58.3758,-0.0000
138.0600,2180.9526,-58.3758,-0.0000
138.0700,2180.3689,-58.3758,-0.0000
138.0800,2179.7851,-58.3758,-0.0000
138.0900,2179.2014,-58.3758,-0.0000
138.1000,2178.6176,-58.3758,-0.0000
138.1100,2178.0339,-58.3758,-0.0000
138.1200,2177.4501,-58.3758,-0.0000
138.1300,2176.8663,-58.3758,-0.0000
138.1400,2176.2826,-58.3758,-0.0000
138.1500,2175.6988,-58.3758,-0.0000
138.1600,2175.1151,-58.3758,-0.0000
138.1700,2174.5313,-58.3758,-0.0000
138.1800,2173.9475,-58.3758,-0.0000
138.1900,2173.3638,-58.3758,-0.0000
138.2000,2172.7800,-58.3758,-0.0000
138.2100,2172.1963,-58.3758,-0.0000
138.2200,2171.6125,-58.3758,-0.0000
138.2300,2171.0288,-58.3758,-0.0000
138.2400,2170.4450,-58.3758,-0.0000
138.2500,2169.8612,-58.3758,-0.0000
138.2600,2169.2775,-58.3758,-0.0000
138.2700,2168.6937,-58.3758,-0.0000
138.2800,2168.1100,-58.3758,-0.0000
138.2900,2167.5262,-58.3758,-0.0000
138.3000,2166.9425,-58.3758,-0.0000
138.3100,2166.3587,-58.3758,-0.0000
138.3200,2165.7749,-58.3758,-0.0000
138.3300,2165.1912,-58.3758,-0.0000
138.3400,2164.6074,-58.3758,-0.0000
138.3500,2164.0237,-58.3758,-0.0000
138.3600,2163.4399,-58.3758,-0.0000
138.3700,2162.8562,-58.3758,-0.0000
138.3800,2162.2724,-58.3758,-0.0000
138.3900,2161.6886,-58.3758,-0.0000
138.4000,2161.1049,-58.3758,-0.0000
138.4100,2160.5211,-58.3758,-0.0000
138.4200,2159.9374,-58.3758,-0.0000
138.4300,2159.3536,-58.3758,-0.0000
138.4400,2158.7699,-58.3758,-0.0000
138.4500,2158.1861,-58.3758,-0.0000
138.4600,2157.6023,-58.3758,-0.0000
138.4700,2157.0186,-58.3758,-0.0000
138.4800,2156.4348,-58.3758,-0.0000
138.4900,2155.8511,-58.3758,-0.0000
138.5000,2155.2673,-58.3758,-0.0000
138.5100,2154.6835,-58.3758,-0.0000
138.5200,2154.0998,-58.3758,-0.0000
138.5300,2153.5160,-58.3758,-0.0000
138.5400,2152.9323,-58.3758,-0.0000
138.5500,2152.3485,-58.3758,-0.0000
138.5600,2151.7648,-58.3758,-0.0000
138.5700,2151.1810,-58.3758,-0.0000
138.5800,2150.5972,-58.3758,-0.0000
138.5900,2150.0135,-58.3758,-0.0000
138.6000,2149.4297,-58.3758,-0.0000
138.6100,2148.8460,-58.3758,-0.0000
138.6200,2148.2622,-58.3758,-0.0000
138.6300,2147.6785,-58.3758,-0.0000
138.6400,2147.0947,-58.3758,-0.0000
138.6500,2146.5109,-58.3758,-0.0000
138.6600,2145.9272,-58.3758,-0.0000
138.6700,2145.3434,-58.3758,-0.0000
138.6800,2144.7597,-58.3758,-0.0000
138.6900,2144.1759,-58.3758,-0.0000
138.7000,2143.5922,-58.3758,-0.0000
138.7100,2143.0084,-58.3758,-0.0000
138.7200,2142.4246,-58.3758,-0.0000
138.7300,2141.8409,-58.3758,-0.0000
138.7400,2141.2571,-58.3758,-0.0000
138.7500,2140.6734,-58.3758,-0.0000
138.7600,2140.0896,-58.3758,-0.0000
138.7700,2139.5059,-58.3758,-0.0000
138.7800,2138.9221,-58.3758,-0.0000
138.7900,2138.3383,-58.3758,-0.0000
138.8000,2137.7546,-58.3758,-0.0000
138.8100,2137.1708,-58.3758,-0.0000
138.8200,2136.5871,-58.3758,-0.0000
138.8300,2136.0033,-58.3758,-0.0000
138.8400,2135.4195,-58.3758,-0.0000
138.8500,2134.8358,-58.3758,-0.0000
138.8600,2134.2520,-58.3758,-0.0000
138.8700,2133.6683,-58.3758,-0.0000
138.8800,2133.0845,-58.3758,-0.0000
138.8900,2132.5008,-58.3758,-0.0000
138.9000,2131.9170,-58.3758,-0.0000
138.9100,2131.3332,-58.3758,-0.0000
138.9200,2130.7495,-58.3758,-0.0000
138.9300,2130.1657,-58.3758,-0.0000
138.9400,2129.5820,-58.3758,-0.0000
138.9500,2128.9982,-58.3758,-0.0000
138.9600,2128.4145,-58.3758,-0.0000
138.9700,2127.8307,-58.3758,-0.0000
138.9800,2127.2469,-58.3758,-0.0000
138.9900,2126.6632,-58.3758,-0.0000
139.0000,2126.0794,-58.3758,-0.0000
139.0100,2125.4957,-58.3758,-0.0000
139.0200,2124.9119,-58.3758,-0.0000
139.0300,2124.3282,-58.3758,-0.0000
139.0400,2123.7444,-58.3758,-0.0000
139.0500,2123.1606,-58.3758,-0.0000
139.0600,2122.5769,-58.3758,-0.0000
139.0700,2121.9931,-58.3758,-0.0000
139.0800,2121.4094,-58.3758,-0.0000
139.0900,2120.8256,-58.3758,-0.0000
139.1000,2120.2419,-58.3758,-0.0000
139.1100,2119.6581,-58.3758,-0.0000
139.1200,2119.0743,-58.3758,-0.0000
139.1300,2118.4906,-58.3758,-0.0000
139.1400,2117.9068,-58.3758,-0.0000
139.1500,2117.3231,-58.3758,-0.0000
139.1600,2116.7393,-58.3758,-0.0000
139.1700,2116.1555,-58.3758,-0.0000
139.1800,2115.5718,-58.3758,-0.0000
139.1900,2114.9880,-58.3758,-0.0000
139.2000,2114.4043,-58.3758,-0.0000
139.2100,2113.8205,-58.3758,-0.0000
139.2200,2113.2368,-58.3758,-0.0000
139.2300,2112.6530,-58.3758,-0.0000
139.2400,2112.0692,-58.3758,-0.0000
139.2500,2111.4855,-58.3758,-0.0000
139.2600,2110.9017,-58.3758,-0.0000
139.2700,2110.3180,-58.3758,-0.0000
139.2800,2109.7342,-58.3758,-0.0000
139.2900,2109.1505,-58.3758,-0.0000
139.3000,2108.5667,-58.3758,-0.0000
139.3100,2107.9829,-58.3758,-0.0000
139.3200,2107.3992,-58.3758,-0.0000
139.3300,2106.8154,-58.3758,-0.0000
139.3400,2106.2317,-58.3758,-0.0000
139.3500,2105.6479,-58.3758,-0.0000
139.3600,2105.0642,-58.3758,-0.0000
139.3700,2104.4804,-58.3758,-0.0000
139.3800,2103.8966,-58.3758,-0.0000
139.3900,2103.3129,-58.3758,-0.0000
139.4000,2102.7291,-58.3758,-0.0000
139.4100,2102.1454,-58.3758,-0.0000
139.4200,2101.5616,-58.3758,-0.0000
139.4300,2100.9779,-58.3758,-0.0000
139.4400,2100.3941,-58.3758,-0.0000
139.4500,2099.8103,-58.3758,-0.0000
139.4600,2099.2266,-58.3758,-0.0000
139.4700,2098.6428,-58.3758,-0.0000
139.4800,2098.0591,-58.3758,-0.0000
139.4900,2097.4753,-58.3758,-0.0000
139.5000,2096.8915,-58.3758,-0.0000
139.5100,2096.3078,-58.3758,-0.0000
139.5200,2095.7240,-58.3758,-0.0000
139.5300,2095.1403,-58.3758,-0.0000
139.5400,2094.5565,-58.3758,-0.0000
139.5500,2093.9728,-58.3758,-0.0000
139.5600,2093.3890,-58.3758,-0.0000
139.5700,2092.8052,-58.3758,-0.0000
139.5800,2092.2215,-58.3758,-0.0000
139.5900,2091.6377,-58.3758,-0.0000
139.6000,2091.0540,-58.3758,-0.0000
139.6100,2090.4702,-58.3758,-0.0000
139.6200,2089.8865,-58.3758,-0.0000
139.6300,2089.3027,-58.3758,-0.0000
139.6400,2088.7189,-58.3758,-0.0000
139.6500,2088.1352,-58.3758,-0.0000
139.6600,2087.5514,-58.3758,-0.0000
139.6700,2086.9677,-58.3758,-0.0000
139.6800,2086.3839,-58.3758,-0.0000
139.6900,2085.8002,-58.3758,-0.0000
139.7000,2085.2164,-58.3758,-0.0000
139.7100,2084.6326,-58.3758,-0.0000
139.7200,2084.0489,-58.3758,-0.0000
139.7300,2083.4651,-58.3758,-0.0000
139.7400,2082.8814,-58.3758,-0.0000
139.7500,2082.2976,-58.3758,-0.0000
139.7600,2081.7139,-58.3758,-0.0000
139.7700,2081.1301,-58.3758,-0.0000
139.7800,2080.5463,-58.3758,-0.0000
139.7900,2079.9626,-58.3758,-0.0000
139.8000,2079.3788,-58.3758,-0.0000
139.8100,2078.7951,-58.3758,-0.0000
139.8200,2078.2113,-58.3758,-0.0000
139.8300,2077.6276,-58.3758,-0.0000
139.8400,2077.0438,-58.3758,-0.0000
139.8500,2076.4600,-58.3758,-0.0000
139.8600,2075.8763,-58.3758,-0.0000
139.8700,2075.2925,-58.3758,-0.0000
139.8800,2074.7088,-58.3758,-0.0000
139.8900,2074.1250,-58.3758,-0.0000
139.9000,2073.5412,-58.3758,-0.0000
139.9100,2072.9575,-58.3758,-0.0000
139.9200,2072.3737,-58.3758,-0.0000
139.9300,2071.7900,-58.3758,-0.0000
139.9400,2071.2062,-58.3758,-0.0000
139.9500,2070.6225,-58.3758,-0.0000
139.9600,2070.0387,-58.3758,-0.0000
139.9700,2069.4549,-58.3758,-0.0000
139.9800,2068.8712,-58.3758,-0.0000
139.9900,2068.2874,-58.3758,-0.0000
140.0000,2067.7037,-58.3758,-0.0000
140.0100,2067.1199,-58.3758,-0.0000
140.0200,2066.5362,-58.3758,-0.0000
140.0300,2065.9524,-58.3758,-0.0000
140.0400,2065.3686,-58.3758,-0.0000
140.0500,2064.7849,-58.3758,-0.0000
140.0600,2064.2011,-58.3758,-0.0000
140.0700,2063.6174,-58.3758,-0.0000
140.0800,2063.0336,-58.3758,-0.0000
140.0900,2062.4499,-58.3758,-0.0000
140.1000,2061.8661,-58.3758,-0.0000
140.1100,2061.2823,-58.3758,-0.0000
140.1200,2060.6986,-58.3758,-0.0000
140.1300,2060.1148,-58.3758,-0.0000
140.1400,2059.5311,-58.3758,-0.0000
140.1500,2058.9473,-58.3758,-0.0000
140.1600,2058.3636,-58.3758,-0.0000
140.1700,2057.7798,-58.3758,-0.0000
140.1800,2057.1960,-58.3758,-0.0000
140.1900,2056.6123,-58.3758,-0.0000
140.2000,2056.0285,-58.3758,-0.0000
140.2100,2055.4448,-58.3758,-0.0000
140.2200,2054.8610,-58.3758,-0.0000
140.2300,2054.2772,-58.3758,-0.0000
140.2400,2053.6935,-58.3758,-0.0000
140.2500,2053.1097,-58.3758,-0.0000
140.2600,2052.5260,-58.3758,-0.0000
140.2700,2051.9422,-58.3758,-0.0000
140.2800,2051.3585,-58.3758,-0.0000
140.2900,2050.7747,-58.3758,-0.0000
140.3000,2050.1909,-58.3758,-0.0000
140.3100,2049.6072,-58.3758,-0.0000
140.3200,2049.0234,-58.3758,-0.0000
140.3300,2048.4397,-58.3758,-0.0000
140.3400,2047.8559,-58.3758,-0.0000
140.3500,2047.2722,-58.3758,-0.0000
140.3600,2046.6884,-58.3758,-0.0000
140.3700,2046.1046,-58.3758,-0.0000
140.3800,2045.5209,-58.3758,-0.0000
140.3900,2044.9371,-58.3758,-0.0000
140.4000,2044.3534,-58.3758,-0.0000
140.4100,2043.7696,-58.3758,-0.0000
140.4200,2043.1859,-58.3758,-0.0000
140.4300,2042.6021,-58.3758,-0.0000
140.4400,2042.0183,-58.3758,-0.0000
140.4500,2041.4346,-58.3758,-0.0000
140.4600,2040.8508,-58.3758,-0.0000
140.4700,2040.2671,-58.3758,-0.0000
140.4800,2039.6833,-58.3758,-0.0000
140.4900,2039.0996,-58.3758,-0.0000
140.5000,2038.5158,-58.3758,-0.0000
140.5100,2037.9320,-58.3758,-0.0000
140.5200,2037.3483,-58.3758,-0.0000
140.5300,2036.7645,-58.3758,-0.0000
140.5400,2036.1808,-58.3758,-0.0000
140.5500,2035.5970,-58.3758,-0.0000
140.5600,2035.0132,-58.3758,-0.0000
140.5700,2034.4295,-58.3758,-0.0000
140.5800,2033.8457,-58.3758,-0.0000
140.5900,2033.2620,-58.3758,-0.0000
140.6000,2032.6782,-58.3758,-0.0000
140.6100,2032.0945,-58.3758,-0.0000
140.6200,2031.5107,-58.3758,-0.0000
140.6300,2030.9269,-58.3758,-0.0000
140.6400,2030.3432,-58.3758,-0.0000
140.6500,2029.7594,-58.3758,-0.0000
140.6600,2029.1757,-58.3758,-0.0000
140.6700,2028.5919,-58.3758,-0.0000
140.6800,2028.0082,-58.3758,-0.0000
140.6900,2027.4244,-58.3758,-0.0000
140.7000,2026.8406,-58.3758,-0.0000
140.7100,2026.2569,-58.3758,-0.0000
140.7200,2025.6731,-58.3758,-0.0000
140.7300,2025.0894,-58.3758,-0.0000
140.7400,2024.5056,-58.3758,-0.0000
140.7500,2023.9219,-58.3758,-0.0000
140.7600,2023.3381,-58.3758,-0.0000
140.7700,2022.7543,-58.3758,-0.0000
140.7800,2022.1706,-58.3758,-0.0000
140.7900,2021.5868,-58.3758,-0.0000
140.8000,2021.0031,-58.3758,-0.0000
140.8100,2020.4193,-58.3758,-0.0000
140.8200,2019.8356,-58.3758,-0.0000
140.8300,2019.2518,-58.3758,-0.0000
140.8400,2018.6680,-58.3758,-0.0000
140.8500,2018.0843,-58.3758,-0.0000
140.8600,2017.5005,-58.3758,-0.0000
140.8700,2016.9168,-58.3758,-0.0000
140.8800,2016.3330,-58.3758,-0.0000
140.8900,2015.7492,-58.3758,-0.0000
140.9000,2015.1655,-58.3758,-0.0000
140.9100,2014.5817,-58.3758,-0.0000
140.9200,2013.9980,-58.3758,-0.0000
140.9300,2013.4142,-58.3758,-0.0000
140.9400,2012.8305,-58.3758,-0.0000
140.9500,2012.2467,-58.3758,-0.0000
140.9600,2011.6629,-58.3758,-0.0000
140.9700,2011.0792,-58.3758,-0.0000
140.9800,2010.4954,-58.3758,-0.0000
140.9900,2009.9117,-58.3758,-0.0000
141.0000,2009.3279,-58.3758,-0.0000
141.0100,2008.7442,-58.3758,-0.0000
141.0200,2008.1604,-58.3758,-0.0000
141.0300,2007.5766,-58.3758,-0.0000
141.0400,2006.9929,-58.3758,-0.0000
141.0500,2006.4091,-58.3758,-0.0000
141.0600,2005.8254,-58.3758,-0.0000
141.0700,2005.2416,-58.3758,-0.0000
141.0800,2004.6579,-58.3758,-0.0000
141.0900,2004.0741,-58.3758,-0.0000
141.1000,2003.4903,-58.3758,-0.0000
141.1100,2002.9066,-58.3758,-0.0000
141.1200,2002.3228,-58.3758,-0.0000
141.1300,2001.7391,-58.3758,-0.0000
141.1400,2001.1553,-58.3758,-0.0000
141.1500,2000.5716,-58.3758,-0.0000
141.1600,1999.9878,-58.3758,-0.0000
141.1700,1999.4040,-58.3758,-0.0000
141.1800,1998.8203,-58.3758,-0.0000
141.1900,1998.2365,-58.3758,-0.0000
141.2000,1997.6528,-58.3758,-0.0000
141.2100,1997.0690,-58.3758,-0.0000
141.2200,1996.4852,-58.3758,-0.0000
141.2300,1995.9015,-58.3758,-0.0000
141.2400,1995.3177,-58.3758,-0.0000
141.2500,1994.7340,-58.3758,-0.0000
141.2600,1994.1502,-58.3758,-0.0000
141.2700,1993.5665,-58.3758,-0.0000
141.2800,1992.9827,-58.3758,-0.0000
141.2900,1992.3989,-58.3758,-0.0000
141.3000,1991.8152,-58.3758,-0.0000
141.3100,1991.2314,-58.3758,-0.0000
141.3200,1990.6477,-58.3758,-0.0000
141.3300,1990.0639,-58.3758,-0.0000
141.3400,1989.4802,-58.3758,-0.0000
141.3500,1988.8964,-58.3758,-0.0000
141.3600,1988.3126,-58.3758,-0.0000
141.3700,1987.7289,-58.3758,-0.0000
141.3800,1987.1451,-58.3758,-0.0000
141.3900,1986.5614,-58.3758,-0.0000
141.4000,1985.9776,-58.3758,-0.0000
141.4100,1985.3939,-58.3758,-0.0000
141.4200,1984.8101,-58.3758,-0.0000
141.4300,1984.2263,-58.3758,-0.0000
141.4400,1983.6426,-58.3758,-0.0000
141.4500,1983.0588,-58.3758,-0.0000
141.4600,1982.4751,-58.3758,-0.0000
141.4700,1981.8913,-58.3758,-0.0000
141.4800,1981.3076,-58.3758,-0.0000
141.4900,1980.7238,-58.3758,-0.0000
141.5000,1980.1400,-58.3758,-0.0000
141.5100,1979.5563,-58.3758,-0.0000
141.5200,1978.9725,-58.3758,-0.0000
141.5300,1978.3888,-58.3758,-0.0000
141.5400,1977.8050,-58.3758,-0.0000
141.5500,1977.2212,-58.3758,-0.0000
141.5600,1976.6375,-58.3758,-0.0000
141.5700,1976.0537,-58.3758,-0.0000
141.5800,1975.4700,-58.3758,-0.0000
141.5900,1974.8862,-58.3758,-0.0000
141.6000,1974.3025,-58.3758,-0.0000
141.6100,1973.7187,-58.3758,-0.0000
141.6200,1973.1349,-58.3758,-0.0000
141.6300,1972.5512,-58.3758,-0.0000
141.6400,1971.9674,-58.3758,-0.0000
141.6500,1971.3837,-58.3758,-0.0000
141.6600,1970.7999,-58.3758,-0.0000
141.6700,1970.2162,-58.3758,-0.0000
141.6800,1969.6324,-58.3758,-0.0000
141.6900,1969.0486,-58.3758,-0.0000
141.7000,1968.4649,-58.3758,-0.0000
141.7100,1967.8811,-58.3758,-0.0000
141.7200,1967.2974,-58.3758,-0.0000
141.7300,1966.7136,-58.3758,-0.0000
141.7400,1966.1299,-58.3758,-0.0000
141.7500,1965.5461,-58.3758,-0.0000
141.7600,1964.9623,-58.3758,-0.0000
141.7700,1964.3786,-58.3758,-0.0000
141.7800,1963.7948,-58.3758,-0.0000
141.7900,1963.2111,-58.3758,-0.0000
141.8000,1962.6273,-58.3758,-0.0000
141.8100,1962.0436,-58.3758,-0.0000
141.8200,1961.4598,-58.3758,-0.0000
141.8300,1960.8760,-58.3758,-0.0000
141.8400,1960.2923,-58.3758,-0.0000
141.8500,1959.7085,-58.3758,-0.0000
141.8600,1959.1248,-58.3758,-0.0000
141.8700,1958.5410,-58.3758,-0.0000
141.8800,1957.9572,-58.3758,-0.0000
141.8900,1957.3735,-58.3758,-0.0000
141.9000,1956.7897,-58.3758,-0.0000
141.9100,1956.2060,-58.3758,-0.0000
141.9200,1955.6222,-58.3758,-0.0000
141.9300,1955.0385,-58.3758,-0.0000
141.9400,1954.4547,-58.3758,-0.0000
141.9500,1953.8709,-58.3758,-0.0000
141.9600,1953.2872,-58.3758,-0.0000
141.9700,1952.7034,-58.3758,-0.0000
141.9800,1952.1197,-58.3758,-0.0000
141.9900,1951.5359,-58.3758,-0.0000
142.0000,1950.9522,-58.3758,-0.0000
142.0100,1950.3684,-58.3758,-0.0000
142.0200,1949.7846,-58.3758,-0.0000
142.0300,1949.2009,-58.3758,-0.0000
142.0400,1948.6171,-58.3758,-0.0000
142.0500,1948.0334,-58.3758,-0.0000
142.0600,1947.4496,-58.3758,-0.0000
142.0700,1946.8659,-58.3758,-0.0000
142.0800,1946.2821,-58.3758,-0.0000
142.0900,1945.6983,-58.3758,-0.0000
142.1000,1945.1146,-58.3758,-0.0000
142.1100,1944.5308,-58.3758,-0.0000
142.1200,1943.9471,-58.3758,-0.0000
142.1300,1943.3633,-58.3758,-0.0000
142.1400,1942.7796,-58.3758,-0.0000
142.1500,1942.1958,-58.3758,-0.0000
142.1600,1941.6120,-58.3758,-0.0000
142.1700,1941.0283,-58.3758,-0.0000
142.1800,1940.4445,-58.3758,-0.0000
142.1900,1939.8608,-58.3758,-0.0000
142.2000,1939.2770,-58.3758,-0.0000
142.2100,1938.6932,-58.3758,-0.0000
142.2200,1938.1095,-58.3758,-0.0000
142.2300,1937.5257,-58.3758,-0.0000
142.2400,1936.9420,-58.3758,-0.0000
142.2500,1936.3582,-58.3758,-0.0000
142.2600,1935.7745,-58.3758,-0.0000
142.2700,1935.1907,-58.3758,-0.0000
142.2800,1934.6069,-58.3758,-0.0000
142.2900,1934.0232,-58.3758,-0.0000
142.3000,1933.4394,-58.3758,-0.0000
142.3100,1932.8557,-58.3758,-0.0000
142.3200,1932.2719,-58.3758,-0.0000
142.3300,1931.6882,-58.3758,-0.0000
142.3400,1931.1044,-58.3758,-0.0000
142.3500,1930.5206,-58.3758,-0.0000
142.3600,1929.9369,-58.3758,-0.0000
142.3700,1929.3531,-58.3758,-0.0000
142.3800,1928.7694,-58.3758,-0.0000
142.3900,1928.1856,-58.3758,-0.0000
142.4000,1927.6019,-58.3758,-0.0000
142.4100,1927.0181,-58.3758,-0.0000
142.4200,1926.4343,-58.3758,-0.0000
142.4300,1925.8506,-58.3758,-0.0000
142.4400,1925.2668,-58.3758,-0.0000
142.4500,1924.6831,-58.3758,-0.0000
142.4600,1924.0993,-58.3758,-0.0000
142.4700,1923.5156,-58.3758,-0.0000
142.4800,1922.9318,-58.3758,-0.0000
142.4900,1922.3480,-58.3758,-0.0000
142.5000,1921.7643,-58.3758,-0.0000
142.5100,1921.1805,-58.3758,-0.0000
142.5200,1920.5968,-58.3758,-0.0000
142.5300,1920.0130,-58.3758,-0.0000
142.5400,1919.4292,-58.3758,-0.0000
142.5500,1918.8455,-58.3758,-0.0000
142.5600,1918.2617,-58.3758,-0.0000
142.5700,1917.6780,-58.3758,-0.0000
142.5800,1917.0942,-58.3758,-0.0000
142.5900,1916.5105,-58.3758,-0.0000
142.6000,1915.9267,-58.3758,-0.0000
142.6100,1915.3429,-58.3758,-0.0000
142.6200,1914.7592,-58.3758,-0.0000
142.6300,1914.1754,-58.3758,-0.0000
142.6400,1913.5917,-58.3758,-0.0000
142.6500,1913.0079,-58.3758,-0.0000
142.6600,1912.4242,-58.3758,-0.0000
142.6700,1911.8404,-58.3758,-0.0000
142.6800,1911.2566,-58.3758,-0.0000
142.6900,1910.6729,-58.3758,-0.0000
142.7000,1910.0891,-58.3758,-0.0000
142.7100,1909.5054,-58.3758,-0.0000
142.7200,1908.9216,-58.3758,-0.0000
142.7300,1908.3379,-58.3758,-0.0000
142.7400,1907.7541,-58.3758,-0.0000
142.7500,1907.1703,-58.3758,-0.0000
142.7600,1906.5866,-58.3758,-0.0000
142.7700,1906.0028,-58.3758,-0.0000
142.7800,1905.4191,-58.3758,-0.0000
142.7900,1904.8353,-58.3758,-0.0000
142.8000,1904.2516,-58.3758,-0.0000
142.8100,1903.6678,-58.3758,-0.0000
142.8200,1903.0840,-58.3758,-0.0000
142.8300,1902.5003,-58.3758,-0.0000
142.8400,1901.9165,-58.3758,-0.0000
142.8500,1901.3328,-58.3758,-0.0000
142.8600,1900.7490,-58.3758,-0.0000
142.8700,1900.1652,-58.3758,-0.0000
142.8800,1899.5815,-58.3758,-0.0000
142.8900,1898.9977,-58.3758,-0.0000
142.9000,1898.4140,-58.3758,-0.0000
142.9100,1897.8302,-58.3758,-0.0000
142.9200,1897.2465,-58.3758,-0.0000
142.9300,1896.6627,-58.3758,-0.0000
142.9400,1896.0789,-58.3758,-0.0000
142.9500,1895.4952,-58.3758,-0.0000
142.9600,1894.9114,-58.3758,-0.0000
142.9700,1894.3277,-58.3758,-0.0000
142.9800,1893.7439,-58.3758,-0.0000
142.9900,1893.1602,-58.3758,-0.0000
143.0000,1892.5764,-58.3758,-0.0000
143.0100,1891.9926,-58.3758,-0.0000
143.0200,1891.4089,-58.3758,-0.0000
143.0300,1890.8251,-58.3758,-0.0000
143.0400,1890.2414,-58.3758,-0.0000
143.0500,1889.6576,-58.3758,-0.0000
143.0600,1889.0739,-58.3758,-0.0000
143.0700,1888.4901,-58.3758,-0.0000
143.0800,1887.9063,-58.3758,-0.0000
143.0900,1887.3226,-58.3758,-0.0000
143.1000,1886.7388,-58.3758,-0.0000
143.1100,1886.1551,-58.3758,-0.0000
143.1200,1885.5713,-58.3758,-0.0000
143.1300,1884.9876,-58.3758,-0.0000
143.1400,1884.4038,-58.3758,-0.0000
143.1500,1883.8200,-58.3758,-0.0000
143.1600,1883.2363,-58.3758,-0.0000
143.1700,1882.6525,-58.3758,-0.0000
143.1800,1882.0688,-58.3758,-0.0000
143.1900,1881.4850,-58.3758,-0.0000
143.2000,1880.9012,-58.3758,-0.0000
143.2100,1880.3175,-58.3758,-0.0000
143.2200,1879.7337,-58.3758,-0.0000
143.2300,1879.1500,-58.3758,-0.0000
143.2400,1878.5662,-58.3758,-0.0000
143.2500,1877.9825,-58.3758,-0.0000
143.2600,1877.3987,-58.3758,-0.0000
143.2700,1876.8149,-58.3758,-0.0000
143.2800,1876.2312,-58.3758,-0.0000
143.2900,1875.6474,-58.3758,-0.0000
143.3000,1875.0637,-58.3758,-0.0000
143.3100,1874.4799,-58.3758,-0.0000
143.3200,1873.8962,-58.3758,-0.0000
143.3300,1873.3124,-58.3758,-0.0000
143.3400,1872.7286,-58.3758,-0.0000
143.3500,1872.1449,-58.3758,-0.0000
143.3600,1871.5611,-58.3758,-0.0000
143.3700,1870.9774,-58.3758,-0.0000
143.3800,1870.3936,-58.3758,-0.0000
143.3900,1869.8099,-58.3758,-0.0000
143.4000,1869.2261,-58.3758,-0.0000
143.4100,1868.6423,-58.3758,-0.0000
143.4200,1868.0586,-58.3758,-0.0000
143.4300,1867.4748,-58.3758,-0.0000
143.4400,1866.8911,-58.3758,-0.0000
143.4500,1866.3073,-58.3758,-0.0000
143.4600,1865.7236,-58.3758,-0.0000
143.4700,1865.1398,-58.3758,-0.0000
143.4800,1864.5560,-58.3758,-0.0000
143.4900,1863.9723,-58.3758,-0.0000
143.5000,1863.3885,-58.3758,-0.0000
143.5100,1862.8048,-58.3758,-0.0000
143.5200,1862.2210,-58.3758,-0.0000
143.5300,1861.6372,-58.3758,-0.0000
143.5400,1861.0535,-58.3758,-0.0000
143.5500,1860.4697,-58.3758,-0.0000
143.5600,1859.8860,-58.3758,-0.0000
143.5700,1859.3022,-58.3758,-0.0000
143.5800,1858.7185,-58.3758,-0.0000
143.5900,1858.1347,-58.3758,-0.0000
143.6000,1857.5509,-58.3758,-0.0000
143.6100,1856.9672,-58.3758,-0.0000
143.6200,1856.3834,-58.3758,-0.0000
143.6300,1855.7997,-58.3758,-0.0000
143.6400,1855.2159,-58.3758,-0.0000
143.6500,1854.6322,-58.3758,-0.0000
143.6600,1854.0484,-58.3758,-0.0000
143.6700,1853.4646,-58.3758,-0.0000
143.6800,1852.8809,-58.3758,-0.0000
143.6900,1852.2971,-58.3758,-0.0000
143.7000,1851.7134,-58.3758,-0.0000
143.7100,1851.1296,-58.3758,-0.0000
143.7200,1850.5459,-58.3758,-0.0000
143.7300,1849.9621,-58.3758,-0.0000
143.7400,1849.3783,-58.3758,-0.0000
143.7500,1848.7946,-58.3758,-0.0000
143.7600,1848.2108,-58.3758,-0.0000
143.7700,1847.6271,-58.3758,-0.0000
143.7800,1847.0433,-58.3758,-0.0000
143.7900,1846.4596,-58.3758,-0.0000
143.8000,1845.8758,-58.3758,-0.0000
143.8100,1845.2920,-58.3758,-0.0000
143.8200,1844.7083,-58.3758,-0.0000
143.8300,1844.1245,-58.3758,-0.0000
143.8400,1843.5408,-58.3758,-0.0000
143.8500,1842.9570,-58.3758,-0.0000
143.8600,1842.3732,-58.3758,-0.0000
143.8700,1841.7895,-58.3758,-0.0000
143.8800,1841.2057,-58.3758,-0.0000
143.8900,1840.6220,-58.3758,-0.0000
143.9000,1840.0382,-58.3758,-0.0000
143.9100,1839.4545,-58.3758,-0.0000
143.9200,1838.8707,-58.3758,-0.0000
143.9300,1838.2869,-58.3758,-0.0000
143.9400,1837.7032,-58.3758,-0.0000
143.9500,1837.1194,-58.3758,-0.0000
143.9600,1836.5357,-58.3758,-0.0000
143.9700,1835.9519,-58.3758,-0.0000
143.9800,1835.3682,-58.3758,-0.0000
143.9900,1834.7844,-58.3758,-0.0000
144.0000,1834.2006,-58.3758,-0.0000
144.0100,1833.6169,-58.3758,-0.0000
144.0200,1833.0331,-58.3758,-0.0000
144.0300,1832.4494,-58.3758,-0.0000
144.0400,1831.8656,-58.3758,-0.0000
144.0500,1831.2819,-58.3758,-0.0000
144.0600,1830.6981,-58.3758,-0.0000
144.0700,1830.1143,-58.3758,-0.0000
144.0800,1829.5306,-58.3758,-0.0000
144.0900,1828.9468,-58.3758,-0.0000
144.1000,1828.3631,-58.3758,-0.0000
144.1100,1827.7793,-58.3758,-0.0000
144.1200,1827.1956,-58.3758,-0.0000
144.1300,1826.6118,-58.3758,-0.0000
144.1400,1826.0280,-58.3758,-0.0000
144.1500,1825.4443,-58.3758,-0.0000
144.1600,1824.8605,-58.3758,-0.0000
144.1700,1824.2768,-58.3758,-0.0000
144.1800,1823.6930,-58.3758,-0.0000
144.1900,1823.1092,-58.3758,-0.0000
144.2000,1822.5255,-58.3758,-0.0000
144.2100,1821.9417,-58.3758,-0.0000
144.2200,1821.3580,-58.3758,-0.0000
144.2300,1820.7742,-58.3758,-0.0000
144.2400,1820.1905,-58.3758,-0.0000
144.2500,1819.6067,-58.3758,-0.0000
144.2600,1819.0229,-58.3758,-0.0000
144.2700,1818.4392,-58.3758,-0.0000
144.2800,1817.8554,-58.3758,-0.0000
144.2900,1817.2717,-58.3758,-0.0000
144.3000,1816.6879,-58.3758,-0.0000
144.3100,1816.1042,-58.3758,-0.0000
144.3200,1815.5204,-58.3758,-0.0000
144.3300,1814.9366,-58.3758,-0.0000
144.3400,1814.3529,-58.3758,-0.0000
144.3500,1813.7691,-58.3758,-0.0000
144.3600,1813.1854,-58.3758,-0.0000
144.3700,1812.6016,-58.3758,-0.0000
144.3800,1812.0179,-58.3758,-0.0000
144.3900,1811.4341,-58.3758,-0.0000
144.4000,1810.8503,-58.3758,-0.0000
144.4100,1810.2666,-58.3758,-0.0000
144.4200,1809.6828,-58.3758,-0.0000
144.4300,1809.0991,-58.3758,-0.0000
144.4400,1808.5153,-58.3758,-0.0000
144.4500,1807.9316,-58.3758,-0.0000
144.4600,1807.3478,-58.3758,-0.0000
144.4700,1806.7640,-58.3758,-0.0000
144.4800,1806.1803,-58.3758,-0.0000
144.4900,1805.5965,-58.3758,-0.0000
144.5000,1805.0128,-58.3758,-0.0000
144.5100,1804.4290,-58.3758,-0.0000
144.5200,1803.8452,-58.3758,-0.0000
144.5300,1803.2615,-58.3758,-0.0000
144.5400,1802.6777,-58.3758,-0.0000
144.5500,1802.0940,-58.3758,-0.0000
144.5600,1801.5102,-58.3758,-0.0000
144.5700,1800.9265,-58.3758,-0.0000
144.5800,1800.3427,-58.3758,-0.0000
144.5900,1799.7589,-58.3758,-0.0000
144.6000,1799.1752,-58.3758,-0.0000
144.6100,1798.5914,-58.3758,-0.0000
144.6200,1798.0077,-58.3758,-0.0000
144.6300,1797.4239,-58.3758,-0.0000
144.6400,1796.8402,-58.3758,-0.0000
144.6500,1796.2564,-58.3758,-0.0000
144.6600,1795.6726,-58.3758,-0.0000
144.6700,1795.0889,-58.3758,-0.0000
144.6800,1794.5051,-58.3758,-0.0000
144.6900,1793.9214,-58.3758,-0.0000
144.7000,1793.3376,-58.3758,-0.0000
144.7100,1792.7539,-58.3758,-0.0000
144.7200,1792.1701,-58.3758,-0.0000
144.7300,1791.5863,-58.3758,-0.0000
144.7400,1791.0026,-58.3758,-0.0000
144.7500,1790.4188,-58.3758,-0.0000
144.7600,1789.8351,-58.3758,-0.0000
144.7700,1789.2513,-58.3758,-0.0000
144.7800,1788.6676,-58.3758,-0.0000
144.7900,1788.0838,-58.3758,-0.0000
144.8000,1787.5000,-58.3758,-0.0000
144.8100,1786.9163,-58.3758,-0.0000
144.8200,1786.3325,-58.3758,-0.0000
144.8300,1785.7488,-58.3758,-0.0000
144.8400,1785.1650,-58.3758,-0.0000
144.8500,1784.5812,-58.3758,-0.0000
144.8600,1783.9975,-58.3758,-0.0000
144.8700,1783.4137,-58.3758,-0.0000
144.8800,1782.8300,-58.3758,-0.0000
144.8900,1782.2462,-58.3758,-0.0000
144.9000,1781.6625,-58.3758,-0.0000
144.9100,1781.0787,-58.3758,-0.0000
144.9200,1780.4949,-58.3758,-0.0000
144.9300,1779.9112,-58.3758,-0.0000
144.9400,1779.3274,-58.3758,-0.0000
144.9500,1778.7437,-58.3758,-0.0000
144.9600,1778.1599,-58.3758,-0.0000
144.9700,1777.5762,-58.3758,-0.0000
144.9800,1776.9924,-58.3758,-0.0000
144.9900,1776.4086,-58.3758,-0.0000
145.0000,1775.8249,-58.3758,-0.0000
145.0100,1775.2411,-58.3758,-0.0000
145.0200,1774.6574,-58.3758,-0.0000
145.0300,1774.0736,-58.3758,-0.0000
145.0400,1773.4899,-58.3758,-0.0000
145.0500,1772.9061,-58.3758,-0.0000
145.0600,1772.3223,-58.3758,-0.0000
145.0700,1771.7386,-58.3758,-0.0000
145.0800,1771.1548,-58.3758,-0.0000
145.0900,1770.5711,-58.3758,-0.0000
145.1000,1769.9873,-58.3758,-0.0000
145.1100,1769.4036,-58.3758,-0.0000
145.1200,1768.8198,-58.3758,-0.0000
145.1300,1768.2360,-58.3758,-0.0000
145.1400,1767.6523,-58.3758,-0.0000
145.1500,1767.0685,-58.3758,-0.0000
145.1600,1766.4848,-58.3758,-0.0000
145.1700,1765.9010,-58.3758,-0.0000
145.1800,1765.3172,-58.3758,-0.0000
145.1900,1764.7335,-58.3758,-0.0000
145.2000,1764.1497,-58.3758,-0.0000
145.2100,1763.5660,-58.3758,-0.0000
145.2200,1762.9822,-58.3758,-0.0000
145.2300,1762.3985,-58.3758,-0.0000
145.2400,1761.8147,-58.3758,-0.0000
145.2500,1761.2309,-58.3758,-0.0000
145.2600,1760.6472,-58.3758,-0.0000
145.2700,1760.0634,-58.3758,-0.0000
145.2800,1759.4797,-58.3758,-0.0000
145.2900,1758.8959,-58.3758,-0.0000
145.3000,1758.3122,-58.3758,-0.0000
145.3100,1757.7284,-58.3758,-0.0000
145.3200,1757.1446,-58.3758,-0.0000
145.3300,1756.5609,-58.3758,-0.0000
145.3400,1755.9771,-58.3758,-0.0000
145.3500,1755.3934,-58.3758,-0.0000
145.3600,1754.8096,-58.3758,-0.0000
145.3700,1754.2259,-58.3758,-0.0000
145.3800,1753.6421,-58.3758,-0.0000
145.3900,1753.0583,-58.3758,-0.0000
145.4000,1752.4746,-58.3758,-0.0000
145.4100,1751.8908,-58.3758,-0.0000
145.4200,1751.3071,-58.3758,-0.0000
145.4300,1750.7233,-58.3758,-0.0000
145.4400,1750.1396,-58.3758,-0.0000
145.4500,1749.5558,-58.3758,-0.0000
145.4600,1748.9720,-58.3758,-0.0000
145.4700,1748.3883,-58.3758,-0.0000
145.4800,1747.8045,-58.3758,-0.0000
145.4900,1747.2208,-58.3758,-0.0000
145.5000,1746.6370,-58.3758,-0.0000
145.5100,1746.0532,-58.3758,-0.0000
145.5200,1745.4695,-58.3758,-0.0000
145.5300,1744.8857,-58.3758,-0.0000
145.5400,1744.3020,-58.3758,-0.0000
145.5500,1743.7182,-58.3758,-0.0000
145.5600,1743.1345,-58.3758,-0.0000
145.5700,1742.5507,-58.3758,-0.0000
145.5800,1741.9669,-58.3758,-0.0000
145.5900,1741.3832,-58.3758,-0.0000
145.6000,1740.7994,-58.3758,-0.0000
145.6100,1740.2157,-58.3758,-0.0000
145.6200,1739.6319,-58.3758,-0.0000
145.6300,1739.0482,-58.3758,-0.0000
145.6400,1738.4644,-58.3758,-0.0000
145.6500,1737.8806,-58.3758,-0.0000
145.6600,1737.2969,-58.3758,-0.0000
145.6700,1736.7131,-58.3758,-0.0000
145.6800,1736.1294,-58.3758,-0.0000
145.6900,1735.5456,-58.3758,-0.0000
145.7000,1734.9619,-58.3758,-0.0000
145.7100,1734.3781,-58.3758,-0.0000
145.7200,1733.7943,-58.3758,-0.0000
145.7300,1733.2106,-58.3758,-0.0000
145.7400,1732.6268,-58.3758,-0.0000
145.7500,1732.0431,-58.3758,-0.0000
145.7600,1731.4593,-58.3758,-0.0000
145.7700,1730.8756,-58.3758,-0.0000
145.7800,1730.2918,-58.3758,-0.0000
145.7900,1729.7080,-58.3758,-0.0000
145.8000,1729.1243,-58.3758,-0.0000
145.8100,1728.5405,-58.3758,-0.0000
145.8200,1727.9568,-58.3758,-0.0000
145.8300,1727.3730,-58.3758,-0.0000
145.8400,1726.7892,-58.3758,-0.0000
145.8500,1726.2055,-58.3758,-0.0000
145.8600,1725.6217,-58.3758,-0.0000
145.8700,1725.0380,-58.3758,-0.0000
145.8800,1724.4542,-58.3758,-0.0000
145.8900,1723.8705,-58.3758,-0.0000
145.9000,1723.2867,-58.3758,-0.0000
145.9100,1722.7029,-58.3758,-0.0000
145.9200,1722.1192,-58.3758,-0.0000
145.9300,1721.5354,-58.3758,-0.0000
145.9400,1720.9517,-58.3758,-0.0000
145.9500,1720.3679,-58.3758,-0.0000
145.9600,1719.7842,-58.3758,-0.0000
145.9700,1719.2004,-58.3758,-0.0000
145.9800,1718.6166,-58.3758,-0.0000
145.9900,1718.0329,-58.3758,-0.0000
146.0000,1717.4491,-58.3758,-0.0000
146.0100,1716.8654,-58.3758,-0.0000
146.0200,1716.2816,-58.3758,-0.0000
146.0300,1715.6979,-58.3758,-0.0000
146.0400,1715.1141,-58.3758,-0.0000
146.0500,1714.5303,-58.3758,-0.0000
146.0600,1713.9466,-58.3758,-0.0000
146.0700,1713.3628,-58.3758,-0.0000
146.0800,1712.7791,-58.3758,-0.0000
146.0900,1712.1953,-58.3758,-0.0000
146.1000,1711.6116,-58.3758,-0.0000
146.1100,1711.0278,-58.3758,-0.0000
146.1200,1710.4440,-58.3758,-0.0000
146.1300,1709.8603,-58.3758,-0.0000
146.1400,1709.2765,-58.3758,-0.0000
146.1500,1708.6928,-58.3758,-0.0000
146.1600,1708.1090,-58.3758,-0.0000
146.1700,1707.5252,-58.3758,-0.0000
146.1800,1706.9415,-58.3758,-0.0000
146.1900,1706.3577,-58.3758,-0.0000
146.2000,1705.7740,-58.3758,-0.0000
146.2100,1705.1902,-58.3758,-0.0000
146.2200,1704.6065,-58.3758,-0.0000
146.2300,1704.0227,-58.3758,-0.0000
146.2400,1703.4389,-58.3758,-0.0000
146.2500,1702.8552,-58.3758,-0.0000
146.2600,1702.2714,-58.3758,-0.0000
146.2700,1701.6877,-58.3758,-0.0000
146.2800,1701.1039,-58.3758,-0.0000
146.2900,1700.5202,-58.3758,-0.0000
146.3000,1699.9364,-58.3758,-0.0000
146.3100,1699.3526,-58.3758,-0.0000
146.3200,1698.7689,-58.3758,-0.0000
146.3300,1698.1851,-58.3758,-0.0000
146.3400,1697.6014,-58.3758,-0.0000
146.3500,1697.0176,-58.3758,-0.0000
146.3600,1696.4339,-58.3758,-0.0000
146.3700,1695.8501,-58.3758,-0.0000
146.3800,1695.2663,-58.3758,-0.0000
146.3900,1694.6826,-58.3758,-0.0000
146.4000,1694.0988,-58.3758,-0.0000
146.4100,1693.5151,-58.3758,-0.0000
146.4200,1692.9313,-58.3758,-0.0000
146.4300,1692.3476,-58.3758,-0.0000
146.4400,1691.7638,-58.3758,-0.0000
146.4500,1691.1800,-58.3758,-0.0000
146.4600,1690.5963,-58.3758,-0.0000
146.4700,1690.0125,-58.3758,-0.0000
146.4800,1689.4288,-58.3758,-0.0000
146.4900,1688.8450,-58.3758,-0.0000
146.5000,1688.2612,-58.3758,-0.0000
146.5100,1687.6775,-58.3758,-0.0000
146.5200,1687.0937,-58.3758,-0.0000
146.5300,1686.5100,-58.3758,-0.0000
146.5400,1685.9262,-58.3758,-0.0000
146.5500,1685.3425,-58.3758,-0.0000
146.5600,1684.7587,-58.3758,-0.0000
146.5700,1684.1749,-58.3758,-0.0000
146.5800,1683.5912,-58.3758,-0.0000
146.5900,1683.0074,-58.3758,-0.0000
146.6000,1682.4237,-58.3758,-0.0000
146.6100,1681.8399,-58.3758,-0.0000
146.6200,1681.2562,-58.3758,-0.0000
146.6300,1680.6724,-58.3758,-0.0000
146.6400,1680.0886,-58.3758,-0.0000
146.6500,1679.5049,-58.3758,-0.0000
146.6600,1678.9211,-58.3758,-0.0000
146.6700,1678.3374,-58.3758,-0.0000
146.6800,1677.7536,-58.3758,-0.0000
146.6900,1677.1699,-58.3758,-0.0000
146.7000,1676.5861,-58.3758,-0.0000
146.7100,1676.0023,-58.3758,-0.0000
146.7200,1675.4186,-58.3758,-0.0000
146.7300,1674.8348,-58.3758,-0.0000
146.7400,1674.2511,-58.3758,-0.0000
146.7500,1673.6673,-58.3758,-0.0000
146.7600,1673.0836,-58.3758,-0.0000
146.7700,1672.4998,-58.3758,-0.0000
146.7800,1671.9160,-58.3758,-0.0000
146.7900,1671.3323,-58.3758,-0.0000
146.8000,1670.7485,-58.3758,-0.0000
146.8100,1670.1648,-58.3758,-0.0000
146.8200,1669.5810,-58.3758,-0.0000
146.8300,1668.9972,-58.3758,-0.0000
146.8400,1668.4135,-58.3758,-0.0000
146.8500,1667.8297,-58.3758,-0.0000
146.8600,1667.2460,-58.3758,-0.0000
146.8700,1666.6622,-58.3758,-0.0000
146.8800,1666.0785,-58.3758,-0.0000
146.8900,1665.4947,-58.3758,-0.0000
146.9000,1664.9109,-58.3758,-0.0000
146.9100,1664.3272,-58.3758,-0.0000
146.9200,1663.7434,-58.3758,-0.0000
146.9300,1663.1597,-58.3758,-0.0000
146.9400,1662.5759,-58.3758,-0.0000
146.9500,1661.9922,-58.3758,-0.0000
146.9600,1661.4084,-58.3758,-0.0000
146.9700,1660.8246,-58.3758,-0.0000
146.9800,1660.2409,-58.3758,-0.0000
146.9900,1659.6571,-58.3758,-0.0000
147.0000,1659.0734,-58.3758,-0.0000
147.0100,1658.4896,-58.3758,-0.0000
147.0200,1657.9059,-58.3758,-0.0000
147.0300,1657.3221,-58.3758,-0.0000
147.0400,1656.7383,-58.3758,-0.0000
147.0500,1656.1546,-58.3758,-0.0000
147.0600,1655.5708,-58.3758,-0.0000
147.0700,1654.9871,-58.3758,-0.0000
147.0800,1654.4033,-58.3758,-0.0000
147.0900,1653.8196,-58.3758,-0.0000
147.1000,1653.2358,-58.3758,-0.0000
147.1100,1652.6520,-58.3758,-0.0000
147.1200,1652.0683,-58.3758,-0.0000
147.1300,1651.4845,-58.3758,-0.0000
147.1400,1650.9008,-58.3758,-0.0000
147.1500,1650.3170,-58.3758,-0.0000
147.1600,1649.7332,-58.3758,-0.0000
147.1700,1649.1495,-58.3758,-0.0000
147.1800,1648.5657,-58.3758,-0.0000
147.1900,1647.9820,-58.3758,-0.0000
147.2000,1647.3982,-58.3758,-0.0000
147.2100,1646.8145,-58.3758,-0.0000
147.2200,1646.2307,-58.3758,-0.0000
147.2300,1645.6469,-58.3758,-0.0000
147.2400,1645.0632,-58.3758,-0.0000
147.2500,1644.4794,-58.3758,-0.0000
147.2600,1643.8957,-58.3758,-0.0000
147.2700,1643.3119,-58.3758,-0.0000
147.2800,1642.7282,-58.3758,-0.0000
147.2900,1642.1444,-58.3758,-0.0000
147.3000,1641.5606,-58.3758,-0.0000
147.3100,1640.9769,-58.3758,-0.0000
147.3200,1640.3931,-58.3758,-0.0000
147.3300,1639.8094,-58.3758,-0.0000
147.3400,1639.2256,-58.3758,-0.0000
147.3500,1638.6419,-58.3758,-0.0000
147.3600,1638.0581,-58.3758,-0.0000
147.3700,1637.4743,-58.3758,-0.0000
147.3800,1636.8906,-58.3758,-0.0000
147.3900,1636.3068,-58.3758,-0.0000
147.4000,1635.7231,-58.3758,-0.0000
147.4100,1635.1393,-58.3758,-0.0000
147.4200,1634.5556,-58.3758,-0.0000
147.4300,1633.9718,-58.3758,-0.0000
147.4400,1633.3880,-58.3758,-0.0000
147.4500,1632.8043,-58.3758,-0.0000
147.4600,1632.2205,-58.3758,-0.0000
147.4700,1631.6368,-58.3758,-0.0000
147.4800,1631.0530,-58.3758,-0.0000
147.4900,1630.4692,-58.3758,-0.0000
147.5000,1629.8855,-58.3758,-0.0000
147.5100,1629.3017,-58.3758,-0.0000
147.5200,1628.7180,-58.3758,-0.0000
147.5300,1628.1342,-58.3758,-0.0000
147.5400,1627.5505,-58.3758,-0.0000
147.5500,1626.9667,-58.3758,-0.0000
147.5600,1626.3829,-58.3758,-0.0000
147.5700,1625.7992,-58.3758,-0.0000
147.5800,1625.2154,-58.3758,-0.0000
147.5900,1624.6317,-58.3758,-0.0000
147.6000,1624.0479,-58.3758,-0.0000
147.6100,1623.4642,-58.3758,-0.0000
147.6200,1622.8804,-58.3758,-0.0000
147.6300,1622.2966,-58.3758,-0.0000
147.6400,1621.7129,-58.3758,-0.0000
147.6500,1621.1291,-58.3758,-0.0000
147.6600,1620.5454,-58.3758,-0.0000
147.6700,1619.9616,-58.3758,-0.0000
147.6800,1619.3779,-58.3758,-0.0000
147.6900,1618.7941,-58.3758,-0.0000
147.7000,1618.2103,-58.3758,-0.0000
147.7100,1617.6266,-58.3758,-0.0000
147.7200,1617.0428,-58.3758,-0.0000
147.7300,1616.4591,-58.3758,-0.0000
147.7400,1615.8753,-58.3758,-0.0000
147.7500,1615.2916,-58.3758,-0.0000
147.7600,1614.7078,-58.3758,-0.0000
147.7700,1614.1240,-58.3758,-0.0000
147.7800,1613.5403,-58.3758,-0.0000
147.7900,1612.9565,-58.3758,-0.0000
147.8000,1612.3728,-58.3758,-0.0000
147.8100,1611.7890,-58.3758,-0.0000
147.8200,1611.2052,-58.3758,-0.0000
147.8300,1610.6215,-58.3758,-0.0000
147.8400,1610.0377,-58.3758,-0.0000
147.8500,1609.4540,-58.3758,-0.0000
147.8600,1608.8702,-58.3758,-0.0000
147.8700,1608.2865,-58.3758,-0.0000
147.8800,1607.7027,-58.3758,-0.0000
147.8900,1607.1189,-58.3758,-0.0000
147.9000,1606.5352,-58.3758,-0.0000
147.9100,1605.9514,-58.3758,-0.0000
147.9200,1605.3677,-58.3758,-0.0000
147.9300,1604.7839,-58.3758,-0.0000
147.9400,1604.2002,-58.3758,-0.0000
147.9500,1603.6164,-58.3758,-0.0000
147.9600,1603.0326,-58.3758,-0.0000
147.9700,1602.4489,-58.3758,-0.0000
147.9800,1601.8651,-58.3758,-0.0000
147.9900,1601.2814,-58.3758,-0.0000
148.0000,1600.6976,-58.3758,-0.0000
148.0100,1600.1139,-58.3758,-0.0000
148.0200,1599.5301,-58.3758,-0.0000
148.0300,1598.9463,-58.3758,-0.0000
148.0400,1598.3626,-58.3758,-0.0000
148.0500,1597.7788,-58.3758,-0.0000
148.0600,1597.1951,-58.3758,-0.0000
148.0700,1596.6113,-58.3758,-0.0000
148.0800,1596.0276,-58.3758,-0.0000
148.0900,1595.4438,-58.3758,-0.0000
148.1000,1594.8600,-58.3758,-0.0000
148.1100,1594.2763,-58.3758,-0.0000
148.1200,1593.6925,-58.3758,-0.0000
148.1300,1593.1088,-58.3758,-0.0000
148.1400,1592.5250,-58.3758,-0.0000
148.1500,1591.9412,-58.3758,-0.0000
148.1600,1591.3575,-58.3758,-0.0000
148.1700,1590.7737,-58.3758,-0.0000
148.1800,1590.1900,-58.3758,-0.0000
148.1900,1589.6062,-58.3758,-0.0000
148.2000,1589.0225,-58.3758,-0.0000
148.2100,1588.4387,-58.3758,-0.0000
148.2200,1587.8549,-58.3758,-0.0000
148.2300,1587.2712,-58.3758,-0.0000
148.2400,1586.6874,-58.3758,-0.0000
148.2500,1586.1037,-58.3758,-0.0000
148.2600,1585.5199,-58.3758,-0.0000
148.2700,1584.9362,-58.3758,-0.0000
148.2800,1584.3524,-58.3758,-0.0000
148.2900,1583.7686,-58.3758,-0.0000
148.3000,1583.1849,-58.3758,-0.0000
148.3100,1582.6011,-58.3758,-0.0000
148.3200,1582.0174,-58.3758,-0.0000
148.3300,1581.4336,-58.3758,-0.0000
148.3400,1580.8499,-58.3758,-0.0000
148.3500,1580.2661,-58.3758,-0.0000
148.3600,1579.6823,-58.3758,-0.0000
148.3700,1579.0986,-58.3758,-0.0000
148.3800,1578.5148,-58.3758,-0.0000
148.3900,1577.9311,-58.3758,-0.0000
148.4000,1577.3473,-58.3758,-0.0000
148.4100,1576.7636,-58.3758,-0.0000
148.4200,1576.1798,-58.3758,-0.0000
148.4300,1575.5960,-58.3758,-0.0000
148.4400,1575.0123,-58.3758,-0.0000
148.4500,1574.4285,-58.3758,-0.0000
148.4600,1573.8448,-58.3758,-0.0000
148.4700,1573.2610,-58.3758,-0.0000
148.4800,1572.6772,-58.3758,-0.0000
148.4900,1572.0935,-58.3758,-0.0000
148.5000,1571.5097,-58.3758,-0.0000
148.5100,1570.9260,-58.3758,-0.0000
148.5200,1570.3422,-58.3758,-0.0000
148.5300,1569.7585,-58.3758,-0.0000
148.5400,1569.1747,-58.3758,-0.0000
148.5500,1568.5909,-58.3758,-0.0000
148.5600,1568.0072,-58.3758,-0.0000
148.5700,1567.4234,-58.3758,-0.0000
148.5800,1566.8397,-58.3758,-0.0000
148.5900,1566.2559,-58.3758,-0.0000
148.6000,1565.6722,-58.3758,-0.0000
148.6100,1565.0884,-58.3758,-0.0000
148.6200,1564.5046,-58.3758,-0.0000
148.6300,1563.9209,-58.3758,-0.0000
148.6400,1563.3371,-58.3758,-0.0000
148.6500,1562.7534,-58.3758,-0.0000
148.6600,1562.1696,-58.3758,-0.0000
148.6700,1561.5859,-58.3758,-0.0000
148.6800,1561.0021,-58.3758,-0.0000
148.6900,1560.4183,-58.3758,-0.0000
148.7000,1559.8346,-58.3758,-0.0000
148.7100,1559.2508,-58.3758,-0.0000
148.7200,1558.6671,-58.3758,-0.0000
148.7300,1558.0833,-58.3758,-0.0000
148.7400,1557.4996,-58.3758,-0.0000
148.7500,1556.9158,-58.3758,-0.0000
148.7600,1556.3320,-58.3758,-0.0000
148.7700,1555.7483,-58.3758,-0.0000
148.7800,1555.1645,-58.3758,-0.0000
148.7900,1554.5808,-58.3758,-0.0000
148.8000,1553.9970,-58.3758,-0.0000
148.8100,1553.4132,-58.3758,-0.0000
148.8200,1552.8295,-58.3758,-0.0000
148.8300,1552.2457,-58.3758,-0.0000
148.8400,1551.6620,-58.3758,-0.0000
148.8500,1551.0782,-58.3758,-0.0000
148.8600,1550.4945,-58.3758,-0.0000
148.8700,1549.9107,-58.3758,-0.0000
148.8800,1549.3269,-58.3758,-0.0000
148.8900,1548.7432,-58.3758,-0.0000
148.9000,1548.1594,-58.3758,-0.0000
148.9100,1547.5757,-58.3758,-0.0000
148.9200,1546.9919,-58.3758,-0.0000
148.9300,1546.4082,-58.3758,-0.0000
148.9400,1545.8244,-58.3758,-0.0000
148.9500,1545.2406,-58.3758,-0.0000
148.9600,1544.6569,-58.3758,-0.0000
148.9700,1544.0731,-58.3758,-0.0000
148.9800,1543.4894,-58.3758,-0.0000
148.9900,1542.9056,-58.3758,-0.0000
149.0000,1542.3219,-58.3758,-0.0000
149.0100,1541.7381,-58.3758,-0.0000
149.0200,1541.1543,-58.3758,-0.0000
149.0300,1540.5706,-58.3758,-0.0000
149.0400,1539.9868,-58.3758,-0.0000
149.0500,1539.4031,-58.3758,-0.0000
149.0600,1538.8193,-58.3758,-0.0000
149.0700,1538.2356,-58.3758,-0.0000
149.0800,1537.6518,-58.3758,-0.0000
149.0900,1537.0680,-58.3758,-0.0000
149.1000,1536.4843,-58.3758,-0.0000
149.1100,1535.9005,-58.3758,-0.0000
149.1200,1535.3168,-58.3758,-0.0000
149.1300,1534.7330,-58.3758,-0.0000
149.1400,1534.1492,-58.3758,-0.0000
149.1500,1533.5655,-58.3758,-0.0000
149.1600,1532.9817,-58.3758,-0.0000
149.1700,1532.3980,-58.3758,-0.0000
149.1800,1531.8142,-58.3758,-0.0000
149.1900,1531.2305,-58.3758,-0.0000
149.2000,1530.6467,-58.3758,-0.0000
149.2100,1530.0629,-58.3758,-0.0000
149.2200,1529.4792,-58.3758,-0.0000
149.2300,1528.8954,-58.3758,-0.0000
149.2400,1528.3117,-58.3758,-0.0000
149.2500,1527.7279,-58.3758,-0.0000
149.2600,1527.1442,-58.3758,-0.0000
149.2700,1526.5604,-58.3758,-0.0000
149.2800,1525.9766,-58.3758,-0.0000
149.2900,1525.3929,-58.3758,-0.0000
149.3000,1524.8091,-58.3758,-0.0000
149.3100,1524.2254,-58.3758,-0.0000
149.3200,1523.6416,-58.3758,-0.0000
149.3300,1523.0579,-58.3758,-0.0000
149.3400,1522.4741,-58.3758,-0.0000
149.3500,1521.8903,-58.3758,-0.0000
149.3600,1521.3066,-58.3758,-0.0000
149.3700,1520.7228,-58.3758,-0.0000
149.3800,1520.1391,-58.3758,-0.0000
149.3900,1519.5553,-58.3758,-0.0000
149.4000,1518.9716,-58.3758,-0.0000
149.4100,1518.3878,-58.3758,-0.0000
149.4200,1517.8040,-58.3758,-0.0000
149.4300,1517.2203,-58.3758,-0.0000
149.4400,1516.6365,-58.3758,-0.0000
149.4500,1516.0528,-58.3758,-0.0000
149.4600,1515.4690,-58.3758,-0.0000
149.4700,1514.8852,-58.3758,-0.0000
149.4800,1514.3015,-58.3758,-0.0000
149.4900,1513.7177,-58.3758,-0.0000
149.5000,1513.1340,-58.3758,-0.0000
149.5100,1512.5502,-58.3758,-0.0000
149.5200,1511.9665,-58.3758,-0.0000
149.5300,1511.3827,-58.3758,-0.0000
149.5400,1510.7989,-58.3758,-0.0000
149.5500,1510.2152,-58.3758,-0.0000
149.5600,1509.6314,-58.3758,-0.0000
149.5700,1509.0477,-58.3758,-0.0000
149.5800,1508.4639,-58.3758,-0.0000
149.5900,1507.8802,-58.3758,-0.0000
149.6000,1507.2964,-58.3758,-0.0000
149.6100,1506.7126,-58.3758,-0.0000
149.6200,1506.1289,-58.3758,-0.0000
149.6300,1505.5451,-58.3758,-0.0000
149.6400,1504.9614,-58.3758,-0.0000
149.6500,1504.3776,-58.3758,-0.0000
149.6600,1503.7939,-58.3758,-0.0000
149.6700,1503.2101,-58.3758,-0.0000
149.6800,1502.6263,-58.3758,-0.0000
149.6900,1502.0426,-58.3758,-0.0000
149.7000,1501.4588,-58.3758,-0.0000
149.7100,1500.8751,-58.3758,-0.0000
149.7200,1500.2913,-58.3758,-0.0000
149.7300,1499.7076,-58.3758,-0.0000
149.7400,1499.1238,-58.3758,-0.0000
149.7500,1498.5400,-58.3758,-0.0000
149.7600,1497.9563,-58.3758,-0.0000
149.7700,1497.3725,-58.3758,-0.0000
149.7800,1496.7888,-58.3758,-0.0000
149.7900,1496.2050,-58.3758,-0.0000
149.8000,1495.6212,-58.3758,-0.0000
149.8100,1495.0375,-58.3758,-0.0000
149.8200,1494.4537,-58.3758,-0.0000
149.8300,1493.8700,-58.3758,-0.0000
149.8400,1493.2862,-58.3758,-0.0000
149.8500,1492.7025,-58.3758,-0.0000
149.8600,1492.1187,-58.3758,-0.0000
149.8700,1491.5349,-58.3758,-0.0000
149.8800,1490.9512,-58.3758,-0.0000
149.8900,1490.3674,-58.3758,-0.0000
149.9000,1489.7837,-58.3758,-0.0000
149.9100,1489.1999,-58.3758,-0.0000
149.9200,1488.6162,-58.3758,-0.0000
149.9300,1488.0324,-58.3758,-0.0000
149.9400,1487.4486,-58.3758,-0.0000
149.9500,1486.8649,-58.3758,-0.0000
149.9600,1486.2811,-58.3758,-0.0000
149.9700,1485.6974,-58.3758,-0.0000
149.9800,1485.1136,-58.3758,-0.0000
149.9900,1484.5299,-58.3758,-0.0000
150.0000,1483.9461,-58.3758,-0.0000
150.0100,1483.3623,-58.3758,-0.0000
150.0200,1482.7786,-58.3758,-0.0000
150.0300,1482.1948,-58.3758,-0.0000
150.0400,1481.6111,-58.3758,-0.0000
150.0500,1481.0273,-58.3758,-0.0000
150.0600,1480.4436,-58.3758,-0.0000
150.0700,1479.8598,-58.3758,-0.0000
150.0800,1479.2760,-58.3758,-0.0000
150.0900,1478.6923,-58.3758,-0.0000
150.1000,1478.1085,-58.3758,-0.0000
150.1100,1477.5248,-58.3758,-0.0000
150.1200,1476.9410,-58.3758,-0.0000
150.1300,1476.3572,-58.3758,-0.0000
150.1400,1475.7735,-58.3758,-0.0000
150.1500,1475.1897,-58.3758,-0.0000
150.1600,1474.6060,-58.3758,-0.0000
150.1700,1474.0222,-58.3758,-0.0000
150.1800,1473.4385,-58.3758,-0.0000
150.1900,1472.8547,-58.3758,-0.0000
150.2000,1472.2709,-58.3758,-0.0000
150.2100,1471.6872,-58.3758,-0.0000
150.2200,1471.1034,-58.3758,-0.0000
150.2300,1470.5197,-58.3758,-0.0000
150.2400,1469.9359,-58.3758,-0.0000
150.2500,1469.3522,-58.3758,-0.0000
150.2600,1468.7684,-58.3758,-0.0000
150.2700,1468.1846,-58.3758,-0.0000
150.2800,1467.6009,-58.3758,-0.0000
150.2900,1467.0171,-58.3758,-0.0000
150.3000,1466.4334,-58.3758,-0.0000
150.3100,1465.8496,-58.3758,-0.0000
150.3200,1465.2659,-58.3758,-0.0000
150.3300,1464.6821,-58.3758,-0.0000
150.3400,1464.0983,-58.3758,-0.0000
150.3500,1463.5146,-58.3758,-0.0000
150.3600,1462.9308,-58.3758,-0.0000
150.3700,1462.3471,-58.3758,-0.0000
150.3800,1461.7633,-58.3758,-0.0000
150.3900,1461.1796,-58.3758,-0.0000
150.4000,1460.5958,-58.3758,-0.0000
150.4100,1460.0120,-58.3758,-0.0000
150.4200,1459.4283,-58.3758,-0.0000
150.4300,1458.8445,-58.3758,-0.0000
150.4400,1458.2608,-58.3758,-0.0000
150.4500,1457.6770,-58.3758,-0.0000
150.4600,1457.0932,-58.3758,-0.0000
150.4700,1456.5095,-58.3758,-0.0000
150.4800,1455.9257,-58.3758,-0.0000
150.4900,1455.3420,-58.3758,-0.0000
150.5000,1454.7582,-58.3758,-0.0000
150.5100,1454.1745,-58.3758,-0.0000
150.5200,1453.5907,-58.3758,-0.0000
150.5300,1453.0069,-58.3758,-0.0000
150.5400,1452.4232,-58.3758,-0.0000
150.5500,1451.8394,-58.3758,-0.0000
150.5600,1451.2557,-58.3758,-0.0000
150.5700,1450.6719,-58.3758,-0.0000
150.5800,1450.0882,-58.3758,-0.0000
150.5900,1449.5044,-58.3758,-0.0000
150.6000,1448.9206,-58.3758,-0.0000
150.6100,1448.3369,-58.3758,-0.0000
150.6200,1447.7531,-58.3758,-0.0000
150.6300,1447.1694,-58.3758,-0.0000
150.6400,1446.5856,-58.3758,-0.0000
150.6500,1446.0019,-58.3758,-0.0000
150.6600,1445.4181,-58.3758,-0.0000
150.6700,1444.8343,-58.3758,-0.0000
150.6800,1444.2506,-58.3758,-0.0000
150.6900,1443.6668,-58.3758,-0.0000
150.7000,1443.0831,-58.3758,-0.0000
150.7100,1442.4993,-58.3758,-0.0000
150.7200,1441.9156,-58.3758,-0.0000
150.7300,1441.3318,-58.3758,-0.0000
150.7400,1440.7480,-58.3758,-0.0000
150.7500,1440.1643,-58.3758,-0.0000
150.7600,1439.5805,-58.3758,-0.0000
150.7700,1438.9968,-58.3758,-0.0000
150.7800,1438.4130,-58.3758,-0.0000
150.7900,1437.8292,-58.3758,-0.0000
150.8000,1437.2455,-58.3758,-0.0000
150.8100,1436.6617,-58.3758,-0.0000
150.8200,1436.0780,-58.3758,-0.0000
150.8300,1435.4942,-58.3758,-0.0000
150.8400,1434.9105,-58.3758,-0.0000
150.8500,1434.3267,-58.3758,-0.0000
150.8600,1433.7429,-58.3758,-0.0000
150.8700,1433.1592,-58.3758,-0.0000
150.8800,1432.5754,-58.3758,-0.0000
150.8900,1431.9917,-58.3758,-0.0000
150.9000,1431.4079,-58.3758,-0.0000
150.9100,1430.8242,-58.3758,-0.0000
150.9200,1430.2404,-58.3758,-0.0000
150.9300,1429.6566,-58.3758,-0.0000
150.9400,1429.0729,-58.3758,-0.0000
150.9500,1428.4891,-58.3758,-0.0000
150.9600,1427.9054,-58.3758,-0.0000
150.9700,1427.3216,-58.3758,-0.0000
150.9800,1426.7379,-58.3758,-0.0000
150.9900,1426.1541,-58.3758,-0.0000
151.0000,1425.5703,-58.3758,-0.0000
151.0100,1424.9866,-58.3758,-0.0000
151.0200,1424.4028,-58.3758,-0.0000
151.0300,1423.8191,-58.3758,-0.0000
151.0400,1423.2353,-58.3758,-0.0000
151.0500,1422.6516,-58.3758,-0.0000
151.0600,1422.0678,-58.3758,-0.0000
151.0700,1421.4840,-58.3758,-0.0000
151.0800,1420.9003,-58.3758,-0.0000
151.0900,1420.3165,-58.3758,-0.0000
151.1000,1419.7328,-58.3758,-0.0000
151.1100,1419.1490,-58.3758,-0.0000
151.1200,1418.5652,-58.3758,-0.0000
151.1300,1417.9815,-58.3758,-0.0000
151.1400,1417.3977,-58.3758,-0.0000
151.1500,1416.8140,-58.3758,-0.0000
151.1600,1416.2302,-58.3758,-0.0000
151.1700,1415.6465,-58.3758,-0.0000
151.1800,1415.0627,-58.3758,-0.0000
151.1900,1414.4789,-58.3758,-0.0000
151.2000,1413.8952,-58.3758,-0.0000
151.2100,1413.3114,-58.3758,-0.0000
151.2200,1412.7277,-58.3758,-0.0000
151.2300,1412.1439,-58.3758,-0.0000
151.2400,1411.5602,-58.3758,-0.0000
151.2500,1410.9764,-58.3758,-0.0000
151.2600,1410.3926,-58.3758,-0.0000
151.2700,1409.8089,-58.3758,-0.0000
151.2800,1409.2251,-58.3758,-0.0000
151.2900,1408.6414,-58.3758,-0.0000
151.3000,1408.0576,-58.3758,-0.0000
151.3100,1407.4739,-58.3758,-0.0000
151.3200,1406.8901,-58.3758,-0.0000
151.3300,1406.3063,-58.3758,-0.0000
151.3400,1405.7226,-58.3758,-0.0000
151.3500,1405.1388,-58.3758,-0.0000
151.3600,1404.5551,-58.3758,-0.0000
151.3700,1403.9713,-58.3758,-0.0000
151.3800,1403.3876,-58.3758,-0.0000
151.3900,1402.8038,-58.3758,-0.0000
151.4000,1402.2200,-58.3758,-0.0000
151.4100,1401.6363,-58.3758,-0.0000
151.4200,1401.0525,-58.3758,-0.0000
151.4300,1400.4688,-58.3758,-0.0000
151.4400,1399.8850,-58.3758,-0.0000
151.4500,1399.3012,-58.3758,-0.0000
151.4600,1398.7175,-58.3758,-0.0000
151.4700,1398.1337,-58.3758,-0.0000
151.4800,1397.5500,-58.3758,-0.0000
151.4900,1396.9662,-58.3758,-0.0000
151.5000,1396.3825,-58.3758,-0.0000
151.5100,1395.7987,-58.3758,-0.0000
151.5200,1395.2149,-58.3758,-0.0000
151.5300,1394.6312,-58.3758,-0.0000
151.5400,1394.0474,-58.3758,-0.0000
151.5500,1393.4637,-58.3758,-0.0000
151.5600,1392.8799,-58.3758,-0.0000
151.5700,1392.2962,-58.3758,-0.0000
151.5800,1391.7124,-58.3758,-0.0000
151.5900,1391.1286,-58.3758,-0.0000
151.6000,1390.5449,-58.3758,-0.0000
151.6100,1389.9611,-58.3758,-0.0000
151.6200,1389.3774,-58.3758,-0.0000
151.6300,1388.7936,-58.3758,-0.0000
151.6400,1388.2099,-58.3758,-0.0000
151.6500,1387.6261,-58.3758,-0.0000
151.6600,1387.0423,-58.3758,-0.0000
151.6700,1386.4586,-58.3758,-0.0000
151.6800,1385.8748,-58.3758,-0.0000
151.6900,1385.2911,-58.3758,-0.0000
151.7000,1384.7073,-58.3758,-0.0000
151.7100,1384.1236,-58.3758,-0.0000
151.7200,1383.5398,-58.3758,-0.0000
151.7300,1382.9560,-58.3758,-0.0000
151.7400,1382.3723,-58.3758,-0.0000
151.7500,1381.7885,-58.3758,-0.0000
151.7600,1381.2048,-58.3758,-0.0000
151.7700,1380.6210,-58.3758,-0.0000
151.7800,1380.0372,-58.3758,-0.0000
151.7900,1379.4535,-58.3758,-0.0000
151.8000,1378.8697,-58.3758,-0.0000
151.8100,1378.2860,-58.3758,-0.0000
151.8200,1377.7022,-58.3758,-0.0000
151.8300,1377.1185,-58.3758,-0.0000
151.8400,1376.5347,-58.3758,-0.0000
151.8500,1375.9509,-58.3758,-0.0000
151.8600,1375.3672,-58.3758,-0.0000
151.8700,1374.7834,-58.3758,-0.0000
151.8800,1374.1997,-58.3758,-0.0000
151.8900,1373.6159,-58.3758,-0.0000
151.9000,1373.0322,-58.3758,-0.0000
151.9100,1372.4484,-58.3758,-0.0000
151.9200,1371.8646,-58.3758,-0.0000
151.9300,1371.2809,-58.3758,-0.0000
151.9400,1370.6971,-58.3758,-0.0000
151.9500,1370.1134,-58.3758,-0.0000
151.9600,1369.5296,-58.3758,-0.0000
151.9700,1368.9459,-58.3758,-0.0000
151.9800,1368.3621,-58.3758,-0.0000
151.9900,1367.7783,-58.3758,-0.0000
152.0000,1367.1946,-58.3758,-0.0000
152.0100,1366.6108,-58.3758,-0.0000
152.0200,1366.0271,-58.3758,-0.0000
152.0300,1365.4433,-58.3758,-0.0000
152.0400,1364.8596,-58.3758,-0.0000
152.0500,1364.2758,-58.3758,-0.0000
152.0600,1363.6920,-58.3758,-0.0000
152.0700,1363.1083,-58.3758,-0.0000
152.0800,1362.5245,-58.3758,-0.0000
152.0900,1361.9408,-58.3758,-0.0000
152.1000,1361.3570,-58.3758,-0.0000
152.1100,1360.7732,-58.3758,-0.0000
152.1200,1360.1895,-58.3758,-0.0000
152.1300,1359.6057,-58.3758,-0.0000
152.1400,1359.0220,-58.3758,-0.0000
152.1500,1358.4382,-58.3758,-0.0000
152.1600,1357.8545,-58.3758,-0.0000
152.1700,1357.2707,-58.3758,-0.0000
152.1800,1356.6869,-58.3758,-0.0000
152.1900,1356.1032,-58.3758,-0.0000
152.2000,1355.5194,-58.3758,-0.0000
152.2100,1354.9357,-58.3758,-0.0000
152.2200,1354.3519,-58.3758,-0.0000
152.2300,1353.7682,-58.3758,-0.0000
152.2400,1353.1844,-58.3758,-0.0000
152.2500,1352.6006,-58.3758,-0.0000
152.2600,1352.0169,-58.3758,-0.0000
152.2700,1351.4331,-58.3758,-0.0000
152.2800,1350.8494,-58.3758,-0.0000
152.2900,1350.2656,-58.3758,-0.0000
152.3000,1349.6819,-58.3758,-0.0000
152.3100,1349.0981,-58.3758,-0.0000
152.3200,1348.5143,-58.3758,-0.0000
152.3300,1347.9306,-58.3758,-0.0000
152.3400,1347.3468,-58.3758,-0.0000
152.3500,1346.7631,-58.3758,-0.0000
152.3600,1346.1793,-58.3758,-0.0000
152.3700,1345.5956,-58.3758,-0.0000
152.3800,1345.0118,-58.3758,-0.0000
152.3900,1344.4280,-58.3758,-0.0000
152.4000,1343.8443,-58.3758,-0.0000
152.4100,1343.2605,-58.3758,-0.0000
152.4200,1342.6768,-58.3758,-0.0000
152.4300,1342.0930,-58.3758,-0.0000
152.4400,1341.5092,-58.3758,-0.0000
152.4500,1340.9255,-58.3758,-0.0000
152.4600,1340.3417,-58.3758,-0.0000
152.4700,1339.7580,-58.3758,-0.0000
152.4800,1339.1742,-58.3758,-0.0000
152.4900,1338.5905,-58.3758,-0.0000
152.5000,1338.0067,-58.3758,-0.0000
152.5100,1337.4229,-58.3758,-0.0000
152.5200,1336.8392,-58.3758,-0.0000
152.5300,1336.2554,-58.3758,-0.0000
152.5400,1335.6717,-58.3758,-0.0000
152.5500,1335.0879,-58.3758,-0.0000
152.5600,1334.5042,-58.3758,-0.0000
152.5700,1333.9204,-58.3758,-0.0000
152.5800,1333.3366,-58.3758,-0.0000
152.5900,1332.7529,-58.3758,-0.0000
152.6000,1332.1691,-58.3758,-0.0000
152.6100,1331.5854,-58.3758,-0.0000
152.6200,1331.0016,-58.3758,-0.0000
152.6300,1330.4179,-58.3758,-0.0000
152.6400,1329.8341,-58.3758,-0.0000
152.6500,1329.2503,-58.3758,-0.0000
152.6600,1328.6666,-58.3758,-0.0000
152.6700,1328.0828,-58.3758,-0.0000
152.6800,1327.4991,-58.3758,-0.0000
152.6900,1326.9153,-58.3758,-0.0000
152.7000,1326.3316,-58.3758,-0.0000
152.7100,1325.7478,-58.3758,-0.0000
152.7200,1325.1640,-58.3758,-0.0000
152.7300,1324.5803,-58.3758,-0.0000
152.7400,1323.9965,-58.3758,-0.0000
152.7500,1323.4128,-58.3758,-0.0000
152.7600,1322.8290,-58.3758,-0.0000
152.7700,1322.2452,-58.3758,-0.0000
152.7800,1321.6615,-58.3758,-0.0000
152.7900,1321.0777,-58.3758,-0.0000
152.8000,1320.4940,-58.3758,-0.0000
152.8100,1319.9102,-58.3758,-0.0000
152.8200,1319.3265,-58.3758,-0.0000
152.8300,1318.7427,-58.3758,-0.0000
152.8400,1318.1589,-58.3758,-0.0000
152.8500,1317.5752,-58.3758,-0.0000
152.8600,1316.9914,-58.3758,-0.0000
152.8700,1316.4077,-58.3758,-0.0000
152.8800,1315.8239,-58.3758,-0.0000
152.8900,1315.2402,-58.3758,-0.0000
152.9000,1314.6564,-58.3758,-0.0000
152.9100,1314.0726,-58.3758,-0.0000
152.9200,1313.4889,-58.3758,-0.0000
152.9300,1312.9051,-58.3758,-0.0000
152.9400,1312.3214,-58.3758,-0.0000
152.9500,1311.7376,-58.3758,-0.0000
152.9600,1311.1539,-58.3758,-0.0000
152.9700,1310.5701,-58.3758,-0.0000
152.9800,1309.9863,-58.3758,-0.0000
152.9900,1309.4026,-58.3758,-0.0000
153.0000,1308.8188,-58.3758,-0.0000
153.0100,1308.2351,-58.3758,-0.0000
153.0200,1307.6513,-58.3758,-0.0000
153.0300,1307.0676,-58.3758,-0.0000
153.0400,1306.4838,-58.3758,-0.0000
153.0500,1305.9000,-58.3758,-0.0000
153.0600,1305.3163,-58.3758,-0.0000
153.0700,1304.7325,-58.3758,-0.0000
153.0800,1304.1488,-58.3758,-0.0000
153.0900,1303.5650,-58.3758,-0.0000
153.1000,1302.9812,-58.3758,-0.0000
153.1100,1302.3975,-58.3758,-0.0000
153.1200,1301.8137,-58.3758,-0.0000
153.1300,1301.2300,-58.3758,-0.0000
153.1400,1300.6462,-58.3758,-0.0000
153.1500,1300.0625,-58.3758,-0.0000
153.1600,1299.4787,-58.3758,-0.0000
153.1700,1298.8949,-58.3758,-0.0000
153.1800,1298.3112,-58.3758,-0.0000
153.1900,1297.7274,-58.3758,-0.0000
153.2000,1297.1437,-58.3758,-0.0000
153.2100,1296.5599,-58.3758,-0.0000
153.2200,1295.9762,-58.3758,-0.0000
153.2300,1295.3924,-58.3758,-0.0000
153.2400,1294.8086,-58.3758,-0.0000
153.2500,1294.2249,-58.3758,-0.0000
153.2600,1293.6411,-58.3758,-0.0000
153.2700,1293.0574,-58.3758,-0.0000
153.2800,1292.4736,-58.3758,-0.0000
153.2900,1291.8899,-58.3758,-0.0000
153.3000,1291.3061,-58.3758,-0.0000
153.3100,1290.7223,-58.3758,-0.0000
153.3200,1290.1386,-58.3758,-0.0000
153.3300,1289.5548,-58.3758,-0.0000
153.3400,1288.9711,-58.3758,-0.0000
153.3500,1288.3873,-58.3758,-0.0000
153.3600,1287.8036,-58.3758,-0.0000
153.3700,1287.2198,-58.3758,-0.0000
153.3800,1286.6360,-58.3758,-0.0000
153.3900,1286.0523,-58.3758,-0.0000
153.4000,1285.4685,-58.3758,-0.0000
153.4100,1284.8848,-58.3758,-0.0000
153.4200,1284.3010,-58.3758,-0.0000
153.4300,1283.7172,-58.3758,-0.0000
153.4400,1283.1335,-58.3758,-0.0000
153.4500,1282.5497,-58.3758,-0.0000
153.4600,1281.9660,-58.3758,-0.0000
153.4700,1281.3822,-58.3758,-0.0000
153.4800,1280.7985,-58.3758,-0.0000
153.4900,1280.2147,-58.3758,-0.0000
153.5000,1279.6309,-58.3758,-0.0000
153.5100,1279.0472,-58.3758,-0.0000
153.5200,1278.4634,-58.3758,-0.0000
153.5300,1277.8797,-58.3758,-0.0000
153.5400,1277.2959,-58.3758,-0.0000
153.5500,1276.7122,-58.3758,-0.0000
153.5600,1276.1284,-58.3758,-0.0000
153.5700,1275.5446,-58.3758,-0.0000
153.5800,1274.9609,-58.3758,-0.0000
153.5900,1274.3771,-58.3758,-0.0000
153.6000,1273.7934,-58.3758,-0.0000
153.6100,1273.2096,-58.3758,-0.0000
153.6200,1272.6259,-58.3758,-0.0000
153.6300,1272.0421,-58.3758,-0.0000
153.6400,1271.4583,-58.3758,-0.0000
153.6500,1270.8746,-58.3758,-0.0000
153.6600,1270.2908,-58.3758,-0.0000
153.6700,1269.7071,-58.3758,-0.0000
153.6800,1269.1233,-58.3758,-0.0000
153.6900,1268.5396,-58.3758,-0.0000
153.7000,1267.9558,-58.3758,-0.0000
153.7100,1267.3720,-58.3758,-0.0000
153.7200,1266.7883,-58.3758,-0.0000
153.7300,1266.2045,-58.3758,-0.0000
153.7400,1265.6208,-58.3758,-0.0000
153.7500,1265.0370,-58.3758,-0.0000
153.7600,1264.4532,-58.3758,-0.0000
153.7700,1263.8695,-58.3758,-0.0000
153.7800,1263.2857,-58.3758,-0.0000
153.7900,1262.7020,-58.3758,-0.0000
153.8000,1262.1182,-58.3758,-0.0000
153.8100,1261.5345,-58.3758,-0.0000
153.8200,1260.9507,-58.3758,-0.0000
153.8300,1260.3669,-58.3758,-0.0000
153.8400,1259.7832,-58.3758,-0.0000
153.8500,1259.1994,-58.3758,-0.0000
153.8600,1258.6157,-58.3758,-0.0000
153.8700,1258.0319,-58.3758,-0.0000
153.8800,1257.4482,-58.3758,-0.0000
153.8900,1256.8644,-58.3758,-0.0000
153.9000,1256.2806,-58.3758,-0.0000
153.9100,1255.6969,-58.3758,-0.0000
153.9200,1255.1131,-58.3758,-0.0000
153.9300,1254.5294,-58.3758,-0.0000
153.9400,1253.9456,-58.3758,-0.0000
153.9500,1253.3619,-58.3758,-0.0000
153.9600,1252.7781,-58.3758,-0.0000
153.9700,1252.1943,-58.3758,-0.0000
153.9800,1251.6106,-58.3758,-0.0000
153.9900,1251.0268,-58.3758,-0.0000
154.0000,1250.4431,-58.3758,-0.0000
154.0100,1249.8593,-58.3758,-0.0000
154.0200,1249.2756,-58.3758,-0.0000
154.0300,1248.6918,-58.3758,-0.0000
154.0400,1248.1080,-58.3758,-0.0000
154.0500,1247.5243,-58.3758,-0.0000
154.0600,1246.9405,-58.3758,-0.0000
154.0700,1246.3568,-58.3758,-0.0000
154.0800,1245.7730,-58.3758,-0.0000
154.0900,1245.1892,-58.3758,-0.0000
154.1000,1244.6055,-58.3758,-0.0000
154.1100,1244.0217,-58.3758,-0.0000
154.1200,1243.4380,-58.3758,-0.0000
154.1300,1242.8542,-58.3758,-0.0000
154.1400,1242.2705,-58.3758,-0.0000
154.1500,1241.6867,-58.3758,-0.0000
154.1600,1241.1029,-58.3758,-0.0000
154.1700,1240.5192,-58.3758,-0.0000
154.1800,1239.9354,-58.3758,-0.0000
154.1900,1239.3517,-58.3758,-0.0000
154.2000,1238.7679,-58.3758,-0.0000
154.2100,1238.1842,-58.3758,-0.0000
154.2200,1237.6004,-58.3758,-0.0000
154.2300,1237.0166,-58.3758,-0.0000
154.2400,1236.4329,-58.3758,-0.0000
154.2500,1235.8491,-58.3758,-0.0000
154.2600,1235.2654,-58.3758,-0.0000
154.2700,1234.6816,-58.3758,-0.0000
154.2800,1234.0979,-58.3758,-0.0000
154.2900,1233.5141,-58.3758,-0.0000
154.3000,1232.9303,-58.3758,-0.0000
154.3100,1232.3466,-58.3758,-0.0000
154.3200,1231.7628,-58.3758,-0.0000
154.3300,1231.1791,-58.3758,-0.0000
154.3400,1230.5953,-58.3758,-0.0000
154.3500,1230.0116,-58.3758,-0.0000
154.3600,1229.4278,-58.3758,-0.0000
154.3700,1228.8440,-58.3758,-0.0000
154.3800,1228.2603,-58.3758,-0.0000
154.3900,1227.6765,-58.3758,-0.0000
154.4000,1227.0928,-58.3758,-0.0000
154.4100,1226.5090,-58.3758,-0.0000
154.4200,1225.9252,-58.3758,-0.0000
154.4300,1225.3415,-58.3758,-0.0000
154.4400,1224.7577,-58.3758,-0.0000
154.4500,1224.1740,-58.3758,-0.0000
154.4600,1223.5902,-58.3758,-0.0000
154.4700,1223.0065,-58.3758,-0.0000
154.4800,1222.4227,-58.3758,-0.0000
154.4900,1221.8389,-58.3758,-0.0000
154.5000,1221.2552,-58.3758,-0.0000
154.5100,1220.6714,-58.3758,-0.0000
154.5200,1220.0877,-58.3758,-0.0000
154.5300,1219.5039,-58.3758,-0.0000
154.5400,1218.9202,-58.3758,-0.0000
154.5500,1218.3364,-58.3758,-0.0000
154.5600,1217.7526,-58.3758,-0.0000
154.5700,1217.1689,-58.3758,-0.0000
154.5800,1216.5851,-58.3758,-0.0000
154.5900,1216.0014,-58.3758,-0.0000
154.6000,1215.4176,-58.3758,-0.0000
154.6100,1214.8339,-58.3758,-0.0000
154.6200,1214.2501,-58.3758,-0.0000
154.6300,1213.6663,-58.3758,-0.0000
154.6400,1213.0826,-58.3758,-0.0000
154.6500,1212.4988,-58.3758,-0.0000
154.6600,1211.9151,-58.3758,-0.0000
154.6700,1211.3313,-58.3758,-0.0000
154.6800,1210.7476,-58.3758,-0.0000
154.6900,1210.1638,-58.3758,-0.0000
154.7000,1209.5800,-58.3758,-0.0000
154.7100,1208.9963,-58.3758,-0.0000
154.7200,1208.4125,-58.3758,-0.0000
154.7300,1207.8288,-58.3758,-0.0000
154.7400,1207.2450,-58.3758,-0.0000
154.7500,1206.6613,-58.3758,-0.0000
154.7600,1206.0775,-58.3758,-0.0000
154.7700,1205.4937,-58.3758,-0.0000
154.7800,1204.9100,-58.3758,-0.0000
154.7900,1204.3262,-58.3758,-0.0000
154.8000,1203.7425,-58.3758,-0.0000
154.8100,1203.1587,-58.3758,-0.0000
154.8200,1202.5749,-58.3758,-0.0000
154.8300,1201.9912,-58.3758,-0.0000
154.8400,1201.4074,-58.3758,-0.0000
154.8500,1200.8237,-58.3758,-0.0000
154.8600,1200.2399,-58.3758,-0.0000
154.8700,1199.6562,-58.3758,-0.0000
154.8800,1199.0724,-58.3758,-0.0000
154.8900,1198.4886,-58.3758,-0.0000
154.9000,1197.9049,-58.3758,-0.0000
154.9100,1197.3211,-58.3758,-0.0000
154.9200,1196.7374,-58.3758,-0.0000
154.9300,1196.1536,-58.3758,-0.0000
154.9400,1195.5699,-58.3758,-0.0000
154.9500,1194.9861,-58.3758,-0.0000
154.9600,1194.4023,-58.3758,-0.0000
154.9700,1193.8186,-58.3758,-0.0000
154.9800,1193.2348,-58.3758,-0.0000
154.9900,1192.6511,-58.3758,-0.0000
155.0000,1192.0673,-58.3758,-0.0000
155.0100,1191.4836,-58.3758,-0.0000
155.0200,1190.8998,-58.3758,-0.0000
155.0300,1190.3160,-58.3758,-0.0000
155.0400,1189.7323,-58.3758,-0.0000
155.0500,1189.1485,-58.3758,-0.0000
155.0600,1188.5648,-58.3758,-0.0000
155.0700,1187.9810,-58.3758,-0.0000
155.0800,1187.3973,-58.3758,-0.0000
155.0900,1186.8135,-58.3758,-0.0000
155.1000,1186.2297,-58.3758,-0.0000
155.1100,1185.6460,-58.3758,-0.0000
155.1200,1185.0622,-58.3758,-0.0000
155.1300,1184.4785,-58.3758,-0.0000
155.1400,1183.8947,-58.3758,-0.0000
155.1500,1183.3109,-58.3758,-0.0000
155.1600,1182.7272,-58.3758,-0.0000
155.1700,1182.1434,-58.3758,-0.0000
155.1800,1181.5597,-58.3758,-0.0000
155.1900,1180.9759,-58.3758,-0.0000
155.2000,1180.3922,-58.3758,-0.0000
155.2100,1179.8084,-58.3758,-0.0000
155.2200,1179.2246,-58.3758,-0.0000
155.2300,1178.6409,-58.3758,-0.0000
155.2400,1178.0571,-58.3758,-0.0000
155.2500,1177.4734,-58.3758,-0.0000
155.2600,1176.8896,-58.3758,-0.0000
155.2700,1176.3059,-58.3758,-0.0000
155.2800,1175.7221,-58.3758,-0.0000
155.2900,1175.1383,-58.3758,-0.0000
155.3000,1174.5546,-58.3758,-0.0000
155.3100,1173.9708,-58.3758,-0.0000
155.3200,1173.3871,-58.3758,-0.0000
155.3300,1172.8033,-58.3758,-0.0000
155.3400,1172.2196,-58.3758,-0.0000
155.3500,1171.6358,-58.3758,-0.0000
155.3600,1171.0520,-58.3758,-0.0000
155.3700,1170.4683,-58.3758,-0.0000
155.3800,1169.8845,-58.3758,-0.0000
155.3900,1169.3008,-58.3758,-0.0000
155.4000,1168.7170,-58.3758,-0.0000
155.4100,1168.1333,-58.3758,-0.0000
155.4200,1167.5495,-58.3758,-0.0000
155.4300,1166.9657,-58.3758,-0.0000
155.4400,1166.3820,-58.3758,-0.0000
155.4500,1165.7982,-58.3758,-0.0000
155.4600,1165.2145,-58.3758,-0.0000
155.4700,1164.6307,-58.3758,-0.0000
155.4800,1164.0469,-58.3758,-0.0000
155.4900,1163.4632,-58.3758,-0.0000
155.5000,1162.8794,-58.3758,-0.0000
155.5100,1162.2957,-58.3758,-0.0000
155.5200,1161.7119,-58.3758,-0.0000
155.5300,1161.1282,-58.3758,-0.0000
155.5400,1160.5444,-58.3758,-0.0000
155.5500,1159.9606,-58.3758,-0.0000
155.5600,1159.3769,-58.3758,-0.0000
155.5700,1158.7931,-58.3758,-0.0000
155.5800,1158.2094,-58.3758,-0.0000
155.5900,1157.6256,-58.3758,-0.0000
155.6000,1157.0419,-58.3758,-0.0000
155.6100,1156.4581,-58.3758,-0.0000
155.6200,1155.8743,-58.3758,-0.0000
155.6300,1155.2906,-58.3758,-0.0000
155.6400,1154.7068,-58.3758,-0.0000
155.6500,1154.1231,-58.3758,-0.0000
155.6600,1153.5393,-58.3758,-0.0000
155.6700,1152.9556,-58.3758,-0.0000
155.6800,1152.3718,-58.3758,-0.0000
155.6900,1151.7880,-58.3758,-0.0000
155.7000,1151.2043,-58.3758,-0.0000
155.7100,1150.6205,-58.3758,-0.0000
155.7200,1150.0368,-58.3758,-0.0000
155.7300,1149.4530,-58.3758,-0.0000
155.7400,1148.8693,-58.3758,-0.0000
155.7500,1148.2855,-58.3758,-0.0000
155.7600,1147.7017,-58.3758,-0.0000
155.7700,1147.1180,-58.3758,-0.0000
155.7800,1146.5342,-58.3758,-0.0000
155.7900,1145.9505,-58.3758,-0.0000
155.8000,1145.3667,-58.3758,-0.0000
155.8100,1144.7829,-58.3758,-0.0000
155.8200,1144.1992,-58.3758,-0.0000
155.8300,1143.6154,-58.3758,-0.0000
155.8400,1143.0317,-58.3758,-0.0000
155.8500,1142.4479,-58.3758,-0.0000
155.8600,1141.8642,-58.3758,-0.0000
155.8700,1141.2804,-58.3758,-0.0000
155.8800,1140.6966,-58.3758,-0.0000
155.8900,1140.1129,-58.3758,-0.0000
155.9000,1139.5291,-58.3758,-0.0000
155.9100,1138.9454,-58.3758,-0.0000
155.9200,1138.3616,-58.3758,-0.0000
155.9300,1137.7779,-58.3758,-0.0000
155.9400,1137.1941,-58.3758,-0.0000
155.9500,1136.6103,-58.3758,-0.0000
155.9600,1136.0266,-58.3758,-0.0000
155.9700,1135.4428,-58.3758,-0.0000
155.9800,1134.8591,-58.3758,-0.0000
155.9900,1134.2753,-58.3758,-0.0000
156.0000,1133.6916,-58.3758,-0.0000
156.0100,1133.1078,-58.3758,-0.0000
156.0200,1132.5240,-58.3758,-0.0000
156.0300,1131.9403,-58.3758,-0.0000
156.0400,1131.3565,-58.3758,-0.0000
156.0500,1130.7728,-58.3758,-0.0000
156.0600,1130.1890,-58.3758,-0.0000
156.0700,1129.6053,-58.3758,-0.0000
156.0800,1129.0215,-58.3758,-0.0000
156.0900,1128.4377,-58.3758,-0.0000
156.1000,1127.8540,-58.3758,-0.0000
156.1100,1127.2702,-58.3758,-0.0000
156.1200,1126.6865,-58.3758,-0.0000
156.1300,1126.1027,-58.3758,-0.0000
156.1400,1125.5189,-58.3758,-0.0000
156.1500,1124.9352,-58.3758,-0.0000
156.1600,1124.3514,-58.3758,-0.0000
156.1700,1123.7677,-58.3758,-0.0000
156.1800,1123.1839,-58.3758,-0.0000
156.1900,1122.6002,-58.3758,-0.0000
156.2000,1122.0164,-58.3758,-0.0000
156.2100,1121.4326,-58.3758,-0.0000
156.2200,1120.8489,-58.3758,-0.0000
156.2300,1120.2651,-58.3758,-0.0000
156.2400,1119.6814,-58.3758,-0.0000
156.2500,1119.0976,-58.3758,-0.0000
156.2600,1118.5139,-58.3758,-0.0000
156.2700,1117.9301,-58.3758,-0.0000
156.2800,1117.3463,-58.3758,-0.0000
156.2900,1116.7626,-58.3758,-0.0000
156.3000,1116.1788,-58.3758,-0.0000
156.3100,1115.5951,-58.3758,-0.0000
156.3200,1115.0113,-58.3758,-0.0000
156.3300,1114.4276,-58.3758,-0.0000
156.3400,1113.8438,-58.3758,-0.0000
156.3500,1113.2600,-58.3758,-0.0000
156.3600,1112.6763,-58.3758,-0.0000
156.3700,1112.0925,-58.3758,-0.0000
156.3800,1111.5088,-58.3758,-0.0000
156.3900,1110.9250,-58.3758,-0.0000
156.4000,1110.3413,-58.3758,-0.0000
156.4100,1109.7575,-58.3758,-0.0000
156.4200,1109.1737,-58.3758,-0.0000
156.4300,1108.5900,-58.3758,-0.0000
156.4400,1108.0062,-58.3758,-0.0000
156.4500,1107.4225,-58.3758,-0.0000
156.4600,1106.8387,-58.3758,-0.0000
156.4700,1106.2549,-58.3758,-0.0000
156.4800,1105.6712,-58.3758,-0.0000
156.4900,1105.0874,-58.3758,-0.0000
156.5000,1104.5037,-58.3758,-0.0000
156.5100,1103.9199,-58.3758,-0.0000
156.5200,1103.3362,-58.3758,-0.0000
156.5300,1102.7524,-58.3758,-0.0000
156.5400,1102.1686,-58.3758,-0.0000
156.5500,1101.5849,-58.3758,-0.0000
156.5600,1101.0011,-58.3758,-0.0000
156.5700,1100.4174,-58.3758,-0.0000
156.5800,1099.8336,-58.3758,-0.0000
156.5900,1099.2499,-58.3758,-0.0000
156.6000,1098.6661,-58.3758,-0.0000
156.6100,1098.0823,-58.3758,-0.0000
156.6200,1097.4986,-58.3758,-0.0000
156.6300,1096.9148,-58.3758,-0.0000
156.6400,1096.3311,-58.3758,-0.0000
156.6500,1095.7473,-58.3758,-0.0000
156.6600,1095.1636,-58.3758,-0.0000
156.6700,1094.5798,-58.3758,-0.0000
156.6800,1093.9960,-58.3758,-0.0000
156.6900,1093.4123,-58.3758,-0.0000
156.7000,1092.8285,-58.3758,-0.0000
156.7100,1092.2448,-58.3758,-0.0000
156.7200,1091.6610,-58.3758,-0.0000
156.7300,1091.0773,-58.3758,-0.0000
156.7400,1090.4935,-58.3758,-0.0000
156.7500,1089.9097,-58.3758,-0.0000
156.7600,1089.3260,-58.3758,-0.0000
156.7700,1088.7422,-58.3758,-0.0000
156.7800,1088.1585,-58.3758,-0.0000
156.7900,1087.5747,-58.3758,-0.0000
156.8000,1086.9909,-58.3758,-0.0000
156.8100,1086.4072,-58.3758,-0.0000
156.8200,1085.8234,-58.3758,-0.0000
156.8300,1085.2397,-58.3758,-0.0000
156.8400,1084.6559,-58.3758,-0.0000
156.8500,1084.0722,-58.3758,-0.0000
156.8600,1083.4884,-58.3758,-0.0000
156.8700,1082.9046,-58.3758,-0.0000
156.8800,1082.3209,-58.3758,-0.0000
156.8900,1081.7371,-58.3758,-0.0000
156.9000,1081.1534,-58.3758,-0.0000
156.9100,1080.5696,-58.3758,-0.0000
156.9200,1079.9859,-58.3758,-0.0000
156.9300,1079.4021,-58.3758,-0.0000
156.9400,1078.8183,-58.3758,-0.0000
156.9500,1078.2346,-58.3758,-0.0000
156.9600,1077.6508,-58.3758,-0.0000
156.9700,1077.0671,-58.3758,-0.0000
156.9800,1076.4833,-58.3758,-0.0000
156.9900,1075.8996,-58.3758,-0.0000
157.0000,1075.3158,-58.3758,-0.0000
157.0100,1074.7320,-58.3758,-0.0000
157.0200,1074.1483,-58.3758,-0.0000
157.0300,1073.5645,-58.3758,-0.0000
157.0400,1072.9808,-58.3758,-0.0000
157.0500,1072.3970,-58.3758,-0.0000
157.0600,1071.8133,-58.3758,-0.0000
157.0700,1071.2295,-58.3758,-0.0000
157.0800,1070.6457,-58.3758,-0.0000
157.0900,1070.0620,-58.3758,-0.0000
157.1000,1069.4782,-58.3758,-0.0000
157.1100,1068.8945,-58.3758,-0.0000
157.1200,1068.3107,-58.3758,-0.0000
157.1300,1067.7269,-58.3758,-0.0000
157.1400,1067.1432,-58.3758,-0.0000
157.1500,1066.5594,-58.3758,-0.0000
157.1600,1065.9757,-58.3758,-0.0000
157.1700,1065.3919,-58.3758,-0.0000
157.1800,1064.8082,-58.3758,-0.0000
157.1900,1064.2244,-58.3758,-0.0000
157.2000,1063.6406,-58.3758,-0.0000
157.2100,1063.0569,-58.3758,-0.0000
157.2200,1062.4731,-58.3758,-0.0000
157.2300,1061.8894,-58.3758,-0.0000
157.2400,1061.3056,-58.3758,-0.0000
157.2500,1060.7219,-58.3758,-0.0000
157.2600,1060.1381,-58.3758,-0.0000
157.2700,1059.5543,-58.3758,-0.0000
157.2800,1058.9706,-58.3758,-0.0000
157.2900,1058.3868,-58.3758,-0.0000
157.3000,1057.8031,-58.3758,-0.0000
157.3100,1057.2193,-58.3758,-0.0000
157.3200,1056.6356,-58.3758,-0.0000
157.3300,1056.0518,-58.3758,-0.0000
157.3400,1055.4680,-58.3758,-0.0000
157.3500,1054.8843,-58.3758,-0.0000
157.3600,1054.3005,-58.3758,-0.0000
157.3700,1053.7168,-58.3758,-0.0000
157.3800,1053.1330,-58.3758,-0.0000
157.3900,1052.5493,-58.3758,-0.0000
157.4000,1051.9655,-58.3758,-0.0000
157.4100,1051.3817,-58.3758,-0.0000
157.4200,1050.7980,-58.3758,-0.0000
157.4300,1050.2142,-58.3758,-0.0000
157.4400,1049.6305,-58.3758,-0.0000
157.4500,1049.0467,-58.3758,-0.0000
157.4600,1048.4629,-58.3758,-0.0000
157.4700,1047.8792,-58.3758,-0.0000
157.4800,1047.2954,-58.3758,-0.0000
157.4900,1046.7117,-58.3758,-0.0000
157.5000,1046.1279,-58.3758,-0.0000
157.5100,1045.5442,-58.3758,-0.0000
157.5200,1044.9604,-58.3758,-0.0000
157.5300,1044.3766,-58.3758,-0.0000
157.5400,1043.7929,-58.3758,-0.0000
157.5500,1043.2091,-58.3758,-0.0000
157.5600,1042.6254,-58.3758,-0.0000
157.5700,1042.0416,-58.3758,-0.0000
157.5800,1041.4579,-58.3758,-0.0000
157.5900,1040.8741,-58.3758,-0.0000
157.6000,1040.2903,-58.3758,-0.0000
157.6100,1039.7066,-58.3758,-0.0000
157.6200,1039.1228,-58.3758,-0.0000
157.6300,1038.5391,-58.3758,-0.0000
157.6400,1037.9553,-58.3758,-0.0000
157.6500,1037.3716,-58.3758,-0.0000
157.6600,1036.7878,-58.3758,-0.0000
157.6700,1036.2040,-58.3758,-0.0000
157.6800,1035.6203,-58.3758,-0.0000
157.6900,1035.0365,-58.3758,-0.0000
157.7000,1034.4528,-58.3758,-0.0000
157.7100,1033.8690,-58.3758,-0.0000
157.7200,1033.2853,-58.3758,-0.0000
157.7300,1032.7015,-58.3758,-0.0000
157.7400,1032.1177,-58.3758,-0.0000
157.7500,1031.5340,-58.3758,-0.0000
157.7600,1030.9502,-58.3758,-0.0000
157.7700,1030.3665,-58.3758,-0.0000
157.7800,1029.7827,-58.3758,-0.0000
157.7900,1029.1989,-58.3758,-0.0000
157.8000,1028.6152,-58.3758,-0.0000
157.8100,1028.0314,-58.3758,-0.0000
157.8200,1027.4477,-58.3758,-0.0000
157.8300,1026.8639,-58.3758,-0.0000
157.8400,1026.2802,-58.3758,-0.0000
157.8500,1025.6964,-58.3758,-0.0000
157.8600,1025.1126,-58.3758,-0.0000
157.8700,1024.5289,-58.3758,-0.0000
157.8800,1023.9451,-58.3758,-0.0000
157.8900,1023.3614,-58.3758,-0.0000
157.9000,1022.7776,-58.3758,-0.0000
157.9100,1022.1939,-58.3758,-0.0000
157.9200,1021.6101,-58.3758,-0.0000
157.9300,1021.0263,-58.3758,-0.0000
157.9400,1020.4426,-58.3758,-0.0000
157.9500,1019.8588,-58.3758,-0.0000
157.9600,1019.2751,-58.3758,-0.0000
157.9700,1018.6913,-58.3758,-0.0000
157.9800,1018.1076,-58.3758,-0.0000
157.9900,1017.5238,-58.3758,-0.0000
158.0000,1016.9400,-58.3758,-0.0000
158.0100,1016.3563,-58.3758,-0.0000
158.0200,1015.7725,-58.3758,-0.0000
158.0300,1015.1888,-58.3758,-0.0000
158.0400,1014.6050,-58.3758,-0.0000
158.0500,1014.0213,-58.3758,-0.0000
158.0600,1013.4375,-58.3758,-0.0000
158.0700,1012.8537,-58.3758,-0.0000
158.0800,1012.2700,-58.3758,-0.0000
158.0900,1011.6862,-58.3758,-0.0000
158.1000,1011.1025,-58.3758,-0.0000
158.1100,1010.5187,-58.3758,-0.0000
158.1200,1009.9349,-58.3758,-0.0000
158.1300,1009.3512,-58.3758,-0.0000
158.1400,1008.7674,-58.3758,-0.0000
158.1500,1008.1837,-58.3758,-0.0000
158.1600,1007.5999,-58.3758,-0.0000
158.1700,1007.0162,-58.3758,-0.0000
158.1800,1006.4324,-58.3758,-0.0000
158.1900,1005.8486,-58.3758,-0.0000
158.2000,1005.2649,-58.3758,-0.0000
158.2100,1004.6811,-58.3758,-0.0000
158.2200,1004.0974,-58.3758,-0.0000
158.2300,1003.5136,-58.3758,-0.0000
158.2400,1002.9299,-58.3758,-0.0000
158.2500,1002.3461,-58.3758,-0.0000
158.2600,1001.7623,-58.3758,-0.0000
158.2700,1001.1786,-58.3758,-0.0000
158.2800,1000.5948,-58.3758,-0.0000
158.2900,1000.0111,-58.3758,-0.0000
158.3000,999.4273,-58.3758,-0.0000
158.3100,998.8436,-58.3758,-0.0000
158.3200,998.2598,-58.3758,-0.0000
158.3300,997.6760,-58.3758,-0.0000
158.3400,997.0923,-58.3758,-0.0000
158.3500,996.5085,-58.3758,-0.0000
158.3600,995.9248,-58.3758,-0.0000
158.3700,995.3410,-58.3758,-0.0000
158.3800,994.7573,-58.3758,-0.0000
158.3900,994.1735,-58.3758,-0.0000
158.4000,993.5897,-58.3758,-0.0000
158.4100,993.0060,-58.3758,-0.0000
158.4200,992.4222,-58.3758,-0.0000
158.4300,991.8385,-58.3758,-0.0000
158.4400,991.2547,-58.3758,-0.0000
158.4500,990.6709,-58.3758,-0.0000
158.4600,990.0872,-58.3758,-0.0000
158.4700,989.5034,-58.3758,-0.0000
158.4800,988.9197,-58.3758,-0.0000
158.4900,988.3359,-58.3758,-0.0000
158.5000,987.7522,-58.3758,-0.0000
158.5100,987.1684,-58.3758,-0.0000
158.5200,986.5846,-58.3758,-0.0000
158.5300,986.0009,-58.3758,-0.0000
158.5400,985.4171,-58.3758,-0.0000
158.5500,984.8334,-58.3758,-0.0000
158.5600,984.2496,-58.3758,-0.0000
158.5700,983.6659,-58.3758,-0.0000
158.5800,983.0821,-58.3758,-0.0000
158.5900,982.4983,-58.3758,-0.0000
158.6000,981.9146,-58.3758,-0.0000
158.6100,981.3308,-58.3758,-0.0000
158.6200,980.7471,-58.3758,-0.0000
158.6300,980.1633,-58.3758,-0.0000
158.6400,979.5796,-58.3758,-0.0000
158.6500,978.9958,-58.3758,-0.0000
158.6600,978.4120,-58.3758,-0.0000
158.6700,977.8283,-58.3758,-0.0000
158.6800,977.2445,-58.3758,-0.0000
158.6900,976.6608,-58.3758,-0.0000
158.7000,976.0770,-58.3758,-0.0000
158.7100,975.4933,-58.3758,-0.0000
158.7200,974.9095,-58.3758,-0.0000
158.7300,974.3257,-58.3758,-0.0000
158.7400,973.7420,-58.3758,-0.0000
158.7500,973.1582,-58.3758,-0.0000
158.7600,972.5745,-58.3758,-0.0000
158.7700,971.9907,-58.3758,-0.0000
158.7800,971.4069,-58.3758,-0.0000
158.7900,970.8232,-58.3758,-0.0000
158.8000,970.2394,-58.3758,-0.0000
158.8100,969.6557,-58.3758,-0.0000
158.8200,969.0719,-58.3758,-0.0000
158.8300,968.4882,-58.3758,-0.0000
158.8400,967.9044,-58.3758,-0.0000
158.8500,967.3206,-58.3758,-0.0000
158.8600,966.7369,-58.3758,-0.0000
158.8700,966.1531,-58.3758,-0.0000
158.8800,965.5694,-58.3758,-0.0000
158.8900,964.9856,-58.3758,-0.0000
158.9000,964.4019,-58.3758,-0.0000
158.9100,963.8181,-58.3758,-0.0000
158.9200,963.2343,-58.3758,-0.0000
158.9300,962.6506,-58.3758,-0.0000
158.9400,962.0668,-58.3758,-0.0000
158.9500,961.4831,-58.3758,-0.0000
158.9600,960.8993,-58.3758,-0.0000
158.9700,960.3156,-58.3758,-0.0000
158.9800,959.7318,-58.3758,-0.0000
158.9900,959.1480,-58.3758,-0.0000
159.0000,958.5643,-58.3758,-0.0000
159.0100,957.9805,-58.3758,-0.0000
159.0200,957.3968,-58.3758,-0.0000
159.0300,956.8130,-58.3758,-0.0000
159.0400,956.2293,-58.3758,-0.0000
159.0500,955.6455,-58.3758,-0.0000
159.0600,955.0617,-58.3758,-0.0000
159.0700,954.4780,-58.3758,-0.0000
159.0800,953.8942,-58.3758,-0.0000
159.0900,953.3105,-58.3758,-0.0000
159.1000,952.7267,-58.3758,-0.0000
159.1100,952.1429,-58.3758,-0.0000
159.1200,951.5592,-58.3758,-0.0000
159.1300,950.9754,-58.3758,-0.0000
159.1400,950.3917,-58.3758,-0.0000
159.1500,949.8079,-58.3758,-0.0000
159.1600,949.2242,-58.3758,-0.0000
159.1700,948.6404,-58.3758,-0.0000
159.1800,948.0566,-58.3758,-0.0000
159.1900,947.4729,-58.3758,-0.0000
159.2000,946.8891,-58.3758,-0.0000
159.2100,946.3054,-58.3758,-0.0000
159.2200,945.7216,-58.3758,-0.0000
159.2300,945.1379,-58.3758,-0.0000
159.2400,944.5541,-58.3758,-0.0000
159.2500,943.9703,-58.3758,-0.0000
159.2600,943.3866,-58.3758,-0.0000
159.2700,942.8028,-58.3758,-0.0000
159.2800,942.2191,-58.3758,-0.0000
159.2900,941.6353,-58.3758,-0.0000
159.3000,941.0516,-58.3758,-0.0000
159.3100,940.4678,-58.3758,-0.0000
159.3200,939.8840,-58.3758,-0.0000
159.3300,939.3003,-58.3758,-0.0000
159.3400,938.7165,-58.3758,-0.0000
159.3500,938.1328,-58.3758,-0.0000
159.3600,937.5490,-58.3758,-0.0000
159.3700,936.9653,-58.3758,-0.0000
159.3800,936.3815,-58.3758,-0.0000
159.3900,935.7977,-58.3758,-0.0000
159.4000,935.2140,-58.3758,-0.0000
159.4100,934.6302,-58.3758,-0.0000
159.4200,934.0465,-58.3758,-0.0000
159.4300,933.4627,-58.3758,-0.0000
159.4400,932.8789,-58.3758,-0.0000
159.4500,932.2952,-58.3758,-0.0000
159.4600,931.7114,-58.3758,-0.0000
159.4700,931.1277,-58.3758,-0.0000
159.4800,930.5439,-58.3758,-0.0000
159.4900,929.9602,-58.3758,-0.0000
159.5000,929.3764,-58.3758,-0.0000
159.5100,928.7926,-58.3758,-0.0000
159.5200,928.2089,-58.3758,-0.0000
159.5300,927.6251,-58.3758,-0.0000
159.5400,927.0414,-58.3758,-0.0000
159.5500,926.4576,-58.3758,-0.0000
159.5600,925.8739,-58.3758,-0.0000
159.5700,925.2901,-58.3758,-0.0000
159.5800,924.7063,-58.3758,-0.0000
159.5900,924.1226,-58.3758,-0.0000
159.6000,923.5388,-58.3758,-0.0000
159.6100,922.9551,-58.3758,-0.0000
159.6200,922.3713,-58.3758,-0.0000
159.6300,921.7876,-58.3758,-0.0000
159.6400,921.2038,-58.3758,-0.0000
159.6500,920.6200,-58.3758,-0.0000
159.6600,920.0363,-58.3758,-0.0000
159.6700,919.4525,-58.3758,-0.0000
159.6800,918.8688,-58.3758,-0.0000
159.6900,918.2850,-58.3758,-0.0000
159.7000,917.7013,-58.3758,-0.0000
159.7100,917.1175,-58.3758,-0.0000
159.7200,916.5337,-58.3758,-0.0000
159.7300,915.9500,-58.3758,-0.0000
159.7400,915.3662,-58.3758,-0.0000
159.7500,914.7825,-58.3758,-0.0000
159.7600,914.1987,-58.3758,-0.0000
159.7700,913.6149,-58.3758,-0.0000
159.7800,913.0312,-58.3758,-0.0000
159.7900,912.4474,-58.3758,-0.0000
159.8000,911.8637,-58.3758,-0.0000
159.8100,911.2799,-58.3758,-0.0000
159.8200,910.6962,-58.3758,-0.0000
159.8300,910.1124,-58.3758,-0.0000
159.8400,909.5286,-58.3758,-0.0000
159.8500,908.9449,-58.3758,-0.0000
159.8600,908.3611,-58.3758,-0.0000
159.8700,907.7774,-58.3758,-0.0000
159.8800,907.1936,-58.3758,-0.0000
159.8900,906.6099,-58.3758,-0.0000
159.9000,906.0261,-58.3758,-0.0000
159.9100,905.4423,-58.3758,-0.0000
159.9200,904.8586,-58.3758,-0.0000
159.9300,904.2748,-58.3758,-0.0000
159.9400,903.6911,-58.3758,-0.0000
159.9500,903.1073,-58.3758,-0.0000
159.9600,902.5236,-58.3758,-0.0000
159.9700,901.9398,-58.3758,-0.0000
159.9800,901.3560,-58.3758,-0.0000
159.9900,900.7723,-58.3758,-0.0000
160.0000,900.1885,-58.3758,-0.0000
160.0100,899.6048,-58.3758,-0.0000
160.0200,899.0210,-58.3758,-0.0000
160.0300,898.4373,-58.3758,-0.0000
160.0400,897.8535,-58.3758,-0.0000
160.0500,897.2697,-58.3758,-0.0000
160.0600,896.6860,-58.3758,-0.0000
160.0700,896.1022,-58.3758,-0.0000
160.0800,895.5185,-58.3758,-0.0000
160.0900,894.9347,-58.3758,-0.0000
160.1000,894.3509,-58.3758,-0.0000
160.1100,893.7672,-58.3758,-0.0000
160.1200,893.1834,-58.3758,-0.0000
160.1300,892.5997,-58.3758,-0.0000
160.1400,892.0159,-58.3758,-0.0000
160.1500,891.4322,-58.3758,-0.0000
160.1600,890.8484,-58.3758,-0.0000
160.1700,890.2646,-58.3758,-0.0000
160.1800,889.6809,-58.3758,-0.0000
160.1900,889.0971,-58.3758,-0.0000
160.2000,888.5134,-58.3758,-0.0000
160.2100,887.9296,-58.3758,-0.0000
160.2200,887.3459,-58.3758,-0.0000
160.2300,886.7621,-58.3758,-0.0000
160.2400,886.1783,-58.3758,-0.0000
160.2500,885.5946,-58.3758,-0.0000
160.2600,885.0108,-58.3758,-0.0000
160.2700,884.4271,-58.3758,-0.0000
160.2800,883.8433,-58.3758,-0.0000
160.2900,883.2596,-58.3758,-0.0000
160.3000,882.6758,-58.3758,-0.0000
160.3100,882.0920,-58.3758,-0.0000
160.3200,881.5083,-58.3758,-0.0000
160.3300,880.9245,-58.3758,-0.0000
160.3400,880.3408,-58.3758,-0.0000
160.3500,879.7570,-58.3758,-0.0000
160.3600,879.1733,-58.3758,-0.0000
160.3700,878.5895,-58.3758,-0.0000
160.3800,878.0057,-58.3758,-0.0000
160.3900,877.4220,-58.3758,-0.0000
160.4000,876.8382,-58.3758,-0.0000
160.4100,876.2545,-58.3758,-0.0000
160.4200,875.6707,-58.3758,-0.0000
160.4300,875.0869,-58.3758,-0.0000
160.4400,874.5032,-58.3758,-0.0000
160.4500,873.9194,-58.3758,-0.0000
160.4600,873.3357,-58.3758,-0.0000
160.4700,872.7519,-58.3758,-0.0000
160.4800,872.1682,-58.3758,-0.0000
160.4900,871.5844,-58.3758,-0.0000
160.5000,871.0006,-58.3758,-0.0000
160.5100,870.4169,-58.3758,-0.0000
160.5200,869.8331,-58.3758,-0.0000
160.5300,869.2494,-58.3758,-0.0000
160.5400,868.6656,-58.3758,-0.0000
160.5500,868.0819,-58.3758,-0.0000
160.5600,867.4981,-58.3758,-0.0000
160.5700,866.9143,-58.3758,-0.0000
160.5800,866.3306,-58.3758,-0.0000
160.5900,865.7468,-58.3758,-0.0000
160.6000,865.1631,-58.3758,-0.0000
160.6100,864.5793,-58.3758,-0.0000
160.6200,863.9956,-58.3758,-0.0000
160.6300,863.4118,-58.3758,-0.0000
160.6400,862.8280,-58.3758,-0.0000
160.6500,862.2443,-58.3758,-0.0000
160.6600,861.6605,-58.3758,-0.0000
160.6700,861.0768,-58.3758,-0.0000
160.6800,860.4930,-58.3758,-0.0000
160.6900,859.9093,-58.3758,-0.0000
160.7000,859.3255,-58.3758,-0.0000
160.7100,858.7417,-58.3758,-0.0000
160.7200,858.1580,-58.3758,-0.0000
160.7300,857.5742,-58.3758,-0.0000
160.7400,856.9905,-58.3758,-0.0000
160.7500,856.4067,-58.3758,-0.0000
160.7600,855.8229,-58.3758,-0.0000
160.7700,855.2392,-58.3758,-0.0000
160.7800,854.6554,-58.3758,-0.0000
160.7900,854.0717,-58.3758,-0.0000
160.8000,853.4879,-58.3758,-0.0000
160.8100,852.9042,-58.3758,-0.0000
160.8200,852.3204,-58.3758,-0.0000
160.8300,851.7366,-58.3758,-0.0000
160.8400,851.1529,-58.3758,-0.0000
160.8500,850.5691,-58.3758,-0.0000
160.8600,849.9854,-58.3758,-0.0000
160.8700,849.4016,-58.3758,-0.0000
160.8800,848.8179,-58.3758,-0.0000
160.8900,848.2341,-58.3758,-0.0000
160.9000,847.6503,-58.3758,-0.0000
160.9100,847.0666,-58.3758,-0.0000
160.9200,846.4828,-58.3758,-0.0000
160.9300,845.8991,-58.3758,-0.0000
160.9400,845.3153,-58.3758,-0.0000
160.9500,844.7316,-58.3758,-0.0000
160.9600,844.1478,-58.3758,-0.0000
160.9700,843.5640,-58.3758,-0.0000
160.9800,842.9803,-58.3758,-0.0000
160.9900,842.3965,-58.3758,-0.0000
161.0000,841.8128,-58.3758,-0.0000
161.0100,841.2290,-58.3758,-0.0000
161.0200,840.6453,-58.3758,-0.0000
161.0300,840.0615,-58.3758,-0.0000
161.0400,839.4777,-58.3758,-0.0000
161.0500,838.8940,-58.3758,-0.0000
161.0600,838.3102,-58.3758,-0.0000
161.0700,837.7265,-58.3758,-0.0000
161.0800,837.1427,-58.3758,-0.0000
161.0900,836.5589,-58.3758,-0.0000
161.1000,835.9752,-58.3758,-0.0000
161.1100,835.3914,-58.3758,-0.0000
161.1200,834.8077,-58.3758,-0.0000
161.1300,834.2239,-58.3758,-0.0000
161.1400,833.6402,-58.3758,-0.0000
161.1500,833.0564,-58.3758,-0.0000
161.1600,832.4726,-58.3758,-0.0000
161.1700,831.8889,-58.3758,-0.0000
161.1800,831.3051,-58.3758,-0.0000
161.1900,830.7214,-58.3758,-0.0000
161.2000,830.1376,-58.3758,-0.0000
161.2100,829.5539,-58.3758,-0.0000
161.2200,828.9701,-58.3758,-0.0000
161.2300,828.3863,-58.3758,-0.0000
161.2400,827.8026,-58.3758,-0.0000
161.2500,827.2188,-58.3758,-0.0000
161.2600,826.6351,-58.3758,-0.0000
161.2700,826.0513,-58.3758,-0.0000
161.2800,825.4676,-58.3758,-0.0000
161.2900,824.8838,-58.3758,-0.0000
161.3000,824.3000,-58.3758,-0.0000
161.3100,823.7163,-58.3758,-0.0000
161.3200,823.1325,-58.3758,-0.0000
161.3300,822.5488,-58.3758,-0.0000
161.3400,821.9650,-58.3758,-0.0000
161.3500,821.3813,-58.3758,-0.0000
161.3600,820.7975,-58.3758,-0.0000
161.3700,820.2137,-58.3758,-0.0000
161.3800,819.6300,-58.3758,-0.0000
161.3900,819.0462,-58.3758,-0.0000
161.4000,818.4625,-58.3758,-0.0000
161.4100,817.8787,-58.3758,-0.0000
161.4200,817.2949,-58.3758,-0.0000
161.4300,816.7112,-58.3758,-0.0000
161.4400,816.1274,-58.3758,-0.0000
161.4500,815.5437,-58.3758,-0.0000
161.4600,814.9599,-58.3758,-0.0000
161.4700,814.3762,-58.3758,-0.0000
161.4800,813.7924,-58.3758,-0.0000
161.4900,813.2086,-58.3758,-0.0000
161.5000,812.6249,-58.3758,-0.0000
161.5100,812.0411,-58.3758,-0.0000
161.5200,811.4574,-58.3758,-0.0000
161.5300,810.8736,-58.3758,-0.0000
161.5400,810.2899,-58.3758,-0.0000
161.5500,809.7061,-58.3758,-0.0000
161.5600,809.1223,-58.3758,-0.0000
161.5700,808.5386,-58.3758,-0.0000
161.5800,807.9548,-58.3758,-0.0000
161.5900,807.3711,-58.3758,-0.0000
161.6000,806.7873,-58.3758,-0.0000
161.6100,806.2036,-58.3758,-0.0000
161.6200,805.6198,-58.3758,-0.0000
161.6300,805.0360,-58.3758,-0.0000
161.6400,804.4523,-58.3758,-0.0000
161.6500,803.8685,-58.3758,-0.0000
161.6600,803.2848,-58.3758,-0.0000
161.6700,802.7010,-58.3758,-0.0000
161.6800,802.1173,-58.3758,-0.0000
161.6900,801.5335,-58.3758,-0.0000
161.7000,800.9497,-58.3758,-0.0000
161.7100,800.3660,-58.3758,-0.0000
161.7200,799.7822,-58.3758,-0.0000
161.7300,799.1985,-58.3758,-0.0000
161.7400,798.6147,-58.3758,-0.0000
161.7500,798.0309,-58.3758,-0.0000
161.7600,797.4472,-58.3758,-0.0000
161.7700,796.8634,-58.3758,-0.0000
161.7800,796.2797,-58.3758,-0.0000
161.7900,795.6959,-58.3758,-0.0000
161.8000,795.1122,-58.3758,-0.0000
161.8100,794.5284,-58.3758,-0.0000
161.8200,793.9446,-58.3758,-0.0000
161.8300,793.3609,-58.3758,-0.0000
161.8400,792.7771,-58.3758,-0.0000
161.8500,792.1934,-58.3758,-0.0000
161.8600,791.6096,-58.3758,-0.0000
161.8700,791.0259,-58.3758,-0.0000
161.8800,790.4421,-58.3758,-0.0000
161.8900,789.8583,-58.3758,-0.0000
161.9000,789.2746,-58.3758,-0.0000
161.9100,788.6908,-58.3758,-0.0000
161.9200,788.1071,-58.3758,-0.0000
161.9300,787.5233,-58.3758,-0.0000
161.9400,786.9396,-58.3758,-0.0000
161.9500,786.3558,-58.3758,-0.0000
161.9600,785.7720,-58.3758,-0.0000
161.9700,785.1883,-58.3758,-0.0000
161.9800,784.6045,-58.3758,-0.0000
161.9900,784.0208,-58.3758,-0.0000
162.0000,783.4370,-58.3758,-0.0000
162.0100,782.8533,-58.3758,-0.0000
162.0200,782.2695,-58.3758,-0.0000
162.0300,781.6857,-58.3758,-0.0000
162.0400,781.1020,-58.3758,-0.0000
162.0500,780.5182,-58.3758,-0.0000
162.0600,779.9345,-58.3758,-0.0000
162.0700,779.3507,-58.3758,-0.0000
162.0800,778.7669,-58.3758,-0.0000
162.0900,778.1832,-58.3758,-0.0000
162.1000,777.5994,-58.3758,-0.0000
162.1100,777.0157,-58.3758,-0.0000
162.1200,776.4319,-58.3758,-0.0000
162.1300,775.8482,-58.3758,-0.0000
162.1400,775.2644,-58.3758,-0.0000
162.1500,774.6806,-58.3758,-0.0000
162.1600,774.0969,-58.3758,-0.0000
162.1700,773.5131,-58.3758,-0.0000
162.1800,772.9294,-58.3758,-0.0000
162.1900,772.3456,-58.3758,-0.0000
162.2000,771.7619,-58.3758,-0.0000
162.2100,771.1781,-58.3758,-0.0000
162.2200,770.5943,-58.3758,-0.0000
162.2300,770.0106,-58.3758,-0.0000
162.2400,769.4268,-58.3758,-0.0000
162.2500,768.8431,-58.3758,-0.0000
162.2600,768.2593,-58.3758,-0.0000
162.2700,767.6756,-58.3758,-0.0000
162.2800,767.0918,-58.3758,-0.0000
162.2900,766.5080,-58.3758,-0.0000
162.3000,765.9243,-58.3758,-0.0000
162.3100,765.3405,-58.3758,-0.0000
162.3200,764.7568,-58.3758,-0.0000
162.3300,764.1730,-58.3758,-0.0000
162.3400,763.5893,-58.3758,-0.0000
162.3500,763.0055,-58.3758,-0.0000
162.3600,762.4217,-58.3758,-0.0000
162.3700,761.8380,-58.3758,-0.0000
162.3800,761.2542,-58.3758,-0.0000
162.3900,760.6705,-58.3758,-0.0000
162.4000,760.0867,-58.3758,-0.0000
162.4100,759.5029,-58.3758,-0.0000
162.4200,758.9192,-58.3758,-0.0000
162.4300,758.3354,-58.3758,-0.0000
162.4400,757.7517,-58.3758,-0.0000
162.4500,757.1679,-58.3758,-0.0000
162.4600,756.5842,-58.3758,-0.0000
162.4700,756.0004,-58.3758,-0.0000
162.4800,755.4166,-58.3758,-0.0000
162.4900,754.8329,-58.3758,-0.0000
162.5000,754.2491,-58.3758,-0.0000
162.5100,753.6654,-58.3758,-0.0000
162.5200,753.0816,-58.3758,-0.0000
162.5300,752.4979,-58.3758,-0.0000
162.5400,751.9141,-58.3758,-0.0000
162.5500,751.3303,-58.3758,-0.0000
162.5600,750.7466,-58.3758,-0.0000
162.5700,750.1628,-58.3758,-0.0000
162.5800,749.5791,-58.3758,-0.0000
162.5900,748.9953,-58.3758,-0.0000
162.6000,748.4116,-58.3758,-0.0000
162.6100,747.8278,-58.3758,-0.0000
162.6200,747.2440,-58.3758,-0.0000
162.6300,746.6603,-58.3758,-0.0000
162.6400,746.0765,-58.3758,-0.0000
162.6500,745.4928,-58.3758,-0.0000
162.6600,744.9090,-58.3758,-0.0000
162.6700,744.3253,-58.3758,-0.0000
162.6800,743.7415,-58.3758,-0.0000
162.6900,743.1577,-58.3758,-0.0000
162.7000,742.5740,-58.3758,-0.0000
162.7100,741.9902,-58.3758,-0.0000
162.7200,741.4065,-58.3758,-0.0000
162.7300,740.8227,-58.3758,-0.0000
162.7400,740.2389,-58.3758,-0.0000
162.7500,739.6552,-58.3758,-0.0000
162.7600,739.0714,-58.3758,-0.0000
162.7700,738.4877,-58.3758,-0.0000
162.7800,737.9039,-58.3758,-0.0000
162.7900,737.3202,-58.3758,-0.0000
162.8000,736.7364,-58.3758,-0.0000
162.8100,736.1526,-58.3758,-0.0000
162.8200,735.5689,-58.3758,-0.0000
162.8300,734.9851,-58.3758,-0.0000
162.8400,734.4014,-58.3758,-0.0000
162.8500,733.8176,-58.3758,-0.0000
162.8600,733.2339,-58.3758,-0.0000
162.8700,732.6501,-58.3758,-0.0000
162.8800,732.0663,-58.3758,-0.0000
162.8900,731.4826,-58.3758,-0.0000
162.9000,730.8988,-58.3758,-0.0000
162.9100,730.3151,-58.3758,-0.0000
162.9200,729.7313,-58.3758,-0.0000
162.9300,729.1476,-58.3758,-0.0000
162.9400,728.5638,-58.3758,-0.0000
162.9500,727.9800,-58.3758,-0.0000
162.9600,727.3963,-58.3758,-0.0000
162.9700,726.8125,-58.3758,-0.0000
162.9800,726.2288,-58.3758,-0.0000
162.9900,725.6450,-58.3758,-0.0000
163.0000,725.0613,-58.3758,-0.0000
163.0100,724.4775,-58.3758,-0.0000
163.0200,723.8937,-58.3758,-0.0000
163.0300,723.3100,-58.3758,-0.0000
163.0400,722.7262,-58.3758,-0.0000
163.0500,722.1425,-58.3758,-0.0000
163.0600,721.5587,-58.3758,-0.0000
163.0700,720.9749,-58.3758,-0.0000
163.0800,720.3912,-58.3758,-0.0000
163.0900,719.8074,-58.3758,-0.0000
163.1000,719.2237,-58.3758,-0.0000
163.1100,718.6399,-58.3758,-0.0000
163.1200,718.0562,-58.3758,-0.0000
163.1300,717.4724,-58.3758,-0.0000
163.1400,716.8886,-58.3758,-0.0000
163.1500,716.3049,-58.3758,-0.0000
163.1600,715.7211,-58.3758,-0.0000
163.1700,715.1374,-58.3758,-0.0000
163.1800,714.5536,-58.3758,-0.0000
163.1900,713.9699,-58.3758,-0.0000
163.2000,713.3861,-58.3758,-0.0000
163.2100,712.8023,-58.3758,-0.0000
163.2200,712.2186,-58.3758,-0.0000
163.2300,711.6348,-58.3758,-0.0000
163.2400,711.0511,-58.3758,-0.0000
163.2500,710.4673,-58.3758,-0.0000
163.2600,709.8836,-58.3758,-0.0000
163.2700,709.2998,-58.3758,-0.0000
163.2800,708.7160,-58.3758,-0.0000
163.2900,708.1323,-58.3758,-0.0000
163.3000,707.5485,-58.3758,-0.0000
163.3100,706.9648,-58.3758,-0.0000
163.3200,706.3810,-58.3758,-0.0000
163.3300,705.7973,-58.3758,-0.0000
163.3400,705.2135,-58.3758,-0.0000
163.3500,704.6297,-58.3758,-0.0000
163.3600,704.0460,-58.3758,-0.0000
163.3700,703.4622,-58.3758,-0.0000
163.3800,702.8785,-58.3758,-0.0000
163.3900,702.2947,-58.3758,-0.0000
163.4000,701.7109,-58.3758,-0.0000
163.4100,701.1272,-58.3758,-0.0000
163.4200,700.5434,-58.3758,-0.0000
163.4300,699.9597,-58.3758,-0.0000
163.4400,699.3759,-58.3758,-0.0000
163.4500,698.7922,-58.3758,-0.0000
163.4600,698.2084,-58.3758,-0.0000
163.4700,697.6246,-58.3758,-0.0000
163.4800,697.0409,-58.3758,-0.0000
163.4900,696.4571,-58.3758,-0.0000
163.5000,695.8734,-58.3758,-0.0000
163.5100,695.2896,-58.3758,-0.0000
163.5200,694.7059,-58.3758,-0.0000
163.5300,694.1221,-58.3758,-0.0000
163.5400,693.5383,-58.3758,-0.0000
163.5500,692.9546,-58.3758,-0.0000
163.5600,692.3708,-58.3758,-0.0000
163.5700,691.7871,-58.3758,-0.0000
163.5800,691.2033,-58.3758,-0.0000
163.5900,690.6196,-58.3758,-0.0000
163.6000,690.0358,-58.3758,-0.0000
163.6100,689.4520,-58.3758,-0.0000
163.6200,688.8683,-58.3758,-0.0000
163.6300,688.2845,-58.3758,-0.0000
163.6400,687.7008,-58.3758,-0.0000
163.6500,687.1170,-58.3758,-0.0000
163.6600,686.5333,-58.3758,-0.0000
163.6700,685.9495,-58.3758,-0.0000
163.6800,685.3657,-58.3758,-0.0000
163.6900,684.7820,-58.3758,-0.0000
163.7000,684.1982,-58.3758,-0.0000
163.7100,683.6145,-58.3758,-0.0000
163.7200,683.0307,-58.3758,-0.0000
163.7300,682.4469,-58.3758,-0.0000
163.7400,681.8632,-58.3758,-0.0000
163.7500,681.2794,-58.3758,-0.0000
163.7600,680.6957,-58.3758,-0.0000
163.7700,680.1119,-58.3758,-0.0000
163.7800,679.5282,-58.3758,-0.0000
163.7900,678.9444,-58.3758,-0.0000
163.8000,678.3606,-58.3758,-0.0000
163.8100,677.7769,-58.3758,-0.0000
163.8200,677.1931,-58.3758,-0.0000
163.8300,676.6094,-58.3758,-0.0000
163.8400,676.0256,-58.3758,-0.0000
163.8500,675.4419,-58.3758,-0.0000
163.8600,674.8581,-58.3758,-0.0000
163.8700,674.2743,-58.3758,-0.0000
163.8800,673.6906,-58.3758,-0.0000
163.8900,673.1068,-58.3758,-0.0000
163.9000,672.5231,-58.3758,-0.0000
163.9100,671.9393,-58.3758,-0.0000
163.9200,671.3556,-58.3758,-0.0000
163.9300,670.7718,-58.3758,-0.0000
163.9400,670.1880,-58.3758,-0.0000
163.9500,669.6043,-58.3758,-0.0000
163.9600,669.0205,-58.3758,-0.0000
163.9700,668.4368,-58.3758,-0.0000
163.9800,667.8530,-58.3758,-0.0000
163.9900,667.2693,-58.3758,-0.0000
164.0000,666.6855,-58.3758,-0.0000
164.0100,666.1017,-58.3758,-0.0000
164.0200,665.5180,-58.3758,-0.0000
164.0300,664.9342,-58.3758,-0.0000
164.0400,664.3505,-58.3758,-0.0000
164.0500,663.7667,-58.3758,-0.0000
164.0600,663.1829,-58.3758,-0.0000
164.0700,662.5992,-58.3758,-0.0000
164.0800,662.0154,-58.3758,-0.0000
164.0900,661.4317,-58.3758,-0.0000
164.1000,660.8479,-58.3758,-0.0000
164.1100,660.2642,-58.3758,-0.0000
164.1200,659.6804,-58.3758,-0.0000
164.1300,659.0966,-58.3758,-0.0000
164.1400,658.5129,-58.3758,-0.0000
164.1500,657.9291,-58.3758,-0.0000
164.1600,657.3454,-58.3758,-0.0000
164.1700,656.7616,-58.3758,-0.0000
164.1800,656.1779,-58.3758,-0.0000
164.1900,655.5941,-58.3758,-0.0000
164.2000,655.0103,-58.3758,-0.0000
164.2100,654.4266,-58.3758,-0.0000
164.2200,653.8428,-58.3758,-0.0000
164.2300,653.2591,-58.3758,-0.0000
164.2400,652.6753,-58.3758,-0.0000
164.2500,652.0916,-58.3758,-0.0000
164.2600,651.5078,-58.3758,-0.0000
164.2700,650.9240,-58.3758,-0.0000
164.2800,650.3403,-58.3758,-0.0000
164.2900,649.7565,-58.3758,-0.0000
164.3000,649.1728,-58.3758,-0.0000
164.3100,648.5890,-58.3758,-0.0000
164.3200,648.0053,-58.3758,-0.0000
164.3300,647.4215,-58.3758,-0.0000
164.3400,646.8377,-58.3758,-0.0000
164.3500,646.2540,-58.3758,-0.0000
164.3600,645.6702,-58.3758,-0.0000
164.3700,645.0865,-58.3758,-0.0000
164.3800,644.5027,-58.3758,-0.0000
164.3900,643.9189,-58.3758,-0.0000
164.4000,643.3352,-58.3758,-0.0000
164.4100,642.7514,-58.3758,-0.0000
164.4200,642.1677,-58.3758,-0.0000
164.4300,641.5839,-58.3758,-0.0000
164.4400,641.0002,-58.3758,-0.0000
164.4500,640.4164,-58.3758,-0.0000
164.4600,639.8326,-58.3758,-0.0000
164.4700,639.2489,-58.3758,-0.0000
164.4800,638.6651,-58.3758,-0.0000
164.4900,638.0814,-58.3758,-0.0000
164.5000,637.4976,-58.3758,-0.0000
164.5100,636.9139,-58.3758,-0.0000
164.5200,636.3301,-58.3758,-0.0000
164.5300,635.7463,-58.3758,-0.0000
164.5400,635.1626,-58.3758,-0.0000
164.5500,634.5788,-58.3758,-0.0000
164.5600,633.9951,-58.3758,-0.0000
164.5700,633.4113,-58.3758,-0.0000
164.5800,632.8276,-58.3758,-0.0000
164.5900,632.2438,-58.3758,-0.0000
164.6000,631.6600,-58.3758,-0.0000
164.6100,631.0763,-58.3758,-0.0000
164.6200,630.4925,-58.3758,-0.0000
164.6300,629.9088,-58.3758,-0.0000
164.6400,629.3250,-58.3758,-0.0000
164.6500,628.7413,-58.3758,-0.0000
164.6600,628.1575,-58.3758,-0.0000
164.6700,627.5737,-58.3758,-0.0000
164.6800,626.9900,-58.3758,-0.0000
164.6900,626.4062,-58.3758,-0.0000
164.7000,625.8225,-58.3758,-0.0000
164.7100,625.2387,-58.3758,-0.0000
164.7200,624.6549,-58.3758,-0.0000
164.7300,624.0712,-58.3758,-0.0000
164.7400,623.4874,-58.3758,-0.0000
164.7500,622.9037,-58.3758,-0.0000
164.7600,622.3199,-58.3758,-0.0000
164.7700,621.7362,-58.3758,-0.0000
164.7800,621.1524,-58.3758,-0.0000
164.7900,620.5686,-58.3758,-0.0000
164.8000,619.9849,-58.3758,-0.0000
164.8100,619.4011,-58.3758,-0.0000
164.8200,618.8174,-58.3758,-0.0000
164.8300,618.2336,-58.3758,-0.0000
164.8400,617.6499,-58.3758,-0.0000
164.8500,617.0661,-58.3758,-0.0000
164.8600,616.4823,-58.3758,-0.0000
164.8700,615.8986,-58.3758,-0.0000
164.8800,615.3148,-58.3758,-0.0000
164.8900,614.7311,-58.3758,-0.0000
164.9000,614.1473,-58.3758,-0.0000
164.9100,613.5636,-58.3758,-0.0000
164.9200,612.9798,-58.3758,-0.0000
164.9300,612.3960,-58.3758,-0.0000
164.9400,611.8123,-58.3758,-0.0000
164.9500,611.2285,-58.3758,-0.0000
164.9600,610.6448,-58.3758,-0.0000
164.9700,610.0610,-58.3758,-0.0000
164.9800,609.4773,-58.3758,-0.0000
164.9900,608.8935,-58.3758,-0.0000
165.0000,608.3097,-58.3758,-0.0000
165.0100,607.7260,-58.3758,-0.0000
165.0200,607.1422,-58.3758,-0.0000
165.0300,606.5585,-58.3758,-0.0000
165.0400,605.9747,-58.3758,-0.0000
165.0500,605.3909,-58.3758,-0.0000
165.0600,604.8072,-58.3758,-0.0000
165.0700,604.2234,-58.3758,-0.0000
165.0800,603.6397,-58.3758,-0.0000
165.0900,603.0559,-58.3758,-0.0000
165.1000,602.4722,-58.3758,-0.0000
165.1100,601.8884,-58.3758,-0.0000
165.1200,601.3046,-58.3758,-0.0000
165.1300,600.7209,-58.3758,-0.0000
165.1400,600.1371,-58.3758,-0.0000
165.1500,599.5534,-58.3758,-0.0000
165.1600,598.9696,-58.3758,-0.0000
165.1700,598.3859,-58.3758,-0.0000
165.1800,597.8021,-58.3758,-0.0000
165.1900,597.2183,-58.3758,-0.0000
165.2000,596.6346,-58.3758,-0.0000
165.2100,596.0508,-58.3758,-0.0000
165.2200,595.4671,-58.3758,-0.0000
165.2300,594.8833,-58.3758,-0.0000
165.2400,594.2996,-58.3758,-0.0000
165.2500,593.7158,-58.3758,-0.0000
165.2600,593.1320,-58.3758,-0.0000
165.2700,592.5483,-58.3758,-0.0000
165.2800,591.9645,-58.3758,-0.0000
165.2900,591.3808,-58.3758,-0.0000
165.3000,590.7970,-58.3758,-0.0000
165.3100,590.2133,-58.3758,-0.0000
165.3200,589.6295,-58.3758,-0.0000
165.3300,589.0457,-58.3758,-0.0000
165.3400,588.4620,-58.3758,-0.0000
165.3500,587.8782,-58.3758,-0.0000
165.3600,587.2945,-58.3758,-0.0000
165.3700,586.7107,-58.3758,-0.0000
165.3800,586.1269,-58.3758,-0.0000
165.3900,585.5432,-58.3758,-0.0000
165.4000,584.9594,-58.3758,-0.0000
165.4100,584.3757,-58.3758,-0.0000
165.4200,583.7919,-58.3758,-0.0000
165.4300,583.2082,-58.3758,-0.0000
165.4400,582.6244,-58.3758,-0.0000
165.4500,582.0406,-58.3758,-0.0000
165.4600,581.4569,-58.3758,-0.0000
165.4700,580.8731,-58.3758,-0.0000
165.4800,580.2894,-58.3758,-0.0000
165.4900,579.7056,-58.3758,-0.0000
165.5000,579.1219,-58.3758,-0.0000
165.5100,578.5381,-58.3758,-0.0000
165.5200,577.9543,-58.3758,-0.0000
165.5300,577.3706,-58.3758,-0.0000
165.5400,576.7868,-58.3758,-0.0000
165.5500,576.2031,-58.3758,-0.0000
165.5600,575.6193,-58.3758,-0.0000
165.5700,575.0356,-58.3758,-0.0000
165.5800,574.4518,-58.3758,-0.0000
165.5900,573.8680,-58.3758,-0.0000
165.6000,573.2843,-58.3758,-0.0000
165.6100,572.7005,-58.3758,-0.0000
165.6200,572.1168,-58.3758,-0.0000
165.6300,571.5330,-58.3758,-0.0000
165.6400,570.9493,-58.3758,-0.0000
165.6500,570.3655,-58.3758,-0.0000
165.6600,569.7817,-58.3758,-0.0000
165.6700,569.1980,-58.3758,-0.0000
165.6800,568.6142,-58.3758,-0.0000
165.6900,568.0305,-58.3758,-0.0000
165.7000,567.4467,-58.3758,-0.0000
165.7100,566.8629,-58.3758,-0.0000
165.7200,566.2792,-58.3758,-0.0000
165.7300,565.6954,-58.3758,-0.0000
165.7400,565.1117,-58.3758,-0.0000
165.7500,564.5279,-58.3758,-0.0000
165.7600,563.9442,-58.3758,-0.0000
165.7700,563.3604,-58.3758,-0.0000
165.7800,562.7766,-58.3758,-0.0000
165.7900,562.1929,-58.3758,-0.0000
165.8000,561.6091,-58.3758,-0.0000
165.8100,561.0254,-58.3758,-0.0000
165.8200,560.4416,-58.3758,-0.0000
165.8300,559.8579,-58.3758,-0.0000
165.8400,559.2741,-58.3758,-0.0000
165.8500,558.6903,-58.3758,-0.0000
165.8600,558.1066,-58.3758,-0.0000
165.8700,557.5228,-58.3758,-0.0000
165.8800,556.9391,-58.3758,-0.0000
165.8900,556.3553,-58.3758,-0.0000
165.9000,555.7716,-58.3758,-0.0000
165.9100,555.1878,-58.3758,-0.0000
165.9200,554.6040,-58.3758,-0.0000
165.9300,554.0203,-58.3758,-0.0000
165.9400,553.4365,-58.3758,-0.0000
165.9500,552.8528,-58.3758,-0.0000
165.9600,552.2690,-58.3758,-0.0000
165.9700,551.6853,-58.3758,-0.0000
165.9800,551.1015,-58.3758,-0.0000
165.9900,550.5177,-58.3758,-0.0000
166.0000,549.9340,-58.3758,-0.0000
166.0100,549.3502,-58.3758,-0.0000
166.0200,548.7665,-58.3758,-0.0000
166.0300,548.1827,-58.3758,-0.0000
166.0400,547.5989,-58.3758,-0.0000
166.0500,547.0152,-58.3758,-0.0000
166.0600,546.4314,-58.3758,-0.0000
166.0700,545.8477,-58.3758,-0.0000
166.0800,545.2639,-58.3758,-0.0000
166.0900,544.6802,-58.3758,-0.0000
166.1000,544.0964,-58.3758,-0.0000
166.1100,543.5126,-58.3758,-0.0000
166.1200,542.9289,-58.3758,-0.0000
166.1300,542.3451,-58.3758,-0.0000
166.1400,541.7614,-58.3758,-0.0000
166.1500,541.1776,-58.3758,-0.0000
166.1600,540.5939,-58.3758,-0.0000
166.1700,540.0101,-58.3758,-0.0000
166.1800,539.4263,-58.3758,-0.0000
166.1900,538.8426,-58.3758,-0.0000
166.2000,538.2588,-58.3758,-0.0000
166.2100,537.6751,-58.3758,-0.0000
166.2200,537.0913,-58.3758,-0.0000
166.2300,536.5076,-58.3758,-0.0000
166.2400,535.9238,-58.3758,-0.0000
166.2500,535.3400,-58.3758,-0.0000
166.2600,534.7563,-58.3758,-0.0000
166.2700,534.1725,-58.3758,-0.0000
166.2800,533.5888,-58.3758,-0.0000
166.2900,533.0050,-58.3758,-0.0000
166.3000,532.4213,-58.3758,-0.0000
166.3100,531.8375,-58.3758,-0.0000
166.3200,531.2537,-58.3758,-0.0000
166.3300,530.6700,-58.3758,-0.0000
166.3400,530.0862,-58.3758,-0.0000
166.3500,529.5025,-58.3758,-0.0000
166.3600,528.9187,-58.3758,-0.0000
166.3700,528.3349,-58.3758,-0.0000
166.3800,527.7512,-58.3758,-0.0000
166.3900,527.1674,-58.3758,-0.0000
166.4000,526.5837,-58.3758,-0.0000
166.4100,525.9999,-58.3758,-0.0000
166.4200,525.4162,-58.3758,-0.0000
166.4300,524.8324,-58.3758,-0.0000
166.4400,524.2486,-58.3758,-0.0000
166.4500,523.6649,-58.3758,-0.0000
166.4600,523.0811,-58.3758,-0.0000
166.4700,522.4974,-58.3758,-0.0000
166.4800,521.9136,-58.3758,-0.0000
166.4900,521.3299,-58.3758,-0.0000
166.5000,520.7461,-58.3758,-0.0000
166.5100,520.1623,-58.3758,-0.0000
166.5200,519.5786,-58.3758,-0.0000
166.5300,518.9948,-58.3758,-0.0000
166.5400,518.4111,-58.3758,-0.0000
166.5500,517.8273,-58.3758,-0.0000
166.5600,517.2436,-58.3758,-0.0000
166.5700,516.6598,-58.3758,-0.0000
166.5800,516.0760,-58.3758,-0.0000
166.5900,515.4923,-58.3758,-0.0000
166.6000,514.9085,-58.3758,-0.0000
166.6100,514.3248,-58.3758,-0.0000
166.6200,513.7410,-58.3758,-0.0000
166.6300,513.1573,-58.3758,-0.0000
166.6400,512.5735,-58.3758,-0.0000
166.6500,511.9897,-58.3758,-0.0000
166.6600,511.4060,-58.3758,-0.0000
166.6700,510.8222,-58.3758,-0.0000
166.6800,510.2385,-58.3758,-0.0000
166.6900,509.6547,-58.3758,-0.0000
166.7000,509.0709,-58.3758,-0.0000
166.7100,508.4872,-58.3758,-0.0000
166.7200,507.9034,-58.3758,-0.0000
166.7300,507.3197,-58.3758,-0.0000
166.7400,506.7359,-58.3758,-0.0000
166.7500,506.1522,-58.3758,-0.0000
166.7600,505.5684,-58.3758,-0.0000
166.7700,504.9846,-58.3758,-0.0000
166.7800,504.4009,-58.3758,-0.0000
166.7900,503.8171,-58.3758,-0.0000
166.8000,503.2334,-58.3758,-0.0000
166.8100,502.6496,-58.3758,-0.0000
166.8200,502.0659,-58.3758,-0.0000
166.8300,501.4821,-58.3758,-0.0000
166.8400,500.8983,-58.3758,-0.0000
166.8500,500.3146,-58.3758,-0.0000
166.8600,499.7308,-58.3758,-0.0000
166.8700,499.1471,-58.3758,-0.0000
166.8800,498.5633,-58.3758,-0.0000
166.8900,497.9796,-58.3758,-0.0000
166.9000,497.3958,-58.3758,-0.0000
166.9100,496.8120,-58.3758,-0.0000
166.9200,496.2283,-58.3758,-0.0000
166.9300,495.6445,-58.3758,-0.0000
166.9400,495.0608,-58.3758,-0.0000
166.9500,494.4770,-58.3758,-0.0000
166.9600,493.8933,-58.3758,-0.0000
166.9700,493.3095,-58.3758,-0.0000
166.9800,492.7257,-58.3758,-0.0000
166.9900,492.1420,-58.3758,-0.0000
167.0000,491.5582,-58.3758,-0.0000
167.0100,490.9745,-58.3758,-0.0000
167.0200,490.3907,-58.3758,-0.0000
167.0300,489.8069,-58.3758,-0.0000
167.0400,489.2232,-58.3758,-0.0000
167.0500,488.6394,-58.3758,-0.0000
167.0600,488.0557,-58.3758,-0.0000
167.0700,487.4719,-58.3758,-0.0000
167.0800,486.8882,-58.3758,-0.0000
167.0900,486.3044,-58.3758,-0.0000
167.1000,485.7206,-58.3758,-0.0000
167.1100,485.1369,-58.3758,-0.0000
167.1200,484.5531,-58.3758,-0.0000
167.1300,483.9694,-58.3758,-0.0000
167.1400,483.3856,-58.3758,-0.0000
167.1500,482.8019,-58.3758,-0.0000
167.1600,482.2181,-58.3758,-0.0000
167.1700,481.6343,-58.3758,-0.0000
167.1800,481.0506,-58.3758,-0.0000
167.1900,480.4668,-58.3758,-0.0000
167.2000,479.8831,-58.3758,-0.0000
167.2100,479.2993,-58.3758,-0.0000
167.2200,478.7156,-58.3758,-0.0000
167.2300,478.1318,-58.3758,-0.0000
167.2400,477.5480,-58.3758,-0.0000
167.2500,476.9643,-58.3758,-0.0000
167.2600,476.3805,-58.3758,-0.0000
167.2700,475.7968,-58.3758,-0.0000
167.2800,475.2130,-58.3758,-0.0000
167.2900,474.6293,-58.3758,-0.0000
167.3000,474.0455,-58.3758,-0.0000
167.3100,473.4617,-58.3758,-0.0000
167.3200,472.8780,-58.3758,-0.0000
167.3300,472.2942,-58.3758,-0.0000
167.3400,471.7105,-58.3758,-0.0000
167.3500,471.1267,-58.3758,-0.0000
167.3600,470.5429,-58.3758,-0.0000
167.3700,469.9592,-58.3758,-0.0000
167.3800,469.3754,-58.3758,-0.0000
167.3900,468.7917,-58.3758,-0.0000
167.4000,468.2079,-58.3758,-0.0000
167.4100,467.6242,-58.3758,-0.0000
167.4200,467.0404,-58.3758,-0.0000
167.4300,466.4566,-58.3758,-0.0000
167.4400,465.8729,-58.3758,-0.0000
167.4500,465.2891,-58.3758,-0.0000
167.4600,464.7054,-58.3758,-0.0000
167.4700,464.1216,-58.3758,-0.0000
167.4800,463.5379,-58.3758,-0.0000
167.4900,462.9541,-58.3758,-0.0000
167.5000,462.3703,-58.3758,-0.0000
167.5100,461.7866,-58.3758,-0.0000
167.5200,461.2028,-58.3758,-0.0000
167.5300,460.6191,-58.3758,-0.0000
167.5400,460.0353,-58.3758,-0.0000
167.5500,459.4516,-58.3758,-0.0000
167.5600,458.8678,-58.3758,-0.0000
167.5700,458.2840,-58.3758,-0.0000
167.5800,457.7003,-58.3758,-0.0000
167.5900,457.1165,-58.3758,-0.0000
167.6000,456.5328,-58.3758,-0.0000
167.6100,455.9490,-58.3758,-0.0000
167.6200,455.3653,-58.3758,-0.0000
167.6300,454.7815,-58.3758,-0.0000
167.6400,454.1977,-58.3758,-0.0000
167.6500,453.6140,-58.3758,-0.0000
167.6600,453.0302,-58.3758,-0.0000
167.6700,452.4465,-58.3758,-0.0000
167.6800,451.8627,-58.3758,-0.0000
167.6900,451.2789,-58.3758,-0.0000
167.7000,450.6952,-58.3758,-0.0000
167.7100,450.1114,-58.3758,-0.0000
167.7200,449.5277,-58.3758,-0.0000
167.7300,448.9439,-58.3758,-0.0000
167.7400,448.3602,-58.3758,-0.0000
167.7500,447.7764,-58.3758,-0.0000
167.7600,447.1926,-58.3758,-0.0000
167.7700,446.6089,-58.3758,-0.0000
167.7800,446.0251,-58.3758,-0.0000
167.7900,445.4414,-58.3758,-0.0000
167.8000,444.8576,-58.3758,-0.0000
167.8100,444.2739,-58.3758,-0.0000
167.8200,443.6901,-58.3758,-0.0000
167.8300,443.1063,-58.3758,-0.0000
167.8400,442.5226,-58.3758,-0.0000
167.8500,441.9388,-58.3758,-0.0000
167.8600,441.3551,-58.3758,-0.0000
167.8700,440.7713,-58.3758,-0.0000
167.8800,440.1876,-58.3758,-0.0000
167.8900,439.6038,-58.3758,-0.0000
167.9000,439.0200,-58.3758,-0.0000
167.9100,438.4363,-58.3758,-0.0000
167.9200,437.8525,-58.3758,-0.0000
167.9300,437.2688,-58.3758,-0.0000
167.9400,436.6850,-58.3758,-0.0000
167.9500,436.1013,-58.3758,-0.0000
167.9600,435.5175,-58.3758,-0.0000
167.9700,434.9337,-58.3758,-0.0000
167.9800,434.3500,-58.3758,-0.0000
167.9900,433.7662,-58.3758,-0.0000
168.0000,433.1825,-58.3758,-0.0000
168.0100,432.5987,-58.3758,-0.0000
168.0200,432.0149,-58.3758,-0.0000
168.0300,431.4312,-58.3758,-0.0000
168.0400,430.8474,-58.3758,-0.0000
168.0500,430.2637,-58.3758,-0.0000
168.0600,429.6799,-58.3758,-0.0000
168.0700,429.0962,-58.3758,-0.0000
168.0800,428.5124,-58.3758,-0.0000
168.0900,427.9286,-58.3758,-0.0000
168.1000,427.3449,-58.3758,-0.0000
168.1100,426.7611,-58.3758,-0.0000
168.1200,426.1774,-58.3758,-0.0000
168.1300,425.5936,-58.3758,-0.0000
168.1400,425.0099,-58.3758,-0.0000
168.1500,424.4261,-58.3758,-0.0000
168.1600,423.8423,-58.3758,-0.0000
168.1700,423.2586,-58.3758,-0.0000
168.1800,422.6748,-58.3758,-0.0000
168.1900,422.0911,-58.3758,-0.0000
168.2000,421.5073,-58.3758,-0.0000
168.2100,420.9236,-58.3758,-0.0000
168.2200,420.3398,-58.3758,-0.0000
168.2300,419.7560,-58.3758,-0.0000
168.2400,419.1723,-58.3758,-0.0000
168.2500,418.5885,-58.3758,-0.0000
168.2600,418.0048,-58.3758,-0.0000
168.2700,417.4210,-58.3758,-0.0000
168.2800,416.8373,-58.3758,-0.0000
168.2900,416.2535,-58.3758,-0.0000
168.3000,415.6697,-58.3758,-0.0000
168.3100,415.0860,-58.3758,-0.0000
168.3200,414.5022,-58.3758,-0.0000
168.3300,413.9185,-58.3758,-0.0000
168.3400,413.3347,-58.3758,-0.0000
168.3500,412.7509,-58.3758,-0.0000
168.3600,412.1672,-58.3758,-0.0000
168.3700,411.5834,-58.3758,-0.0000
168.3800,410.9997,-58.3758,-0.0000
168.3900,410.4159,-58.3758,-0.0000
168.4000,409.8322,-58.3758,-0.0000
168.4100,409.2484,-58.3758,-0.0000
168.4200,408.6646,-58.3758,-0.0000
168.4300,408.0809,-58.3758,-0.0000
168.4400,407.4971,-58.3758,-0.0000
168.4500,406.9134,-58.3758,-0.0000
168.4600,406.3296,-58.3758,-0.0000
168.4700,405.7459,-58.3758,-0.0000
168.4800,405.1621,-58.3758,-0.0000
168.4900,404.5783,-58.3758,-0.0000
168.5000,403.9946,-58.3758,-0.0000
168.5100,403.4108,-58.3758,-0.0000
168.5200,402.8271,-58.3758,-0.0000
168.5300,402.2433,-58.3758,-0.0000
168.5400,401.6596,-58.3758,-0.0000
168.5500,401.0758,-58.3758,-0.0000
168.5600,400.4920,-58.3758,-0.0000
168.5700,399.9083,-58.3758,-0.0000
168.5800,399.3245,-58.3758,-0.0000
168.5900,398.7408,-58.3758,-0.0000
168.6000,398.1570,-58.3758,-0.0000
168.6100,397.5733,-58.3758,-0.0000
168.6200,396.9895,-58.3758,-0.0000
168.6300,396.4057,-58.3758,-0.0000
168.6400,395.8220,-58.3758,-0.0000
168.6500,395.2382,-58.3758,-0.0000
168.6600,394.6545,-58.3758,-0.0000
168.6700,394.0707,-58.3758,-0.0000
168.6800,393.4869,-58.3758,-0.0000
168.6900,392.9032,-58.3758,-0.0000
168.7000,392.3194,-58.3758,-0.0000
168.7100,391.7357,-58.3758,-0.0000
168.7200,391.1519,-58.3758,-0.0000
168.7300,390.5682,-58.3758,-0.0000
168.7400,389.9844,-58.3758,-0.0000
168.7500,389.4006,-58.3758,-0.0000
168.7600,388.8169,-58.3758,-0.0000
168.7700,388.2331,-58.3758,-0.0000
168.7800,387.6494,-58.3758,-0.0000
168.7900,387.0656,-58.3758,-0.0000
168.8000,386.4819,-58.3758,-0.0000
168.8100,385.8981,-58.3758,-0.0000
168.8200,385.3143,-58.3758,-0.0000
168.8300,384.7306,-58.3758,-0.0000
168.8400,384.1468,-58.3758,-0.0000
168.8500,383.5631,-58.3758,-0.0000
168.8600,382.9793,-58.3758,-0.0000
168.8700,382.3956,-58.3758,-0.0000
168.8800,381.8118,-58.3758,-0.0000
168.8900,381.2280,-58.3758,-0.0000
168.9000,380.6443,-58.3758,-0.0000
168.9100,380.0605,-58.3758,-0.0000
168.9200,379.4768,-58.3758,-0.0000
168.9300,378.8930,-58.3758,-0.0000
168.9400,378.3093,-58.3758,-0.0000
168.9500,377.7255,-58.3758,-0.0000
168.9600,377.1417,-58.3758,-0.0000
168.9700,376.5580,-58.3758,-0.0000
168.9800,375.9742,-58.3758,-0.0000
168.9900,375.3905,-58.3758,-0.0000
169.0000,374.8067,-58.3758,-0.0000
169.0100,374.2229,-58.3758,-0.0000
169.0200,373.6392,-58.3758,-0.0000
169.0300,373.0554,-58.3758,-0.0000
169.0400,372.4717,-58.3758,-0.0000
169.0500,371.8879,-58.3758,-0.0000
169.0600,371.3042,-58.3758,-0.0000
169.0700,370.7204,-58.3758,-0.0000
169.0800,370.1366,-58.3758,-0.0000
169.0900,369.5529,-58.3758,-0.0000
169.1000,368.9691,-58.3758,-0.0000
169.1100,368.3854,-58.3758,-0.0000
169.1200,367.8016,-58.3758,-0.0000
169.1300,367.2179,-58.3758,-0.0000
169.1400,366.6341,-58.3758,-0.0000
169.1500,366.0503,-58.3758,-0.0000
169.1600,365.4666,-58.3758,-0.0000
169.1700,364.8828,-58.3758,-0.0000
169.1800,364.2991,-58.3758,-0.0000
169.1900,363.7153,-58.3758,-0.0000
169.2000,363.1316,-58.3758,-0.0000
169.2100,362.5478,-58.3758,-0.0000
169.2200,361.9640,-58.3758,-0.0000
169.2300,361.3803,-58.3758,-0.0000
169.2400,360.7965,-58.3758,-0.0000
169.2500,360.2128,-58.3758,-0.0000
169.2600,359.6290,-58.3758,-0.0000
169.2700,359.0453,-58.3758,-0.0000
169.2800,358.4615,-58.3758,-0.0000
169.2900,357.8777,-58.3758,-0.0000
169.3000,357.2940,-58.3758,-0.0000
169.3100,356.7102,-58.3758,-0.0000
169.3200,356.1265,-58.3758,-0.0000
169.3300,355.5427,-58.3758,-0.0000
169.3400,354.9589,-58.3758,-0.0000
169.3500,354.3752,-58.3758,-0.0000
169.3600,353.7914,-58.3758,-0.0000
169.3700,353.2077,-58.3758,-0.0000
169.3800,352.6239,-58.3758,-0.0000
169.3900,352.0402,-58.3758,-0.0000
169.4000,351.4564,-58.3758,-0.0000
169.4100,350.8726,-58.3758,-0.0000
169.4200,350.2889,-58.3758,-0.0000
169.4300,349.7051,-58.3758,-0.0000
169.4400,349.1214,-58.3758,-0.0000
169.4500,348.5376,-58.3758,-0.0000
169.4600,347.9539,-58.3758,-0.0000
169.4700,347.3701,-58.3758,-0.0000
169.4800,346.7863,-58.3758,-0.0000
169.4900,346.2026,-58.3758,-0.0000
169.5000,345.6188,-58.3758,-0.0000
169.5100,345.0351,-58.3758,-0.0000
169.5200,344.4513,-58.3758,-0.0000
169.5300,343.8676,-58.3758,-0.0000
169.5400,343.2838,-58.3758,-0.0000
169.5500,342.7000,-58.3758,-0.0000
169.5600,342.1163,-58.3758,-0.0000
169.5700,341.5325,-58.3758,-0.0000
169.5800,340.9488,-58.3758,-0.0000
169.5900,340.3650,-58.3758,-0.0000
169.6000,339.7813,-58.3758,-0.0000
169.6100,339.1975,-58.3758,-0.0000
169.6200,338.6137,-58.3758,-0.0000
169.6300,338.0300,-58.3758,-0.0000
169.6400,337.4462,-58.3758,-0.0000
169.6500,336.8625,-58.3758,-0.0000
169.6600,336.2787,-58.3758,-0.0000
169.6700,335.6949,-58.3758,-0.0000
169.6800,335.1112,-58.3758,-0.0000
169.6900,334.5274,-58.3758,-0.0000
169.7000,333.9437,-58.3758,-0.0000
169.7100,333.3599,-58.3758,-0.0000
169.7200,332.7762,-58.3758,-0.0000
169.7300,332.1924,-58.3758,-0.0000
169.7400,331.6086,-58.3758,-0.0000
169.7500,331.0249,-58.3758,-0.0000
169.7600,330.4411,-58.3758,-0.0000
169.7700,329.8574,-58.3758,-0.0000
169.7800,329.2736,-58.3758,-0.0000
169.7900,328.6899,-58.3758,-0.0000
169.8000,328.1061,-58.3758,-0.0000
169.8100,327.5223,-58.3758,-0.0000
169.8200,326.9386,-58.3758,-0.0000
169.8300,326.3548,-58.3758,-0.0000
169.8400,325.7711,-58.3758,-0.0000
169.8500,325.1873,-58.3758,-0.0000
169.8600,324.6036,-58.3758,-0.0000
169.8700,324.0198,-58.3758,-0.0000
169.8800,323.4360,-58.3758,-0.0000
169.8900,322.8523,-58.3758,-0.0000
169.9000,322.2685,-58.3758,-0.0000
169.9100,321.6848,-58.3758,-0.0000
169.9200,321.1010,-58.3758,-0.0000
169.9300,320.5173,-58.3758,-0.0000
169.9400,319.9335,-58.3758,-0.0000
169.9500,319.3497,-58.3758,-0.0000
169.9600,318.7660,-58.3758,-0.0000
169.9700,318.1822,-58.3758,-0.0000
169.9800,317.5985,-58.3758,-0.0000
169.9900,317.0147,-58.3758,-0.0000
170.0000,316.4310,-58.3758,-0.0000
170.0100,315.8472,-58.3758,-0.0000
170.0200,315.2634,-58.3758,-0.0000
170.0300,314.6797,-58.3758,-0.0000
170.0400,314.0959,-58.3758,-0.0000
170.0500,313.5122,-58.3758,-0.0000
170.0600,312.9284,-58.3758,-0.0000
170.0700,312.3446,-58.3758,-0.0000
170.0800,311.7609,-58.3758,-0.0000
170.0900,311.1771,-58.3758,-0.0000
170.1000,310.5934,-58.3758,-0.0000
170.1100,310.0096,-58.3758,-0.0000
170.1200,309.4259,-58.3758,-0.0000
170.1300,308.8421,-58.3758,-0.0000
170.1400,308.2583,-58.3758,-0.0000
170.1500,307.6746,-58.3758,-0.0000
170.1600,307.0908,-58.3758,-0.0000
170.1700,306.5071,-58.3758,-0.0000
170.1800,305.9233,-58.3758,-0.0000
170.1900,305.3396,-58.3758,-0.0000
170.2000,304.7558,-58.3758,-0.0000
170.2100,304.1720,-58.3758,-0.0000
170.2200,303.5883,-58.3758,-0.0000
170.2300,303.0045,-58.3758,-0.0000
170.2400,302.4208,-58.3758,-0.0000
170.2500,301.8370,-58.3758,-0.0000
170.2600,301.2533,-58.3758,-0.0000
170.2700,300.6695,-58.3758,-0.0000
170.2800,300.0857,-58.3758,-0.0000
170.2900,299.5020,-58.3758,-0.0000
170.3000,298.9182,-58.3758,-0.0000
170.3100,298.3345,-58.3758,-0.0000
170.3200,297.7507,-58.3758,-0.0000
170.3300,297.1670,-58.3758,-0.0000
170.3400,296.5832,-58.3758,-0.0000
170.3500,295.9994,-58.3758,-0.0000
170.3600,295.4157,-58.3758,-0.0000
170.3700,294.8319,-58.3758,-0.0000
170.3800,294.2482,-58.3758,-0.0000
170.3900,293.6644,-58.3758,-0.0000
170.4000,293.0806,-58.3758,-0.0000
170.4100,292.4969,-58.3758,-0.0000
170.4200,291.9131,-58.3758,-0.0000
170.4300,291.3294,-58.3758,-0.0000
170.4400,290.7456,-58.3758,-0.0000
170.4500,290.1619,-58.3758,-0.0000
170.4600,289.5781,-58.3758,-0.0000
170.4700,288.9943,-58.3758,-0.0000
170.4800,288.4106,-58.3758,-0.0000
170.4900,287.8268,-58.3758,-0.0000
170.5000,287.2431,-58.3758,-0.0000
170.5100,286.6593,-58.3758,-0.0000
170.5200,286.0756,-58.3758,-0.0000
170.5300,285.4918,-58.3758,-0.0000
170.5400,284.9080,-58.3758,-0.0000
170.5500,284.3243,-58.3758,-0.0000
170.5600,283.7405,-58.3758,-0.0000
170.5700,283.1568,-58.3758,-0.0000
170.5800,282.5730,-58.3758,-0.0000
170.5900,281.9893,-58.3758,-0.0000
170.6000,281.4055,-58.3758,-0.0000
170.6100,280.8217,-58.3758,-0.0000
170.6200,280.2380,-58.3758,-0.0000
170.6300,279.6542,-58.3758,-0.0000
170.6400,279.0705,-58.3758,-0.0000
170.6500,278.4867,-58.3758,-0.0000
170.6600,277.9030,-58.3758,-0.0000
170.6700,277.3192,-58.3758,-0.0000
170.6800,276.7354,-58.3758,-0.0000
170.6900,276.1517,-58.3758,-0.0000
170.7000,275.5679,-58.3758,-0.0000
170.7100,274.9842,-58.3758,-0.0000
170.7200,274.4004,-58.3758,-0.0000
170.7300,273.8166,-58.3758,-0.0000
170.7400,273.2329,-58.3758,-0.0000
170.7500,272.6491,-58.3758,-0.0000
170.7600,272.0654,-58.3758,-0.0000
170.7700,271.4816,-58.3758,-0.0000
170.7800,270.8979,-58.3758,-0.0000
170.7900,270.3141,-58.3758,-0.0000
170.8000,269.7303,-58.3758,-0.0000
170.8100,269.1466,-58.3758,-0.0000
170.8200,268.5628,-58.3758,-0.0000
170.8300,267.9791,-58.3758,-0.0000
170.8400,267.3953,-58.3758,-0.0000
170.8500,266.8116,-58.3758,-0.0000
170.8600,266.2278,-58.3758,-0.0000
170.8700,265.6440,-58.3758,-0.0000
170.8800,265.0603,-58.3758,-0.0000
170.8900,264.4765,-58.3758,-0.0000
170.9000,263.8928,-58.3758,-0.0000
170.9100,263.3090,-58.3758,-0.0000
170.9200,262.7253,-58.3758,-0.0000
170.9300,262.1415,-58.3758,-0.0000
170.9400,261.5577,-58.3758,-0.0000
170.9500,260.9740,-58.3758,-0.0000
170.9600,260.3902,-58.3758,-0.0000
170.9700,259.8065,-58.3758,-0.0000
170.9800,259.2227,-58.3758,-0.0000
170.9900,258.6390,-58.3758,-0.0000
171.0000,258.0552,-58.3758,-0.0000
171.0100,257.4714,-58.3758,-0.0000
171.0200,256.8877,-58.3758,-0.0000
171.0300,256.3039,-58.3758,-0.0000
171.0400,255.7202,-58.3758,-0.0000
171.0500,255.1364,-58.3758,-0.0000
171.0600,254.5526,-58.3758,-0.0000
171.0700,253.9689,-58.3758,-0.0000
171.0800,253.3851,-58.3758,-0.0000
171.0900,252.8014,-58.3758,-0.0000
171.1000,252.2176,-58.3758,-0.0000
171.1100,251.6339,-58.3758,-0.0000
171.1200,251.0501,-58.3758,-0.0000
171.1300,250.4663,-58.3758,-0.0000
171.1400,249.8826,-58.3758,-0.0000
171.1500,249.2988,-58.3758,-0.0000
171.1600,248.7151,-58.3758,-0.0000
171.1700,248.1313,-58.3758,-0.0000
171.1800,247.5476,-58.3758,-0.0000
171.1900,246.9638,-58.3758,-0.0000
171.2000,246.3800,-58.3758,-0.0000
171.2100,245.7963,-58.3758,-0.0000
171.2200,245.2125,-58.3758,-0.0000
171.2300,244.6288,-58.3758,-0.0000
171.2400,244.0450,-58.3758,-0.0000
171.2500,243.4613,-58.3758,-0.0000
171.2600,242.8775,-58.3758,-0.0000
171.2700,242.2937,-58.3758,-0.0000
171.2800,241.7100,-58.3758,-0.0000
171.2900,241.1262,-58.3758,-0.0000
171.3000,240.5425,-58.3758,-0.0000
171.3100,239.9587,-58.3758,-0.0000
171.3200,239.3750,-58.3758,-0.0000
171.3300,238.7912,-58.3758,-0.0000
171.3400,238.2074,-58.3758,-0.0000
171.3500,237.6237,-58.3758,-0.0000
171.3600,237.0399,-58.3758,-0.0000
171.3700,236.4562,-58.3758,-0.0000
171.3800,235.8724,-58.3758,-0.0000
171.3900,235.2886,-58.3758,-0.0000
171.4000,234.7049,-58.3758,-0.0000
171.4100,234.1211,-58.3758,-0.0000
171.4200,233.5374,-58.3758,-0.0000
171.4300,232.9536,-58.3758,-0.0000
171.4400,232.3699,-58.3758,-0.0000
171.4500,231.7861,-58.3758,-0.0000
171.4600,231.2023,-58.3758,-0.0000
171.4700,230.6186,-58.3758,-0.0000
171.4800,230.0348,-58.3758,-0.0000
171.4900,229.4511,-58.3758,-0.0000
171.5000,228.8673,-58.3758,-0.0000
171.5100,228.2836,-58.3758,-0.0000
171.5200,227.6998,-58.3758,-0.0000
171.5300,227.1160,-58.3758,-0.0000
171.5400,226.5323,-58.3758,-0.0000
171.5500,225.9485,-58.3758,-0.0000
171.5600,225.3648,-58.3758,-0.0000
171.5700,224.7810,-58.3758,-0.0000
171.5800,224.1973,-58.3758,-0.0000
171.5900,223.6135,-58.3758,-0.0000
171.6000,223.0297,-58.3758,-0.0000
171.6100,222.4460,-58.3758,-0.0000
171.6200,221.8622,-58.3758,-0.0000
171.6300,221.2785,-58.3758,-0.0000
171.6400,220.6947,-58.3758,-0.0000
171.6500,220.1110,-58.3758,-0.0000
171.6600,219.5272,-58.3758,-0.0000
171.6700,218.9434,-58.3758,-0.0000
171.6800,218.3597,-58.3758,-0.0000
171.6900,217.7759,-58.3758,-0.0000
171.7000,217.1922,-58.3758,-0.0000
171.7100,216.6084,-58.3758,-0.0000
171.7200,216.0246,-58.3758,-0.0000
171.7300,215.4409,-58.3758,-0.0000
171.7400,214.8571,-58.3758,-0.0000
171.7500,214.2734,-58.3758,-0.0000
171.7600,213.6896,-58.3758,-0.0000
171.7700,213.1059,-58.3758,-0.0000
171.7800,212.5221,-58.3758,-0.0000
171.7900,211.9383,-58.3758,-0.0000
171.8000,211.3546,-58.3758,-0.0000
171.8100,210.7708,-58.3758,-0.0000
171.8200,210.1871,-58.3758,-0.0000
171.8300,209.6033,-58.3758,-0.0000
171.8400,209.0196,-58.3758,-0.0000
171.8500,208.4358,-58.3758,-0.0000
171.8600,207.8520,-58.3758,-0.0000
171.8700,207.2683,-58.3758,-0.0000
171.8800,206.6845,-58.3758,-0.0000
171.8900,206.1008,-58.3758,-0.0000
171.9000,205.5170,-58.3758,-0.0000
171.9100,204.9333,-58.3758,-0.0000
171.9200,204.3495,-58.3758,-0.0000
171.9300,203.7657,-58.3758,-0.0000
171.9400,203.1820,-58.3758,-0.0000
171.9500,202.5982,-58.3758,-0.0000
171.9600,202.0145,-58.3758,-0.0000
171.9700,201.4307,-58.3758,-0.0000
171.9800,200.8470,-58.3758,-0.0000
171.9900,200.2632,-58.3758,-0.0000
172.0000,199.6794,-58.3758,-0.0000
172.0100,199.0957,-58.3758,-0.0000
172.0200,198.5119,-58.3758,-0.0000
172.0300,197.9282,-58.3758,-0.0000
172.0400,197.3444,-58.3758,-0.0000
172.0500,196.7606,-58.3758,-0.0000
172.0600,196.1769,-58.3758,-0.0000
172.0700,195.5931,-58.3758,-0.0000
172.0800,195.0094,-58.3758,-0.0000
172.0900,194.4256,-58.3758,-0.0000
172.1000,193.8419,-58.3758,-0.0000
172.1100,193.2581,-58.3758,-0.0000
172.1200,192.6743,-58.3758,-0.0000
172.1300,192.0906,-58.3758,-0.0000
172.1400,191.5068,-58.3758,-0.0000
172.1500,190.9231,-58.3758,-0.0000
172.1600,190.3393,-58.3758,-0.0000
172.1700,189.7556,-58.3758,-0.0000
172.1800,189.1718,-58.3758,-0.0000
172.1900,188.5880,-58.3758,-0.0000
172.2000,188.0043,-58.3758,-0.0000
172.2100,187.4205,-58.3758,-0.0000
172.2200,186.8368,-58.3758,-0.0000
172.2300,186.2530,-58.3758,-0.0000
172.2400,185.6693,-58.3758,-0.0000
172.2500,185.0855,-58.3758,-0.0000
172.2600,184.5017,-58.3758,-0.0000
172.2700,183.9180,-58.3758,-0.0000
172.2800,183.3342,-58.3758,-0.0000
172.2900,182.7505,-58.3758,-0.0000
172.3000,182.1667,-58.3758,-0.0000
172.3100,181.5830,-58.3758,-0.0000
172.3200,180.9992,-58.3758,-0.0000
172.3300,180.4154,-58.3758,-0.0000
172.3400,179.8317,-58.3758,-0.0000
172.3500,179.2479,-58.3758,-0.0000
172.3600,178.6642,-58.3758,-0.0000
172.3700,178.0804,-58.3758,-0.0000
172.3800,177.4966,-58.3758,-0.0000
172.3900,176.9129,-58.3758,-0.0000
172.4000,176.3291,-58.3758,-0.0000
172.4100,175.7454,-58.3758,-0.0000
172.4200,175.1616,-58.3758,-0.0000
172.4300,174.5779,-58.3758,-0.0000
172.4400,173.9941,-58.3758,-0.0000
172.4500,173.4103,-58.3758,-0.0000
172.4600,172.8266,-58.3758,-0.0000
172.4700,172.2428,-58.3758,-0.0000
172.4800,171.6591,-58.3758,-0.0000
172.4900,171.0753,-58.3758,-0.0000
172.5000,170.4916,-58.3758,-0.0000
172.5100,169.9078,-58.3758,-0.0000
172.5200,169.3240,-58.3758,-0.0000
172.5300,168.7403,-58.3758,-0.0000
172.5400,168.1565,-58.3758,-0.0000
172.5500,167.5728,-58.3758,-0.0000
172.5600,166.9890,-58.3758,-0.0000
172.5700,166.4053,-58.3758,-0.0000
172.5800,165.8215,-58.3758,-0.0000
172.5900,165.2377,-58.3758,-0.0000
172.6000,164.6540,-58.3758,-0.0000
172.6100,164.0702,-58.3758,-0.0000
172.6200,163.4865,-58.3758,-0.0000
172.6300,162.9027,-58.3758,-0.0000
172.6400,162.3190,-58.3758,-0.0000
172.6500,161.7352,-58.3758,-0.0000
172.6600,161.1514,-58.3758,-0.0000
172.6700,160.5677,-58.3758,-0.0000
172.6800,159.9839,-58.3758,-0.0000
172.6900,159.4002,-58.3758,-0.0000
172.7000,158.8164,-58.3758,-0.0000
172.7100,158.2326,-58.3758,-0.0000
172.7200,157.6489,-58.3758,-0.0000
172.7300,157.0651,-58.3758,-0.0000
172.7400,156.4814,-58.3758,-0.0000
172.7500,155.8976,-58.3758,-0.0000
172.7600,155.3139,-58.3758,-0.0000
172.7700,154.7301,-58.3758,-0.0000
172.7800,154.1463,-58.3758,-0.0000
172.7900,153.5626,-58.3758,-0.0000
172.8000,152.9788,-58.3758,-0.0000
172.8100,152.3951,-58.3758,-0.0000
172.8200,151.8113,-58.3758,-0.0000
172.8300,151.2276,-58.3758,-0.0000
172.8400,150.6438,-58.3758,-0.0000
172.8500,150.0600,-58.3758,-0.0000
172.8600,149.4763,-58.3758,-0.0000
172.8700,148.8925,-58.3758,-0.0000
172.8800,148.3088,-58.3758,-0.0000
172.8900,147.7250,-58.3758,-0.0000
172.9000,147.1413,-58.3758,-0.0000
172.9100,146.5575,-58.3758,-0.0000
172.9200,145.9737,-58.3758,-0.0000
172.9300,145.3900,-58.3758,-0.0000
172.9400,144.8062,-58.3758,-0.0000
172.9500,144.2225,-58.3758,-0.0000
172.9600,143.6387,-58.3758,-0.0000
172.9700,143.0550,-58.3758,-0.0000
172.9800,142.4712,-58.3758,-0.0000
172.9900,141.8874,-58.3758,-0.0000
173.0000,141.3037,-58.3758,-0.0000
173.0100,140.7199,-58.3758,-0.0000
173.0200,140.1362,-58.3758,-0.0000
173.0300,139.5524,-58.3758,-0.0000
173.0400,138.9686,-58.3758,-0.0000
173.0500,138.3849,-58.3758,-0.0000
173.0600,137.8011,-58.3758,-0.0000
173.0700,137.2174,-58.3758,-0.0000
173.0800,136.6336,-58.3758,-0.0000
173.0900,136.0499,-58.3758,-0.0000
173.1000,135.4661,-58.3758,-0.0000
173.1100,134.8823,-58.3758,-0.0000
173.1200,134.2986,-58.3758,-0.0000
173.1300,133.7148,-58.3758,-0.0000
173.1400,133.1311,-58.3758,-0.0000
173.1500,132.5473,-58.3758,-0.0000
173.1600,131.9636,-58.3758,-0.0000
173.1700,131.3798,-58.3758,-0.0000
173.1800,130.7960,-58.3758,-0.0000
173.1900,130.2123,-58.3758,-0.0000
173.2000,129.6285,-58.3758,-0.0000
173.2100,129.0448,-58.3758,-0.0000
173.2200,128.4610,-58.3758,-0.0000
173.2300,127.8773,-58.3758,-0.0000
173.2400,127.2935,-58.3758,-0.0000
173.2500,126.7097,-58.3758,-0.0000
173.2600,126.1260,-58.3758,-0.0000
173.2700,125.5422,-58.3758,-0.0000
173.2800,124.9585,-58.3758,-0.0000
173.2900,124.3747,-58.3758,-0.0000
173.3000,123.7910,-58.3758,-0.0000
173.3100,123.2072,-58.3758,-0.0000
173.3200,122.6234,-58.3758,-0.0000
173.3300,122.0397,-58.3758,-0.0000
173.3400,121.4559,-58.3758,-0.0000
173.3500,120.8722,-58.3758,-0.0000
173.3600,120.2884,-58.3758,-0.0000
173.3700,119.7046,-58.3758,-0.0000
173.3800,119.1209,-58.3758,-0.0000
173.3900,118.5371,-58.3758,-0.0000
173.4000,117.9534,-58.3758,-0.0000
173.4100,117.3696,-58.3758,-0.0000
173.4200,116.7859,-58.3758,-0.0000
173.4300,116.2021,-58.3758,-0.0000
173.4400,115.6183,-58.3758,-0.0000
173.4500,115.0346,-58.3758,-0.0000
173.4600,114.4508,-58.3758,-0.0000
173.4700,113.8671,-58.3758,-0.0000
173.4800,113.2833,-58.3758,-0.0000
173.4900,112.6996,-58.3758,-0.0000
173.5000,112.1158,-58.3758,-0.0000
173.5100,111.5320,-58.3758,-0.0000
173.5200,110.9483,-58.3758,-0.0000
173.5300,110.3645,-58.3758,-0.0000
173.5400,109.7808,-58.3758,-0.0000
173.5500,109.1970,-58.3758,-0.0000
173.5600,108.6133,-58.3758,-0.0000
173.5700,108.0295,-58.3758,-0.0000
173.5800,107.4457,-58.3758,-0.0000
173.5900,106.8620,-58.3758,-0.0000
173.6000,106.2782,-58.3758,-0.0000
173.6100,105.6945,-58.3758,-0.0000
173.6200,105.1107,-58.3758,-0.0000
173.6300,104.5270,-58.3758,-0.0000
173.6400,103.9432,-58.3758,-0.0000
173.6500,103.3594,-58.3758,-0.0000
173.6600,102.7757,-58.3758,-0.0000
173.6700,102.1919,-58.3758,-0.0000
173.6800,101.6082,-58.3758,-0.0000
173.6900,101.0244,-58.3758,-0.0000
173.7000,100.4406,-58.3758,-0.0000
173.7100,99.8569,-58.3758,-0.0000
173.7200,99.2731,-58.3758,-0.0000
173.7300,98.6894,-58.3758,-0.0000
173.7400,98.1056,-58.3758,-0.0000
173.7500,97.5219,-58.3758,-0.0000
173.7600,96.9381,-58.3758,-0.0000
173.7700,96.3543,-58.3758,-0.0000
173.7800,95.7706,-58.3758,-0.0000
173.7900,95.1868,-58.3758,-0.0000
173.8000,94.6031,-58.3758,-0.0000
173.8100,94.0193,-58.3758,-0.0000
173.8200,93.4356,-58.3758,-0.0000
173.8300,92.8518,-58.3758,-0.0000
173.8400,92.2680,-58.3758,-0.0000
173.8500,91.6843,-58.3758,-0.0000
173.8600,91.1005,-58.3758,-0.0000
173.8700,90.5168,-58.3758,-0.0000
173.8800,89.9330,-58.3758,-0.0000
173.8900,89.3493,-58.3758,-0.0000
173.9000,88.7655,-58.3758,-0.0000
173.9100,88.1817,-58.3758,-0.0000
173.9200,87.5980,-58.3758,-0.0000
173.9300,87.0142,-58.3758,-0.0000
173.9400,86.4305,-58.3758,-0.0000
173.9500,85.8467,-58.3758,-0.0000
173.9600,85.2630,-58.3758,-0.0000
173.9700,84.6792,-58.3758,-0.0000
173.9800,84.0954,-58.3758,-0.0000
173.9900,83.5117,-58.3758,-0.0000
174.0000,82.9279,-58.3758,-0.0000
174.0100,82.3442,-58.3758,-0.0000
174.0200,81.7604,-58.3758,-0.0000
174.0300,81.1766,-58.3758,-0.0000
174.0400,80.5929,-58.3758,-0.0000
174.0500,80.0091,-58.3758,-0.0000
174.0600,79.4254,-58.3758,-0.0000
174.0700,78.8416,-58.3758,-0.0000
174.0800,78.2579,-58.3758,-0.0000
174.0900,77.6741,-58.3758,-0.0000
174.1000,77.0903,-58.3758,-0.0000
174.1100,76.5066,-58.3758,-0.0000
174.1200,75.9228,-58.3758,-0.0000
174.1300,75.3391,-58.3758,-0.0000
174.1400,74.7553,-58.3758,-0.0000
174.1500,74.1716,-58.3758,-0.0000
174.1600,73.5878,-58.3758,-0.0000
174.1700,73.0040,-58.3758,-0.0000
174.1800,72.4203,-58.3758,-0.0000
174.1900,71.8365,-58.3758,-0.0000
174.2000,71.2528,-58.3758,-0.0000
174.2100,70.6690,-58.3758,-0.0000
174.2200,70.0853,-58.3758,-0.0000
174.2300,69.5015,-58.3758,-0.0000
174.2400,68.9177,-58.3758,-0.0000
174.2500,68.3340,-58.3758,-0.0000
174.2600,67.7502,-58.3758,-0.0000
174.2700,67.1665,-58.3758,-0.0000
174.2800,66.5827,-58.3758,-0.0000
174.2900,65.9990,-58.3758,-0.0000
174.3000,65.4152,-58.3758,-0.0000
174.3100,64.8314,-58.3758,-0.0000
174.3200,64.2477,-58.3758,-0.0000
174.3300,63.6639,-58.3758,-0.0000
174.3400,63.0802,-58.3758,-0.0000
174.3500,62.4964,-58.3758,-0.0000
174.3600,61.9126,-58.3758,-0.0000
174.3700,61.3289,-58.3758,-0.0000
174.3800,60.7451,-58.3758,-0.0000
174.3900,60.1614,-58.3758,-0.0000
174.4000,59.5776,-58.3758,-0.0000
174.4100,58.9939,-58.3758,-0.0000
174.4200,58.4101,-58.3758,-0.0000
174.4300,57.8263,-58.3758,-0.0000
174.4400,57.2426,-58.3758,-0.0000
174.4500,56.6588,-58.3758,-0.0000
174.4600,56.0751,-58.3758,-0.0000
174.4700,55.4913,-58.3758,-0.0000
174.4800,54.9076,-58.3758,-0.0000
174.4900,54.3238,-58.3758,-0.0000
174.5000,53.7400,-58.3758,-0.0000
174.5100,53.1563,-58.3758,-0.0000
174.5200,52.5725,-58.3758,-0.0000
174.5300,51.9888,-58.3758,-0.0000
174.5400,51.4050,-58.3758,-0.0000
174.5500,50.8213,-58.3758,-0.0000
174.5600,50.2375,-58.3758,-0.0000
174.5700,49.6537,-58.3758,-0.0000
174.5800,49.0700,-58.3758,-0.0000
174.5900,48.4862,-58.3758,-0.0000
174.6000,47.9025,-58.3758,-0.0000
174.6100,47.3187,-58.3758,-0.0000
174.6200,46.7350,-58.3758,-0.0000
174.6300,46.1512,-58.3758,-0.0000
174.6400,45.5674,-58.3758,-0.0000
174.6500,44.9837,-58.3758,-0.0000
174.6600,44.3999,-58.3758,-0.0000
174.6700,43.8162,-58.3758,-0.0000
174.6800,43.2324,-58.3758,-0.0000
174.6900,42.6486,-58.3758,-0.0000
174.7000,42.0649,-58.3758,-0.0000
174.7100,41.4811,-58.3758,-0.0000
174.7200,40.8974,-58.3758,-0.0000
174.7300,40.3136,-58.3758,-0.0000
174.7400,39.7299,-58.3758,-0.0000
174.7500,39.1461,-58.3758,-0.0000
174.7600,38.5623,-58.3758,-0.0000
174.7700,37.9786,-58.3758,-0.0000
174.7800,37.3948,-58.3758,-0.0000
174.7900,36.8111,-58.3758,-0.0000
174.8000,36.2273,-58.3758,-0.0000
174.8100,35.6436,-58.3758,-0.0000
174.8200,35.0598,-58.3758,-0.0000
174.8300,34.4760,-58.3758,-0.0000
174.8400,33.8923,-58.3758,-0.0000
174.8500,33.3085,-58.3758,-0.0000
174.8600,32.7248,-58.3758,-0.0000
174.8700,32.1410,-58.3758,-0.0000
174.8800,31.5573,-58.3758,-0.0000
174.8900,30.9735,-58.3758,-0.0000
174.9000,30.3897,-58.3758,-0.0000
174.9100,29.8060,-58.3758,-0.0000
174.9200,29.2222,-58.3758,-0.0000
174.9300,28.6385,-58.3758,-0.0000
174.9400,28.0547,-58.3758,-0.0000
174.9500,27.4710,-58.3758,-0.0000
174.9600,26.8872,-58.3758,-0.0000
174.9700,26.3034,-58.3758,-0.0000
174.9800,25.7197,-58.3758,-0.0000
174.9900,25.1359,-58.3758,-0.0000
175.0000,24.5522,-58.3758,-0.0000
175.0100,23.9684,-58.3758,-0.0000
175.0200,23.3846,-58.3758,-0.0000
175.0300,22.8009,-58.3758,-0.0000
175.0400,22.2171,-58.3758,-0.0000
175.0500,21.6334,-58.3758,-0.0000
175.0600,21.0496,-58.3758,-0.0000
175.0700,20.4659,-58.3758,-0.0000
175.0800,19.8821,-58.3758,-0.0000
175.0900,19.2983,-58.3758,-0.0000
175.1000,18.7146,-58.3758,-0.0000
175.1100,18.1308,-58.3758,-0.0000
175.1200,17.5471,-58.3758,-0.0000
175.1300,16.9633,-58.3758,-0.0000
175.1400,16.3796,-58.3758,-0.0000
175.1500,15.7958,-58.3758,-0.0000
175.1600,15.2120,-58.3758,-0.0000
175.1700,14.6283,-58.3758,-0.0000
175.1800,14.0445,-58.3758,-0.0000
175.1900,13.4608,-58.3758,-0.0000
175.2000,12.8770,-58.3758,-0.0000
175.2100,12.2933,-58.3758,-0.0000
175.2200,11.7095,-58.3758,-0.0000
175.2300,11.1257,-58.3758,-0.0000
175.2400,10.5420,-58.3758,-0.0000
175.2500,9.9582,-58.3758,-0.0000
175.2600,9.3745,-58.3758,-0.0000
175.2700,8.7907,-58.3758,-0.0000
175.2800,8.2070,-58.3758,-0.0000
175.2900,7.6232,-58.3758,-0.0000
175.3000,7.0394,-58.3758,-0.0000
175.3100,6.4557,-58.3758,-0.0000
175.3200,5.8719,-58.3758,-0.0000
175.3300,5.2882,-58.3758,-0.0000
175.3400,4.7044,-58.3758,-0.0000
175.3500,4.1206,-58.3758,-0.0000
175.3600,3.5369,-58.3758,-0.0000
175.3700,2.9531,-58.3758,-0.0000
175.3800,2.3694,-58.3758,-0.0000
175.3900,1.7856,-58.3758,-0.0000
175.4000,1.2019,-58.3758,-0.0000
175.4100,0.6181,-58.3758,-0.0000
175.4200,0.0343,-58.3758,-0.0000
175.4300,0.0000,-58.3758,-0.0000
