tempo,posicao,velocidade,aceleracao
0.0000,10000.0000,0.0000,-9.8100
0.0316,9999.9902,-0.3102,-9.8100
0.0632,9999.9706,-0.6204,-9.8097
0.0949,9999.9411,-0.9306,-9.8089
0.1265,9999.9019,-1.2408,-9.8075
0.1581,9999.8529,-1.5508,-9.8056
0.1897,9999.7940,-1.8608,-9.8031
0.2214,9999.7254,-2.1707,-9.8000
0.2530,9999.6469,-2.4805,-9.7964
0.2846,9999.5587,-2.7902,-9.7923
0.3162,9999.4607,-3.0997,-9.7876
0.3479,9999.3529,-3.4090,-9.7823
0.3795,9999.2353,-3.7182,-9.7765
0.4111,9999.1079,-4.0272,-9.7702
0.4427,9998.9708,-4.3359,-9.7633
0.4743,9998.8240,-4.6444,-9.7559
0.5060,9998.6673,-4.9527,-9.7479
0.5376,9998.5010,-5.2607,-9.7394
0.5692,9998.3249,-5.5684,-9.7303
0.6008,9998.1391,-5.8758,-9.7207
0.6325,9997.9436,-6.1828,-9.7106
0.6641,9997.7384,-6.4896,-9.7000
0.6957,9997.5234,-6.7960,-9.6888
0.7273,9997.2989,-7.1020,-9.6770
0.7589,9997.0646,-7.4076,-9.6648
0.7906,9996.8207,-7.7128,-9.6520
0.8222,9996.5672,-8.0176,-9.6387
0.8538,9996.3040,-8.3220,-9.6249
0.8854,9996.0312,-8.6259,-9.6106
0.9171,9995.7489,-8.9294,-9.5958
0.9487,9995.4569,-9.2323,-9.5805
0.9803,9995.1554,-9.5348,-9.5646
1.0119,9994.8443,-9.8367,-9.5483
1.0436,9994.5237,-10.1381,-9.5314
1.0752,9994.1936,-10.4390,-9.5141
1.1068,9993.8540,-10.7393,-9.4963
1.1384,9993.5049,-11.0390,-9.4780
1.1700,9993.1464,-11.3381,-9.4592
1.2017,9992.7784,-11.6367,-9.4399
1.2333,9992.4010,-11.9346,-9.4202
1.2649,9992.0142,-12.2318,-9.4000
1.2965,9991.6180,-12.5284,-9.3793
1.3282,9991.2125,-12.8243,-9.3581
1.3598,9990.7976,-13.1196,-9.3366
1.3914,9990.3734,-13.4141,-9.3145
1.4230,9989.9399,-13.7080,-9.2920
1.4546,9989.4972,-14.0011,-9.2691
1.4863,9989.0452,-14.2935,-9.2457
1.5179,9988.5840,-14.5851,-9.2219
1.5495,9988.1135,-14.8759,-9.1976
1.5811,9987.6339,-15.1660,-9.1730
1.6128,9987.1452,-15.4553,-9.1479
1.6444,9986.6473,-15.7438,-9.1224
1.6760,9986.1404,-16.0314,-9.0965
1.7076,9985.6244,-16.3182,-9.0701
1.7393,9985.0993,-16.6042,-9.0434
1.7709,9984.5652,-16.8893,-9.0163
1.8025,9984.0221,-17.1736,-8.9888
1.8341,9983.4701,-17.4570,-8.9610
1.8657,9982.9091,-17.7394,-8.9327
1.8974,9982.3392,-18.0210,-8.9041
1.9290,9981.7605,-18.3017,-8.8751
1.9606,9981.1729,-18.5814,-8.8458
1.9922,9980.5765,-18.8602,-8.8161
2.0239,9979.9713,-19.1380,-8.7860
2.0555,9979.3573,-19.4149,-8.7556
2.0871,9978.7347,-19.6908,-8.7249
2.1187,9978.1033,-19.9657,-8.6938
2.1503,9977.4632,-20.2397,-8.6624
2.1820,9976.8146,-20.5126,-8.6307
2.2136,9976.1573,-20.7845,-8.5987
2.2452,9975.4915,-21.0554,-8.5664
2.2768,9974.8171,-21.3253,-8.5338
2.3085,9974.1343,-21.5941,-8.5008
2.3401,9973.4429,-21.8618,-8.4676
2.3717,9972.7432,-22.1286,-8.4341
2.4033,9972.0350,-22.3942,-8.4004
2.4350,9971.3185,-22.6588,-8.3663
2.4666,9970.5936,-22.9222,-8.3320
2.4982,9969.8604,-23.1846,-8.2974
2.5298,9969.1190,-23.4459,-8.2626
2.5614,9968.3694,-23.7061,-8.2275
2.5931,9967.6115,-23.9652,-8.1922
2.6247,9966.8455,-24.2231,-8.1567
2.6563,9966.0714,-24.4799,-8.1209
2.6879,9965.2892,-24.7356,-8.0849
2.7196,9964.4989,-24.9901,-8.0486
2.7512,9963.7007,-25.2435,-8.0122
2.7828,9962.8944,-25.4957,-7.9756
2.8144,9962.0802,-25.7467,-7.9387
2.8460,9961.2581,-25.9966,-7.9017
2.8777,9960.4282,-26.2453,-7.8645
2.9093,9959.5904,-26.4928,-7.8271
2.9409,9958.7449,-26.7391,-7.7895
2.9725,9957.8915,-26.9842,-7.7518
3.0042,9957.0305,-27.2282,-7.7138
3.0358,9956.1618,-27.4709,-7.6758
3.0674,9955.2855,-27.7124,-7.6375
3.0990,9954.4015,-27.9527,-7.5992
3.1307,9953.5100,-28.1918,-7.5607
3.1623,9952.6110,-28.4297,-7.5220
3.1939,9951.7045,-28.6663,-7.4833
3.2255,9950.7905,-28.9017,-7.4444
3.2571,9949.8692,-29.1359,-7.4053
3.2888,9948.9404,-29.3689,-7.3662
3.3204,9948.0044,-29.6006,-7.3270
3.3520,9947.0610,-29.8310,-7.2877
3.3836,9946.1105,-30.0602,-7.2482
3.4153,9945.1527,-30.2882,-7.2087
3.4469,9944.1877,-30.5149,-7.1691
3.4785,9943.2156,-30.7403,-7.1294
3.5101,9942.2364,-30.9645,-7.0897
3.5418,9941.2502,-31.1875,-7.0498
3.5734,9940.2569,-31.4092,-7.0100
3.6050,9939.2567,-31.6296,-6.9700
3.6366,9938.2496,-31.8487,-6.9300
3.6682,9937.2355,-32.0666,-6.8900
3.6999,9936.2147,-32.2832,-6.8499
3.7315,9935.1870,-32.4985,-6.8098
3.7631,9934.1525,-32.7126,-6.7696
3.7947,9933.1113,-32.9254,-6.7294
3.8264,9932.0634,-33.1370,-6.6892
3.8580,9931.0089,-33.3472,-6.6490
3.8896,9929.9478,-33.5562,-6.6087
3.9212,9928.8800,-33.7639,-6.5685
3.9528,9927.8058,-33.9704,-6.5282
3.9845,9926.7251,-34.1755,-6.4880
4.0161,9925.6379,-34.3794,-6.4477
4.0477,9924.5443,-34.5820,-6.4075
4.0793,9923.4444,-34.7834,-6.3673
4.1110,9922.3381,-34.9835,-6.3270
4.1426,9921.2255,-35.1823,-6.2869
4.1742,9920.1067,-35.3798,-6.2467
4.2058,9918.9817,-35.5761,-6.2066
4.2375,9917.8505,-35.7711,-6.1665
4.2691,9916.7132,-35.9648,-6.1264
4.3007,9915.5698,-36.1573,-6.0864
4.3323,9914.4204,-36.3485,-6.0465
4.3639,9913.2650,-36.5384,-6.0066
4.3956,9912.1035,-36.7271,-5.9667
4.4272,9910.9362,-36.9145,-5.9269
4.4588,9909.7630,-37.1007,-5.8872
4.4904,9908.5839,-37.2856,-5.8475
4.5221,9907.3990,-37.4693,-5.8079
4.5537,9906.2084,-37.6517,-5.7684
4.5853,9905.0120,-37.8329,-5.7289
4.6169,9903.8099,-38.0128,-5.6896
4.6485,9902.6022,-38.1915,-5.6503
4.6802,9901.3889,-38.3689,-5.6111
4.7118,9900.1700,-38.5451,-5.5720
4.7434,9898.9455,-38.7201,-5.5330
4.7750,9897.7156,-38.8938,-5.4941
4.8067,9896.4802,-39.0663,-5.4552
4.8383,9895.2394,-39.2376,-5.4165
4.8699,9893.9932,-39.4077,-5.3779
4.9015,9892.7417,-39.5765,-5.3394
4.9332,9891.4849,-39.7441,-5.3010
4.9648,9890.2228,-39.9106,-5.2627
4.9964,9888.9555,-40.0758,-5.2246
5.0280,9887.6830,-40.2398,-5.1865
5.0596,9886.4054,-40.4026,-5.1486
5.0913,9885.1226,-40.5642,-5.1108
5.1229,9883.8348,-40.7247,-5.0731
5.1545,9882.5419,-40.8839,-5.0356
5.1861,9881.2441,-41.0420,-4.9982
5.2178,9879.9412,-41.1988,-4.9609
5.2494,9878.6335,-41.3545,-4.9238
5.2810,9877.3209,-41.5091,-4.8868
5.3126,9876.0034,-41.6624,-4.8499
5.3442,9874.6811,-41.8146,-4.8132
5.3759,9873.3540,-41.9657,-4.7766
5.4075,9872.0222,-42.1156,-4.7402
5.4391,9870.6857,-42.2643,-4.7039
5.4707,9869.3445,-42.4119,-4.6678
5.5024,9867.9987,-42.5584,-4.6318
5.5340,9866.6483,-42.7038,-4.5960
5.5656,9865.2933,-42.8480,-4.5603
5.5972,9863.9338,-42.9910,-4.5248
5.6289,9862.5698,-43.1330,-4.4894
5.6605,9861.2014,-43.2739,-4.4542
5.6921,9859.8285,-43.4136,-4.4192
5.7237,9858.4513,-43.5523,-4.3843
5.7553,9857.0697,-43.6898,-4.3496
5.7870,9855.6838,-43.8263,-4.3150
5.8186,9854.2936,-43.9616,-4.2807
5.8502,9852.8992,-44.0959,-4.2465
5.8818,9851.5005,-44.2291,-4.2124
5.9135,9850.0977,-44.3613,-4.1785
5.9451,9848.6907,-44.4923,-4.1448
5.9767,9847.2796,-44.6223,-4.1113
6.0083,9845.8645,-44.7513,-4.0780
6.0400,9844.4453,-44.8792,-4.0448
6.0716,9843.0220,-45.0061,-4.0118
6.1032,9841.5948,-45.1319,-3.9790
6.1348,9840.1637,-45.2567,-3.9463
6.1664,9838.7286,-45.3805,-3.9138
6.1981,9837.2897,-45.5032,-3.8815
6.2297,9835.8469,-45.6249,-3.8494
6.2613,9834.4003,-45.7456,-3.8175
6.2929,9832.9499,-45.8654,-3.7857
6.3246,9831.4958,-45.9841,-3.7542
6.3562,9830.0379,-46.1018,-3.7228
6.3878,9828.5764,-46.2185,-3.6916
6.4194,9827.1111,-46.3343,-3.6605
6.4510,9825.6423,-46.4491,-3.6297
6.4827,9824.1698,-46.5629,-3.5990
6.5143,9822.6938,-46.6757,-3.5686
6.5459,9821.2143,-46.7876,-3.5383
6.5775,9819.7312,-46.8986,-3.5082
6.6092,9818.2447,-47.0086,-3.4783
6.6408,9816.7547,-47.1176,-3.4485
6.6724,9815.2613,-47.2257,-3.4190
6.7040,9813.7645,-47.3329,-3.3896
6.7357,9812.2643,-47.4392,-3.3604
6.7673,9810.7608,-47.5445,-3.3314
6.7989,9809.2540,-47.6490,-3.3026
6.8305,9807.7440,-47.7525,-3.2740
6.8621,9806.2306,-47.8551,-3.2456
6.8938,9804.7141,-47.9569,-3.2173
6.9254,9803.1944,-48.0577,-3.1893
6.9570,9801.6715,-48.1577,-3.1614
6.9886,9800.1455,-48.2568,-3.1337
7.0203,9798.6164,-48.3550,-3.1062
7.0519,9797.0842,-48.4524,-3.0789
7.0835,9795.5489,-48.5489,-3.0517
7.1151,9794.0107,-48.6446,-3.0248
7.1467,9792.4694,-48.7394,-2.9980
7.1784,9790.9251,-48.8333,-2.9715
7.2100,9789.3779,-48.9265,-2.9451
7.2416,9787.8278,-49.0188,-2.9189
7.2732,9786.2748,-49.1102,-2.8928
7.3049,9784.7190,-49.2009,-2.8670
7.3365,9783.1603,-49.2907,-2.8413
7.3681,9781.5987,-49.3798,-2.8159
7.3997,9780.0344,-49.4680,-2.7906
7.4314,9778.4673,-49.5555,-2.7654
7.4630,9776.8975,-49.6422,-2.7405
7.4946,9775.3250,-49.7280,-2.7158
7.5262,9773.7497,-49.8131,-2.6912
7.5578,9772.1718,-49.8975,-2.6668
7.5895,9770.5913,-49.9810,-2.6426
7.6211,9769.0081,-50.0638,-2.6186
7.6527,9767.4224,-50.1459,-2.5947
7.6843,9765.8341,-50.2272,-2.5711
7.7160,9764.2432,-50.3078,-2.5476
7.7476,9762.6498,-50.3876,-2.5243
7.7792,9761.0539,-50.4667,-2.5011
7.8108,9759.4555,-50.5450,-2.4782
7.8424,9757.8547,-50.6227,-2.4554
7.8741,9756.2514,-50.6996,-2.4328
7.9057,9754.6458,-50.7758,-2.4103
7.9373,9753.0377,-50.8514,-2.3880
7.9689,9751.4273,-50.9262,-2.3660
8.0006,9749.8145,-51.0003,-2.3440
8.0322,9748.1994,-51.0737,-2.3223
8.0638,9746.5820,-51.1465,-2.3007
8.0954,9744.9623,-51.2186,-2.2793
8.1271,9743.3404,-51.2900,-2.2581
8.1587,9741.7162,-51.3607,-2.2370
8.1903,9740.0899,-51.4308,-2.2161
8.2219,9738.4613,-51.5002,-2.1953
8.2535,9736.8305,-51.5690,-2.1748
8.2852,9735.1976,-51.6371,-2.1544
8.3168,9733.5626,-51.7046,-2.1341
8.3484,9731.9254,-51.7715,-2.1140
8.3800,9730.2862,-51.8377,-2.0941
8.4117,9728.6448,-51.9033,-2.0744
8.4433,9727.0015,-51.9683,-2.0548
8.4749,9725.3560,-52.0326,-2.0354
8.5065,9723.7086,-52.0964,-2.0161
8.5381,9722.0592,-52.1595,-1.9970
8.5698,9720.4078,-52.2221,-1.9780
8.6014,9718.7544,-52.2840,-1.9592
8.6330,9717.0991,-52.3454,-1.9406
8.6646,9715.4419,-52.4062,-1.9221
8.6963,9713.7827,-52.4664,-1.9038
8.7279,9712.1217,-52.5260,-1.8856
8.7595,9710.4588,-52.5851,-1.8676
8.7911,9708.7941,-52.6436,-1.8497
8.8228,9707.1275,-52.7015,-1.8320
8.8544,9705.4592,-52.7589,-1.8144
8.8860,9703.7890,-52.8157,-1.7970
8.9176,9702.1170,-52.8720,-1.7797
8.9492,9700.4433,-52.9277,-1.7626
8.9809,9698.7678,-52.9829,-1.7456
9.0125,9697.0906,-53.0376,-1.7288
9.0441,9695.4117,-53.0917,-1.7121
9.0757,9693.7311,-53.1453,-1.6956
9.1074,9692.0488,-53.1984,-1.6792
9.1390,9690.3649,-53.2510,-1.6629
9.1706,9688.6793,-53.3031,-1.6468
9.2022,9686.9921,-53.3547,-1.6308
9.2339,9685.3032,-53.4058,-1.6150
9.2655,9683.6128,-53.4563,-1.5993
9.2971,9681.9208,-53.5064,-1.5837
9.3287,9680.2272,-53.5560,-1.5683
9.3603,9678.5321,-53.6051,-1.5530
9.3920,9676.8354,-53.6537,-1.5379
9.4236,9675.1372,-53.7019,-1.5229
9.4552,9673.4375,-53.7496,-1.5080
9.4868,9671.7363,-53.7968,-1.4932
9.5185,9670.0336,-53.8436,-1.4786
9.5501,9668.3294,-53.8899,-1.4641
9.5817,9666.6238,-53.9357,-1.4498
9.6133,9664.9168,-53.9811,-1.4355
9.6449,9663.2083,-54.0261,-1.4214
9.6766,9661.4985,-54.0706,-1.4075
9.7082,9659.7872,-54.1146,-1.3936
9.7398,9658.0746,-54.1583,-1.3799
9.7714,9656.3606,-54.2015,-1.3663
9.8031,9654.6452,-54.2443,-1.3528
9.8347,9652.9285,-54.2866,-1.3395
9.8663,9651.2105,-54.3286,-1.3262
9.8979,9649.4912,-54.3701,-1.3131
9.9296,9647.7706,-54.4112,-1.3001
9.9612,9646.0486,-54.4519,-1.2872
9.9928,9644.3254,-54.4922,-1.2745
10.0244,9642.6010,-54.5321,-1.2618
10.0560,9640.8753,-54.5716,-1.2493
10.0877,9639.1483,-54.6107,-1.2369
10.1193,9637.4202,-54.6495,-1.2246
10.1509,9635.6908,-54.6878,-1.2124
10.1825,9633.9602,-54.7258,-1.2004
10.2142,9632.2284,-54.7633,-1.1884
10.2458,9630.4955,-54.8005,-1.1766
10.2774,9628.7614,-54.8374,-1.1648
10.3090,9627.0261,-54.8738,-1.1532
10.3406,9625.2897,-54.9099,-1.1417
10.3723,9623.5522,-54.9457,-1.1303
10.4039,9621.8135,-54.9811,-1.1190
10.4355,9620.0738,-55.0161,-1.1078
10.4671,9618.3329,-55.0508,-1.0967
10.4988,9616.5910,-55.0851,-1.0857
10.5304,9614.8479,-55.1191,-1.0748
10.5620,9613.1039,-55.1528,-1.0640
10.5936,9611.3587,-55.1861,-1.0533
10.6253,9609.6125,-55.2190,-1.0428
10.6569,9607.8653,-55.2517,-1.0323
10.6885,9606.1171,-55.2840,-1.0219
10.7201,9604.3679,-55.3160,-1.0116
10.7517,9602.6176,-55.3477,-1.0014
10.7834,9600.8664,-55.3790,-0.9913
10.8150,9599.1141,-55.4100,-0.9814
10.8466,9597.3610,-55.4408,-0.9715
10.8782,9595.6068,-55.4712,-0.9617
10.9099,9593.8517,-55.5013,-0.9519
10.9415,9592.0957,-55.5311,-0.9423
10.9731,9590.3387,-55.5606,-0.9328
11.0047,9588.5808,-55.5898,-0.9234
11.0363,9586.8220,-55.6187,-0.9140
11.0680,9585.0622,-55.6473,-0.9048
11.0996,9583.3016,-55.6756,-0.8956
11.1312,9581.5401,-55.7036,-0.8865
11.1628,9579.7777,-55.7314,-0.8775
11.1945,9578.0145,-55.7589,-0.8686
11.2261,9576.2504,-55.7860,-0.8598
11.2577,9574.4854,-55.8130,-0.8511
11.2893,9572.7196,-55.8396,-0.8424
11.3210,9570.9530,-55.8660,-0.8339
11.3526,9569.1855,-55.8921,-0.8254
11.3842,9567.4172,-55.9179,-0.8170
11.4158,9565.6481,-55.9435,-0.8087
11.4474,9563.8783,-55.9688,-0.8005
11.4791,9562.1076,-55.9938,-0.7923
11.5107,9560.3361,-56.0186,-0.7842
11.5423,9558.5639,-56.0432,-0.7762
11.5739,9556.7909,-56.0675,-0.7683
11.6056,9555.0171,-56.0915,-0.7605
11.6372,9553.2426,-56.1153,-0.7527
11.6688,9551.4673,-56.1389,-0.7450
11.7004,9549.6913,-56.1622,-0.7374
11.7321,9547.9146,-56.1853,-0.7299
11.7637,9546.1371,-56.2081,-0.7224
11.7953,9544.3589,-56.2308,-0.7150
11.8269,9542.5800,-56.2531,-0.7077
11.8585,9540.8005,-56.2753,-0.7004
11.8902,9539.0202,-56.2972,-0.6933
11.9218,9537.2392,-56.3189,-0.6862
11.9534,9535.4576,-56.3404,-0.6791
11.9850,9533.6753,-56.3616,-0.6722
12.0167,9531.8923,-56.3827,-0.6653
12.0483,9530.1087,-56.4035,-0.6584
12.0799,9528.3244,-56.4241,-0.6517
12.1115,9526.5394,-56.4445,-0.6450
12.1431,9524.7539,-56.4647,-0.6384
12.1748,9522.9677,-56.4847,-0.6318
12.2064,9521.1809,-56.5044,-0.6253
12.2380,9519.3934,-56.5240,-0.6189
12.2696,9517.6053,-56.5434,-0.6125
12.3013,9515.8167,-56.5625,-0.6062
12.3329,9514.0274,-56.5815,-0.6000
12.3645,9512.2376,-56.6003,-0.5938
12.3961,9510.4471,-56.6189,-0.5877
12.4278,9508.6561,-56.6373,-0.5816
12.4594,9506.8645,-56.6555,-0.5756
12.4910,9505.0723,-56.6735,-0.5697
12.5226,9503.2796,-56.6913,-0.5638
12.5542,9501.4863,-56.7090,-0.5580
12.5859,9499.6924,-56.7264,-0.5522
12.6175,9497.8980,-56.7437,-0.5465
12.6491,9496.1031,-56.7608,-0.5409
12.6807,9494.3076,-56.7777,-0.5353
12.7124,9492.5116,-56.7945,-0.5297
12.7440,9490.7151,-56.8111,-0.5243
12.7756,9488.9181,-56.8275,-0.5188
12.8072,9487.1205,-56.8437,-0.5135
12.8388,9485.3224,-56.8598,-0.5082
12.8705,9483.5239,-56.8757,-0.5029
12.9021,9481.7248,-56.8914,-0.4977
12.9337,9479.9253,-56.9070,-0.4925
12.9653,9478.1252,-56.9224,-0.4874
12.9970,9476.3247,-56.9377,-0.4824
13.0286,9474.5237,-56.9528,-0.4774
13.0602,9472.7222,-56.9677,-0.4724
13.0918,9470.9203,-56.9825,-0.4675
13.1235,9469.1179,-56.9971,-0.4627
13.1551,9467.3150,-57.0116,-0.4579
13.1867,9465.5117,-57.0259,-0.4531
13.2183,9463.7079,-57.0401,-0.4484
13.2499,9461.9037,-57.0541,-0.4438
13.2816,9460.0990,-57.0680,-0.4392
13.3132,9458.2940,-57.0818,-0.4346
13.3448,9456.4884,-57.0954,-0.4301
13.3764,9454.6825,-57.1088,-0.4256
13.4081,9452.8761,-57.1221,-0.4212
13.4397,9451.0694,-57.1353,-0.4168
13.4713,9449.2622,-57.1484,-0.4125
13.5029,9447.4546,-57.1613,-0.4082
13.5345,9445.6466,-57.1741,-0.4039
13.5662,9443.8382,-57.1867,-0.3997
13.5978,9442.0294,-57.1992,-0.3956
13.6294,9440.2202,-57.2116,-0.3915
13.6610,9438.4106,-57.2238,-0.3874
13.6927,9436.6007,-57.2360,-0.3833
13.7243,9434.7903,-57.2480,-0.3793
13.7559,9432.9796,-57.2598,-0.3754
13.7875,9431.1685,-57.2716,-0.3715
13.8192,9429.3571,-57.2832,-0.3676
13.8508,9427.5452,-57.2947,-0.3638
13.8824,9425.7331,-57.3061,-0.3600
13.9140,9423.9205,-57.3173,-0.3562
13.9456,9422.1076,-57.3285,-0.3525
13.9773,9420.2944,-57.3395,-0.3488
14.0089,9418.4808,-57.3504,-0.3452
14.0405,9416.6669,-57.3612,-0.3416
14.0721,9414.8526,-57.3719,-0.3380
14.1038,9413.0381,-57.3825,-0.3345
14.1354,9411.2231,-57.3930,-0.3310
14.1670,9409.4079,-57.4033,-0.3275
14.1986,9407.5923,-57.4136,-0.3241
14.2302,9405.7764,-57.4237,-0.3207
14.2619,9403.9602,-57.4338,-0.3174
14.2935,9402.1437,-57.4437,-0.3140
14.3251,9400.3268,-57.4535,-0.3108
14.3567,9398.5097,-57.4632,-0.3075
14.3884,9396.6922,-57.4729,-0.3043
14.4200,9394.8745,-57.4824,-0.3011
14.4516,9393.0564,-57.4918,-0.2980
14.4832,9391.2381,-57.5011,-0.2948
14.5149,9389.4194,-57.5104,-0.2918
14.5465,9387.6005,-57.5195,-0.2887
14.5781,9385.7813,-57.5285,-0.2857
14.6097,9383.9618,-57.5375,-0.2827
14.6413,9382.1420,-57.5463,-0.2797
14.6730,9380.3220,-57.5551,-0.2768
14.7046,9378.5016,-57.5637,-0.2739
14.7362,9376.6811,-57.5723,-0.2710
14.7678,9374.8602,-57.5808,-0.2682
14.7995,9373.0391,-57.5892,-0.2654
14.8311,9371.2177,-57.5975,-0.2626
14.8627,9369.3960,-57.6057,-0.2598
14.8943,9367.5741,-57.6138,-0.2571
14.9260,9365.7519,-57.6219,-0.2544
14.9576,9363.9295,-57.6298,-0.2517
14.9892,9362.1069,-57.6377,-0.2491
15.0208,9360.2840,-57.6455,-0.2465
15.0524,9358.4608,-57.6532,-0.2439
15.0841,9356.6374,-57.6608,-0.2413
15.1157,9354.8138,-57.6684,-0.2388
15.1473,9352.9899,-57.6759,-0.2363
15.1789,9351.1658,-57.6833,-0.2338
15.2106,9349.3415,-57.6906,-0.2314
15.2422,9347.5169,-57.6978,-0.2289
15.2738,9345.6921,-57.7050,-0.2265
15.3054,9343.8671,-57.7121,-0.2242
15.3370,9342.0418,-57.7191,-0.2218
15.3687,9340.2164,-57.7260,-0.2195
15.4003,9338.3907,-57.7329,-0.2172
15.4319,9336.5648,-57.7397,-0.2149
15.4635,9334.7387,-57.7464,-0.2126
15.4952,9332.9124,-57.7531,-0.2104
15.5268,9331.0859,-57.7596,-0.2082
15.5584,9329.2592,-57.7662,-0.2060
15.5900,9327.4322,-57.7726,-0.2038
15.6217,9325.6051,-57.7790,-0.2017
15.6533,9323.7778,-57.7853,-0.1996
15.6849,9321.9502,-57.7915,-0.1975
15.7165,9320.1225,-57.7977,-0.1954
15.7481,9318.2946,-57.8038,-0.1933
15.7798,9316.4665,-57.8099,-0.1913
15.8114,9314.6382,-57.8159,-0.1893
15.8430,9312.8097,-57.8218,-0.1873
15.8746,9310.9810,-57.8276,-0.1853
15.9063,9309.1522,-57.8334,-0.1834
15.9379,9307.3232,-57.8392,-0.1814
15.9695,9305.4939,-57.8449,-0.1795
16.0011,9303.6645,-57.8505,-0.1776
16.0327,9301.8350,-57.8560,-0.1758
16.0644,9300.0052,-57.8615,-0.1739
16.0960,9298.1753,-57.8670,-0.1721
16.1276,9296.3452,-57.8724,-0.1703
16.1592,9294.5150,-57.8777,-0.1685
16.1909,9292.6846,-57.8830,-0.1667
16.2225,9290.8540,-57.8882,-0.1649
16.2541,9289.0232,-57.8933,-0.1632
16.2857,9287.1923,-57.8984,-0.1615
16.3174,9285.3613,-57.9035,-0.1598
16.3490,9283.5300,-57.9085,-0.1581
16.3806,9281.6986,-57.9134,-0.1564
16.4122,9279.8671,-57.9183,-0.1548
16.4438,9278.0354,-57.9232,-0.1531
16.4755,9276.2036,-57.9280,-0.1515
16.5071,9274.3716,-57.9327,-0.1499
16.5387,9272.5394,-57.9374,-0.1483
16.5703,9270.7071,-57.9420,-0.1468
16.6020,9268.8747,-57.9466,-0.1452
16.6336,9267.0421,-57.9512,-0.1437
16.6652,9265.2094,-57.9557,-0.1422
16.6968,9263.3766,-57.9601,-0.1407
16.7284,9261.5436,-57.9645,-0.1392
16.7601,9259.7104,-57.9689,-0.1377
16.7917,9257.8771,-57.9732,-0.1363
16.8233,9256.0437,-57.9774,-0.1348
16.8549,9254.2102,-57.9817,-0.1334
16.8866,9252.3765,-57.9858,-0.1320
16.9182,9250.5427,-57.9900,-0.1306
16.9498,9248.7088,-57.9941,-0.1292
16.9814,9246.8747,-57.9981,-0.1279
17.0131,9245.0405,-58.0021,-0.1265
17.0447,9243.2062,-58.0061,-0.1252
17.0763,9241.3718,-58.0100,-0.1239
17.1079,9239.5372,-58.0139,-0.1226
17.1395,9237.7026,-58.0177,-0.1213
17.1712,9235.8677,-58.0215,-0.1200
17.2028,9234.0328,-58.0252,-0.1187
17.2344,9232.1978,-58.0289,-0.1175
17.2660,9230.3626,-58.0326,-0.1162
17.2977,9228.5274,-58.0363,-0.1150
17.3293,9226.6920,-58.0399,-0.1138
17.3609,9224.8565,-58.0434,-0.1126
17.3925,9223.0209,-58.0469,-0.1114
17.4241,9221.1852,-58.0504,-0.1102
17.4558,9219.3494,-58.0539,-0.1090
17.4874,9217.5134,-58.0573,-0.1079
17.5190,9215.6774,-58.0607,-0.1067
17.5506,9213.8412,-58.0640,-0.1056
17.5823,9212.0050,-58.0673,-0.1045
17.6139,9210.1686,-58.0706,-0.1034
17.6455,9208.3322,-58.0738,-0.1023
17.6771,9206.4956,-58.0770,-0.1012
17.7088,9204.6590,-58.0802,-0.1002
17.7404,9202.8222,-58.0833,-0.0991
17.7720,9200.9854,-58.0864,-0.0980
17.8036,9199.1484,-58.0895,-0.0970
17.8352,9197.3114,-58.0925,-0.0960
17.8669,9195.4742,-58.0955,-0.0950
17.8985,9193.6370,-58.0985,-0.0940
17.9301,9191.7997,-58.1014,-0.0930
17.9617,9189.9622,-58.1043,-0.0920
17.9934,9188.1247,-58.1072,-0.0910
18.0250,9186.2871,-58.1101,-0.0900
18.0566,9184.4494,-58.1129,-0.0891
18.0882,9182.6117,-58.1157,-0.0882
18.1199,9180.7738,-58.1184,-0.0872
18.1515,9178.9358,-58.1212,-0.0863
18.1831,9177.0978,-58.1239,-0.0854
18.2147,9175.2597,-58.1265,-0.0845
18.2463,9173.4215,-58.1292,-0.0836
18.2780,9171.5832,-58.1318,-0.0827
18.3096,9169.7448,-58.1344,-0.0818
18.3412,9167.9064,-58.1369,-0.0810
18.3728,9166.0678,-58.1395,-0.0801
18.4045,9164.2292,-58.1420,-0.0793
18.4361,9162.3905,-58.1445,-0.0784
18.4677,9160.5518,-58.1469,-0.0776
18.4993,9158.7129,-58.1493,-0.0768
18.5309,9156.8740,-58.1517,-0.0760
18.5626,9155.0350,-58.1541,-0.0751
18.5942,9153.1959,-58.1565,-0.0744
18.6258,9151.3568,-58.1588,-0.0736
18.6574,9149.5176,-58.1611,-0.0728
18.6891,9147.6783,-58.1634,-0.0720
18.7207,9145.8389,-58.1656,-0.0713
18.7523,9143.9995,-58.1679,-0.0705
18.7839,9142.1600,-58.1701,-0.0698
18.8156,9140.3204,-58.1722,-0.0690
18.8472,9138.4808,-58.1744,-0.0683
18.8788,9136.6411,-58.1765,-0.0676
18.9104,9134.8013,-58.1786,-0.0668
18.9420,9132.9615,-58.1807,-0.0661
18.9737,9131.1216,-58.1828,-0.0654
19.0053,9129.2816,-58.1849,-0.0647
19.0369,9127.4416,-58.1869,-0.0641
19.0685,9125.6015,-58.1889,-0.0634
19.1002,9123.7613,-58.1909,-0.0627
19.1318,9121.9211,-58.1928,-0.0620
19.1634,9120.0808,-58.1948,-0.0614
19.1950,9118.2405,-58.1967,-0.0607
19.2266,9116.4001,-58.1986,-0.0601
19.2583,9114.5596,-58.2005,-0.0595
19.2899,9112.7191,-58.2023,-0.0588
19.3215,9110.8785,-58.2042,-0.0582
19.3531,9109.0379,-58.2060,-0.0576
19.3848,9107.1972,-58.2078,-0.0570
19.4164,9105.3565,-58.2096,-0.0564
19.4480,9103.5157,-58.2113,-0.0558
19.4796,9101.6748,-58.2131,-0.0552
19.5113,9099.8339,-58.2148,-0.0546
19.5429,9097.9929,-58.2165,-0.0540
19.5745,9096.1519,-58.2182,-0.0534
19.6061,9094.3108,-58.2199,-0.0529
19.6377,9092.4697,-58.2215,-0.0523
19.6694,9090.6285,-58.2232,-0.0518
19.7010,9088.7873,-58.2248,-0.0512
19.7326,9086.9460,-58.2264,-0.0507
19.7642,9085.1047,-58.2280,-0.0501
19.7959,9083.2633,-58.2296,-0.0496
19.8275,9081.4219,-58.2311,-0.0491
19.8591,9079.5804,-58.2326,-0.0486
19.8907,9077.7389,-58.2342,-0.0480
19.9223,9075.8973,-58.2357,-0.0475
19.9540,9074.0557,-58.2372,-0.0470
19.9856,9072.2140,-58.2386,-0.0465
20.0172,9070.3723,-58.2401,-0.0460
20.0488,9068.5305,-58.2415,-0.0455
20.0805,9066.6887,-58.2429,-0.0451
20.1121,9064.8469,-58.2444,-0.0446
20.1437,9063.0050,-58.2457,-0.0441
20.1753,9061.1630,-58.2471,-0.0436
20.2070,9059.3211,-58.2485,-0.0432
20.2386,9057.4790,-58.2498,-0.0427
20.2702,9055.6370,-58.2512,-0.0423
20.3018,9053.7949,-58.2525,-0.0418
20.3334,9051.9527,-58.2538,-0.0414
20.3651,9050.1105,-58.2551,-0.0409
20.3967,9048.2683,-58.2564,-0.0405
20.4283,9046.4260,-58.2577,-0.0401
20.4599,9044.5837,-58.2589,-0.0397
20.4916,9042.7414,-58.2602,-0.0392
20.5232,9040.8990,-58.2614,-0.0388
20.5548,9039.0566,-58.2626,-0.0384
20.5864,9037.2141,-58.2638,-0.0380
20.6181,9035.3716,-58.2650,-0.0376
20.6497,9033.5291,-58.2662,-0.0372
20.6813,9031.6865,-58.2673,-0.0368
20.7129,9029.8439,-58.2685,-0.0364
20.7445,9028.0012,-58.2696,-0.0360
20.7762,9026.1586,-58.2707,-0.0356
20.8078,9024.3158,-58.2719,-0.0353
20.8394,9022.4731,-58.2730,-0.0349
20.8710,9020.6303,-58.2741,-0.0345
20.9027,9018.7875,-58.2751,-0.0342
20.9343,9016.9446,-58.2762,-0.0338
20.9659,9015.1017,-58.2773,-0.0334
20.9975,9013.2588,-58.2783,-0.0331
21.0291,9011.4159,-58.2793,-0.0327
21.0608,9009.5729,-58.2804,-0.0324
21.0924,9007.7299,-58.2814,-0.0320
21.1240,9005.8868,-58.2824,-0.0317
21.1556,9004.0437,-58.2834,-0.0314
21.1873,9002.2006,-58.2843,-0.0310
21.2189,9000.3575,-58.2853,-0.0307
21.2505,8998.5143,-58.2863,-0.0304
21.2821,8996.6711,-58.2872,-0.0300
21.3138,8994.8279,-58.2882,-0.0297
21.3454,8992.9846,-58.2891,-0.0294
21.3770,8991.1413,-58.2900,-0.0291
21.4086,8989.2980,-58.2909,-0.0288
21.4402,8987.4546,-58.2918,-0.0285
21.4719,8985.6112,-58.2927,-0.0282
21.5035,8983.7678,-58.2936,-0.0279
21.5351,8981.9244,-58.2945,-0.0276
21.5667,8980.0809,-58.2953,-0.0273
21.5984,8978.2375,-58.2962,-0.0270
21.6300,8976.3939,-58.2970,-0.0267
21.6616,8974.5504,-58.2979,-0.0264
21.6932,8972.7068,-58.2987,-0.0262
21.7248,8970.8632,-58.2995,-0.0259
21.7565,8969.0196,-58.3003,-0.0256
21.7881,8967.1760,-58.3011,-0.0253
21.8197,8965.3323,-58.3019,-0.0251
21.8513,8963.4886,-58.3027,-0.0248
21.8830,8961.6449,-58.3035,-0.0245
21.9146,8959.8012,-58.3043,-0.0243
21.9462,8957.9574,-58.3050,-0.0240
21.9778,8956.1136,-58.3058,-0.0238
22.0095,8954.2698,-58.3065,-0.0235
22.0411,8952.4260,-58.3072,-0.0233
22.0727,8950.5821,-58.3080,-0.0230
22.1043,8948.7382,-58.3087,-0.0228
22.1359,8946.8943,-58.3094,-0.0225
22.1676,8945.0504,-58.3101,-0.0223
22.1992,8943.2064,-58.3108,-0.0221
22.2308,8941.3625,-58.3115,-0.0218
22.2624,8939.5185,-58.3122,-0.0216
22.2941,8937.6745,-58.3129,-0.0214
22.3257,8935.8304,-58.3135,-0.0211
22.3573,8933.9864,-58.3142,-0.0209
22.3889,8932.1423,-58.3148,-0.0207
22.4205,8930.2982,-58.3155,-0.0205
22.4522,8928.4541,-58.3161,-0.0202
22.4838,8926.6099,-58.3168,-0.0200
22.5154,8924.7658,-58.3174,-0.0198
22.5470,8922.9216,-58.3180,-0.0196
22.5787,8921.0774,-58.3186,-0.0194
22.6103,8919.2332,-58.3192,-0.0192
22.6419,8917.3889,-58.3198,-0.0190
22.6735,8915.5447,-58.3204,-0.0188
22.7052,8913.7004,-58.3210,-0.0186
22.7368,8911.8561,-58.3216,-0.0184
22.7684,8910.0118,-58.3222,-0.0182
22.8000,8908.1675,-58.3227,-0.0180
22.8316,8906.3231,-58.3233,-0.0178
22.8633,8904.4788,-58.3239,-0.0176
22.8949,8902.6344,-58.3244,-0.0174
22.9265,8900.7900,-58.3250,-0.0173
22.9581,8898.9456,-58.3255,-0.0171
22.9898,8897.1012,-58.3260,-0.0169
23.0214,8895.2567,-58.3266,-0.0167
23.0530,8893.4123,-58.3271,-0.0165
23.0846,8891.5678,-58.3276,-0.0164
23.1162,8889.7233,-58.3281,-0.0162
23.1479,8887.8788,-58.3286,-0.0160
23.1795,8886.0342,-58.3291,-0.0158
23.2111,8884.1897,-58.3296,-0.0157
23.2427,8882.3451,-58.3301,-0.0155
23.2744,8880.5006,-58.3306,-0.0153
23.3060,8878.6560,-58.3311,-0.0152
23.3376,8876.8114,-58.3315,-0.0150
23.3692,8874.9667,-58.3320,-0.0149
23.4009,8873.1221,-58.3325,-0.0147
23.4325,8871.2775,-58.3329,-0.0145
23.4641,8869.4328,-58.3334,-0.0144
23.4957,8867.5881,-58.3338,-0.0142
23.5273,8865.7434,-58.3343,-0.0141
23.5590,8863.8987,-58.3347,-0.0139
23.5906,8862.0540,-58.3352,-0.0138
23.6222,8860.2093,-58.3356,-0.0136
23.6538,8858.3645,-58.3360,-0.0135
23.6855,8856.5198,-58.3364,-0.0134
23.7171,8854.6750,-58.3369,-0.0132
23.7487,8852.8302,-58.3373,-0.0131
23.7803,8850.9854,-58.3377,-0.0129
23.8120,8849.1406,-58.3381,-0.0128
23.8436,8847.2958,-58.3385,-0.0127
23.8752,8845.4509,-58.3389,-0.0125
23.9068,8843.6061,-58.3393,-0.0124
23.9384,8841.7612,-58.3397,-0.0123
23.9701,8839.9163,-58.3400,-0.0121
24.0017,8838.0715,-58.3404,-0.0120
24.0333,8836.2266,-58.3408,-0.0119
24.0649,8834.3816,-58.3412,-0.0117
24.0966,8832.5367,-58.3415,-0.0116
24.1282,8830.6918,-58.3419,-0.0115
24.1598,8828.8468,-58.3423,-0.0114
24.1914,8827.0019,-58.3426,-0.0113
24.2230,8825.1569,-58.3430,-0.0111
24.2547,8823.3119,-58.3433,-0.0110
24.2863,8821.4670,-58.3437,-0.0109
24.3179,8819.6220,-58.3440,-0.0108
24.3495,8817.7769,-58.3443,-0.0107
24.3812,8815.9319,-58.3447,-0.0106
24.4128,8814.0869,-58.3450,-0.0104
24.4444,8812.2419,-58.3453,-0.0103
24.4760,8810.3968,-58.3457,-0.0102
24.5077,8808.5517,-58.3460,-0.0101
24.5393,8806.7067,-58.3463,-0.0100
24.5709,8804.8616,-58.3466,-0.0099
24.6025,8803.0165,-58.3469,-0.0098
24.6341,8801.1714,-58.3472,-0.0097
24.6658,8799.3263,-58.3475,-0.0096
24.6974,8797.4812,-58.3478,-0.0095
24.7290,8795.6360,-58.3481,-0.0094
24.7606,8793.7909,-58.3484,-0.0093
24.7923,8791.9457,-58.3487,-0.0092
24.8239,8790.1006,-58.3490,-0.0091
24.8555,8788.2554,-58.3493,-0.0090
24.8871,8786.4102,-58.3496,-0.0089
24.9187,8784.5651,-58.3498,-0.0088
24.9504,8782.7199,-58.3501,-0.0087
24.9820,8780.8747,-58.3504,-0.0086
25.0136,8779.0295,-58.3507,-0.0085
25.0452,8777.1842,-58.3509,-0.0084
25.0769,8775.3390,-58.3512,-0.0083
25.1085,8773.4938,-58.3514,-0.0083
25.1401,8771.6485,-58.3517,-0.0082
25.1717,8769.8033,-58.3520,-0.0081
25.2034,8767.9580,-58.3522,-0.0080
25.2350,8766.1128,-58.3525,-0.0079
25.2666,8764.2675,-58.3527,-0.0078
25.2982,8762.4222,-58.3530,-0.0077
25.3298,8760.5769,-58.3532,-0.0077
25.3615,8758.7316,-58.3534,-0.0076
25.3931,8756.8863,-58.3537,-0.0075
25.4247,8755.0410,-58.3539,-0.0074
25.4563,8753.1957,-58.3541,-0.0073
25.4880,8751.3504,-58.3544,-0.0073
25.5196,8749.5050,-58.3546,-0.0072
25.5512,8747.6597,-58.3548,-0.0071
25.5828,8745.8143,-58.3550,-0.0070
25.6144,8743.9690,-58.3553,-0.0070
25.6461,8742.1236,-58.3555,-0.0069
25.6777,8740.2782,-58.3557,-0.0068
25.7093,8738.4329,-58.3559,-0.0067
25.7409,8736.5875,-58.3561,-0.0067
25.7726,8734.7421,-58.3563,-0.0066
25.8042,8732.8967,-58.3565,-0.0065
25.8358,8731.0513,-58.3567,-0.0065
25.8674,8729.2059,-58.3569,-0.0064
25.8991,8727.3605,-58.3571,-0.0063
25.9307,8725.5150,-58.3573,-0.0063
25.9623,8723.6696,-58.3575,-0.0062
25.9939,8721.8242,-58.3577,-0.0061
26.0255,8719.9787,-58.3579,-0.0061
26.0572,8718.1333,-58.3581,-0.0060
26.0888,8716.2879,-58.3583,-0.0059
26.1204,8714.4424,-58.3585,-0.0059
26.1520,8712.5969,-58.3587,-0.0058
26.1837,8710.7515,-58.3589,-0.0057
26.2153,8708.9060,-58.3590,-0.0057
26.2469,8707.0605,-58.3592,-0.0056
26.2785,8705.2150,-58.3594,-0.0056
26.3102,8703.3695,-58.3596,-0.0055
26.3418,8701.5240,-58.3597,-0.0054
26.3734,8699.6785,-58.3599,-0.0054
26.4050,8697.8330,-58.3601,-0.0053
26.4366,8695.9875,-58.3602,-0.0053
26.4683,8694.1420,-58.3604,-0.0052
26.4999,8692.2965,-58.3606,-0.0052
26.5315,8690.4509,-58.3607,-0.0051
26.5631,8688.6054,-58.3609,-0.0051
26.5948,8686.7599,-58.3610,-0.0050
26.6264,8684.9143,-58.3612,-0.0049
26.6580,8683.0688,-58.3614,-0.0049
26.6896,8681.2232,-58.3615,-0.0048
26.7212,8679.3777,-58.3617,-0.0048
26.7529,8677.5321,-58.3618,-0.0047
26.7845,8675.6865,-58.3620,-0.0047
26.8161,8673.8410,-58.3621,-0.0046
26.8477,8671.9954,-58.3622,-0.0046
26.8794,8670.1498,-58.3624,-0.0045
26.9110,8668.3042,-58.3625,-0.0045
26.9426,8666.4586,-58.3627,-0.0044
26.9742,8664.6130,-58.3628,-0.0044
27.0059,8662.7674,-58.3630,-0.0043
27.0375,8660.9218,-58.3631,-0.0043
27.0691,8659.0762,-58.3632,-0.0043
27.1007,8657.2306,-58.3634,-0.0042
27.1323,8655.3850,-58.3635,-0.0042
27.1640,8653.5394,-58.3636,-0.0041
27.1956,8651.6938,-58.3637,-0.0041
27.2272,8649.8481,-58.3639,-0.0040
27.2588,8648.0025,-58.3640,-0.0040
27.2905,8646.1569,-58.3641,-0.0040
27.3221,8644.3112,-58.3642,-0.0039
27.3537,8642.4656,-58.3644,-0.0039
27.3853,8640.6199,-58.3645,-0.0038
27.4169,8638.7743,-58.3646,-0.0038
27.4486,8636.9286,-58.3647,-0.0037
27.4802,8635.0830,-58.3648,-0.0037
27.5118,8633.2373,-58.3650,-0.0037
27.5434,8631.3916,-58.3651,-0.0036
27.5751,8629.5460,-58.3652,-0.0036
27.6067,8627.7003,-58.3653,-0.0036
27.6383,8625.8546,-58.3654,-0.0035
27.6699,8624.0089,-58.3655,-0.0035
27.7016,8622.1633,-58.3656,-0.0034
27.7332,8620.3176,-58.3657,-0.0034
27.7648,8618.4719,-58.3658,-0.0034
27.7964,8616.6262,-58.3660,-0.0033
27.8280,8614.7805,-58.3661,-0.0033
27.8597,8612.9348,-58.3662,-0.0033
27.8913,8611.0891,-58.3663,-0.0032
27.9229,8609.2434,-58.3664,-0.0032
27.9545,8607.3977,-58.3665,-0.0032
27.9862,8605.5520,-58.3666,-0.0031
28.0178,8603.7062,-58.3667,-0.0031
28.0494,8601.8605,-58.3668,-0.0031
28.0810,8600.0148,-58.3669,-0.0030
28.1126,8598.1691,-58.3669,-0.0030
28.1443,8596.3234,-58.3670,-0.0030
28.1759,8594.4776,-58.3671,-0.0029
28.2075,8592.6319,-58.3672,-0.0029
28.2391,8590.7862,-58.3673,-0.0029
28.2708,8588.9404,-58.3674,-0.0028
28.3024,8587.0947,-58.3675,-0.0028
28.3340,8585.2489,-58.3676,-0.0028
28.3656,8583.4032,-58.3677,-0.0027
28.3973,8581.5574,-58.3678,-0.0027
28.4289,8579.7117,-58.3678,-0.0027
28.4605,8577.8659,-58.3679,-0.0027
28.4921,8576.0202,-58.3680,-0.0026
28.5237,8574.1744,-58.3681,-0.0026
28.5554,8572.3286,-58.3682,-0.0026
28.5870,8570.4829,-58.3683,-0.0025
28.6186,8568.6371,-58.3683,-0.0025
28.6502,8566.7913,-58.3684,-0.0025
28.6819,8564.9456,-58.3685,-0.0025
28.7135,8563.0998,-58.3686,-0.0024
28.7451,8561.2540,-58.3686,-0.0024
28.7767,8559.4082,-58.3687,-0.0024
28.8083,8557.5624,-58.3688,-0.0024
28.8400,8555.7167,-58.3689,-0.0023
28.8716,8553.8709,-58.3689,-0.0023
28.9032,8552.0251,-58.3690,-0.0023
28.9348,8550.1793,-58.3691,-0.0023
28.9665,8548.3335,-58.3692,-0.0022
28.9981,8546.4877,-58.3692,-0.0022
29.0297,8544.6419,-58.3693,-0.0022
29.0613,8542.7961,-58.3694,-0.0022
29.0930,8540.9503,-58.3694,-0.0021
29.1246,8539.1045,-58.3695,-0.0021
29.1562,8537.2587,-58.3696,-0.0021
29.1878,8535.4129,-58.3696,-0.0021
29.2194,8533.5671,-58.3697,-0.0021
29.2511,8531.7212,-58.3698,-0.0020
29.2827,8529.8754,-58.3698,-0.0020
29.3143,8528.0296,-58.3699,-0.0020
29.3459,8526.1838,-58.3699,-0.0020
29.3776,8524.3380,-58.3700,-0.0020
29.4092,8522.4921,-58.3701,-0.0019
29.4408,8520.6463,-58.3701,-0.0019
29.4724,8518.8005,-58.3702,-0.0019
29.5041,8516.9547,-58.3703,-0.0019
29.5357,8515.1088,-58.3703,-0.0019
29.5673,8513.2630,-58.3704,-0.0018
29.5989,8511.4172,-58.3704,-0.0018
29.6305,8509.5713,-58.3705,-0.0018
29.6622,8507.7255,-58.3705,-0.0018
29.6938,8505.8796,-58.3706,-0.0018
29.7254,8504.0338,-58.3706,-0.0017
29.7570,8502.1880,-58.3707,-0.0017
29.7887,8500.3421,-58.3708,-0.0017
29.8203,8498.4963,-58.3708,-0.0017
29.8519,8496.6504,-58.3709,-0.0017
29.8835,8494.8046,-58.3709,-0.0016
29.9151,8492.9587,-58.3710,-0.0016
29.9468,8491.1129,-58.3710,-0.0016
29.9784,8489.2670,-58.3711,-0.0016
30.0100,8487.4211,-58.3711,-0.0016
30.0416,8485.5753,-58.3712,-0.0016
30.0733,8483.7294,-58.3712,-0.0015
30.1049,8481.8836,-58.3713,-0.0015
30.1365,8480.0377,-58.3713,-0.0015
30.1681,8478.1918,-58.3714,-0.0015
30.1998,8476.3460,-58.3714,-0.0015
30.2314,8474.5001,-58.3715,-0.0015
30.2630,8472.6542,-58.3715,-0.0014
30.2946,8470.8084,-58.3715,-0.0014
30.3262,8468.9625,-58.3716,-0.0014
30.3579,8467.1166,-58.3716,-0.0014
30.3895,8465.2707,-58.3717,-0.0014
30.4211,8463.4249,-58.3717,-0.0014
30.4527,8461.5790,-58.3718,-0.0014
30.4844,8459.7331,-58.3718,-0.0013
30.5160,8457.8872,-58.3718,-0.0013
30.5476,8456.0414,-58.3719,-0.0013
30.5792,8454.1955,-58.3719,-0.0013
30.6108,8452.3496,-58.3720,-0.0013
30.6425,8450.5037,-58.3720,-0.0013
30.6741,8448.6578,-58.3720,-0.0013
30.7057,8446.8119,-58.3721,-0.0012
30.7373,8444.9660,-58.3721,-0.0012
30.7690,8443.1202,-58.3722,-0.0012
30.8006,8441.2743,-58.3722,-0.0012
30.8322,8439.4284,-58.3722,-0.0012
30.8638,8437.5825,-58.3723,-0.0012
30.8955,8435.7366,-58.3723,-0.0012
30.9271,8433.8907,-58.3724,-0.0012
30.9587,8432.0448,-58.3724,-0.0011
30.9903,8430.1989,-58.3724,-0.0011
31.0219,8428.3530,-58.3725,-0.0011
31.0536,8426.5071,-58.3725,-0.0011
31.0852,8424.6612,-58.3725,-0.0011
31.1168,8422.8153,-58.3726,-0.0011
31.1484,8420.9694,-58.3726,-0.0011
31.1801,8419.1235,-58.3726,-0.0011
31.2117,8417.2776,-58.3727,-0.0011
31.2433,8415.4317,-58.3727,-0.0010
31.2749,8413.5858,-58.3727,-0.0010
31.3065,8411.7398,-58.3728,-0.0010
31.3382,8409.8939,-58.3728,-0.0010
31.3698,8408.0480,-58.3728,-0.0010
31.4014,8406.2021,-58.3729,-0.0010
31.4330,8404.3562,-58.3729,-0.0010
31.4647,8402.5103,-58.3729,-0.0010
31.4963,8400.6644,-58.3729,-0.0010
31.5279,8398.8185,-58.3730,-0.0009
31.5595,8396.9725,-58.3730,-0.0009
31.5912,8395.1266,-58.3730,-0.0009
31.6228,8393.2807,-58.3731,-0.0009
31.6544,8391.4348,-58.3731,-0.0009
31.6860,8389.5889,-58.3731,-0.0009
31.7176,8387.7429,-58.3732,-0.0009
31.7493,8385.8970,-58.3732,-0.0009
31.7809,8384.0511,-58.3732,-0.0009
31.8125,8382.2052,-58.3732,-0.0009
31.8441,8380.3593,-58.3733,-0.0008
31.8758,8378.5133,-58.3733,-0.0008
31.9074,8376.6674,-58.3733,-0.0008
31.9390,8374.8215,-58.3733,-0.0008
31.9706,8372.9755,-58.3734,-0.0008
32.0022,8371.1296,-58.3734,-0.0008
32.0339,8369.2837,-58.3734,-0.0008
32.0655,8367.4378,-58.3734,-0.0008
32.0971,8365.5918,-58.3735,-0.0008
32.1287,8363.7459,-58.3735,-0.0008
32.1604,8361.9000,-58.3735,-0.0008
32.1920,8360.0540,-58.3735,-0.0008
32.2236,8358.2081,-58.3736,-0.0007
32.2552,8356.3622,-58.3736,-0.0007
32.2869,8354.5162,-58.3736,-0.0007
32.3185,8352.6703,-58.3736,-0.0007
32.3501,8350.8243,-58.3737,-0.0007
32.3817,8348.9784,-58.3737,-0.0007
32.4133,8347.1325,-58.3737,-0.0007
32.4450,8345.2865,-58.3737,-0.0007
32.4766,8343.4406,-58.3737,-0.0007
32.5082,8341.5947,-58.3738,-0.0007
32.5398,8339.7487,-58.3738,-0.0007
32.5715,8337.9028,-58.3738,-0.0007
32.6031,8336.0568,-58.3738,-0.0007
32.6347,8334.2109,-58.3738,-0.0006
32.6663,8332.3649,-58.3739,-0.0006
32.6980,8330.5190,-58.3739,-0.0006
32.7296,8328.6731,-58.3739,-0.0006
32.7612,8326.8271,-58.3739,-0.0006
32.7928,8324.9812,-58.3739,-0.0006
32.8244,8323.1352,-58.3740,-0.0006
32.8561,8321.2893,-58.3740,-0.0006
32.8877,8319.4433,-58.3740,-0.0006
32.9193,8317.5974,-58.3740,-0.0006
32.9509,8315.7514,-58.3740,-0.0006
32.9826,8313.9055,-58.3741,-0.0006
33.0142,8312.0595,-58.3741,-0.0006
33.0458,8310.2136,-58.3741,-0.0006
33.0774,8308.3676,-58.3741,-0.0006
33.1090,8306.5217,-58.3741,-0.0006
33.1407,8304.6757,-58.3741,-0.0005
33.1723,8302.8298,-58.3742,-0.0005
33.2039,8300.9838,-58.3742,-0.0005
33.2355,8299.1379,-58.3742,-0.0005
33.2672,8297.2919,-58.3742,-0.0005
33.2988,8295.4459,-58.3742,-0.0005
33.3304,8293.6000,-58.3742,-0.0005
33.3620,8291.7540,-58.3743,-0.0005
33.3937,8289.9081,-58.3743,-0.0005
33.4253,8288.0621,-58.3743,-0.0005
33.4569,8286.2162,-58.3743,-0.0005
33.4885,8284.3702,-58.3743,-0.0005
33.5201,8282.5242,-58.3743,-0.0005
33.5518,8280.6783,-58.3744,-0.0005
33.5834,8278.8323,-58.3744,-0.0005
33.6150,8276.9864,-58.3744,-0.0005
33.6466,8275.1404,-58.3744,-0.0005
33.6783,8273.2944,-58.3744,-0.0005
33.7099,8271.4485,-58.3744,-0.0005
33.7415,8269.6025,-58.3744,-0.0004
33.7731,8267.7566,-58.3745,-0.0004
33.8047,8265.9106,-58.3745,-0.0004
33.8364,8264.0646,-58.3745,-0.0004
33.8680,8262.2187,-58.3745,-0.0004
33.8996,8260.3727,-58.3745,-0.0004
33.9312,8258.5267,-58.3745,-0.0004
33.9629,8256.6808,-58.3745,-0.0004
33.9945,8254.8348,-58.3745,-0.0004
34.0261,8252.9888,-58.3746,-0.0004
34.0577,8251.1429,-58.3746,-0.0004
34.0894,8249.2969,-58.3746,-0.0004
34.1210,8247.4509,-58.3746,-0.0004
34.1526,8245.6050,-58.3746,-0.0004
34.1842,8243.7590,-58.3746,-0.0004
34.2158,8241.9130,-58.3746,-0.0004
34.2475,8240.0671,-58.3746,-0.0004
34.2791,8238.2211,-58.3747,-0.0004
34.3107,8236.3751,-58.3747,-0.0004
34.3423,8234.5292,-58.3747,-0.0004
34.3740,8232.6832,-58.3747,-0.0004
34.4056,8230.8372,-58.3747,-0.0004
34.4372,8228.9913,-58.3747,-0.0004
34.4688,8227.1453,-58.3747,-0.0003
34.5004,8225.2993,-58.3747,-0.0003
34.5321,8223.4533,-58.3748,-0.0003
34.5637,8221.6074,-58.3748,-0.0003
34.5953,8219.7614,-58.3748,-0.0003
34.6269,8217.9154,-58.3748,-0.0003
34.6586,8216.0694,-58.3748,-0.0003
34.6902,8214.2235,-58.3748,-0.0003
34.7218,8212.3775,-58.3748,-0.0003
34.7534,8210.5315,-58.3748,-0.0003
34.7851,8208.6856,-58.3748,-0.0003
34.8167,8206.8396,-58.3748,-0.0003
34.8483,8204.9936,-58.3749,-0.0003
34.8799,8203.1476,-58.3749,-0.0003
34.9115,8201.3017,-58.3749,-0.0003
34.9432,8199.4557,-58.3749,-0.0003
34.9748,8197.6097,-58.3749,-0.0003
35.0064,8195.7637,-58.3749,-0.0003
35.0380,8193.9177,-58.3749,-0.0003
35.0697,8192.0718,-58.3749,-0.0003
35.1013,8190.2258,-58.3749,-0.0003
35.1329,8188.3798,-58.3749,-0.0003
35.1645,8186.5338,-58.3749,-0.0003
35.1962,8184.6879,-58.3750,-0.0003
35.2278,8182.8419,-58.3750,-0.0003
35.2594,8180.9959,-58.3750,-0.0003
35.2910,8179.1499,-58.3750,-0.0003
35.3226,8177.3039,-58.3750,-0.0003
35.3543,8175.4580,-58.3750,-0.0003
35.3859,8173.6120,-58.3750,-0.0003
35.4175,8171.7660,-58.3750,-0.0003
35.4491,8169.9200,-58.3750,-0.0003
35.4808,8168.0740,-58.3750,-0.0002
35.5124,8166.2281,-58.3750,-0.0002
35.5440,8164.3821,-58.3750,-0.0002
35.5756,8162.5361,-58.3750,-0.0002
35.6072,8160.6901,-58.3751,-0.0002
35.6389,8158.8441,-58.3751,-0.0002
35.6705,8156.9982,-58.3751,-0.0002
35.7021,8155.1522,-58.3751,-0.0002
35.7337,8153.3062,-58.3751,-0.0002
35.7654,8151.4602,-58.3751,-0.0002
35.7970,8149.6142,-58.3751,-0.0002
35.8286,8147.7682,-58.3751,-0.0002
35.8602,8145.9223,-58.3751,-0.0002
35.8919,8144.0763,-58.3751,-0.0002
35.9235,8142.2303,-58.3751,-0.0002
35.9551,8140.3843,-58.3751,-0.0002
35.9867,8138.5383,-58.3751,-0.0002
36.0183,8136.6923,-58.3751,-0.0002
36.0500,8134.8464,-58.3752,-0.0002
36.0816,8133.0004,-58.3752,-0.0002
36.1132,8131.1544,-58.3752,-0.0002
36.1448,8129.3084,-58.3752,-0.0002
36.1765,8127.4624,-58.3752,-0.0002
36.2081,8125.6164,-58.3752,-0.0002
36.2397,8123.7704,-58.3752,-0.0002
36.2713,8121.9245,-58.3752,-0.0002
36.3029,8120.0785,-58.3752,-0.0002
36.3346,8118.2325,-58.3752,-0.0002
36.3662,8116.3865,-58.3752,-0.0002
36.3978,8114.5405,-58.3752,-0.0002
36.4294,8112.6945,-58.3752,-0.0002
36.4611,8110.8485,-58.3752,-0.0002
36.4927,8109.0026,-58.3752,-0.0002
36.5243,8107.1566,-58.3752,-0.0002
36.5559,8105.3106,-58.3752,-0.0002
36.5876,8103.4646,-58.3753,-0.0002
36.6192,8101.6186,-58.3753,-0.0002
36.6508,8099.7726,-58.3753,-0.0002
36.6824,8097.9266,-58.3753,-0.0002
36.7140,8096.0806,-58.3753,-0.0002
36.7457,8094.2347,-58.3753,-0.0002
36.7773,8092.3887,-58.3753,-0.0002
36.8089,8090.5427,-58.3753,-0.0002
36.8405,8088.6967,-58.3753,-0.0002
36.8722,8086.8507,-58.3753,-0.0002
36.9038,8085.0047,-58.3753,-0.0002
36.9354,8083.1587,-58.3753,-0.0002
36.9670,8081.3127,-58.3753,-0.0002
36.9986,8079.4667,-58.3753,-0.0001
37.0303,8077.6207,-58.3753,-0.0001
37.0619,8075.7748,-58.3753,-0.0001
37.0935,8073.9288,-58.3753,-0.0001
37.1251,8072.0828,-58.3753,-0.0001
37.1568,8070.2368,-58.3753,-0.0001
37.1884,8068.3908,-58.3753,-0.0001
37.2200,8066.5448,-58.3754,-0.0001
37.2516,8064.6988,-58.3754,-0.0001
37.2833,8062.8528,-58.3754,-0.0001
37.3149,8061.0068,-58.3754,-0.0001
37.3465,8059.1608,-58.3754,-0.0001
37.3781,8057.3148,-58.3754,-0.0001
37.4097,8055.4689,-58.3754,-0.0001
37.4414,8053.6229,-58.3754,-0.0001
37.4730,8051.7769,-58.3754,-0.0001
37.5046,8049.9309,-58.3754,-0.0001
37.5362,8048.0849,-58.3754,-0.0001
37.5679,8046.2389,-58.3754,-0.0001
37.5995,8044.3929,-58.3754,-0.0001
37.6311,8042.5469,-58.3754,-0.0001
37.6627,8040.7009,-58.3754,-0.0001
37.6943,8038.8549,-58.3754,-0.0001
37.7260,8037.0089,-58.3754,-0.0001
37.7576,8035.1629,-58.3754,-0.0001
37.7892,8033.3170,-58.3754,-0.0001
37.8208,8031.4710,-58.3754,-0.0001
37.8525,8029.6250,-58.3754,-0.0001
37.8841,8027.7790,-58.3754,-0.0001
37.9157,8025.9330,-58.3754,-0.0001
37.9473,8024.0870,-58.3754,-0.0001
37.9790,8022.2410,-58.3754,-0.0001
38.0106,8020.3950,-58.3754,-0.0001
38.0422,8018.5490,-58.3754,-0.0001
38.0738,8016.7030,-58.3755,-0.0001
38.1054,8014.8570,-58.3755,-0.0001
38.1371,8013.0110,-58.3755,-0.0001
38.1687,8011.1650,-58.3755,-0.0001
38.2003,8009.3190,-58.3755,-0.0001
38.2319,8007.4730,-58.3755,-0.0001
38.2636,8005.6270,-58.3755,-0.0001
38.2952,8003.7810,-58.3755,-0.0001
38.3268,8001.9351,-58.3755,-0.0001
38.3584,8000.0891,-58.3755,-0.0001
38.3901,7998.2431,-58.3755,-0.0001
38.4217,7996.3971,-58.3755,-0.0001
38.4533,7994.5511,-58.3755,-0.0001
38.4849,7992.7051,-58.3755,-0.0001
38.5165,7990.8591,-58.3755,-0.0001
38.5482,7989.0131,-58.3755,-0.0001
38.5798,7987.1671,-58.3755,-0.0001
38.6114,7985.3211,-58.3755,-0.0001
38.6430,7983.4751,-58.3755,-0.0001
38.6747,7981.6291,-58.3755,-0.0001
38.7063,7979.7831,-58.3755,-0.0001
38.7379,7977.9371,-58.3755,-0.0001
38.7695,7976.0911,-58.3755,-0.0001
38.8011,7974.2451,-58.3755,-0.0001
38.8328,7972.3991,-58.3755,-0.0001
38.8644,7970.5531,-58.3755,-0.0001
38.8960,7968.7071,-58.3755,-0.0001
38.9276,7966.8611,-58.3755,-0.0001
38.9593,7965.0151,-58.3755,-0.0001
38.9909,7963.1691,-58.3755,-0.0001
39.0225,7961.3231,-58.3755,-0.0001
39.0541,7959.4772,-58.3755,-0.0001
39.0858,7957.6312,-58.3755,-0.0001
39.1174,7955.7852,-58.3755,-0.0001
39.1490,7953.9392,-58.3755,-0.0001
39.1806,7952.0932,-58.3755,-0.0001
39.2122,7950.2472,-58.3756,-0.0001
39.2439,7948.4012,-58.3756,-0.0001
39.2755,7946.5552,-58.3756,-0.0001
39.3071,7944.7092,-58.3756,-0.0001
39.3387,7942.8632,-58.3756,-0.0001
39.3704,7941.0172,-58.3756,-0.0001
39.4020,7939.1712,-58.3756,-0.0001
39.4336,7937.3252,-58.3756,-0.0001
39.4652,7935.4792,-58.3756,-0.0001
39.4968,7933.6332,-58.3756,-0.0001
39.5285,7931.7872,-58.3756,-0.0001
39.5601,7929.9412,-58.3756,-0.0001
39.5917,7928.0952,-58.3756,-0.0001
39.6233,7926.2492,-58.3756,-0.0001
39.6550,7924.4032,-58.3756,-0.0001
39.6866,7922.5572,-58.3756,-0.0001
39.7182,7920.7112,-58.3756,-0.0001
39.7498,7918.8652,-58.3756,-0.0001
39.7815,7917.0192,-58.3756,-0.0001
39.8131,7915.1732,-58.3756,-0.0001
39.8447,7913.3272,-58.3756,-0.0001
39.8763,7911.4812,-58.3756,-0.0001
39.9079,7909.6352,-58.3756,-0.0001
39.9396,7907.7892,-58.3756,-0.0001
39.9712,7905.9432,-58.3756,-0.0001
40.0028,7904.0972,-58.3756,-0.0001
40.0344,7902.2512,-58.3756,-0.0001
40.0661,7900.4052,-58.3756,-0.0001
40.0977,7898.5592,-58.3756,-0.0001
40.1293,7896.7132,-58.3756,-0.0001
40.1609,7894.8672,-58.3756,-0.0001
40.1925,7893.0212,-58.3756,-0.0001
40.2242,7891.1752,-58.3756,-0.0000
40.2558,7889.3292,-58.3756,-0.0000
40.2874,7887.4832,-58.3756,-0.0000
40.3190,7885.6372,-58.3756,-0.0000
40.3507,7883.7912,-58.3756,-0.0000
40.3823,7881.9452,-58.3756,-0.0000
40.4139,7880.0992,-58.3756,-0.0000
40.4455,7878.2532,-58.3756,-0.0000
40.4772,7876.4072,-58.3756,-0.0000
40.5088,7874.5612,-58.3756,-0.0000
40.5404,7872.7152,-58.3756,-0.0000
40.5720,7870.8692,-58.3756,-0.0000
40.6036,7869.0232,-58.3756,-0.0000
40.6353,7867.1772,-58.3756,-0.0000
40.6669,7865.3312,-58.3756,-0.0000
40.6985,7863.4852,-58.3756,-0.0000
40.7301,7861.6392,-58.3756,-0.0000
40.7618,7859.7932,-58.3756,-0.0000
40.7934,7857.9472,-58.3756,-0.0000
40.8250,7856.1012,-58.3756,-0.0000
40.8566,7854.2552,-58.3756,-0.0000
40.8883,7852.4092,-58.3756,-0.0000
40.9199,7850.5632,-58.3756,-0.0000
40.9515,7848.7172,-58.3756,-0.0000
40.9831,7846.8712,-58.3756,-0.0000
41.0147,7845.0252,-58.3756,-0.0000
41.0464,7843.1792,-58.3756,-0.0000
41.0780,7841.3332,-58.3756,-0.0000
41.1096,7839.4872,-58.3756,-0.0000
41.1412,7837.6412,-58.3756,-0.0000
41.1729,7835.7952,-58.3757,-0.0000
41.2045,7833.9492,-58.3757,-0.0000
41.2361,7832.1032,-58.3757,-0.0000
41.2677,7830.2572,-58.3757,-0.0000
41.2993,7828.4112,-58.3757,-0.0000
41.3310,7826.5652,-58.3757,-0.0000
41.3626,7824.7192,-58.3757,-0.0000
41.3942,7822.8732,-58.3757,-0.0000
41.4258,7821.0272,-58.3757,-0.0000
41.4575,7819.1812,-58.3757,-0.0000
41.4891,7817.3352,-58.3757,-0.0000
41.5207,7815.4892,-58.3757,-0.0000
41.5523,7813.6432,-58.3757,-0.0000
41.5840,7811.7972,-58.3757,-0.0000
41.6156,7809.9512,-58.3757,-0.0000
41.6472,7808.1052,-58.3757,-0.0000
41.6788,7806.2592,-58.3757,-0.0000
41.7104,7804.4132,-58.3757,-0.0000
41.7421,7802.5672,-58.3757,-0.0000
41.7737,7800.7212,-58.3757,-0.0000
41.8053,7798.8752,-58.3757,-0.0000
41.8369,7797.0292,-58.3757,-0.0000
41.8686,7795.1832,-58.3757,-0.0000
41.9002,7793.3372,-58.3757,-0.0000
41.9318,7791.4912,-58.3757,-0.0000
41.9634,7789.6452,-58.3757,-0.0000
41.9950,7787.7992,-58.3757,-0.0000
42.0267,7785.9532,-58.3757,-0.0000
42.0583,7784.1072,-58.3757,-0.0000
42.0899,7782.2612,-58.3757,-0.0000
42.1215,7780.4152,-58.3757,-0.0000
42.1532,7778.5692,-58.3757,-0.0000
42.1848,7776.7232,-58.3757,-0.0000
42.2164,7774.8772,-58.3757,-0.0000
42.2480,7773.0312,-58.3757,-0.0000
42.2797,7771.1852,-58.3757,-0.0000
42.3113,7769.3392,-58.3757,-0.0000
42.3429,7767.4932,-58.3757,-0.0000
42.3745,7765.6472,-58.3757,-0.0000
42.4061,7763.8012,-58.3757,-0.0000
42.4378,7761.9552,-58.3757,-0.0000
42.4694,7760.1092,-58.3757,-0.0000
42.5010,7758.2632,-58.3757,-0.0000
42.5326,7756.4172,-58.3757,-0.0000
42.5643,7754.5712,-58.3757,-0.0000
42.5959,7752.7252,-58.3757,-0.0000
42.6275,7750.8792,-58.3757,-0.0000
42.6591,7749.0332,-58.3757,-0.0000
42.6907,7747.1872,-58.3757,-0.0000
42.7224,7745.3412,-58.3757,-0.0000
42.7540,7743.4952,-58.3757,-0.0000
42.7856,7741.6492,-58.3757,-0.0000
42.8172,7739.8032,-58.3757,-0.0000
42.8489,7737.9572,-58.3757,-0.0000
42.8805,7736.1112,-58.3757,-0.0000
42.9121,7734.2652,-58.3757,-0.0000
42.9437,7732.4192,-58.3757,-0.0000
42.9754,7730.5732,-58.3757,-0.0000
43.0070,7728.7272,-58.3757,-0.0000
43.0386,7726.8812,-58.3757,-0.0000
43.0702,7725.0352,-58.3757,-0.0000
43.1018,7723.1892,-58.3757,-0.0000
43.1335,7721.3432,-58.3757,-0.0000
43.1651,7719.4972,-58.3757,-0.0000
43.1967,7717.6512,-58.3757,-0.0000
43.2283,7715.8052,-58.3757,-0.0000
43.2600,7713.9592,-58.3757,-0.0000
43.2916,7712.1132,-58.3757,-0.0000
43.3232,7710.2672,-58.3757,-0.0000
43.3548,7708.4212,-58.3757,-0.0000
43.3864,7706.5752,-58.3757,-0.0000
43.4181,7704.7292,-58.3757,-0.0000
43.4497,7702.8832,-58.3757,-0.0000
43.4813,7701.0372,-58.3757,-0.0000
43.5129,7699.1912,-58.3757,-0.0000
43.5446,7697.3452,-58.3757,-0.0000
43.5762,7695.4992,-58.3757,-0.0000
43.6078,7693.6531,-58.3757,-0.0000
43.6394,7691.8071,-58.3757,-0.0000
43.6711,7689.9611,-58.3757,-0.0000
43.7027,7688.1151,-58.3757,-0.0000
43.7343,7686.2691,-58.3757,-0.0000
43.7659,7684.4231,-58.3757,-0.0000
43.7975,7682.5771,-58.3757,-0.0000
43.8292,7680.7311,-58.3757,-0.0000
43.8608,7678.8851,-58.3757,-0.0000
43.8924,7677.0391,-58.3757,-0.0000
43.9240,7675.1931,-58.3757,-0.0000
43.9557,7673.3471,-58.3757,-0.0000
43.9873,7671.5011,-58.3757,-0.0000
44.0189,7669.6551,-58.3757,-0.0000
44.0505,7667.8091,-58.3757,-0.0000
44.0822,7665.9631,-58.3757,-0.0000
44.1138,7664.1171,-58.3757,-0.0000
44.1454,7662.2711,-58.3757,-0.0000
44.1770,7660.4251,-58.3757,-0.0000
44.2086,7658.5791,-58.3757,-0.0000
44.2403,7656.7331,-58.3757,-0.0000
44.2719,7654.8871,-58.3757,-0.0000
44.3035,7653.0411,-58.3757,-0.0000
44.3351,7651.1951,-58.3757,-0.0000
44.3668,7649.3491,-58.3757,-0.0000
44.3984,7647.5031,-58.3757,-0.0000
44.4300,7645.6571,-58.3757,-0.0000
44.4616,7643.8111,-58.3757,-0.0000
44.4932,7641.9651,-58.3757,-0.0000
44.5249,7640.1191,-58.3757,-0.0000
44.5565,7638.2731,-58.3757,-0.0000
44.5881,7636.4271,-58.3757,-0.0000
44.6197,7634.5811,-58.3757,-0.0000
44.6514,7632.7351,-58.3757,-0.0000
44.6830,7630.8891,-58.3757,-0.0000
44.7146,7629.0431,-58.3757,-0.0000
44.7462,7627.1971,-58.3757,-0.0000
44.7779,7625.3511,-58.3757,-0.0000
44.8095,7623.5051,-58.3757,-0.0000
44.8411,7621.6591,-58.3757,-0.0000
44.8727,7619.8131,-58.3757,-0.0000
44.9043,7617.9671,-58.3757,-0.0000
44.9360,7616.1211,-58.3757,-0.0000
44.9676,7614.2750,-58.3757,-0.0000
44.9992,7612.4290,-58.3757,-0.0000
45.0308,7610.5830,-58.3757,-0.0000
45.0625,7608.7370,-58.3757,-0.0000
45.0941,7606.8910,-58.3757,-0.0000
45.1257,7605.0450,-58.3757,-0.0000
45.1573,7603.1990,-58.3757,-0.0000
45.1889,7601.3530,-58.3757,-0.0000
45.2206,7599.5070,-58.3757,-0.0000
45.2522,7597.6610,-58.3757,-0.0000
45.2838,7595.8150,-58.3757,-0.0000
45.3154,7593.9690,-58.3757,-0.0000
45.3471,7592.1230,-58.3757,-0.0000
45.3787,7590.2770,-58.3757,-0.0000
45.4103,7588.4310,-58.3757,-0.0000
45.4419,7586.5850,-58.3757,-0.0000
45.4736,7584.7390,-58.3757,-0.0000
45.5052,7582.8930,-58.3757,-0.0000
45.5368,7581.0470,-58.3757,-0.0000
45.5684,7579.2010,-58.3757,-0.0000
45.6000,7577.3550,-58.3757,-0.0000
45.6317,7575.5090,-58.3757,-0.0000
45.6633,7573.6630,-58.3757,-0.0000
45.6949,7571.8170,-58.3757,-0.0000
45.7265,7569.9710,-58.3757,-0.0000
45.7582,7568.1250,-58.3757,-0.0000
45.7898,7566.2790,-58.3757,-0.0000
45.8214,7564.4330,-58.3757,-0.0000
45.8530,7562.5870,-58.3757,-0.0000
45.8846,7560.7410,-58.3757,-0.0000
45.9163,7558.8950,-58.3757,-0.0000
45.9479,7557.0490,-58.3757,-0.0000
45.9795,7555.2030,-58.3757,-0.0000
46.0111,7553.3570,-58.3757,-0.0000
46.0428,7551.5110,-58.3757,-0.0000
46.0744,7549.6650,-58.3757,-0.0000
46.1060,7547.8189,-58.3757,-0.0000
46.1376,7545.9729,-58.3757,-0.0000
46.1693,7544.1269,-58.3757,-0.0000
46.2009,7542.2809,-58.3757,-0.0000
46.2325,7540.4349,-58.3757,-0.0000
46.2641,7538.5889,-58.3757,-0.0000
46.2957,7536.7429,-58.3757,-0.0000
46.3274,7534.8969,-58.3757,-0.0000
46.3590,7533.0509,-58.3757,-0.0000
46.3906,7531.2049,-58.3757,-0.0000
46.4222,7529.3589,-58.3757,-0.0000
46.4539,7527.5129,-58.3757,-0.0000
46.4855,7525.6669,-58.3757,-0.0000
46.5171,7523.8209,-58.3757,-0.0000
46.5487,7521.9749,-58.3757,-0.0000
46.5803,7520.1289,-58.3757,-0.0000
46.6120,7518.2829,-58.3757,-0.0000
46.6436,7516.4369,-58.3757,-0.0000
46.6752,7514.5909,-58.3757,-0.0000
46.7068,7512.7449,-58.3757,-0.0000
46.7385,7510.8989,-58.3757,-0.0000
46.7701,7509.0529,-58.3757,-0.0000
46.8017,7507.2069,-58.3757,-0.0000
46.8333,7505.3609,-58.3757,-0.0000
46.8650,7503.5149,-58.3757,-0.0000
46.8966,7501.6689,-58.3757,-0.0000
46.9282,7499.8229,-58.3757,-0.0000
46.9598,7497.9769,-58.3757,-0.0000
46.9914,7496.1309,-58.3757,-0.0000
47.0231,7494.2849,-58.3757,-0.0000
47.0547,7492.4389,-58.3757,-0.0000
47.0863,7490.5929,-58.3757,-0.0000
47.1179,7488.7469,-58.3757,-0.0000
47.1496,7486.9008,-58.3757,-0.0000
47.1812,7485.0548,-58.3757,-0.0000
47.2128,7483.2088,-58.3757,-0.0000
47.2444,7481.3628,-58.3757,-0.0000
47.2761,7479.5168,-58.3757,-0.0000
47.3077,7477.6708,-58.3757,-0.0000
47.3393,7475.8248,-58.3757,-0.0000
47.3709,7473.9788,-58.3757,-0.0000
47.4025,7472.1328,-58.3757,-0.0000
47.4342,7470.2868,-58.3757,-0.0000
47.4658,7468.4408,-58.3757,-0.0000
47.4974,7466.5948,-58.3757,-0.0000
47.5290,7464.7488,-58.3757,-0.0000
47.5607,7462.9028,-58.3757,-0.0000
47.5923,7461.0568,-58.3757,-0.0000
47.6239,7459.2108,-58.3757,-0.0000
47.6555,7457.3648,-58.3757,-0.0000
47.6871,7455.5188,-58.3757,-0.0000
47.7188,7453.6728,-58.3757,-0.0000
47.7504,7451.8268,-58.3757,-0.0000
47.7820,7449.9808,-58.3757,-0.0000
47.8136,7448.1348,-58.3757,-0.0000
47.8453,7446.2888,-58.3757,-0.0000
47.8769,7444.4428,-58.3757,-0.0000
47.9085,7442.5968,-58.3757,-0.0000
47.9401,7440.7508,-58.3757,-0.0000
47.9718,7438.9048,-58.3757,-0.0000
48.0034,7437.0588,-58.3757,-0.0000
48.0350,7435.2128,-58.3757,-0.0000
48.0666,7433.3668,-58.3757,-0.0000
48.0982,7431.5208,-58.3757,-0.0000
48.1299,7429.6748,-58.3757,-0.0000
48.1615,7427.8287,-58.3757,-0.0000
48.1931,7425.9827,-58.3757,-0.0000
48.2247,7424.1367,-58.3757,-0.0000
48.2564,7422.2907,-58.3757,-0.0000
48.2880,7420.4447,-58.3757,-0.0000
48.3196,7418.5987,-58.3757,-0.0000
48.3512,7416.7527,-58.3757,-0.0000
48.3828,7414.9067,-58.3757,-0.0000
48.4145,7413.0607,-58.3757,-0.0000
48.4461,7411.2147,-58.3757,-0.0000
48.4777,7409.3687,-58.3757,-0.0000
48.5093,7407.5227,-58.3757,-0.0000
48.5410,7405.6767,-58.3757,-0.0000
48.5726,7403.8307,-58.3757,-0.0000
48.6042,7401.9847,-58.3757,-0.0000
48.6358,7400.1387,-58.3757,-0.0000
48.6675,7398.2927,-58.3757,-0.0000
48.6991,7396.4467,-58.3757,-0.0000
48.7307,7394.6007,-58.3757,-0.0000
48.7623,7392.7547,-58.3757,-0.0000
48.7939,7390.9087,-58.3757,-0.0000
48.8256,7389.0627,-58.3757,-0.0000
48.8572,7387.2167,-58.3757,-0.0000
48.8888,7385.3707,-58.3757,-0.0000
48.9204,7383.5247,-58.3757,-0.0000
48.9521,7381.6787,-58.3757,-0.0000
48.9837,7379.8327,-58.3757,-0.0000
49.0153,7377.9867,-58.3757,-0.0000
49.0469,7376.1407,-58.3757,-0.0000
49.0785,7374.2947,-58.3757,-0.0000
49.1102,7372.4487,-58.3758,-0.0000
49.1418,7370.6026,-58.3758,-0.0000
49.1734,7368.7566,-58.3758,-0.0000
49.2050,7366.9106,-58.3758,-0.0000
49.2367,7365.0646,-58.3758,-0.0000
49.2683,7363.2186,-58.3758,-0.0000
49.2999,7361.3726,-58.3758,-0.0000
49.3315,7359.5266,-58.3758,-0.0000
49.3632,7357.6806,-58.3758,-0.0000
49.3948,7355.8346,-58.3758,-0.0000
49.4264,7353.9886,-58.3758,-0.0000
49.4580,7352.1426,-58.3758,-0.0000
49.4896,7350.2966,-58.3758,-0.0000
49.5213,7348.4506,-58.3758,-0.0000
49.5529,7346.6046,-58.3758,-0.0000
49.5845,7344.7586,-58.3758,-0.0000
49.6161,7342.9126,-58.3758,-0.0000
49.6478,7341.0666,-58.3758,-0.0000
49.6794,7339.2206,-58.3758,-0.0000
49.7110,7337.3746,-58.3758,-0.0000
49.7426,7335.5286,-58.3758,-0.0000
49.7743,7333.6826,-58.3758,-0.0000
49.8059,7331.8366,-58.3758,-0.0000
49.8375,7329.9906,-58.3758,-0.0000
49.8691,7328.1446,-58.3758,-0.0000
49.9007,7326.2986,-58.3758,-0.0000
49.9324,7324.4526,-58.3758,-0.0000
49.9640,7322.6066,-58.3758,-0.0000
49.9956,7320.7606,-58.3758,-0.0000
50.0272,7318.9146,-58.3758,-0.0000
50.0589,7317.0685,-58.3758,-0.0000
50.0905,7315.2225,-58.3758,-0.0000
50.1221,7313.3765,-58.3758,-0.0000
50.1537,7311.5305,-58.3758,-0.0000
50.1853,7309.6845,-58.3758,-0.0000
50.2170,7307.8385,-58.3758,-0.0000
50.2486,7305.9925,-58.3758,-0.0000
50.2802,7304.1465,-58.3758,-0.0000
50.3118,7302.3005,-58.3758,-0.0000
50.3435,7300.4545,-58.3758,-0.0000
50.3751,7298.6085,-58.3758,-0.0000
50.4067,7296.7625,-58.3758,-0.0000
50.4383,7294.9165,-58.3758,-0.0000
50.4700,7293.0705,-58.3758,-0.0000
50.5016,7291.2245,-58.3758,-0.0000
50.5332,7289.3785,-58.3758,-0.0000
50.5648,7287.5325,-58.3758,-0.0000
50.5964,7285.6865,-58.3758,-0.0000
50.6281,7283.8405,-58.3758,-0.0000
50.6597,7281.9945,-58.3758,-0.0000
50.6913,7280.1485,-58.3758,-0.0000
50.7229,7278.3025,-58.3758,-0.0000
50.7546,7276.4565,-58.3758,-0.0000
50.7862,7274.6105,-58.3758,-0.0000
50.8178,7272.7645,-58.3758,-0.0000
50.8494,7270.9185,-58.3758,-0.0000
50.8810,7269.0725,-58.3758,-0.0000
50.9127,7267.2265,-58.3758,-0.0000
50.9443,7265.3805,-58.3758,-0.0000
50.9759,7263.5345,-58.3758,-0.0000
51.0075,7261.6884,-58.3758,-0.0000
51.0392,7259.8424,-58.3758,-0.0000
51.0708,7257.9964,-58.3758,-0.0000
51.1024,7256.1504,-58.3758,-0.0000
51.1340,7254.3044,-58.3758,-0.0000
51.1657,7252.4584,-58.3758,-0.0000
51.1973,7250.6124,-58.3758,-0.0000
51.2289,7248.7664,-58.3758,-0.0000
51.2605,7246.9204,-58.3758,-0.0000
51.2921,7245.0744,-58.3758,-0.0000
51.3238,7243.2284,-58.3758,-0.0000
51.3554,7241.3824,-58.3758,-0.0000
51.3870,7239.5364,-58.3758,-0.0000
51.4186,7237.6904,-58.3758,-0.0000
51.4503,7235.8444,-58.3758,-0.0000
51.4819,7233.9984,-58.3758,-0.0000
51.5135,7232.1524,-58.3758,-0.0000
51.5451,7230.3064,-58.3758,-0.0000
51.5767,7228.4604,-58.3758,-0.0000
51.6084,7226.6144,-58.3758,-0.0000
51.6400,7224.7684,-58.3758,-0.0000
51.6716,7222.9224,-58.3758,-0.0000
51.7032,7221.0764,-58.3758,-0.0000
51.7349,7219.2304,-58.3758,-0.0000
51.7665,7217.3844,-58.3758,-0.0000
51.7981,7215.5384,-58.3758,-0.0000
51.8297,7213.6924,-58.3758,-0.0000
51.8614,7211.8464,-58.3758,-0.0000
51.8930,7210.0004,-58.3758,-0.0000
51.9246,7208.1543,-58.3758,-0.0000
51.9562,7206.3083,-58.3758,-0.0000
51.9878,7204.4623,-58.3758,-0.0000
52.0195,7202.6163,-58.3758,-0.0000
52.0511,7200.7703,-58.3758,-0.0000
52.0827,7198.9243,-58.3758,-0.0000
52.1143,7197.0783,-58.3758,-0.0000
52.1460,7195.2323,-58.3758,-0.0000
52.1776,7193.3863,-58.3758,-0.0000
52.2092,7191.5403,-58.3758,-0.0000
52.2408,7189.6943,-58.3758,-0.0000
52.2724,7187.8483,-58.3758,-0.0000
52.3041,7186.0023,-58.3758,-0.0000
52.3357,7184.1563,-58.3758,-0.0000
52.3673,7182.3103,-58.3758,-0.0000
52.3989,7180.4643,-58.3758,-0.0000
52.4306,7178.6183,-58.3758,-0.0000
52.4622,7176.7723,-58.3758,-0.0000
52.4938,7174.9263,-58.3758,-0.0000
52.5254,7173.0803,-58.3758,-0.0000
52.5571,7171.2343,-58.3758,-0.0000
52.5887,7169.3883,-58.3758,-0.0000
52.6203,7167.5423,-58.3758,-0.0000
52.6519,7165.6963,-58.3758,-0.0000
52.6835,7163.8503,-58.3758,-0.0000
52.7152,7162.0043,-58.3758,-0.0000
52.7468,7160.1583,-58.3758,-0.0000
52.7784,7158.3123,-58.3758,-0.0000
52.8100,7156.4663,-58.3758,-0.0000
52.8417,7154.6202,-58.3758,-0.0000
52.8733,7152.7742,-58.3758,-0.0000
52.9049,7150.9282,-58.3758,-0.0000
52.9365,7149.0822,-58.3758,-0.0000
52.9682,7147.2362,-58.3758,-0.0000
52.9998,7145.3902,-58.3758,-0.0000
53.0314,7143.5442,-58.3758,-0.0000
53.0630,7141.6982,-58.3758,-0.0000
53.0946,7139.8522,-58.3758,-0.0000
53.1263,7138.0062,-58.3758,-0.0000
53.1579,7136.1602,-58.3758,-0.0000
53.1895,7134.3142,-58.3758,-0.0000
53.2211,7132.4682,-58.3758,-0.0000
53.2528,7130.6222,-58.3758,-0.0000
53.2844,7128.7762,-58.3758,-0.0000
53.3160,7126.9302,-58.3758,-0.0000
53.3476,7125.0842,-58.3758,-0.0000
53.3792,7123.2382,-58.3758,-0.0000
53.4109,7121.3922,-58.3758,-0.0000
53.4425,7119.5462,-58.3758,-0.0000
53.4741,7117.7002,-58.3758,-0.0000
53.5057,7115.8542,-58.3758,-0.0000
53.5374,7114.0082,-58.3758,-0.0000
53.5690,7112.1622,-58.3758,-0.0000
53.6006,7110.3162,-58.3758,-0.0000
53.6322,7108.4702,-58.3758,-0.0000
53.6639,7106.6242,-58.3758,-0.0000
53.6955,7104.7782,-58.3758,-0.0000
53.7271,7102.9322,-58.3758,-0.0000
53.7587,7101.0861,-58.3758,-0.0000
53.7903,7099.2401,-58.3758,-0.0000
53.8220,7097.3941,-58.3758,-0.0000
53.8536,7095.5481,-58.3758,-0.0000
53.8852,7093.7021,-58.3758,-0.0000
53.9168,7091.8561,-58.3758,-0.0000
53.9485,7090.0101,-58.3758,-0.0000
53.9801,7088.1641,-58.3758,-0.0000
54.0117,7086.3181,-58.3758,-0.0000
54.0433,7084.4721,-58.3758,-0.0000
54.0749,7082.6261,-58.3758,-0.0000
54.1066,7080.7801,-58.3758,-0.0000
54.1382,7078.9341,-58.3758,-0.0000
54.1698,7077.0881,-58.3758,-0.0000
54.2014,7075.2421,-58.3758,-0.0000
54.2331,7073.3961,-58.3758,-0.0000
54.2647,7071.5501,-58.3758,-0.0000
54.2963,7069.7041,-58.3758,-0.0000
54.3279,7067.8581,-58.3758,-0.0000
54.3596,7066.0121,-58.3758,-0.0000
54.3912,7064.1661,-58.3758,-0.0000
54.4228,7062.3201,-58.3758,-0.0000
54.4544,7060.4741,-58.3758,-0.0000
54.4860,7058.6281,-58.3758,-0.0000
54.5177,7056.7821,-58.3758,-0.0000
54.5493,7054.9361,-58.3758,-0.0000
54.5809,7053.0901,-58.3758,-0.0000
54.6125,7051.2441,-58.3758,-0.0000
54.6442,7049.3980,-58.3758,-0.0000
54.6758,7047.5520,-58.3758,-0.0000
54.7074,7045.7060,-58.3758,-0.0000
54.7390,7043.8600,-58.3758,-0.0000
54.7706,7042.0140,-58.3758,-0.0000
54.8023,7040.1680,-58.3758,-0.0000
54.8339,7038.3220,-58.3758,-0.0000
54.8655,7036.4760,-58.3758,-0.0000
54.8971,7034.6300,-58.3758,-0.0000
54.9288,7032.7840,-58.3758,-0.0000
54.9604,7030.9380,-58.3758,-0.0000
54.9920,7029.0920,-58.3758,-0.0000
55.0236,7027.2460,-58.3758,-0.0000
55.0553,7025.4000,-58.3758,-0.0000
55.0869,7023.5540,-58.3758,-0.0000
55.1185,7021.7080,-58.3758,-0.0000
55.1501,7019.8620,-58.3758,-0.0000
55.1817,7018.0160,-58.3758,-0.0000
55.2134,7016.1700,-58.3758,-0.0000
55.2450,7014.3240,-58.3758,-0.0000
55.2766,7012.4780,-58.3758,-0.0000
55.3082,7010.6320,-58.3758,-0.0000
55.3399,7008.7860,-58.3758,-0.0000
55.3715,7006.9400,-58.3758,-0.0000
55.4031,7005.0940,-58.3758,-0.0000
55.4347,7003.2480,-58.3758,-0.0000
55.4664,7001.4020,-58.3758,-0.0000
55.4980,6999.5560,-58.3758,-0.0000
55.5296,6997.7100,-58.3758,-0.0000
55.5612,6995.8639,-58.3758,-0.0000
55.5928,6994.0179,-58.3758,-0.0000
55.6245,6992.1719,-58.3758,-0.0000
55.6561,6990.3259,-58.3758,-0.0000
55.6877,6988.4799,-58.3758,-0.0000
55.7193,6986.6339,-58.3758,-0.0000
55.7510,6984.7879,-58.3758,-0.0000
55.7826,6982.9419,-58.3758,-0.0000
55.8142,6981.0959,-58.3758,-0.0000
55.8458,6979.2499,-58.3758,-0.0000
55.8774,6977.4039,-58.3758,-0.0000
55.9091,6975.5579,-58.3758,-0.0000
55.9407,6973.7119,-58.3758,-0.0000
55.9723,6971.8659,-58.3758,-0.0000
56.0039,6970.0199,-58.3758,-0.0000
56.0356,6968.1739,-58.3758,-0.0000
56.0672,6966.3279,-58.3758,-0.0000
56.0988,6964.4819,-58.3758,-0.0000
56.1304,6962.6359,-58.3758,-0.0000
56.1621,6960.7899,-58.3758,-0.0000
56.1937,6958.9439,-58.3758,-0.0000
56.2253,6957.0979,-58.3758,-0.0000
56.2569,6955.2519,-58.3758,-0.0000
56.2885,6953.4059,-58.3758,-0.0000
56.3202,6951.5599,-58.3758,-0.0000
56.3518,6949.7139,-58.3758,-0.0000
56.3834,6947.8679,-58.3758,-0.0000
56.4150,6946.0219,-58.3758,-0.0000
56.4467,6944.1758,-58.3758,-0.0000
56.4783,6942.3298,-58.3758,-0.0000
56.5099,6940.4838,-58.3758,-0.0000
56.5415,6938.6378,-58.3758,-0.0000
56.5731,6936.7918,-58.3758,-0.0000
56.6048,6934.9458,-58.3758,-0.0000
56.6364,6933.0998,-58.3758,-0.0000
56.6680,6931.2538,-58.3758,-0.0000
56.6996,6929.4078,-58.3758,-0.0000
56.7313,6927.5618,-58.3758,-0.0000
56.7629,6925.7158,-58.3758,-0.0000
56.7945,6923.8698,-58.3758,-0.0000
56.8261,6922.0238,-58.3758,-0.0000
56.8578,6920.1778,-58.3758,-0.0000
56.8894,6918.3318,-58.3758,-0.0000
56.9210,6916.4858,-58.3758,-0.0000
56.9526,6914.6398,-58.3758,-0.0000
56.9842,6912.7938,-58.3758,-0.0000
57.0159,6910.9478,-58.3758,-0.0000
57.0475,6909.1018,-58.3758,-0.0000
57.0791,6907.2558,-58.3758,-0.0000
57.1107,6905.4098,-58.3758,-0.0000
57.1424,6903.5638,-58.3758,-0.0000
57.1740,6901.7178,-58.3758,-0.0000
57.2056,6899.8718,-58.3758,-0.0000
57.2372,6898.0258,-58.3758,-0.0000
57.2688,6896.1798,-58.3758,-0.0000
57.3005,6894.3338,-58.3758,-0.0000
57.3321,6892.4878,-58.3758,-0.0000
57.3637,6890.6417,-58.3758,-0.0000
57.3953,6888.7957,-58.3758,-0.0000
57.4270,6886.9497,-58.3758,-0.0000
57.4586,6885.1037,-58.3758,-0.0000
57.4902,6883.2577,-58.3758,-0.0000
57.5218,6881.4117,-58.3758,-0.0000
57.5535,6879.5657,-58.3758,-0.0000
57.5851,6877.7197,-58.3758,-0.0000
57.6167,6875.8737,-58.3758,-0.0000
57.6483,6874.0277,-58.3758,-0.0000
57.6799,6872.1817,-58.3758,-0.0000
57.7116,6870.3357,-58.3758,-0.0000
57.7432,6868.4897,-58.3758,-0.0000
57.7748,6866.6437,-58.3758,-0.0000
57.8064,6864.7977,-58.3758,-0.0000
57.8381,6862.9517,-58.3758,-0.0000
57.8697,6861.1057,-58.3758,-0.0000
57.9013,6859.2597,-58.3758,-0.0000
57.9329,6857.4137,-58.3758,-0.0000
57.9645,6855.5677,-58.3758,-0.0000
57.9962,6853.7217,-58.3758,-0.0000
58.0278,6851.8757,-58.3758,-0.0000
58.0594,6850.0297,-58.3758,-0.0000
58.0910,6848.1837,-58.3758,-0.0000
58.1227,6846.3377,-58.3758,-0.0000
58.1543,6844.4917,-58.3758,-0.0000
58.1859,6842.6457,-58.3758,-0.0000
58.2175,6840.7997,-58.3758,-0.0000
58.2492,6838.9536,-58.3758,-0.0000
58.2808,6837.1076,-58.3758,-0.0000
58.3124,6835.2616,-58.3758,-0.0000
58.3440,6833.4156,-58.3758,-0.0000
58.3756,6831.5696,-58.3758,-0.0000
58.4073,6829.7236,-58.3758,-0.0000
58.4389,6827.8776,-58.3758,-0.0000
58.4705,6826.0316,-58.3758,-0.0000
58.5021,6824.1856,-58.3758,-0.0000
58.5338,6822.3396,-58.3758,-0.0000
58.5654,6820.4936,-58.3758,-0.0000
58.5970,6818.6476,-58.3758,-0.0000
58.6286,6816.8016,-58.3758,-0.0000
58.6603,6814.9556,-58.3758,-0.0000
58.6919,6813.1096,-58.3758,-0.0000
58.7235,6811.2636,-58.3758,-0.0000
58.7551,6809.4176,-58.3758,-0.0000
58.7867,6807.5716,-58.3758,-0.0000
58.8184,6805.7256,-58.3758,-0.0000
58.8500,6803.8796,-58.3758,-0.0000
58.8816,6802.0336,-58.3758,-0.0000
58.9132,6800.1876,-58.3758,-0.0000
58.9449,6798.3416,-58.3758,-0.0000
58.9765,6796.4956,-58.3758,-0.0000
59.0081,6794.6496,-58.3758,-0.0000
59.0397,6792.8036,-58.3758,-0.0000
59.0713,6790.9576,-58.3758,-0.0000
59.1030,6789.1116,-58.3758,-0.0000
59.1346,6787.2656,-58.3758,-0.0000
59.1662,6785.4195,-58.3758,-0.0000
59.1978,6783.5735,-58.3758,-0.0000
59.2295,6781.7275,-58.3758,-0.0000
59.2611,6779.8815,-58.3758,-0.0000
59.2927,6778.0355,-58.3758,-0.0000
59.3243,6776.1895,-58.3758,-0.0000
59.3560,6774.3435,-58.3758,-0.0000
59.3876,6772.4975,-58.3758,-0.0000
59.4192,6770.6515,-58.3758,-0.0000
59.4508,6768.8055,-58.3758,-0.0000
59.4824,6766.9595,-58.3758,-0.0000
59.5141,6765.1135,-58.3758,-0.0000
59.5457,6763.2675,-58.3758,-0.0000
59.5773,6761.4215,-58.3758,-0.0000
59.6089,6759.5755,-58.3758,-0.0000
59.6406,6757.7295,-58.3758,-0.0000
59.6722,6755.8835,-58.3758,-0.0000
59.7038,6754.0375,-58.3758,-0.0000
59.7354,6752.1915,-58.3758,-0.0000
59.7670,6750.3455,-58.3758,-0.0000
59.7987,6748.4995,-58.3758,-0.0000
59.8303,6746.6535,-58.3758,-0.0000
59.8619,6744.8075,-58.3758,-0.0000
59.8935,6742.9615,-58.3758,-0.0000
59.9252,6741.1155,-58.3758,-0.0000
59.9568,6739.2695,-58.3758,-0.0000
59.9884,6737.4235,-58.3758,-0.0000
60.0200,6735.5775,-58.3758,-0.0000
60.0517,6733.7314,-58.3758,-0.0000
60.0833,6731.8854,-58.3758,-0.0000
60.1149,6730.0394,-58.3758,-0.0000
60.1465,6728.1934,-58.3758,-0.0000
60.1781,6726.3474,-58.3758,-0.0000
60.2098,6724.5014,-58.3758,-0.0000
60.2414,6722.6554,-58.3758,-0.0000
60.2730,6720.8094,-58.3758,-0.0000
60.3046,6718.9634,-58.3758,-0.0000
60.3363,6717.1174,-58.3758,-0.0000
60.3679,6715.2714,-58.3758,-0.0000
60.3995,6713.4254,-58.3758,-0.0000
60.4311,6711.5794,-58.3758,-0.0000
60.4627,6709.7334,-58.3758,-0.0000
60.4944,6707.8874,-58.3758,-0.0000
60.5260,6706.0414,-58.3758,-0.0000
60.5576,6704.1954,-58.3758,-0.0000
60.5892,6702.3494,-58.3758,-0.0000
60.6209,6700.5034,-58.3758,-0.0000
60.6525,6698.6574,-58.3758,-0.0000
60.6841,6696.8114,-58.3758,-0.0000
60.7157,6694.9654,-58.3758,-0.0000
60.7474,6693.1194,-58.3758,-0.0000
60.7790,6691.2734,-58.3758,-0.0000
60.8106,6689.4274,-58.3758,-0.0000
60.8422,6687.5814,-58.3758,-0.0000
60.8738,6685.7354,-58.3758,-0.0000
60.9055,6683.8894,-58.3758,-0.0000
60.9371,6682.0433,-58.3758,-0.0000
60.9687,6680.1973,-58.3758,-0.0000
61.0003,6678.3513,-58.3758,-0.0000
61.0320,6676.5053,-58.3758,-0.0000
61.0636,6674.6593,-58.3758,-0.0000
61.0952,6672.8133,-58.3758,-0.0000
61.1268,6670.9673,-58.3758,-0.0000
61.1584,6669.1213,-58.3758,-0.0000
61.1901,6667.2753,-58.3758,-0.0000
61.2217,6665.4293,-58.3758,-0.0000
61.2533,6663.5833,-58.3758,-0.0000
61.2849,6661.7373,-58.3758,-0.0000
61.3166,6659.8913,-58.3758,-0.0000
61.3482,6658.0453,-58.3758,-0.0000
61.3798,6656.1993,-58.3758,-0.0000
61.4114,6654.3533,-58.3758,-0.0000
61.4431,6652.5073,-58.3758,-0.0000
61.4747,6650.6613,-58.3758,-0.0000
61.5063,6648.8153,-58.3758,-0.0000
61.5379,6646.9693,-58.3758,-0.0000
61.5695,6645.1233,-58.3758,-0.0000
61.6012,6643.2773,-58.3758,-0.0000
61.6328,6641.4313,-58.3758,-0.0000
61.6644,6639.5853,-58.3758,-0.0000
61.6960,6637.7393,-58.3758,-0.0000
61.7277,6635.8933,-58.3758,-0.0000
61.7593,6634.0473,-58.3758,-0.0000
61.7909,6632.2013,-58.3758,-0.0000
61.8225,6630.3553,-58.3758,-0.0000
61.8542,6628.5092,-58.3758,-0.0000
61.8858,6626.6632,-58.3758,-0.0000
61.9174,6624.8172,-58.3758,-0.0000
61.9490,6622.9712,-58.3758,-0.0000
61.9806,6621.1252,-58.3758,-0.0000
62.0123,6619.2792,-58.3758,-0.0000
62.0439,6617.4332,-58.3758,-0.0000
62.0755,6615.5872,-58.3758,-0.0000
62.1071,6613.7412,-58.3758,-0.0000
62.1388,6611.8952,-58.3758,-0.0000
62.1704,6610.0492,-58.3758,-0.0000
62.2020,6608.2032,-58.3758,-0.0000
62.2336,6606.3572,-58.3758,-0.0000
62.2652,6604.5112,-58.3758,-0.0000
62.2969,6602.6652,-58.3758,-0.0000
62.3285,6600.8192,-58.3758,-0.0000
62.3601,6598.9732,-58.3758,-0.0000
62.3917,6597.1272,-58.3758,-0.0000
62.4234,6595.2812,-58.3758,-0.0000
62.4550,6593.4352,-58.3758,-0.0000
62.4866,6591.5892,-58.3758,-0.0000
62.5182,6589.7432,-58.3758,-0.0000
62.5499,6587.8972,-58.3758,-0.0000
62.5815,6586.0512,-58.3758,-0.0000
62.6131,6584.2052,-58.3758,-0.0000
62.6447,6582.3592,-58.3758,-0.0000
62.6763,6580.5132,-58.3758,-0.0000
62.7080,6578.6672,-58.3758,-0.0000
62.7396,6576.8211,-58.3758,-0.0000
62.7712,6574.9751,-58.3758,-0.0000
62.8028,6573.1291,-58.3758,-0.0000
62.8345,6571.2831,-58.3758,-0.0000
62.8661,6569.4371,-58.3758,-0.0000
62.8977,6567.5911,-58.3758,-0.0000
62.9293,6565.7451,-58.3758,-0.0000
62.9609,6563.8991,-58.3758,-0.0000
62.9926,6562.0531,-58.3758,-0.0000
63.0242,6560.2071,-58.3758,-0.0000
63.0558,6558.3611,-58.3758,-0.0000
63.0874,6556.5151,-58.3758,-0.0000
63.1191,6554.6691,-58.3758,-0.0000
63.1507,6552.8231,-58.3758,-0.0000
63.1823,6550.9771,-58.3758,-0.0000
63.2139,6549.1311,-58.3758,-0.0000
63.2456,6547.2851,-58.3758,-0.0000
63.2772,6545.4391,-58.3758,-0.0000
63.3088,6543.5931,-58.3758,-0.0000
63.3404,6541.7471,-58.3758,-0.0000
63.3720,6539.9011,-58.3758,-0.0000
63.4037,6538.0551,-58.3758,-0.0000
63.4353,6536.2091,-58.3758,-0.0000
63.4669,6534.3631,-58.3758,-0.0000
63.4985,6532.5171,-58.3758,-0.0000
63.5302,6530.6711,-58.3758,-0.0000
63.5618,6528.8251,-58.3758,-0.0000
63.5934,6526.9791,-58.3758,-0.0000
63.6250,6525.1330,-58.3758,-0.0000
63.6566,6523.2870,-58.3758,-0.0000
63.6883,6521.4410,-58.3758,-0.0000
63.7199,6519.5950,-58.3758,-0.0000
63.7515,6517.7490,-58.3758,-0.0000
63.7831,6515.9030,-58.3758,-0.0000
63.8148,6514.0570,-58.3758,-0.0000
63.8464,6512.2110,-58.3758,-0.0000
63.8780,6510.3650,-58.3758,-0.0000
63.9096,6508.5190,-58.3758,-0.0000
63.9413,6506.6730,-58.3758,-0.0000
63.9729,6504.8270,-58.3758,-0.0000
64.0045,6502.9810,-58.3758,-0.0000
64.0361,6501.1350,-58.3758,-0.0000
64.0677,6499.2890,-58.3758,-0.0000
64.0994,6497.4430,-58.3758,-0.0000
64.1310,6495.5970,-58.3758,-0.0000
64.1626,6493.7510,-58.3758,-0.0000
64.1942,6491.9050,-58.3758,-0.0000
64.2259,6490.0590,-58.3758,-0.0000
64.2575,6488.2130,-58.3758,-0.0000
64.2891,6486.3670,-58.3758,-0.0000
64.3207,6484.5210,-58.3758,-0.0000
64.3524,6482.6750,-58.3758,-0.0000
64.3840,6480.8290,-58.3758,-0.0000
64.4156,6478.9830,-58.3758,-0.0000
64.4472,6477.1370,-58.3758,-0.0000
64.4788,6475.2910,-58.3758,-0.0000
64.5105,6473.4450,-58.3758,-0.0000
64.5421,6471.5989,-58.3758,-0.0000
64.5737,6469.7529,-58.3758,-0.0000
64.6053,6467.9069,-58.3758,-0.0000
64.6370,6466.0609,-58.3758,-0.0000
64.6686,6464.2149,-58.3758,-0.0000
64.7002,6462.3689,-58.3758,-0.0000
64.7318,6460.5229,-58.3758,-0.0000
64.7634,6458.6769,-58.3758,-0.0000
64.7951,6456.8309,-58.3758,-0.0000
64.8267,6454.9849,-58.3758,-0.0000
64.8583,6453.1389,-58.3758,-0.0000
64.8899,6451.2929,-58.3758,-0.0000
64.9216,6449.4469,-58.3758,-0.0000
64.9532,6447.6009,-58.3758,-0.0000
64.9848,6445.7549,-58.3758,-0.0000
65.0164,6443.9089,-58.3758,-0.0000
65.0481,6442.0629,-58.3758,-0.0000
65.0797,6440.2169,-58.3758,-0.0000
65.1113,6438.3709,-58.3758,-0.0000
65.1429,6436.5249,-58.3758,-0.0000
65.1745,6434.6789,-58.3758,-0.0000
65.2062,6432.8329,-58.3758,-0.0000
65.2378,6430.9869,-58.3758,-0.0000
65.2694,6429.1409,-58.3758,-0.0000
65.3010,6427.2949,-58.3758,-0.0000
65.3327,6425.4489,-58.3758,-0.0000
65.3643,6423.6029,-58.3758,-0.0000
65.3959,6421.7569,-58.3758,-0.0000
65.4275,6419.9108,-58.3758,-0.0000
65.4591,6418.0648,-58.3758,-0.0000
65.4908,6416.2188,-58.3758,-0.0000
65.5224,6414.3728,-58.3758,-0.0000
65.5540,6412.5268,-58.3758,-0.0000
65.5856,6410.6808,-58.3758,-0.0000
65.6173,6408.8348,-58.3758,-0.0000
65.6489,6406.9888,-58.3758,-0.0000
65.6805,6405.1428,-58.3758,-0.0000
65.7121,6403.2968,-58.3758,-0.0000
65.7438,6401.4508,-58.3758,-0.0000
65.7754,6399.6048,-58.3758,-0.0000
65.8070,6397.7588,-58.3758,-0.0000
65.8386,6395.9128,-58.3758,-0.0000
65.8702,6394.0668,-58.3758,-0.0000
65.9019,6392.2208,-58.3758,-0.0000
65.9335,6390.3748,-58.3758,-0.0000
65.9651,6388.5288,-58.3758,-0.0000
65.9967,6386.6828,-58.3758,-0.0000
66.0284,6384.8368,-58.3758,-0.0000
66.0600,6382.9908,-58.3758,-0.0000
66.0916,6381.1448,-58.3758,-0.0000
66.1232,6379.2988,-58.3758,-0.0000
66.1548,6377.4528,-58.3758,-0.0000
66.1865,6375.6068,-58.3758,-0.0000
66.2181,6373.7608,-58.3758,-0.0000
66.2497,6371.9148,-58.3758,-0.0000
66.2813,6370.0688,-58.3758,-0.0000
66.3130,6368.2227,-58.3758,-0.0000
66.3446,6366.3767,-58.3758,-0.0000
66.3762,6364.5307,-58.3758,-0.0000
66.4078,6362.6847,-58.3758,-0.0000
66.4395,6360.8387,-58.3758,-0.0000
66.4711,6358.9927,-58.3758,-0.0000
66.5027,6357.1467,-58.3758,-0.0000
66.5343,6355.3007,-58.3758,-0.0000
66.5659,6353.4547,-58.3758,-0.0000
66.5976,6351.6087,-58.3758,-0.0000
66.6292,6349.7627,-58.3758,-0.0000
66.6608,6347.9167,-58.3758,-0.0000
66.6924,6346.0707,-58.3758,-0.0000
66.7241,6344.2247,-58.3758,-0.0000
66.7557,6342.3787,-58.3758,-0.0000
66.7873,6340.5327,-58.3758,-0.0000
66.8189,6338.6867,-58.3758,-0.0000
66.8505,6336.8407,-58.3758,-0.0000
66.8822,6334.9947,-58.3758,-0.0000
66.9138,6333.1487,-58.3758,-0.0000
66.9454,6331.3027,-58.3758,-0.0000
66.9770,6329.4567,-58.3758,-0.0000
67.0087,6327.6107,-58.3758,-0.0000
67.0403,6325.7647,-58.3758,-0.0000
67.0719,6323.9187,-58.3758,-0.0000
67.1035,6322.0727,-58.3758,-0.0000
67.1352,6320.2267,-58.3758,-0.0000
67.1668,6318.3807,-58.3758,-0.0000
67.1984,6316.5346,-58.3758,-0.0000
67.2300,6314.6886,-58.3758,-0.0000
67.2616,6312.8426,-58.3758,-0.0000
67.2933,6310.9966,-58.3758,-0.0000
67.3249,6309.1506,-58.3758,-0.0000
67.3565,6307.3046,-58.3758,-0.0000
67.3881,6305.4586,-58.3758,-0.0000
67.4198,6303.6126,-58.3758,-0.0000
67.4514,6301.7666,-58.3758,-0.0000
67.4830,6299.9206,-58.3758,-0.0000
67.5146,6298.0746,-58.3758,-0.0000
67.5463,6296.2286,-58.3758,-0.0000
67.5779,6294.3826,-58.3758,-0.0000
67.6095,6292.5366,-58.3758,-0.0000
67.6411,6290.6906,-58.3758,-0.0000
67.6727,6288.8446,-58.3758,-0.0000
67.7044,6286.9986,-58.3758,-0.0000
67.7360,6285.1526,-58.3758,-0.0000
67.7676,6283.3066,-58.3758,-0.0000
67.7992,6281.4606,-58.3758,-0.0000
67.8309,6279.6146,-58.3758,-0.0000
67.8625,6277.7686,-58.3758,-0.0000
67.8941,6275.9226,-58.3758,-0.0000
67.9257,6274.0766,-58.3758,-0.0000
67.9573,6272.2306,-58.3758,-0.0000
67.9890,6270.3846,-58.3758,-0.0000
68.0206,6268.5386,-58.3758,-0.0000
68.0522,6266.6926,-58.3758,-0.0000
68.0838,6264.8466,-58.3758,-0.0000
68.1155,6263.0005,-58.3758,-0.0000
68.1471,6261.1545,-58.3758,-0.0000
68.1787,6259.3085,-58.3758,-0.0000
68.2103,6257.4625,-58.3758,-0.0000
68.2420,6255.6165,-58.3758,-0.0000
68.2736,6253.7705,-58.3758,-0.0000
68.3052,6251.9245,-58.3758,-0.0000
68.3368,6250.0785,-58.3758,-0.0000
68.3684,6248.2325,-58.3758,-0.0000
68.4001,6246.3865,-58.3758,-0.0000
68.4317,6244.5405,-58.3758,-0.0000
68.4633,6242.6945,-58.3758,-0.0000
68.4949,6240.8485,-58.3758,-0.0000
68.5266,6239.0025,-58.3758,-0.0000
68.5582,6237.1565,-58.3758,-0.0000
68.5898,6235.3105,-58.3758,-0.0000
68.6214,6233.4645,-58.3758,-0.0000
68.6530,6231.6185,-58.3758,-0.0000
68.6847,6229.7725,-58.3758,-0.0000
68.7163,6227.9265,-58.3758,-0.0000
68.7479,6226.0805,-58.3758,-0.0000
68.7795,6224.2345,-58.3758,-0.0000
68.8112,6222.3885,-58.3758,-0.0000
68.8428,6220.5425,-58.3758,-0.0000
68.8744,6218.6965,-58.3758,-0.0000
68.9060,6216.8505,-58.3758,-0.0000
68.9377,6215.0045,-58.3758,-0.0000
68.9693,6213.1585,-58.3758,-0.0000
69.0009,6211.3124,-58.3758,-0.0000
69.0325,6209.4664,-58.3758,-0.0000
69.0641,6207.6204,-58.3758,-0.0000
69.0958,6205.7744,-58.3758,-0.0000
69.1274,6203.9284,-58.3758,-0.0000
69.1590,6202.0824,-58.3758,-0.0000
69.1906,6200.2364,-58.3758,-0.0000
69.2223,6198.3904,-58.3758,-0.0000
69.2539,6196.5444,-58.3758,-0.0000
69.2855,6194.6984,-58.3758,-0.0000
69.3171,6192.8524,-58.3758,-0.0000
69.3487,6191.0064,-58.3758,-0.0000
69.3804,6189.1604,-58.3758,-0.0000
69.4120,6187.3144,-58.3758,-0.0000
69.4436,6185.4684,-58.3758,-0.0000
69.4752,6183.6224,-58.3758,-0.0000
69.5069,6181.7764,-58.3758,-0.0000
69.5385,6179.9304,-58.3758,-0.0000
69.5701,6178.0844,-58.3758,-0.0000
69.6017,6176.2384,-58.3758,-0.0000
69.6334,6174.3924,-58.3758,-0.0000
69.6650,6172.5464,-58.3758,-0.0000
69.6966,6170.7004,-58.3758,-0.0000
69.7282,6168.8544,-58.3758,-0.0000
69.7598,6167.0084,-58.3758,-0.0000
69.7915,6165.1624,-58.3758,-0.0000
69.8231,6163.3164,-58.3758,-0.0000
69.8547,6161.4704,-58.3758,-0.0000
69.8863,6159.6243,-58.3758,-0.0000
69.9180,6157.7783,-58.3758,-0.0000
69.9496,6155.9323,-58.3758,-0.0000
69.9812,6154.0863,-58.3758,-0.0000
70.0128,6152.2403,-58.3758,-0.0000
70.0445,6150.3943,-58.3758,-0.0000
70.0761,6148.5483,-58.3758,-0.0000
70.1077,6146.7023,-58.3758,-0.0000
70.1393,6144.8563,-58.3758,-0.0000
70.1709,6143.0103,-58.3758,-0.0000
70.2026,6141.1643,-58.3758,-0.0000
70.2342,6139.3183,-58.3758,-0.0000
70.2658,6137.4723,-58.3758,-0.0000
70.2974,6135.6263,-58.3758,-0.0000
70.3291,6133.7803,-58.3758,-0.0000
70.3607,6131.9343,-58.3758,-0.0000
70.3923,6130.0883,-58.3758,-0.0000
70.4239,6128.2423,-58.3758,-0.0000
70.4555,6126.3963,-58.3758,-0.0000
70.4872,6124.5503,-58.3758,-0.0000
70.5188,6122.7043,-58.3758,-0.0000
70.5504,6120.8583,-58.3758,-0.0000
70.5820,6119.0123,-58.3758,-0.0000
70.6137,6117.1663,-58.3758,-0.0000
70.6453,6115.3203,-58.3758,-0.0000
70.6769,6113.4743,-58.3758,-0.0000
70.7085,6111.6283,-58.3758,-0.0000
70.7402,6109.7823,-58.3758,-0.0000
70.7718,6107.9363,-58.3758,-0.0000
70.8034,6106.0902,-58.3758,-0.0000
70.8350,6104.2442,-58.3758,-0.0000
70.8666,6102.3982,-58.3758,-0.0000
70.8983,6100.5522,-58.3758,-0.0000
70.9299,6098.7062,-58.3758,-0.0000
70.9615,6096.8602,-58.3758,-0.0000
70.9931,6095.0142,-58.3758,-0.0000
71.0248,6093.1682,-58.3758,-0.0000
71.0564,6091.3222,-58.3758,-0.0000
71.0880,6089.4762,-58.3758,-0.0000
71.1196,6087.6302,-58.3758,-0.0000
71.1512,6085.7842,-58.3758,-0.0000
71.1829,6083.9382,-58.3758,-0.0000
71.2145,6082.0922,-58.3758,-0.0000
71.2461,6080.2462,-58.3758,-0.0000
71.2777,6078.4002,-58.3758,-0.0000
71.3094,6076.5542,-58.3758,-0.0000
71.3410,6074.7082,-58.3758,-0.0000
71.3726,6072.8622,-58.3758,-0.0000
71.4042,6071.0162,-58.3758,-0.0000
71.4359,6069.1702,-58.3758,-0.0000
71.4675,6067.3242,-58.3758,-0.0000
71.4991,6065.4782,-58.3758,-0.0000
71.5307,6063.6322,-58.3758,-0.0000
71.5623,6061.7862,-58.3758,-0.0000
71.5940,6059.9402,-58.3758,-0.0000
71.6256,6058.0942,-58.3758,-0.0000
71.6572,6056.2482,-58.3758,-0.0000
71.6888,6054.4021,-58.3758,-0.0000
71.7205,6052.5561,-58.3758,-0.0000
71.7521,6050.7101,-58.3758,-0.0000
71.7837,6048.8641,-58.3758,-0.0000
71.8153,6047.0181,-58.3758,-0.0000
71.8469,6045.1721,-58.3758,-0.0000
71.8786,6043.3261,-58.3758,-0.0000
71.9102,6041.4801,-58.3758,-0.0000
71.9418,6039.6341,-58.3758,-0.0000
71.9734,6037.7881,-58.3758,-0.0000
72.0051,6035.9421,-58.3758,-0.0000
72.0367,6034.0961,-58.3758,-0.0000
72.0683,6032.2501,-58.3758,-0.0000
72.0999,6030.4041,-58.3758,-0.0000
72.1316,6028.5581,-58.3758,-0.0000
72.1632,6026.7121,-58.3758,-0.0000
72.1948,6024.8661,-58.3758,-0.0000
72.2264,6023.0201,-58.3758,-0.0000
72.2580,6021.1741,-58.3758,-0.0000
72.2897,6019.3281,-58.3758,-0.0000
72.3213,6017.4821,-58.3758,-0.0000
72.3529,6015.6361,-58.3758,-0.0000
72.3845,6013.7901,-58.3758,-0.0000
72.4162,6011.9441,-58.3758,-0.0000
72.4478,6010.0981,-58.3758,-0.0000
72.4794,6008.2521,-58.3758,-0.0000
72.5110,6006.4061,-58.3758,-0.0000
72.5426,6004.5601,-58.3758,-0.0000
72.5743,6002.7140,-58.3758,-0.0000
72.6059,6000.8680,-58.3758,-0.0000
72.6375,5999.0220,-58.3758,-0.0000
72.6691,5997.1760,-58.3758,-0.0000
72.7008,5995.3300,-58.3758,-0.0000
72.7324,5993.4840,-58.3758,-0.0000
72.7640,5991.6380,-58.3758,-0.0000
72.7956,5989.7920,-58.3758,-0.0000
72.8273,5987.9460,-58.3758,-0.0000
72.8589,5986.1000,-58.3758,-0.0000
72.8905,5984.2540,-58.3758,-0.0000
72.9221,5982.4080,-58.3758,-0.0000
72.9537,5980.5620,-58.3758,-0.0000
72.9854,5978.7160,-58.3758,-0.0000
73.0170,5976.8700,-58.3758,-0.0000
73.0486,5975.0240,-58.3758,-0.0000
73.0802,5973.1780,-58.3758,-0.0000
73.1119,5971.3320,-58.3758,-0.0000
73.1435,5969.4860,-58.3758,-0.0000
73.1751,5967.6400,-58.3758,-0.0000
73.2067,5965.7940,-58.3758,-0.0000
73.2384,5963.9480,-58.3758,-0.0000
73.2700,5962.1020,-58.3758,-0.0000
73.3016,5960.2560,-58.3758,-0.0000
73.3332,5958.4100,-58.3758,-0.0000
73.3648,5956.5640,-58.3758,-0.0000
73.3965,5954.7180,-58.3758,-0.0000
73.4281,5952.8720,-58.3758,-0.0000
73.4597,5951.0260,-58.3758,-0.0000
73.4913,5949.1799,-58.3758,-0.0000
73.5230,5947.3339,-58.3758,-0.0000
73.5546,5945.4879,-58.3758,-0.0000
73.5862,5943.6419,-58.3758,-0.0000
73.6178,5941.7959,-58.3758,-0.0000
73.6494,5939.9499,-58.3758,-0.0000
73.6811,5938.1039,-58.3758,-0.0000
73.7127,5936.2579,-58.3758,-0.0000
73.7443,5934.4119,-58.3758,-0.0000
73.7759,5932.5659,-58.3758,-0.0000
73.8076,5930.7199,-58.3758,-0.0000
73.8392,5928.8739,-58.3758,-0.0000
73.8708,5927.0279,-58.3758,-0.0000
73.9024,5925.1819,-58.3758,-0.0000
73.9341,5923.3359,-58.3758,-0.0000
73.9657,5921.4899,-58.3758,-0.0000
73.9973,5919.6439,-58.3758,-0.0000
74.0289,5917.7979,-58.3758,-0.0000
74.0605,5915.9519,-58.3758,-0.0000
74.0922,5914.1059,-58.3758,-0.0000
74.1238,5912.2599,-58.3758,-0.0000
74.1554,5910.4139,-58.3758,-0.0000
74.1870,5908.5679,-58.3758,-0.0000
74.2187,5906.7219,-58.3758,-0.0000
74.2503,5904.8759,-58.3758,-0.0000
74.2819,5903.0299,-58.3758,-0.0000
74.3135,5901.1839,-58.3758,-0.0000
74.3451,5899.3379,-58.3758,-0.0000
74.3768,5897.4918,-58.3758,-0.0000
74.4084,5895.6458,-58.3758,-0.0000
74.4400,5893.7998,-58.3758,-0.0000
74.4716,5891.9538,-58.3758,-0.0000
74.5033,5890.1078,-58.3758,-0.0000
74.5349,5888.2618,-58.3758,-0.0000
74.5665,5886.4158,-58.3758,-0.0000
74.5981,5884.5698,-58.3758,-0.0000
74.6298,5882.7238,-58.3758,-0.0000
74.6614,5880.8778,-58.3758,-0.0000
74.6930,5879.0318,-58.3758,-0.0000
74.7246,5877.1858,-58.3758,-0.0000
74.7562,5875.3398,-58.3758,-0.0000
74.7879,5873.4938,-58.3758,-0.0000
74.8195,5871.6478,-58.3758,-0.0000
74.8511,5869.8018,-58.3758,-0.0000
74.8827,5867.9558,-58.3758,-0.0000
74.9144,5866.1098,-58.3758,-0.0000
74.9460,5864.2638,-58.3758,-0.0000
74.9776,5862.4178,-58.3758,-0.0000
75.0092,5860.5718,-58.3758,-0.0000
75.0408,5858.7258,-58.3758,-0.0000
75.0725,5856.8798,-58.3758,-0.0000
75.1041,5855.0338,-58.3758,-0.0000
75.1357,5853.1878,-58.3758,-0.0000
75.1673,5851.3418,-58.3758,-0.0000
75.1990,5849.4958,-58.3758,-0.0000
75.2306,5847.6498,-58.3758,-0.0000
75.2622,5845.8037,-58.3758,-0.0000
75.2938,5843.9577,-58.3758,-0.0000
75.3255,5842.1117,-58.3758,-0.0000
75.3571,5840.2657,-58.3758,-0.0000
75.3887,5838.4197,-58.3758,-0.0000
75.4203,5836.5737,-58.3758,-0.0000
75.4519,5834.7277,-58.3758,-0.0000
75.4836,5832.8817,-58.3758,-0.0000
75.5152,5831.0357,-58.3758,-0.0000
75.5468,5829.1897,-58.3758,-0.0000
75.5784,5827.3437,-58.3758,-0.0000
75.6101,5825.4977,-58.3758,-0.0000
75.6417,5823.6517,-58.3758,-0.0000
75.6733,5821.8057,-58.3758,-0.0000
75.7049,5819.9597,-58.3758,-0.0000
75.7365,5818.1137,-58.3758,-0.0000
75.7682,5816.2677,-58.3758,-0.0000
75.7998,5814.4217,-58.3758,-0.0000
75.8314,5812.5757,-58.3758,-0.0000
75.8630,5810.7297,-58.3758,-0.0000
75.8947,5808.8837,-58.3758,-0.0000
75.9263,5807.0377,-58.3758,-0.0000
75.9579,5805.1917,-58.3758,-0.0000
75.9895,5803.3457,-58.3758,-0.0000
76.0212,5801.4997,-58.3758,-0.0000
76.0528,5799.6537,-58.3758,-0.0000
76.0844,5797.8077,-58.3758,-0.0000
76.1160,5795.9617,-58.3758,-0.0000
76.1476,5794.1156,-58.3758,-0.0000
76.1793,5792.2696,-58.3758,-0.0000
76.2109,5790.4236,-58.3758,-0.0000
76.2425,5788.5776,-58.3758,-0.0000
76.2741,5786.7316,-58.3758,-0.0000
76.3058,5784.8856,-58.3758,-0.0000
76.3374,5783.0396,-58.3758,-0.0000
76.3690,5781.1936,-58.3758,-0.0000
76.4006,5779.3476,-58.3758,-0.0000
76.4323,5777.5016,-58.3758,-0.0000
76.4639,5775.6556,-58.3758,-0.0000
76.4955,5773.8096,-58.3758,-0.0000
76.5271,5771.9636,-58.3758,-0.0000
76.5587,5770.1176,-58.3758,-0.0000
76.5904,5768.2716,-58.3758,-0.0000
76.6220,5766.4256,-58.3758,-0.0000
76.6536,5764.5796,-58.3758,-0.0000
76.6852,5762.7336,-58.3758,-0.0000
76.7169,5760.8876,-58.3758,-0.0000
76.7485,5759.0416,-58.3758,-0.0000
76.7801,5757.1956,-58.3758,-0.0000
76.8117,5755.3496,-58.3758,-0.0000
76.8433,5753.5036,-58.3758,-0.0000
76.8750,5751.6576,-58.3758,-0.0000
76.9066,5749.8116,-58.3758,-0.0000
76.9382,5747.9656,-58.3758,-0.0000
76.9698,5746.1196,-58.3758,-0.0000
77.0015,5744.2736,-58.3758,-0.0000
77.0331,5742.4276,-58.3758,-0.0000
77.0647,5740.5815,-58.3758,-0.0000
77.0963,5738.7355,-58.3758,-0.0000
77.1280,5736.8895,-58.3758,-0.0000
77.1596,5735.0435,-58.3758,-0.0000
77.1912,5733.1975,-58.3758,-0.0000
77.2228,5731.3515,-58.3758,-0.0000
77.2544,5729.5055,-58.3758,-0.0000
77.2861,5727.6595,-58.3758,-0.0000
77.3177,5725.8135,-58.3758,-0.0000
77.3493,5723.9675,-58.3758,-0.0000
77.3809,5722.1215,-58.3758,-0.0000
77.4126,5720.2755,-58.3758,-0.0000
77.4442,5718.4295,-58.3758,-0.0000
77.4758,5716.5835,-58.3758,-0.0000
77.5074,5714.7375,-58.3758,-0.0000
77.5390,5712.8915,-58.3758,-0.0000
77.5707,5711.0455,-58.3758,-0.0000
77.6023,5709.1995,-58.3758,-0.0000
77.6339,5707.3535,-58.3758,-0.0000
77.6655,5705.5075,-58.3758,-0.0000
77.6972,5703.6615,-58.3758,-0.0000
77.7288,5701.8155,-58.3758,-0.0000
77.7604,5699.9695,-58.3758,-0.0000
77.7920,5698.1235,-58.3758,-0.0000
77.8237,5696.2775,-58.3758,-0.0000
77.8553,5694.4315,-58.3758,-0.0000
77.8869,5692.5855,-58.3758,-0.0000
77.9185,5690.7395,-58.3758,-0.0000
77.9501,5688.8934,-58.3758,-0.0000
77.9818,5687.0474,-58.3758,-0.0000
78.0134,5685.2014,-58.3758,-0.0000
78.0450,5683.3554,-58.3758,-0.0000
78.0766,5681.5094,-58.3758,-0.0000
78.1083,5679.6634,-58.3758,-0.0000
78.1399,5677.8174,-58.3758,-0.0000
78.1715,5675.9714,-58.3758,-0.0000
78.2031,5674.1254,-58.3758,-0.0000
78.2347,5672.2794,-58.3758,-0.0000
78.2664,5670.4334,-58.3758,-0.0000
78.2980,5668.5874,-58.3758,-0.0000
78.3296,5666.7414,-58.3758,-0.0000
78.3612,5664.8954,-58.3758,-0.0000
78.3929,5663.0494,-58.3758,-0.0000
78.4245,5661.2034,-58.3758,-0.0000
78.4561,5659.3574,-58.3758,-0.0000
78.4877,5657.5114,-58.3758,-0.0000
78.5194,5655.6654,-58.3758,-0.0000
78.5510,5653.8194,-58.3758,-0.0000
78.5826,5651.9734,-58.3758,-0.0000
78.6142,5650.1274,-58.3758,-0.0000
78.6458,5648.2814,-58.3758,-0.0000
78.6775,5646.4354,-58.3758,-0.0000
78.7091,5644.5894,-58.3758,-0.0000
78.7407,5642.7434,-58.3758,-0.0000
78.7723,5640.8974,-58.3758,-0.0000
78.8040,5639.0514,-58.3758,-0.0000
78.8356,5637.2053,-58.3758,-0.0000
78.8672,5635.3593,-58.3758,-0.0000
78.8988,5633.5133,-58.3758,-0.0000
78.9305,5631.6673,-58.3758,-0.0000
78.9621,5629.8213,-58.3758,-0.0000
78.9937,5627.9753,-58.3758,-0.0000
79.0253,5626.1293,-58.3758,-0.0000
79.0569,5624.2833,-58.3758,-0.0000
79.0886,5622.4373,-58.3758,-0.0000
79.1202,5620.5913,-58.3758,-0.0000
79.1518,5618.7453,-58.3758,-0.0000
79.1834,5616.8993,-58.3758,-0.0000
79.2151,5615.0533,-58.3758,-0.0000
79.2467,5613.2073,-58.3758,-0.0000
79.2783,5611.3613,-58.3758,-0.0000
79.3099,5609.5153,-58.3758,-0.0000
79.3415,5607.6693,-58.3758,-0.0000
79.3732,5605.8233,-58.3758,-0.0000
79.4048,5603.9773,-58.3758,-0.0000
79.4364,5602.1313,-58.3758,-0.0000
79.4680,5600.2853,-58.3758,-0.0000
79.4997,5598.4393,-58.3758,-0.0000
79.5313,5596.5933,-58.3758,-0.0000
79.5629,5594.7473,-58.3758,-0.0000
79.5945,5592.9013,-58.3758,-0.0000
79.6262,5591.0553,-58.3758,-0.0000
79.6578,5589.2093,-58.3758,-0.0000
79.6894,5587.3633,-58.3758,-0.0000
79.7210,5585.5173,-58.3758,-0.0000
79.7526,5583.6712,-58.3758,-0.0000
79.7843,5581.8252,-58.3758,-0.0000
79.8159,5579.9792,-58.3758,-0.0000
79.8475,5578.1332,-58.3758,-0.0000
79.8791,5576.2872,-58.3758,-0.0000
79.9108,5574.4412,-58.3758,-0.0000
79.9424,5572.5952,-58.3758,-0.0000
79.9740,5570.7492,-58.3758,-0.0000
80.0056,5568.9032,-58.3758,-0.0000
80.0372,5567.0572,-58.3758,-0.0000
80.0689,5565.2112,-58.3758,-0.0000
80.1005,5563.3652,-58.3758,-0.0000
80.1321,5561.5192,-58.3758,-0.0000
80.1637,5559.6732,-58.3758,-0.0000
80.1954,5557.8272,-58.3758,-0.0000
80.2270,5555.9812,-58.3758,-0.0000
80.2586,5554.1352,-58.3758,-0.0000
80.2902,5552.2892,-58.3758,-0.0000
80.3219,5550.4432,-58.3758,-0.0000
80.3535,5548.5972,-58.3758,-0.0000
80.3851,5546.7512,-58.3758,-0.0000
80.4167,5544.9052,-58.3758,-0.0000
80.4483,5543.0592,-58.3758,-0.0000
80.4800,5541.2132,-58.3758,-0.0000
80.5116,5539.3672,-58.3758,-0.0000
80.5432,5537.5212,-58.3758,-0.0000
80.5748,5535.6752,-58.3758,-0.0000
80.6065,5533.8292,-58.3758,-0.0000
80.6381,5531.9831,-58.3758,-0.0000
80.6697,5530.1371,-58.3758,-0.0000
80.7013,5528.2911,-58.3758,-0.0000
80.7329,5526.4451,-58.3758,-0.0000
80.7646,5524.5991,-58.3758,-0.0000
80.7962,5522.7531,-58.3758,-0.0000
80.8278,5520.9071,-58.3758,-0.0000
80.8594,5519.0611,-58.3758,-0.0000
80.8911,5517.2151,-58.3758,-0.0000
80.9227,5515.3691,-58.3758,-0.0000
80.9543,5513.5231,-58.3758,-0.0000
80.9859,5511.6771,-58.3758,-0.0000
81.0176,5509.8311,-58.3758,-0.0000
81.0492,5507.9851,-58.3758,-0.0000
81.0808,5506.1391,-58.3758,-0.0000
81.1124,5504.2931,-58.3758,-0.0000
81.1440,5502.4471,-58.3758,-0.0000
81.1757,5500.6011,-58.3758,-0.0000
81.2073,5498.7551,-58.3758,-0.0000
81.2389,5496.9091,-58.3758,-0.0000
81.2705,5495.0631,-58.3758,-0.0000
81.3022,5493.2171,-58.3758,-0.0000
81.3338,5491.3711,-58.3758,-0.0000
81.3654,5489.5251,-58.3758,-0.0000
81.3970,5487.6791,-58.3758,-0.0000
81.4286,5485.8331,-58.3758,-0.0000
81.4603,5483.9871,-58.3758,-0.0000
81.4919,5482.1411,-58.3758,-0.0000
81.5235,5480.2950,-58.3758,-0.0000
81.5551,5478.4490,-58.3758,-0.0000
81.5868,5476.6030,-58.3758,-0.0000
81.6184,5474.7570,-58.3758,-0.0000
81.6500,5472.9110,-58.3758,-0.0000
81.6816,5471.0650,-58.3758,-0.0000
81.7133,5469.2190,-58.3758,-0.0000
81.7449,5467.3730,-58.3758,-0.0000
81.7765,5465.5270,-58.3758,-0.0000
81.8081,5463.6810,-58.3758,-0.0000
81.8397,5461.8350,-58.3758,-0.0000
81.8714,5459.9890,-58.3758,-0.0000
81.9030,5458.1430,-58.3758,-0.0000
81.9346,5456.2970,-58.3758,-0.0000
81.9662,5454.4510,-58.3758,-0.0000
81.9979,5452.6050,-58.3758,-0.0000
82.0295,5450.7590,-58.3758,-0.0000
82.0611,5448.9130,-58.3758,-0.0000
82.0927,5447.0670,-58.3758,-0.0000
82.1244,5445.2210,-58.3758,-0.0000
82.1560,5443.3750,-58.3758,-0.0000
82.1876,5441.5290,-58.3758,-0.0000
82.2192,5439.6830,-58.3758,-0.0000
82.2508,5437.8370,-58.3758,-0.0000
82.2825,5435.9910,-58.3758,-0.0000
82.3141,5434.1450,-58.3758,-0.0000
82.3457,5432.2990,-58.3758,-0.0000
82.3773,5430.4530,-58.3758,-0.0000
82.4090,5428.6069,-58.3758,-0.0000
82.4406,5426.7609,-58.3758,-0.0000
82.4722,5424.9149,-58.3758,-0.0000
82.5038,5423.0689,-58.3758,-0.0000
82.5354,5421.2229,-58.3758,-0.0000
82.5671,5419.3769,-58.3758,-0.0000
82.5987,5417.5309,-58.3758,-0.0000
82.6303,5415.6849,-58.3758,-0.0000
82.6619,5413.8389,-58.3758,-0.0000
82.6936,5411.9929,-58.3758,-0.0000
82.7252,5410.1469,-58.3758,-0.0000
82.7568,5408.3009,-58.3758,-0.0000
82.7884,5406.4549,-58.3758,-0.0000
82.8201,5404.6089,-58.3758,-0.0000
82.8517,5402.7629,-58.3758,-0.0000
82.8833,5400.9169,-58.3758,-0.0000
82.9149,5399.0709,-58.3758,-0.0000
82.9465,5397.2249,-58.3758,-0.0000
82.9782,5395.3789,-58.3758,-0.0000
83.0098,5393.5329,-58.3758,-0.0000
83.0414,5391.6869,-58.3758,-0.0000
83.0730,5389.8409,-58.3758,-0.0000
83.1047,5387.9949,-58.3758,-0.0000
83.1363,5386.1489,-58.3758,-0.0000
83.1679,5384.3029,-58.3758,-0.0000
83.1995,5382.4569,-58.3758,-0.0000
83.2311,5380.6109,-58.3758,-0.0000
83.2628,5378.7649,-58.3758,-0.0000
83.2944,5376.9189,-58.3758,-0.0000
83.3260,5375.0728,-58.3758,-0.0000
83.3576,5373.2268,-58.3758,-0.0000
83.3893,5371.3808,-58.3758,-0.0000
83.4209,5369.5348,-58.3758,-0.0000
83.4525,5367.6888,-58.3758,-0.0000
83.4841,5365.8428,-58.3758,-0.0000
83.5158,5363.9968,-58.3758,-0.0000
83.5474,5362.1508,-58.3758,-0.0000
83.5790,5360.3048,-58.3758,-0.0000
83.6106,5358.4588,-58.3758,-0.0000
83.6422,5356.6128,-58.3758,-0.0000
83.6739,5354.7668,-58.3758,-0.0000
83.7055,5352.9208,-58.3758,-0.0000
83.7371,5351.0748,-58.3758,-0.0000
83.7687,5349.2288,-58.3758,-0.0000
83.8004,5347.3828,-58.3758,-0.0000
83.8320,5345.5368,-58.3758,-0.0000
83.8636,5343.6908,-58.3758,-0.0000
83.8952,5341.8448,-58.3758,-0.0000
83.9268,5339.9988,-58.3758,-0.0000
83.9585,5338.1528,-58.3758,-0.0000
83.9901,5336.3068,-58.3758,-0.0000
84.0217,5334.4608,-58.3758,-0.0000
84.0533,5332.6148,-58.3758,-0.0000
84.0850,5330.7688,-58.3758,-0.0000
84.1166,5328.9228,-58.3758,-0.0000
84.1482,5327.0768,-58.3758,-0.0000
84.1798,5325.2308,-58.3758,-0.0000
84.2115,5323.3847,-58.3758,-0.0000
84.2431,5321.5387,-58.3758,-0.0000
84.2747,5319.6927,-58.3758,-0.0000
84.3063,5317.8467,-58.3758,-0.0000
84.3379,5316.0007,-58.3758,-0.0000
84.3696,5314.1547,-58.3758,-0.0000
84.4012,5312.3087,-58.3758,-0.0000
84.4328,5310.4627,-58.3758,-0.0000
84.4644,5308.6167,-58.3758,-0.0000
84.4961,5306.7707,-58.3758,-0.0000
84.5277,5304.9247,-58.3758,-0.0000
84.5593,5303.0787,-58.3758,-0.0000
84.5909,5301.2327,-58.3758,-0.0000
84.6226,5299.3867,-58.3758,-0.0000
84.6542,5297.5407,-58.3758,-0.0000
84.6858,5295.6947,-58.3758,-0.0000
84.7174,5293.8487,-58.3758,-0.0000
84.7490,5292.0027,-58.3758,-0.0000
84.7807,5290.1567,-58.3758,-0.0000
84.8123,5288.3107,-58.3758,-0.0000
84.8439,5286.4647,-58.3758,-0.0000
84.8755,5284.6187,-58.3758,-0.0000
84.9072,5282.7727,-58.3758,-0.0000
84.9388,5280.9267,-58.3758,-0.0000
84.9704,5279.0807,-58.3758,-0.0000
85.0020,5277.2347,-58.3758,-0.0000
85.0336,5275.3887,-58.3758,-0.0000
85.0653,5273.5427,-58.3758,-0.0000
85.0969,5271.6966,-58.3758,-0.0000
85.1285,5269.8506,-58.3758,-0.0000
85.1601,5268.0046,-58.3758,-0.0000
85.1918,5266.1586,-58.3758,-0.0000
85.2234,5264.3126,-58.3758,-0.0000
85.2550,5262.4666,-58.3758,-0.0000
85.2866,5260.6206,-58.3758,-0.0000
85.3183,5258.7746,-58.3758,-0.0000
85.3499,5256.9286,-58.3758,-0.0000
85.3815,5255.0826,-58.3758,-0.0000
85.4131,5253.2366,-58.3758,-0.0000
85.4447,5251.3906,-58.3758,-0.0000
85.4764,5249.5446,-58.3758,-0.0000
85.5080,5247.6986,-58.3758,-0.0000
85.5396,5245.8526,-58.3758,-0.0000
85.5712,5244.0066,-58.3758,-0.0000
85.6029,5242.1606,-58.3758,-0.0000
85.6345,5240.3146,-58.3758,-0.0000
85.6661,5238.4686,-58.3758,-0.0000
85.6977,5236.6226,-58.3758,-0.0000
85.7293,5234.7766,-58.3758,-0.0000
85.7610,5232.9306,-58.3758,-0.0000
85.7926,5231.0846,-58.3758,-0.0000
85.8242,5229.2386,-58.3758,-0.0000
85.8558,5227.3926,-58.3758,-0.0000
85.8875,5225.5466,-58.3758,-0.0000
85.9191,5223.7006,-58.3758,-0.0000
85.9507,5221.8546,-58.3758,-0.0000
85.9823,5220.0086,-58.3758,-0.0000
86.0140,5218.1625,-58.3758,-0.0000
86.0456,5216.3165,-58.3758,-0.0000
86.0772,5214.4705,-58.3758,-0.0000
86.1088,5212.6245,-58.3758,-0.0000
86.1404,5210.7785,-58.3758,-0.0000
86.1721,5208.9325,-58.3758,-0.0000
86.2037,5207.0865,-58.3758,-0.0000
86.2353,5205.2405,-58.3758,-0.0000
86.2669,5203.3945,-58.3758,-0.0000
86.2986,5201.5485,-58.3758,-0.0000
86.3302,5199.7025,-58.3758,-0.0000
86.3618,5197.8565,-58.3758,-0.0000
86.3934,5196.0105,-58.3758,-0.0000
86.4250,5194.1645,-58.3758,-0.0000
86.4567,5192.3185,-58.3758,-0.0000
86.4883,5190.4725,-58.3758,-0.0000
86.5199,5188.6265,-58.3758,-0.0000
86.5515,5186.7805,-58.3758,-0.0000
86.5832,5184.9345,-58.3758,-0.0000
86.6148,5183.0885,-58.3758,-0.0000
86.6464,5181.2425,-58.3758,-0.0000
86.6780,5179.3965,-58.3758,-0.0000
86.7097,5177.5505,-58.3758,-0.0000
86.7413,5175.7045,-58.3758,-0.0000
86.7729,5173.8585,-58.3758,-0.0000
86.8045,5172.0125,-58.3758,-0.0000
86.8361,5170.1665,-58.3758,-0.0000
86.8678,5168.3205,-58.3758,-0.0000
86.8994,5166.4744,-58.3758,-0.0000
86.9310,5164.6284,-58.3758,-0.0000
86.9626,5162.7824,-58.3758,-0.0000
86.9943,5160.9364,-58.3758,-0.0000
87.0259,5159.0904,-58.3758,-0.0000
87.0575,5157.2444,-58.3758,-0.0000
87.0891,5155.3984,-58.3758,-0.0000
87.1207,5153.5524,-58.3758,-0.0000
87.1524,5151.7064,-58.3758,-0.0000
87.1840,5149.8604,-58.3758,-0.0000
87.2156,5148.0144,-58.3758,-0.0000
87.2472,5146.1684,-58.3758,-0.0000
87.2789,5144.3224,-58.3758,-0.0000
87.3105,5142.4764,-58.3758,-0.0000
87.3421,5140.6304,-58.3758,-0.0000
87.3737,5138.7844,-58.3758,-0.0000
87.4054,5136.9384,-58.3758,-0.0000
87.4370,5135.0924,-58.3758,-0.0000
87.4686,5133.2464,-58.3758,-0.0000
87.5002,5131.4004,-58.3758,-0.0000
87.5318,5129.5544,-58.3758,-0.0000
87.5635,5127.7084,-58.3758,-0.0000
87.5951,5125.8624,-58.3758,-0.0000
87.6267,5124.0164,-58.3758,-0.0000
87.6583,5122.1704,-58.3758,-0.0000
87.6900,5120.3244,-58.3758,-0.0000
87.7216,5118.4784,-58.3758,-0.0000
87.7532,5116.6324,-58.3758,-0.0000
87.7848,5114.7863,-58.3758,-0.0000
87.8165,5112.9403,-58.3758,-0.0000
87.8481,5111.0943,-58.3758,-0.0000
87.8797,5109.2483,-58.3758,-0.0000
87.9113,5107.4023,-58.3758,-0.0000
87.9429,5105.5563,-58.3758,-0.0000
87.9746,5103.7103,-58.3758,-0.0000
88.0062,5101.8643,-58.3758,-0.0000
88.0378,5100.0183,-58.3758,-0.0000
88.0694,5098.1723,-58.3758,-0.0000
88.1011,5096.3263,-58.3758,-0.0000
88.1327,5094.4803,-58.3758,-0.0000
88.1643,5092.6343,-58.3758,-0.0000
88.1959,5090.7883,-58.3758,-0.0000
88.2275,5088.9423,-58.3758,-0.0000
88.2592,5087.0963,-58.3758,-0.0000
88.2908,5085.2503,-58.3758,-0.0000
88.3224,5083.4043,-58.3758,-0.0000
88.3540,5081.5583,-58.3758,-0.0000
88.3857,5079.7123,-58.3758,-0.0000
88.4173,5077.8663,-58.3758,-0.0000
88.4489,5076.0203,-58.3758,-0.0000
88.4805,5074.1743,-58.3758,-0.0000
88.5122,5072.3283,-58.3758,-0.0000
88.5438,5070.4823,-58.3758,-0.0000
88.5754,5068.6363,-58.3758,-0.0000
88.6070,5066.7903,-58.3758,-0.0000
88.6386,5064.9443,-58.3758,-0.0000
88.6703,5063.0983,-58.3758,-0.0000
88.7019,5061.2522,-58.3758,-0.0000
88.7335,5059.4062,-58.3758,-0.0000
88.7651,5057.5602,-58.3758,-0.0000
88.7968,5055.7142,-58.3758,-0.0000
88.8284,5053.8682,-58.3758,-0.0000
88.8600,5052.0222,-58.3758,-0.0000
88.8916,5050.1762,-58.3758,-0.0000
88.9232,5048.3302,-58.3758,-0.0000
88.9549,5046.4842,-58.3758,-0.0000
88.9865,5044.6382,-58.3758,-0.0000
89.0181,5042.7922,-58.3758,-0.0000
89.0497,5040.9462,-58.3758,-0.0000
89.0814,5039.1002,-58.3758,-0.0000
89.1130,5037.2542,-58.3758,-0.0000
89.1446,5035.4082,-58.3758,-0.0000
89.1762,5033.5622,-58.3758,-0.0000
89.2079,5031.7162,-58.3758,-0.0000
89.2395,5029.8702,-58.3758,-0.0000
89.2711,5028.0242,-58.3758,-0.0000
89.3027,5026.1782,-58.3758,-0.0000
89.3343,5024.3322,-58.3758,-0.0000
89.3660,5022.4862,-58.3758,-0.0000
89.3976,5020.6402,-58.3758,-0.0000
89.4292,5018.7942,-58.3758,-0.0000
89.4608,5016.9482,-58.3758,-0.0000
89.4925,5015.1022,-58.3758,-0.0000
89.5241,5013.2562,-58.3758,-0.0000
89.5557,5011.4102,-58.3758,-0.0000
89.5873,5009.5641,-58.3758,-0.0000
89.6189,5007.7181,-58.3758,-0.0000
89.6506,5005.8721,-58.3758,-0.0000
89.6822,5004.0261,-58.3758,-0.0000
89.7138,5002.1801,-58.3758,-0.0000
89.7454,5000.3341,-58.3758,-0.0000
89.7771,4998.4881,-58.3758,-0.0000
89.8087,4996.6421,-58.3758,-0.0000
89.8403,4994.7961,-58.3758,-0.0000
89.8719,4992.9501,-58.3758,-0.0000
89.9036,4991.1041,-58.3758,-0.0000
89.9352,4989.2581,-58.3758,-0.0000
89.9668,4987.4121,-58.3758,-0.0000
89.9984,4985.5661,-58.3758,-0.0000
90.0300,4983.7201,-58.3758,-0.0000
90.0617,4981.8741,-58.3758,-0.0000
90.0933,4980.0281,-58.3758,-0.0000
90.1249,4978.1821,-58.3758,-0.0000
90.1565,4976.3361,-58.3758,-0.0000
90.1882,4974.4901,-58.3758,-0.0000
90.2198,4972.6441,-58.3758,-0.0000
90.2514,4970.7981,-58.3758,-0.0000
90.2830,4968.9521,-58.3758,-0.0000
90.3146,4967.1061,-58.3758,-0.0000
90.3463,4965.2601,-58.3758,-0.0000
90.3779,4963.4141,-58.3758,-0.0000
90.4095,4961.5681,-58.3758,-0.0000
90.4411,4959.7221,-58.3758,-0.0000
90.4728,4957.8760,-58.3758,-0.0000
90.5044,4956.0300,-58.3758,-0.0000
90.5360,4954.1840,-58.3758,-0.0000
90.5676,4952.3380,-58.3758,-0.0000
90.5993,4950.4920,-58.3758,-0.0000
90.6309,4948.6460,-58.3758,-0.0000
90.6625,4946.8000,-58.3758,-0.0000
90.6941,4944.9540,-58.3758,-0.0000
90.7257,4943.1080,-58.3758,-0.0000
90.7574,4941.2620,-58.3758,-0.0000
90.7890,4939.4160,-58.3758,-0.0000
90.8206,4937.5700,-58.3758,-0.0000
90.8522,4935.7240,-58.3758,-0.0000
90.8839,4933.8780,-58.3758,-0.0000
90.9155,4932.0320,-58.3758,-0.0000
90.9471,4930.1860,-58.3758,-0.0000
90.9787,4928.3400,-58.3758,-0.0000
91.0104,4926.4940,-58.3758,-0.0000
91.0420,4924.6480,-58.3758,-0.0000
91.0736,4922.8020,-58.3758,-0.0000
91.1052,4920.9560,-58.3758,-0.0000
91.1368,4919.1100,-58.3758,-0.0000
91.1685,4917.2640,-58.3758,-0.0000
91.2001,4915.4180,-58.3758,-0.0000
91.2317,4913.5720,-58.3758,-0.0000
91.2633,4911.7260,-58.3758,-0.0000
91.2950,4909.8800,-58.3758,-0.0000
91.3266,4908.0340,-58.3758,-0.0000
91.3582,4906.1879,-58.3758,-0.0000
91.3898,4904.3419,-58.3758,-0.0000
91.4214,4902.4959,-58.3758,-0.0000
91.4531,4900.6499,-58.3758,-0.0000
91.4847,4898.8039,-58.3758,-0.0000
91.5163,4896.9579,-58.3758,-0.0000
91.5479,4895.1119,-58.3758,-0.0000
91.5796,4893.2659,-58.3758,-0.0000
91.6112,4891.4199,-58.3758,-0.0000
91.6428,4889.5739,-58.3758,-0.0000
91.6744,4887.7279,-58.3758,-0.0000
91.7061,4885.8819,-58.3758,-0.0000
91.7377,4884.0359,-58.3758,-0.0000
91.7693,4882.1899,-58.3758,-0.0000
91.8009,4880.3439,-58.3758,-0.0000
91.8325,4878.4979,-58.3758,-0.0000
91.8642,4876.6519,-58.3758,-0.0000
91.8958,4874.8059,-58.3758,-0.0000
91.9274,4872.9599,-58.3758,-0.0000
91.9590,4871.1139,-58.3758,-0.0000
91.9907,4869.2679,-58.3758,-0.0000
92.0223,4867.4219,-58.3758,-0.0000
92.0539,4865.5759,-58.3758,-0.0000
92.0855,4863.7299,-58.3758,-0.0000
92.1171,4861.8839,-58.3758,-0.0000
92.1488,4860.0379,-58.3758,-0.0000
92.1804,4858.1919,-58.3758,-0.0000
92.2120,4856.3459,-58.3758,-0.0000
92.2436,4854.4999,-58.3758,-0.0000
92.2753,4852.6538,-58.3758,-0.0000
92.3069,4850.8078,-58.3758,-0.0000
92.3385,4848.9618,-58.3758,-0.0000
92.3701,4847.1158,-58.3758,-0.0000
92.4018,4845.2698,-58.3758,-0.0000
92.4334,4843.4238,-58.3758,-0.0000
92.4650,4841.5778,-58.3758,-0.0000
92.4966,4839.7318,-58.3758,-0.0000
92.5282,4837.8858,-58.3758,-0.0000
92.5599,4836.0398,-58.3758,-0.0000
92.5915,4834.1938,-58.3758,-0.0000
92.6231,4832.3478,-58.3758,-0.0000
92.6547,4830.5018,-58.3758,-0.0000
92.6864,4828.6558,-58.3758,-0.0000
92.7180,4826.8098,-58.3758,-0.0000
92.7496,4824.9638,-58.3758,-0.0000
92.7812,4823.1178,-58.3758,-0.0000
92.8128,4821.2718,-58.3758,-0.0000
92.8445,4819.4258,-58.3758,-0.0000
92.8761,4817.5798,-58.3758,-0.0000
92.9077,4815.7338,-58.3758,-0.0000
92.9393,4813.8878,-58.3758,-0.0000
92.9710,4812.0418,-58.3758,-0.0000
93.0026,4810.1958,-58.3758,-0.0000
93.0342,4808.3498,-58.3758,-0.0000
93.0658,4806.5038,-58.3758,-0.0000
93.0975,4804.6578,-58.3758,-0.0000
93.1291,4802.8118,-58.3758,-0.0000
93.1607,4800.9657,-58.3758,-0.0000
93.1923,4799.1197,-58.3758,-0.0000
93.2239,4797.2737,-58.3758,-0.0000
93.2556,4795.4277,-58.3758,-0.0000
93.2872,4793.5817,-58.3758,-0.0000
93.3188,4791.7357,-58.3758,-0.0000
93.3504,4789.8897,-58.3758,-0.0000
93.3821,4788.0437,-58.3758,-0.0000
93.4137,4786.1977,-58.3758,-0.0000
93.4453,4784.3517,-58.3758,-0.0000
93.4769,4782.5057,-58.3758,-0.0000
93.5086,4780.6597,-58.3758,-0.0000
93.5402,4778.8137,-58.3758,-0.0000
93.5718,4776.9677,-58.3758,-0.0000
93.6034,4775.1217,-58.3758,-0.0000
93.6350,4773.2757,-58.3758,-0.0000
93.6667,4771.4297,-58.3758,-0.0000
93.6983,4769.5837,-58.3758,-0.0000
93.7299,4767.7377,-58.3758,-0.0000
93.7615,4765.8917,-58.3758,-0.0000
93.7932,4764.0457,-58.3758,-0.0000
93.8248,4762.1997,-58.3758,-0.0000
93.8564,4760.3537,-58.3758,-0.0000
93.8880,4758.5077,-58.3758,-0.0000
93.9196,4756.6617,-58.3758,-0.0000
93.9513,4754.8157,-58.3758,-0.0000
93.9829,4752.9697,-58.3758,-0.0000
94.0145,4751.1237,-58.3758,-0.0000
94.0461,4749.2776,-58.3758,-0.0000
94.0778,4747.4316,-58.3758,-0.0000
94.1094,4745.5856,-58.3758,-0.0000
94.1410,4743.7396,-58.3758,-0.0000
94.1726,4741.8936,-58.3758,-0.0000
94.2043,4740.0476,-58.3758,-0.0000
94.2359,4738.2016,-58.3758,-0.0000
94.2675,4736.3556,-58.3758,-0.0000
94.2991,4734.5096,-58.3758,-0.0000
94.3307,4732.6636,-58.3758,-0.0000
94.3624,4730.8176,-58.3758,-0.0000
94.3940,4728.9716,-58.3758,-0.0000
94.4256,4727.1256,-58.3758,-0.0000
94.4572,4725.2796,-58.3758,-0.0000
94.4889,4723.4336,-58.3758,-0.0000
94.5205,4721.5876,-58.3758,-0.0000
94.5521,4719.7416,-58.3758,-0.0000
94.5837,4717.8956,-58.3758,-0.0000
94.6153,4716.0496,-58.3758,-0.0000
94.6470,4714.2036,-58.3758,-0.0000
94.6786,4712.3576,-58.3758,-0.0000
94.7102,4710.5116,-58.3758,-0.0000
94.7418,4708.6656,-58.3758,-0.0000
94.7735,4706.8196,-58.3758,-0.0000
94.8051,4704.9736,-58.3758,-0.0000
94.8367,4703.1276,-58.3758,-0.0000
94.8683,4701.2816,-58.3758,-0.0000
94.9000,4699.4356,-58.3758,-0.0000
94.9316,4697.5896,-58.3758,-0.0000
94.9632,4695.7435,-58.3758,-0.0000
94.9948,4693.8975,-58.3758,-0.0000
95.0264,4692.0515,-58.3758,-0.0000
95.0581,4690.2055,-58.3758,-0.0000
95.0897,4688.3595,-58.3758,-0.0000
95.1213,4686.5135,-58.3758,-0.0000
95.1529,4684.6675,-58.3758,-0.0000
95.1846,4682.8215,-58.3758,-0.0000
95.2162,4680.9755,-58.3758,-0.0000
95.2478,4679.1295,-58.3758,-0.0000
95.2794,4677.2835,-58.3758,-0.0000
95.3110,4675.4375,-58.3758,-0.0000
95.3427,4673.5915,-58.3758,-0.0000
95.3743,4671.7455,-58.3758,-0.0000
95.4059,4669.8995,-58.3758,-0.0000
95.4375,4668.0535,-58.3758,-0.0000
95.4692,4666.2075,-58.3758,-0.0000
95.5008,4664.3615,-58.3758,-0.0000
95.5324,4662.5155,-58.3758,-0.0000
95.5640,4660.6695,-58.3758,-0.0000
95.5957,4658.8235,-58.3758,-0.0000
95.6273,4656.9775,-58.3758,-0.0000
95.6589,4655.1315,-58.3758,-0.0000
95.6905,4653.2855,-58.3758,-0.0000
95.7221,4651.4395,-58.3758,-0.0000
95.7538,4649.5935,-58.3758,-0.0000
95.7854,4647.7475,-58.3758,-0.0000
95.8170,4645.9015,-58.3758,-0.0000
95.8486,4644.0554,-58.3758,-0.0000
95.8803,4642.2094,-58.3758,-0.0000
95.9119,4640.3634,-58.3758,-0.0000
95.9435,4638.5174,-58.3758,-0.0000
95.9751,4636.6714,-58.3758,-0.0000
96.0067,4634.8254,-58.3758,-0.0000
96.0384,4632.9794,-58.3758,-0.0000
96.0700,4631.1334,-58.3758,-0.0000
96.1016,4629.2874,-58.3758,-0.0000
96.1332,4627.4414,-58.3758,-0.0000
96.1649,4625.5954,-58.3758,-0.0000
96.1965,4623.7494,-58.3758,-0.0000
96.2281,4621.9034,-58.3758,-0.0000
96.2597,4620.0574,-58.3758,-0.0000
96.2914,4618.2114,-58.3758,-0.0000
96.3230,4616.3654,-58.3758,-0.0000
96.3546,4614.5194,-58.3758,-0.0000
96.3862,4612.6734,-58.3758,-0.0000
96.4178,4610.8274,-58.3758,-0.0000
96.4495,4608.9814,-58.3758,-0.0000
96.4811,4607.1354,-58.3758,-0.0000
96.5127,4605.2894,-58.3758,-0.0000
96.5443,4603.4434,-58.3758,-0.0000
96.5760,4601.5974,-58.3758,-0.0000
96.6076,4599.7514,-58.3758,-0.0000
96.6392,4597.9054,-58.3758,-0.0000
96.6708,4596.0594,-58.3758,-0.0000
96.7025,4594.2134,-58.3758,-0.0000
96.7341,4592.3673,-58.3758,-0.0000
96.7657,4590.5213,-58.3758,-0.0000
96.7973,4588.6753,-58.3758,-0.0000
96.8289,4586.8293,-58.3758,-0.0000
96.8606,4584.9833,-58.3758,-0.0000
96.8922,4583.1373,-58.3758,-0.0000
96.9238,4581.2913,-58.3758,-0.0000
96.9554,4579.4453,-58.3758,-0.0000
96.9871,4577.5993,-58.3758,-0.0000
97.0187,4575.7533,-58.3758,-0.0000
97.0503,4573.9073,-58.3758,-0.0000
97.0819,4572.0613,-58.3758,-0.0000
97.1135,4570.2153,-58.3758,-0.0000
97.1452,4568.3693,-58.3758,-0.0000
97.1768,4566.5233,-58.3758,-0.0000
97.2084,4564.6773,-58.3758,-0.0000
97.2400,4562.8313,-58.3758,-0.0000
97.2717,4560.9853,-58.3758,-0.0000
97.3033,4559.1393,-58.3758,-0.0000
97.3349,4557.2933,-58.3758,-0.0000
97.3665,4555.4473,-58.3758,-0.0000
97.3982,4553.6013,-58.3758,-0.0000
97.4298,4551.7553,-58.3758,-0.0000
97.4614,4549.9093,-58.3758,-0.0000
97.4930,4548.0633,-58.3758,-0.0000
97.5246,4546.2173,-58.3758,-0.0000
97.5563,4544.3713,-58.3758,-0.0000
97.5879,4542.5253,-58.3758,-0.0000
97.6195,4540.6792,-58.3758,-0.0000
97.6511,4538.8332,-58.3758,-0.0000
97.6828,4536.9872,-58.3758,-0.0000
97.7144,4535.1412,-58.3758,-0.0000
97.7460,4533.2952,-58.3758,-0.0000
97.7776,4531.4492,-58.3758,-0.0000
97.8092,4529.6032,-58.3758,-0.0000
97.8409,4527.7572,-58.3758,-0.0000
97.8725,4525.9112,-58.3758,-0.0000
97.9041,4524.0652,-58.3758,-0.0000
97.9357,4522.2192,-58.3758,-0.0000
97.9674,4520.3732,-58.3758,-0.0000
97.9990,4518.5272,-58.3758,-0.0000
98.0306,4516.6812,-58.3758,-0.0000
98.0622,4514.8352,-58.3758,-0.0000
98.0939,4512.9892,-58.3758,-0.0000
98.1255,4511.1432,-58.3758,-0.0000
98.1571,4509.2972,-58.3758,-0.0000
98.1887,4507.4512,-58.3758,-0.0000
98.2203,4505.6052,-58.3758,-0.0000
98.2520,4503.7592,-58.3758,-0.0000
98.2836,4501.9132,-58.3758,-0.0000
98.3152,4500.0672,-58.3758,-0.0000
98.3468,4498.2212,-58.3758,-0.0000
98.3785,4496.3752,-58.3758,-0.0000
98.4101,4494.5292,-58.3758,-0.0000
98.4417,4492.6832,-58.3758,-0.0000
98.4733,4490.8372,-58.3758,-0.0000
98.5049,4488.9912,-58.3758,-0.0000
98.5366,4487.1451,-58.3758,-0.0000
98.5682,4485.2991,-58.3758,-0.0000
98.5998,4483.4531,-58.3758,-0.0000
98.6314,4481.6071,-58.3758,-0.0000
98.6631,4479.7611,-58.3758,-0.0000
98.6947,4477.9151,-58.3758,-0.0000
98.7263,4476.0691,-58.3758,-0.0000
98.7579,4474.2231,-58.3758,-0.0000
98.7896,4472.3771,-58.3758,-0.0000
98.8212,4470.5311,-58.3758,-0.0000
98.8528,4468.6851,-58.3758,-0.0000
98.8844,4466.8391,-58.3758,-0.0000
98.9160,4464.9931,-58.3758,-0.0000
98.9477,4463.1471,-58.3758,-0.0000
98.9793,4461.3011,-58.3758,-0.0000
99.0109,4459.4551,-58.3758,-0.0000
99.0425,4457.6091,-58.3758,-0.0000
99.0742,4455.7631,-58.3758,-0.0000
99.1058,4453.9171,-58.3758,-0.0000
99.1374,4452.0711,-58.3758,-0.0000
99.1690,4450.2251,-58.3758,-0.0000
99.2007,4448.3791,-58.3758,-0.0000
99.2323,4446.5331,-58.3758,-0.0000
99.2639,4444.6871,-58.3758,-0.0000
99.2955,4442.8411,-58.3758,-0.0000
99.3271,4440.9951,-58.3758,-0.0000
99.3588,4439.1491,-58.3758,-0.0000
99.3904,4437.3031,-58.3758,-0.0000
99.4220,4435.4570,-58.3758,-0.0000
99.4536,4433.6110,-58.3758,-0.0000
99.4853,4431.7650,-58.3758,-0.0000
99.5169,4429.9190,-58.3758,-0.0000
99.5485,4428.0730,-58.3758,-0.0000
99.5801,4426.2270,-58.3758,-0.0000
99.6117,4424.3810,-58.3758,-0.0000
99.6434,4422.5350,-58.3758,-0.0000
99.6750,4420.6890,-58.3758,-0.0000
99.7066,4418.8430,-58.3758,-0.0000
99.7382,4416.9970,-58.3758,-0.0000
99.7699,4415.1510,-58.3758,-0.0000
99.8015,4413.3050,-58.3758,-0.0000
99.8331,4411.4590,-58.3758,-0.0000
99.8647,4409.6130,-58.3758,-0.0000
99.8964,4407.7670,-58.3758,-0.0000
99.9280,4405.9210,-58.3758,-0.0000
99.9596,4404.0750,-58.3758,-0.0000
99.9912,4402.2290,-58.3758,-0.0000
100.0228,4400.3830,-58.3758,-0.0000
100.0545,4398.5370,-58.3758,-0.0000
100.0861,4396.6910,-58.3758,-0.0000
100.1177,4394.8450,-58.3758,-0.0000
100.1493,4392.9990,-58.3758,-0.0000
100.1810,4391.1530,-58.3758,-0.0000
100.2126,4389.3070,-58.3758,-0.0000
100.2442,4387.4610,-58.3758,-0.0000
100.2758,4385.6150,-58.3758,-0.0000
100.3074,4383.7689,-58.3758,-0.0000
100.3391,4381.9229,-58.3758,-0.0000
100.3707,4380.0769,-58.3758,-0.0000
100.4023,4378.2309,-58.3758,-0.0000
100.4339,4376.3849,-58.3758,-0.0000
100.4656,4374.5389,-58.3758,-0.0000
100.4972,4372.6929,-58.3758,-0.0000
100.5288,4370.8469,-58.3758,-0.0000
100.5604,4369.0009,-58.3758,-0.0000
100.5921,4367.1549,-58.3758,-0.0000
100.6237,4365.3089,-58.3758,-0.0000
100.6553,4363.4629,-58.3758,-0.0000
100.6869,4361.6169,-58.3758,-0.0000
100.7185,4359.7709,-58.3758,-0.0000
100.7502,4357.9249,-58.3758,-0.0000
100.7818,4356.0789,-58.3758,-0.0000
100.8134,4354.2329,-58.3758,-0.0000
100.8450,4352.3869,-58.3758,-0.0000
100.8767,4350.5409,-58.3758,-0.0000
100.9083,4348.6949,-58.3758,-0.0000
100.9399,4346.8489,-58.3758,-0.0000
100.9715,4345.0029,-58.3758,-0.0000
101.0031,4343.1569,-58.3758,-0.0000
101.0348,4341.3109,-58.3758,-0.0000
101.0664,4339.4649,-58.3758,-0.0000
101.0980,4337.6189,-58.3758,-0.0000
101.1296,4335.7729,-58.3758,-0.0000
101.1613,4333.9269,-58.3758,-0.0000
101.1929,4332.0809,-58.3758,-0.0000
101.2245,4330.2348,-58.3758,-0.0000
101.2561,4328.3888,-58.3758,-0.0000
101.2878,4326.5428,-58.3758,-0.0000
101.3194,4324.6968,-58.3758,-0.0000
101.3510,4322.8508,-58.3758,-0.0000
101.3826,4321.0048,-58.3758,-0.0000
101.4142,4319.1588,-58.3758,-0.0000
101.4459,4317.3128,-58.3758,-0.0000
101.4775,4315.4668,-58.3758,-0.0000
101.5091,4313.6208,-58.3758,-0.0000
101.5407,4311.7748,-58.3758,-0.0000
101.5724,4309.9288,-58.3758,-0.0000
101.6040,4308.0828,-58.3758,-0.0000
101.6356,4306.2368,-58.3758,-0.0000
101.6672,4304.3908,-58.3758,-0.0000
101.6988,4302.5448,-58.3758,-0.0000
101.7305,4300.6988,-58.3758,-0.0000
101.7621,4298.8528,-58.3758,-0.0000
101.7937,4297.0068,-58.3758,-0.0000
101.8253,4295.1608,-58.3758,-0.0000
101.8570,4293.3148,-58.3758,-0.0000
101.8886,4291.4688,-58.3758,-0.0000
101.9202,4289.6228,-58.3758,-0.0000
101.9518,4287.7768,-58.3758,-0.0000
101.9835,4285.9308,-58.3758,-0.0000
102.0151,4284.0848,-58.3758,-0.0000
102.0467,4282.2388,-58.3758,-0.0000
102.0783,4280.3928,-58.3758,-0.0000
102.1099,4278.5467,-58.3758,-0.0000
102.1416,4276.7007,-58.3758,-0.0000
102.1732,4274.8547,-58.3758,-0.0000
102.2048,4273.0087,-58.3758,-0.0000
102.2364,4271.1627,-58.3758,-0.0000
102.2681,4269.3167,-58.3758,-0.0000
102.2997,4267.4707,-58.3758,-0.0000
102.3313,4265.6247,-58.3758,-0.0000
102.3629,4263.7787,-58.3758,-0.0000
102.3946,4261.9327,-58.3758,-0.0000
102.4262,4260.0867,-58.3758,-0.0000
102.4578,4258.2407,-58.3758,-0.0000
102.4894,4256.3947,-58.3758,-0.0000
102.5210,4254.5487,-58.3758,-0.0000
102.5527,4252.7027,-58.3758,-0.0000
102.5843,4250.8567,-58.3758,-0.0000
102.6159,4249.0107,-58.3758,-0.0000
102.6475,4247.1647,-58.3758,-0.0000
102.6792,4245.3187,-58.3758,-0.0000
102.7108,4243.4727,-58.3758,-0.0000
102.7424,4241.6267,-58.3758,-0.0000
102.7740,4239.7807,-58.3758,-0.0000
102.8056,4237.9347,-58.3758,-0.0000
102.8373,4236.0887,-58.3758,-0.0000
102.8689,4234.2427,-58.3758,-0.0000
102.9005,4232.3967,-58.3758,-0.0000
102.9321,4230.5507,-58.3758,-0.0000
102.9638,4228.7047,-58.3758,-0.0000
102.9954,4226.8586,-58.3758,-0.0000
103.0270,4225.0126,-58.3758,-0.0000
103.0586,4223.1666,-58.3758,-0.0000
103.0903,4221.3206,-58.3758,-0.0000
103.1219,4219.4746,-58.3758,-0.0000
103.1535,4217.6286,-58.3758,-0.0000
103.1851,4215.7826,-58.3758,-0.0000
103.2167,4213.9366,-58.3758,-0.0000
103.2484,4212.0906,-58.3758,-0.0000
103.2800,4210.2446,-58.3758,-0.0000
103.3116,4208.3986,-58.3758,-0.0000
103.3432,4206.5526,-58.3758,-0.0000
103.3749,4204.7066,-58.3758,-0.0000
103.4065,4202.8606,-58.3758,-0.0000
103.4381,4201.0146,-58.3758,-0.0000
103.4697,4199.1686,-58.3758,-0.0000
103.5013,4197.3226,-58.3758,-0.0000
103.5330,4195.4766,-58.3758,-0.0000
103.5646,4193.6306,-58.3758,-0.0000
103.5962,4191.7846,-58.3758,-0.0000
103.6278,4189.9386,-58.3758,-0.0000
103.6595,4188.0926,-58.3758,-0.0000
103.6911,4186.2466,-58.3758,-0.0000
103.7227,4184.4006,-58.3758,-0.0000
103.7543,4182.5546,-58.3758,-0.0000
103.7860,4180.7086,-58.3758,-0.0000
103.8176,4178.8626,-58.3758,-0.0000
103.8492,4177.0166,-58.3758,-0.0000
103.8808,4175.1705,-58.3758,-0.0000
103.9124,4173.3245,-58.3758,-0.0000
103.9441,4171.4785,-58.3758,-0.0000
103.9757,4169.6325,-58.3758,-0.0000
104.0073,4167.7865,-58.3758,-0.0000
104.0389,4165.9405,-58.3758,-0.0000
104.0706,4164.0945,-58.3758,-0.0000
104.1022,4162.2485,-58.3758,-0.0000
104.1338,4160.4025,-58.3758,-0.0000
104.1654,4158.5565,-58.3758,-0.0000
104.1970,4156.7105,-58.3758,-0.0000
104.2287,4154.8645,-58.3758,-0.0000
104.2603,4153.0185,-58.3758,-0.0000
104.2919,4151.1725,-58.3758,-0.0000
104.3235,4149.3265,-58.3758,-0.0000
104.3552,4147.4805,-58.3758,-0.0000
104.3868,4145.6345,-58.3758,-0.0000
104.4184,4143.7885,-58.3758,-0.0000
104.4500,4141.9425,-58.3758,-0.0000
104.4817,4140.0965,-58.3758,-0.0000
104.5133,4138.2505,-58.3758,-0.0000
104.5449,4136.4045,-58.3758,-0.0000
104.5765,4134.5585,-58.3758,-0.0000
104.6081,4132.7125,-58.3758,-0.0000
104.6398,4130.8665,-58.3758,-0.0000
104.6714,4129.0205,-58.3758,-0.0000
104.7030,4127.1745,-58.3758,-0.0000
104.7346,4125.3285,-58.3758,-0.0000
104.7663,4123.4825,-58.3758,-0.0000
104.7979,4121.6364,-58.3758,-0.0000
104.8295,4119.7904,-58.3758,-0.0000
104.8611,4117.9444,-58.3758,-0.0000
104.8927,4116.0984,-58.3758,-0.0000
104.9244,4114.2524,-58.3758,-0.0000
104.9560,4112.4064,-58.3758,-0.0000
104.9876,4110.5604,-58.3758,-0.0000
105.0192,4108.7144,-58.3758,-0.0000
105.0509,4106.8684,-58.3758,-0.0000
105.0825,4105.0224,-58.3758,-0.0000
105.1141,4103.1764,-58.3758,-0.0000
105.1457,4101.3304,-58.3758,-0.0000
105.1774,4099.4844,-58.3758,-0.0000
105.2090,4097.6384,-58.3758,-0.0000
105.2406,4095.7924,-58.3758,-0.0000
105.2722,4093.9464,-58.3758,-0.0000
105.3038,4092.1004,-58.3758,-0.0000
105.3355,4090.2544,-58.3758,-0.0000
105.3671,4088.4084,-58.3758,-0.0000
105.3987,4086.5624,-58.3758,-0.0000
105.4303,4084.7164,-58.3758,-0.0000
105.4620,4082.8704,-58.3758,-0.0000
105.4936,4081.0244,-58.3758,-0.0000
105.5252,4079.1784,-58.3758,-0.0000
105.5568,4077.3324,-58.3758,-0.0000
105.5885,4075.4864,-58.3758,-0.0000
105.6201,4073.6404,-58.3758,-0.0000
105.6517,4071.7944,-58.3758,-0.0000
105.6833,4069.9483,-58.3758,-0.0000
105.7149,4068.1023,-58.3758,-0.0000
105.7466,4066.2563,-58.3758,-0.0000
105.7782,4064.4103,-58.3758,-0.0000
105.8098,4062.5643,-58.3758,-0.0000
105.8414,4060.7183,-58.3758,-0.0000
105.8731,4058.8723,-58.3758,-0.0000
105.9047,4057.0263,-58.3758,-0.0000
105.9363,4055.1803,-58.3758,-0.0000
105.9679,4053.3343,-58.3758,-0.0000
105.9995,4051.4883,-58.3758,-0.0000
106.0312,4049.6423,-58.3758,-0.0000
106.0628,4047.7963,-58.3758,-0.0000
106.0944,4045.9503,-58.3758,-0.0000
106.1260,4044.1043,-58.3758,-0.0000
106.1577,4042.2583,-58.3758,-0.0000
106.1893,4040.4123,-58.3758,-0.0000
106.2209,4038.5663,-58.3758,-0.0000
106.2525,4036.7203,-58.3758,-0.0000
106.2842,4034.8743,-58.3758,-0.0000
106.3158,4033.0283,-58.3758,-0.0000
106.3474,4031.1823,-58.3758,-0.0000
106.3790,4029.3363,-58.3758,-0.0000
106.4106,4027.4903,-58.3758,-0.0000
106.4423,4025.6443,-58.3758,-0.0000
106.4739,4023.7983,-58.3758,-0.0000
106.5055,4021.9523,-58.3758,-0.0000
106.5371,4020.1063,-58.3758,-0.0000
106.5688,4018.2602,-58.3758,-0.0000
106.6004,4016.4142,-58.3758,-0.0000
106.6320,4014.5682,-58.3758,-0.0000
106.6636,4012.7222,-58.3758,-0.0000
106.6952,4010.8762,-58.3758,-0.0000
106.7269,4009.0302,-58.3758,-0.0000
106.7585,4007.1842,-58.3758,-0.0000
106.7901,4005.3382,-58.3758,-0.0000
106.8217,4003.4922,-58.3758,-0.0000
106.8534,4001.6462,-58.3758,-0.0000
106.8850,3999.8002,-58.3758,-0.0000
106.9166,3997.9542,-58.3758,-0.0000
106.9482,3996.1082,-58.3758,-0.0000
106.9799,3994.2622,-58.3758,-0.0000
107.0115,3992.4162,-58.3758,-0.0000
107.0431,3990.5702,-58.3758,-0.0000
107.0747,3988.7242,-58.3758,-0.0000
107.1063,3986.8782,-58.3758,-0.0000
107.1380,3985.0322,-58.3758,-0.0000
107.1696,3983.1862,-58.3758,-0.0000
107.2012,3981.3402,-58.3758,-0.0000
107.2328,3979.4942,-58.3758,-0.0000
107.2645,3977.6482,-58.3758,-0.0000
107.2961,3975.8022,-58.3758,-0.0000
107.3277,3973.9562,-58.3758,-0.0000
107.3593,3972.1102,-58.3758,-0.0000
107.3909,3970.2642,-58.3758,-0.0000
107.4226,3968.4182,-58.3758,-0.0000
107.4542,3966.5722,-58.3758,-0.0000
107.4858,3964.7261,-58.3758,-0.0000
107.5174,3962.8801,-58.3758,-0.0000
107.5491,3961.0341,-58.3758,-0.0000
107.5807,3959.1881,-58.3758,-0.0000
107.6123,3957.3421,-58.3758,-0.0000
107.6439,3955.4961,-58.3758,-0.0000
107.6756,3953.6501,-58.3758,-0.0000
107.7072,3951.8041,-58.3758,-0.0000
107.7388,3949.9581,-58.3758,-0.0000
107.7704,3948.1121,-58.3758,-0.0000
107.8020,3946.2661,-58.3758,-0.0000
107.8337,3944.4201,-58.3758,-0.0000
107.8653,3942.5741,-58.3758,-0.0000
107.8969,3940.7281,-58.3758,-0.0000
107.9285,3938.8821,-58.3758,-0.0000
107.9602,3937.0361,-58.3758,-0.0000
107.9918,3935.1901,-58.3758,-0.0000
108.0234,3933.3441,-58.3758,-0.0000
108.0550,3931.4981,-58.3758,-0.0000
108.0867,3929.6521,-58.3758,-0.0000
108.1183,3927.8061,-58.3758,-0.0000
108.1499,3925.9601,-58.3758,-0.0000
108.1815,3924.1141,-58.3758,-0.0000
108.2131,3922.2681,-58.3758,-0.0000
108.2448,3920.4221,-58.3758,-0.0000
108.2764,3918.5761,-58.3758,-0.0000
108.3080,3916.7301,-58.3758,-0.0000
108.3396,3914.8841,-58.3758,-0.0000
108.3713,3913.0380,-58.3758,-0.0000
108.4029,3911.1920,-58.3758,-0.0000
108.4345,3909.3460,-58.3758,-0.0000
108.4661,3907.5000,-58.3758,-0.0000
108.4977,3905.6540,-58.3758,-0.0000
108.5294,3903.8080,-58.3758,-0.0000
108.5610,3901.9620,-58.3758,-0.0000
108.5926,3900.1160,-58.3758,-0.0000
108.6242,3898.2700,-58.3758,-0.0000
108.6559,3896.4240,-58.3758,-0.0000
108.6875,3894.5780,-58.3758,-0.0000
108.7191,3892.7320,-58.3758,-0.0000
108.7507,3890.8860,-58.3758,-0.0000
108.7824,3889.0400,-58.3758,-0.0000
108.8140,3887.1940,-58.3758,-0.0000
108.8456,3885.3480,-58.3758,-0.0000
108.8772,3883.5020,-58.3758,-0.0000
108.9088,3881.6560,-58.3758,-0.0000
108.9405,3879.8100,-58.3758,-0.0000
108.9721,3877.9640,-58.3758,-0.0000
109.0037,3876.1180,-58.3758,-0.0000
109.0353,3874.2720,-58.3758,-0.0000
109.0670,3872.4260,-58.3758,-0.0000
109.0986,3870.5800,-58.3758,-0.0000
109.1302,3868.7340,-58.3758,-0.0000
109.1618,3866.8880,-58.3758,-0.0000
109.1934,3865.0420,-58.3758,-0.0000
109.2251,3863.1960,-58.3758,-0.0000
109.2567,3861.3499,-58.3758,-0.0000
109.2883,3859.5039,-58.3758,-0.0000
109.3199,3857.6579,-58.3758,-0.0000
109.3516,3855.8119,-58.3758,-0.0000
109.3832,3853.9659,-58.3758,-0.0000
109.4148,3852.1199,-58.3758,-0.0000
109.4464,3850.2739,-58.3758,-0.0000
109.4781,3848.4279,-58.3758,-0.0000
109.5097,3846.5819,-58.3758,-0.0000
109.5413,3844.7359,-58.3758,-0.0000
109.5729,3842.8899,-58.3758,-0.0000
109.6045,3841.0439,-58.3758,-0.0000
109.6362,3839.1979,-58.3758,-0.0000
109.6678,3837.3519,-58.3758,-0.0000
109.6994,3835.5059,-58.3758,-0.0000
109.7310,3833.6599,-58.3758,-0.0000
109.7627,3831.8139,-58.3758,-0.0000
109.7943,3829.9679,-58.3758,-0.0000
109.8259,3828.1219,-58.3758,-0.0000
109.8575,3826.2759,-58.3758,-0.0000
109.8891,3824.4299,-58.3758,-0.0000
109.9208,3822.5839,-58.3758,-0.0000
109.9524,3820.7379,-58.3758,-0.0000
109.9840,3818.8919,-58.3758,-0.0000
110.0156,3817.0459,-58.3758,-0.0000
110.0473,3815.1999,-58.3758,-0.0000
110.0789,3813.3539,-58.3758,-0.0000
110.1105,3811.5079,-58.3758,-0.0000
110.1421,3809.6619,-58.3758,-0.0000
110.1738,3807.8158,-58.3758,-0.0000
110.2054,3805.9698,-58.3758,-0.0000
110.2370,3804.1238,-58.3758,-0.0000
110.2686,3802.2778,-58.3758,-0.0000
110.3002,3800.4318,-58.3758,-0.0000
110.3319,3798.5858,-58.3758,-0.0000
110.3635,3796.7398,-58.3758,-0.0000
110.3951,3794.8938,-58.3758,-0.0000
110.4267,3793.0478,-58.3758,-0.0000
110.4584,3791.2018,-58.3758,-0.0000
110.4900,3789.3558,-58.3758,-0.0000
110.5216,3787.5098,-58.3758,-0.0000
110.5532,3785.6638,-58.3758,-0.0000
110.5848,3783.8178,-58.3758,-0.0000
110.6165,3781.9718,-58.3758,-0.0000
110.6481,3780.1258,-58.3758,-0.0000
110.6797,3778.2798,-58.3758,-0.0000
110.7113,3776.4338,-58.3758,-0.0000
110.7430,3774.5878,-58.3758,-0.0000
110.7746,3772.7418,-58.3758,-0.0000
110.8062,3770.8958,-58.3758,-0.0000
110.8378,3769.0498,-58.3758,-0.0000
110.8695,3767.2038,-58.3758,-0.0000
110.9011,3765.3578,-58.3758,-0.0000
110.9327,3763.5118,-58.3758,-0.0000
110.9643,3761.6658,-58.3758,-0.0000
110.9959,3759.8198,-58.3758,-0.0000
111.0276,3757.9738,-58.3758,-0.0000
111.0592,3756.1277,-58.3758,-0.0000
111.0908,3754.2817,-58.3758,-0.0000
111.1224,3752.4357,-58.3758,-0.0000
111.1541,3750.5897,-58.3758,-0.0000
111.1857,3748.7437,-58.3758,-0.0000
111.2173,3746.8977,-58.3758,-0.0000
111.2489,3745.0517,-58.3758,-0.0000
111.2806,3743.2057,-58.3758,-0.0000
111.3122,3741.3597,-58.3758,-0.0000
111.3438,3739.5137,-58.3758,-0.0000
111.3754,3737.6677,-58.3758,-0.0000
111.4070,3735.8217,-58.3758,-0.0000
111.4387,3733.9757,-58.3758,-0.0000
111.4703,3732.1297,-58.3758,-0.0000
111.5019,3730.2837,-58.3758,-0.0000
111.5335,3728.4377,-58.3758,-0.0000
111.5652,3726.5917,-58.3758,-0.0000
111.5968,3724.7457,-58.3758,-0.0000
111.6284,3722.8997,-58.3758,-0.0000
111.6600,3721.0537,-58.3758,-0.0000
111.6916,3719.2077,-58.3758,-0.0000
111.7233,3717.3617,-58.3758,-0.0000
111.7549,3715.5157,-58.3758,-0.0000
111.7865,3713.6697,-58.3758,-0.0000
111.8181,3711.8237,-58.3758,-0.0000
111.8498,3709.9777,-58.3758,-0.0000
111.8814,3708.1317,-58.3758,-0.0000
111.9130,3706.2857,-58.3758,-0.0000
111.9446,3704.4396,-58.3758,-0.0000
111.9763,3702.5936,-58.3758,-0.0000
112.0079,3700.7476,-58.3758,-0.0000
112.0395,3698.9016,-58.3758,-0.0000
112.0711,3697.0556,-58.3758,-0.0000
112.1027,3695.2096,-58.3758,-0.0000
112.1344,3693.3636,-58.3758,-0.0000
112.1660,3691.5176,-58.3758,-0.0000
112.1976,3689.6716,-58.3758,-0.0000
112.2292,3687.8256,-58.3758,-0.0000
112.2609,3685.9796,-58.3758,-0.0000
112.2925,3684.1336,-58.3758,-0.0000
112.3241,3682.2876,-58.3758,-0.0000
112.3557,3680.4416,-58.3758,-0.0000
112.3873,3678.5956,-58.3758,-0.0000
112.4190,3676.7496,-58.3758,-0.0000
112.4506,3674.9036,-58.3758,-0.0000
112.4822,3673.0576,-58.3758,-0.0000
112.5138,3671.2116,-58.3758,-0.0000
112.5455,3669.3656,-58.3758,-0.0000
112.5771,3667.5196,-58.3758,-0.0000
112.6087,3665.6736,-58.3758,-0.0000
112.6403,3663.8276,-58.3758,-0.0000
112.6720,3661.9816,-58.3758,-0.0000
112.7036,3660.1356,-58.3758,-0.0000
112.7352,3658.2896,-58.3758,-0.0000
112.7668,3656.4436,-58.3758,-0.0000
112.7984,3654.5976,-58.3758,-0.0000
112.8301,3652.7515,-58.3758,-0.0000
112.8617,3650.9055,-58.3758,-0.0000
112.8933,3649.0595,-58.3758,-0.0000
112.9249,3647.2135,-58.3758,-0.0000
112.9566,3645.3675,-58.3758,-0.0000
112.9882,3643.5215,-58.3758,-0.0000
113.0198,3641.6755,-58.3758,-0.0000
113.0514,3639.8295,-58.3758,-0.0000
113.0830,3637.9835,-58.3758,-0.0000
113.1147,3636.1375,-58.3758,-0.0000
113.1463,3634.2915,-58.3758,-0.0000
113.1779,3632.4455,-58.3758,-0.0000
113.2095,3630.5995,-58.3758,-0.0000
113.2412,3628.7535,-58.3758,-0.0000
113.2728,3626.9075,-58.3758,-0.0000
113.3044,3625.0615,-58.3758,-0.0000
113.3360,3623.2155,-58.3758,-0.0000
113.3677,3621.3695,-58.3758,-0.0000
113.3993,3619.5235,-58.3758,-0.0000
113.4309,3617.6775,-58.3758,-0.0000
113.4625,3615.8315,-58.3758,-0.0000
113.4941,3613.9855,-58.3758,-0.0000
113.5258,3612.1395,-58.3758,-0.0000
113.5574,3610.2935,-58.3758,-0.0000
113.5890,3608.4475,-58.3758,-0.0000
113.6206,3606.6015,-58.3758,-0.0000
113.6523,3604.7555,-58.3758,-0.0000
113.6839,3602.9095,-58.3758,-0.0000
113.7155,3601.0635,-58.3758,-0.0000
113.7471,3599.2174,-58.3758,-0.0000
113.7788,3597.3714,-58.3758,-0.0000
113.8104,3595.5254,-58.3758,-0.0000
113.8420,3593.6794,-58.3758,-0.0000
113.8736,3591.8334,-58.3758,-0.0000
113.9052,3589.9874,-58.3758,-0.0000
113.9369,3588.1414,-58.3758,-0.0000
113.9685,3586.2954,-58.3758,-0.0000
114.0001,3584.4494,-58.3758,-0.0000
114.0317,3582.6034,-58.3758,-0.0000
114.0634,3580.7574,-58.3758,-0.0000
114.0950,3578.9114,-58.3758,-0.0000
114.1266,3577.0654,-58.3758,-0.0000
114.1582,3575.2194,-58.3758,-0.0000
114.1898,3573.3734,-58.3758,-0.0000
114.2215,3571.5274,-58.3758,-0.0000
114.2531,3569.6814,-58.3758,-0.0000
114.2847,3567.8354,-58.3758,-0.0000
114.3163,3565.9894,-58.3758,-0.0000
114.3480,3564.1434,-58.3758,-0.0000
114.3796,3562.2974,-58.3758,-0.0000
114.4112,3560.4514,-58.3758,-0.0000
114.4428,3558.6054,-58.3758,-0.0000
114.4745,3556.7594,-58.3758,-0.0000
114.5061,3554.9134,-58.3758,-0.0000
114.5377,3553.0674,-58.3758,-0.0000
114.5693,3551.2214,-58.3758,-0.0000
114.6009,3549.3754,-58.3758,-0.0000
114.6326,3547.5293,-58.3758,-0.0000
114.6642,3545.6833,-58.3758,-0.0000
114.6958,3543.8373,-58.3758,-0.0000
114.7274,3541.9913,-58.3758,-0.0000
114.7591,3540.1453,-58.3758,-0.0000
114.7907,3538.2993,-58.3758,-0.0000
114.8223,3536.4533,-58.3758,-0.0000
114.8539,3534.6073,-58.3758,-0.0000
114.8855,3532.7613,-58.3758,-0.0000
114.9172,3530.9153,-58.3758,-0.0000
114.9488,3529.0693,-58.3758,-0.0000
114.9804,3527.2233,-58.3758,-0.0000
115.0120,3525.3773,-58.3758,-0.0000
115.0437,3523.5313,-58.3758,-0.0000
115.0753,3521.6853,-58.3758,-0.0000
115.1069,3519.8393,-58.3758,-0.0000
115.1385,3517.9933,-58.3758,-0.0000
115.1702,3516.1473,-58.3758,-0.0000
115.2018,3514.3013,-58.3758,-0.0000
115.2334,3512.4553,-58.3758,-0.0000
115.2650,3510.6093,-58.3758,-0.0000
115.2966,3508.7633,-58.3758,-0.0000
115.3283,3506.9173,-58.3758,-0.0000
115.3599,3505.0713,-58.3758,-0.0000
115.3915,3503.2253,-58.3758,-0.0000
115.4231,3501.3793,-58.3758,-0.0000
115.4548,3499.5333,-58.3758,-0.0000
115.4864,3497.6873,-58.3758,-0.0000
115.5180,3495.8412,-58.3758,-0.0000
115.5496,3493.9952,-58.3758,-0.0000
115.5812,3492.1492,-58.3758,-0.0000
115.6129,3490.3032,-58.3758,-0.0000
115.6445,3488.4572,-58.3758,-0.0000
115.6761,3486.6112,-58.3758,-0.0000
115.7077,3484.7652,-58.3758,-0.0000
115.7394,3482.9192,-58.3758,-0.0000
115.7710,3481.0732,-58.3758,-0.0000
115.8026,3479.2272,-58.3758,-0.0000
115.8342,3477.3812,-58.3758,-0.0000
115.8659,3475.5352,-58.3758,-0.0000
115.8975,3473.6892,-58.3758,-0.0000
115.9291,3471.8432,-58.3758,-0.0000
115.9607,3469.9972,-58.3758,-0.0000
115.9923,3468.1512,-58.3758,-0.0000
116.0240,3466.3052,-58.3758,-0.0000
116.0556,3464.4592,-58.3758,-0.0000
116.0872,3462.6132,-58.3758,-0.0000
116.1188,3460.7672,-58.3758,-0.0000
116.1505,3458.9212,-58.3758,-0.0000
116.1821,3457.0752,-58.3758,-0.0000
116.2137,3455.2292,-58.3758,-0.0000
116.2453,3453.3832,-58.3758,-0.0000
116.2769,3451.5372,-58.3758,-0.0000
116.3086,3449.6912,-58.3758,-0.0000
116.3402,3447.8452,-58.3758,-0.0000
116.3718,3445.9992,-58.3758,-0.0000
116.4034,3444.1532,-58.3758,-0.0000
116.4351,3442.3071,-58.3758,-0.0000
116.4667,3440.4611,-58.3758,-0.0000
116.4983,3438.6151,-58.3758,-0.0000
116.5299,3436.7691,-58.3758,-0.0000
116.5616,3434.9231,-58.3758,-0.0000
116.5932,3433.0771,-58.3758,-0.0000
116.6248,3431.2311,-58.3758,-0.0000
116.6564,3429.3851,-58.3758,-0.0000
116.6880,3427.5391,-58.3758,-0.0000
116.7197,3425.6931,-58.3758,-0.0000
116.7513,3423.8471,-58.3758,-0.0000
116.7829,3422.0011,-58.3758,-0.0000
116.8145,3420.1551,-58.3758,-0.0000
116.8462,3418.3091,-58.3758,-0.0000
116.8778,3416.4631,-58.3758,-0.0000
116.9094,3414.6171,-58.3758,-0.0000
116.9410,3412.7711,-58.3758,-0.0000
116.9727,3410.9251,-58.3758,-0.0000
117.0043,3409.0791,-58.3758,-0.0000
117.0359,3407.2331,-58.3758,-0.0000
117.0675,3405.3871,-58.3758,-0.0000
117.0991,3403.5411,-58.3758,-0.0000
117.1308,3401.6951,-58.3758,-0.0000
117.1624,3399.8491,-58.3758,-0.0000
117.1940,3398.0031,-58.3758,-0.0000
117.2256,3396.1571,-58.3758,-0.0000
117.2573,3394.3111,-58.3758,-0.0000
117.2889,3392.4651,-58.3758,-0.0000
117.3205,3390.6190,-58.3758,-0.0000
117.3521,3388.7730,-58.3758,-0.0000
117.3837,3386.9270,-58.3758,-0.0000
117.4154,3385.0810,-58.3758,-0.0000
117.4470,3383.2350,-58.3758,-0.0000
117.4786,3381.3890,-58.3758,-0.0000
117.5102,3379.5430,-58.3758,-0.0000
117.5419,3377.6970,-58.3758,-0.0000
117.5735,3375.8510,-58.3758,-0.0000
117.6051,3374.0050,-58.3758,-0.0000
117.6367,3372.1590,-58.3758,-0.0000
117.6684,3370.3130,-58.3758,-0.0000
117.7000,3368.4670,-58.3758,-0.0000
117.7316,3366.6210,-58.3758,-0.0000
117.7632,3364.7750,-58.3758,-0.0000
117.7948,3362.9290,-58.3758,-0.0000
117.8265,3361.0830,-58.3758,-0.0000
117.8581,3359.2370,-58.3758,-0.0000
117.8897,3357.3910,-58.3758,-0.0000
117.9213,3355.5450,-58.3758,-0.0000
117.9530,3353.6990,-58.3758,-0.0000
117.9846,3351.8530,-58.3758,-0.0000
118.0162,3350.0070,-58.3758,-0.0000
118.0478,3348.1610,-58.3758,-0.0000
118.0794,3346.3150,-58.3758,-0.0000
118.1111,3344.4690,-58.3758,-0.0000
118.1427,3342.6230,-58.3758,-0.0000
118.1743,3340.7770,-58.3758,-0.0000
118.2059,3338.9309,-58.3758,-0.0000
118.2376,3337.0849,-58.3758,-0.0000
118.2692,3335.2389,-58.3758,-0.0000
118.3008,3333.3929,-58.3758,-0.0000
118.3324,3331.5469,-58.3758,-0.0000
118.3641,3329.7009,-58.3758,-0.0000
118.3957,3327.8549,-58.3758,-0.0000
118.4273,3326.0089,-58.3758,-0.0000
118.4589,3324.1629,-58.3758,-0.0000
118.4905,3322.3169,-58.3758,-0.0000
118.5222,3320.4709,-58.3758,-0.0000
118.5538,3318.6249,-58.3758,-0.0000
118.5854,3316.7789,-58.3758,-0.0000
118.6170,3314.9329,-58.3758,-0.0000
118.6487,3313.0869,-58.3758,-0.0000
118.6803,3311.2409,-58.3758,-0.0000
118.7119,3309.3949,-58.3758,-0.0000
118.7435,3307.5489,-58.3758,-0.0000
118.7751,3305.7029,-58.3758,-0.0000
118.8068,3303.8569,-58.3758,-0.0000
118.8384,3302.0109,-58.3758,-0.0000
118.8700,3300.1649,-58.3758,-0.0000
118.9016,3298.3189,-58.3758,-0.0000
118.9333,3296.4729,-58.3758,-0.0000
118.9649,3294.6269,-58.3758,-0.0000
118.9965,3292.7809,-58.3758,-0.0000
119.0281,3290.9349,-58.3758,-0.0000
119.0598,3289.0889,-58.3758,-0.0000
119.0914,3287.2428,-58.3758,-0.0000
119.1230,3285.3968,-58.3758,-0.0000
119.1546,3283.5508,-58.3758,-0.0000
119.1862,3281.7048,-58.3758,-0.0000
119.2179,3279.8588,-58.3758,-0.0000
119.2495,3278.0128,-58.3758,-0.0000
119.2811,3276.1668,-58.3758,-0.0000
119.3127,3274.3208,-58.3758,-0.0000
119.3444,3272.4748,-58.3758,-0.0000
119.3760,3270.6288,-58.3758,-0.0000
119.4076,3268.7828,-58.3758,-0.0000
119.4392,3266.9368,-58.3758,-0.0000
119.4709,3265.0908,-58.3758,-0.0000
119.5025,3263.2448,-58.3758,-0.0000
119.5341,3261.3988,-58.3758,-0.0000
119.5657,3259.5528,-58.3758,-0.0000
119.5973,3257.7068,-58.3758,-0.0000
119.6290,3255.8608,-58.3758,-0.0000
119.6606,3254.0148,-58.3758,-0.0000
119.6922,3252.1688,-58.3758,-0.0000
119.7238,3250.3228,-58.3758,-0.0000
119.7555,3248.4768,-58.3758,-0.0000
119.7871,3246.6308,-58.3758,-0.0000
119.8187,3244.7848,-58.3758,-0.0000
119.8503,3242.9388,-58.3758,-0.0000
119.8819,3241.0928,-58.3758,-0.0000
119.9136,3239.2468,-58.3758,-0.0000
119.9452,3237.4008,-58.3758,-0.0000
119.9768,3235.5548,-58.3758,-0.0000
120.0084,3233.7087,-58.3758,-0.0000
120.0401,3231.8627,-58.3758,-0.0000
120.0717,3230.0167,-58.3758,-0.0000
120.1033,3228.1707,-58.3758,-0.0000
120.1349,3226.3247,-58.3758,-0.0000
120.1666,3224.4787,-58.3758,-0.0000
120.1982,3222.6327,-58.3758,-0.0000
120.2298,3220.7867,-58.3758,-0.0000
120.2614,3218.9407,-58.3758,-0.0000
120.2930,3217.0947,-58.3758,-0.0000
120.3247,3215.2487,-58.3758,-0.0000
120.3563,3213.4027,-58.3758,-0.0000
120.3879,3211.5567,-58.3758,-0.0000
120.4195,3209.7107,-58.3758,-0.0000
120.4512,3207.8647,-58.3758,-0.0000
120.4828,3206.0187,-58.3758,-0.0000
120.5144,3204.1727,-58.3758,-0.0000
120.5460,3202.3267,-58.3758,-0.0000
120.5776,3200.4807,-58.3758,-0.0000
120.6093,3198.6347,-58.3758,-0.0000
120.6409,3196.7887,-58.3758,-0.0000
120.6725,3194.9427,-58.3758,-0.0000
120.7041,3193.0967,-58.3758,-0.0000
120.7358,3191.2507,-58.3758,-0.0000
120.7674,3189.4047,-58.3758,-0.0000
120.7990,3187.5587,-58.3758,-0.0000
120.8306,3185.7127,-58.3758,-0.0000
120.8623,3183.8667,-58.3758,-0.0000
120.8939,3182.0206,-58.3758,-0.0000
120.9255,3180.1746,-58.3758,-0.0000
120.9571,3178.3286,-58.3758,-0.0000
120.9887,3176.4826,-58.3758,-0.0000
121.0204,3174.6366,-58.3758,-0.0000
121.0520,3172.7906,-58.3758,-0.0000
121.0836,3170.9446,-58.3758,-0.0000
121.1152,3169.0986,-58.3758,-0.0000
121.1469,3167.2526,-58.3758,-0.0000
121.1785,3165.4066,-58.3758,-0.0000
121.2101,3163.5606,-58.3758,-0.0000
121.2417,3161.7146,-58.3758,-0.0000
121.2733,3159.8686,-58.3758,-0.0000
121.3050,3158.0226,-58.3758,-0.0000
121.3366,3156.1766,-58.3758,-0.0000
121.3682,3154.3306,-58.3758,-0.0000
121.3998,3152.4846,-58.3758,-0.0000
121.4315,3150.6386,-58.3758,-0.0000
121.4631,3148.7926,-58.3758,-0.0000
121.4947,3146.9466,-58.3758,-0.0000
121.5263,3145.1006,-58.3758,-0.0000
121.5580,3143.2546,-58.3758,-0.0000
121.5896,3141.4086,-58.3758,-0.0000
121.6212,3139.5626,-58.3758,-0.0000
121.6528,3137.7166,-58.3758,-0.0000
121.6844,3135.8706,-58.3758,-0.0000
121.7161,3134.0246,-58.3758,-0.0000
121.7477,3132.1786,-58.3758,-0.0000
121.7793,3130.3325,-58.3758,-0.0000
121.8109,3128.4865,-58.3758,-0.0000
121.8426,3126.6405,-58.3758,-0.0000
121.8742,3124.7945,-58.3758,-0.0000
121.9058,3122.9485,-58.3758,-0.0000
121.9374,3121.1025,-58.3758,-0.0000
121.9690,3119.2565,-58.3758,-0.0000
122.0007,3117.4105,-58.3758,-0.0000
122.0323,3115.5645,-58.3758,-0.0000
122.0639,3113.7185,-58.3758,-0.0000
122.0955,3111.8725,-58.3758,-0.0000
122.1272,3110.0265,-58.3758,-0.0000
122.1588,3108.1805,-58.3758,-0.0000
122.1904,3106.3345,-58.3758,-0.0000
122.2220,3104.4885,-58.3758,-0.0000
122.2537,3102.6425,-58.3758,-0.0000
122.2853,3100.7965,-58.3758,-0.0000
122.3169,3098.9505,-58.3758,-0.0000
122.3485,3097.1045,-58.3758,-0.0000
122.3801,3095.2585,-58.3758,-0.0000
122.4118,3093.4125,-58.3758,-0.0000
122.4434,3091.5665,-58.3758,-0.0000
122.4750,3089.7205,-58.3758,-0.0000
122.5066,3087.8745,-58.3758,-0.0000
122.5383,3086.0285,-58.3758,-0.0000
122.5699,3084.1825,-58.3758,-0.0000
122.6015,3082.3365,-58.3758,-0.0000
122.6331,3080.4905,-58.3758,-0.0000
122.6648,3078.6445,-58.3758,-0.0000
122.6964,3076.7984,-58.3758,-0.0000
122.7280,3074.9524,-58.3758,-0.0000
122.7596,3073.1064,-58.3758,-0.0000
122.7912,3071.2604,-58.3758,-0.0000
122.8229,3069.4144,-58.3758,-0.0000
122.8545,3067.5684,-58.3758,-0.0000
122.8861,3065.7224,-58.3758,-0.0000
122.9177,3063.8764,-58.3758,-0.0000
122.9494,3062.0304,-58.3758,-0.0000
122.9810,3060.1844,-58.3758,-0.0000
123.0126,3058.3384,-58.3758,-0.0000
123.0442,3056.4924,-58.3758,-0.0000
123.0758,3054.6464,-58.3758,-0.0000
123.1075,3052.8004,-58.3758,-0.0000
123.1391,3050.9544,-58.3758,-0.0000
123.1707,3049.1084,-58.3758,-0.0000
123.2023,3047.2624,-58.3758,-0.0000
123.2340,3045.4164,-58.3758,-0.0000
123.2656,3043.5704,-58.3758,-0.0000
123.2972,3041.7244,-58.3758,-0.0000
123.3288,3039.8784,-58.3758,-0.0000
123.3605,3038.0324,-58.3758,-0.0000
123.3921,3036.1864,-58.3758,-0.0000
123.4237,3034.3404,-58.3758,-0.0000
123.4553,3032.4944,-58.3758,-0.0000
123.4869,3030.6484,-58.3758,-0.0000
123.5186,3028.8024,-58.3758,-0.0000
123.5502,3026.9564,-58.3758,-0.0000
123.5818,3025.1103,-58.3758,-0.0000
123.6134,3023.2643,-58.3758,-0.0000
123.6451,3021.4183,-58.3758,-0.0000
123.6767,3019.5723,-58.3758,-0.0000
123.7083,3017.7263,-58.3758,-0.0000
123.7399,3015.8803,-58.3758,-0.0000
123.7715,3014.0343,-58.3758,-0.0000
123.8032,3012.1883,-58.3758,-0.0000
123.8348,3010.3423,-58.3758,-0.0000
123.8664,3008.4963,-58.3758,-0.0000
123.8980,3006.6503,-58.3758,-0.0000
123.9297,3004.8043,-58.3758,-0.0000
123.9613,3002.9583,-58.3758,-0.0000
123.9929,3001.1123,-58.3758,-0.0000
124.0245,2999.2663,-58.3758,-0.0000
124.0562,2997.4203,-58.3758,-0.0000
124.0878,2995.5743,-58.3758,-0.0000
124.1194,2993.7283,-58.3758,-0.0000
124.1510,2991.8823,-58.3758,-0.0000
124.1826,2990.0363,-58.3758,-0.0000
124.2143,2988.1903,-58.3758,-0.0000
124.2459,2986.3443,-58.3758,-0.0000
124.2775,2984.4983,-58.3758,-0.0000
124.3091,2982.6523,-58.3758,-0.0000
124.3408,2980.8063,-58.3758,-0.0000
124.3724,2978.9603,-58.3758,-0.0000
124.4040,2977.1143,-58.3758,-0.0000
124.4356,2975.2683,-58.3758,-0.0000
124.4672,2973.4222,-58.3758,-0.0000
124.4989,2971.5762,-58.3758,-0.0000
124.5305,2969.7302,-58.3758,-0.0000
124.5621,2967.8842,-58.3758,-0.0000
124.5937,2966.0382,-58.3758,-0.0000
124.6254,2964.1922,-58.3758,-0.0000
124.6570,2962.3462,-58.3758,-0.0000
124.6886,2960.5002,-58.3758,-0.0000
124.7202,2958.6542,-58.3758,-0.0000
124.7519,2956.8082,-58.3758,-0.0000
124.7835,2954.9622,-58.3758,-0.0000
124.8151,2953.1162,-58.3758,-0.0000
124.8467,2951.2702,-58.3758,-0.0000
124.8783,2949.4242,-58.3758,-0.0000
124.9100,2947.5782,-58.3758,-0.0000
124.9416,2945.7322,-58.3758,-0.0000
124.9732,2943.8862,-58.3758,-0.0000
125.0048,2942.0402,-58.3758,-0.0000
125.0365,2940.1942,-58.3758,-0.0000
125.0681,2938.3482,-58.3758,-0.0000
125.0997,2936.5022,-58.3758,-0.0000
125.1313,2934.6562,-58.3758,-0.0000
125.1629,2932.8102,-58.3758,-0.0000
125.1946,2930.9642,-58.3758,-0.0000
125.2262,2929.1182,-58.3758,-0.0000
125.2578,2927.2722,-58.3758,-0.0000
125.2894,2925.4262,-58.3758,-0.0000
125.3211,2923.5802,-58.3758,-0.0000
125.3527,2921.7342,-58.3758,-0.0000
125.3843,2919.8881,-58.3758,-0.0000
125.4159,2918.0421,-58.3758,-0.0000
125.4476,2916.1961,-58.3758,-0.0000
125.4792,2914.3501,-58.3758,-0.0000
125.5108,2912.5041,-58.3758,-0.0000
125.5424,2910.6581,-58.3758,-0.0000
125.5740,2908.8121,-58.3758,-0.0000
125.6057,2906.9661,-58.3758,-0.0000
125.6373,2905.1201,-58.3758,-0.0000
125.6689,2903.2741,-58.3758,-0.0000
125.7005,2901.4281,-58.3758,-0.0000
125.7322,2899.5821,-58.3758,-0.0000
125.7638,2897.7361,-58.3758,-0.0000
125.7954,2895.8901,-58.3758,-0.0000
125.8270,2894.0441,-58.3758,-0.0000
125.8587,2892.1981,-58.3758,-0.0000
125.8903,2890.3521,-58.3758,-0.0000
125.9219,2888.5061,-58.3758,-0.0000
125.9535,2886.6601,-58.3758,-0.0000
125.9851,2884.8141,-58.3758,-0.0000
126.0168,2882.9681,-58.3758,-0.0000
126.0484,2881.1221,-58.3758,-0.0000
126.0800,2879.2761,-58.3758,-0.0000
126.1116,2877.4301,-58.3758,-0.0000
126.1433,2875.5841,-58.3758,-0.0000
126.1749,2873.7381,-58.3758,-0.0000
126.2065,2871.8921,-58.3758,-0.0000
126.2381,2870.0461,-58.3758,-0.0000
126.2697,2868.2000,-58.3758,-0.0000
126.3014,2866.3540,-58.3758,-0.0000
126.3330,2864.5080,-58.3758,-0.0000
126.3646,2862.6620,-58.3758,-0.0000
126.3962,2860.8160,-58.3758,-0.0000
126.4279,2858.9700,-58.3758,-0.0000
126.4595,2857.1240,-58.3758,-0.0000
126.4911,2855.2780,-58.3758,-0.0000
126.5227,2853.4320,-58.3758,-0.0000
126.5544,2851.5860,-58.3758,-0.0000
126.5860,2849.7400,-58.3758,-0.0000
126.6176,2847.8940,-58.3758,-0.0000
126.6492,2846.0480,-58.3758,-0.0000
126.6808,2844.2020,-58.3758,-0.0000
126.7125,2842.3560,-58.3758,-0.0000
126.7441,2840.5100,-58.3758,-0.0000
126.7757,2838.6640,-58.3758,-0.0000
126.8073,2836.8180,-58.3758,-0.0000
126.8390,2834.9720,-58.3758,-0.0000
126.8706,2833.1260,-58.3758,-0.0000
126.9022,2831.2800,-58.3758,-0.0000
126.9338,2829.4340,-58.3758,-0.0000
126.9654,2827.5880,-58.3758,-0.0000
126.9971,2825.7420,-58.3758,-0.0000
127.0287,2823.8960,-58.3758,-0.0000
127.0603,2822.0500,-58.3758,-0.0000
127.0919,2820.2040,-58.3758,-0.0000
127.1236,2818.3580,-58.3758,-0.0000
127.1552,2816.5119,-58.3758,-0.0000
127.1868,2814.6659,-58.3758,-0.0000
127.2184,2812.8199,-58.3758,-0.0000
127.2501,2810.9739,-58.3758,-0.0000
127.2817,2809.1279,-58.3758,-0.0000
127.3133,2807.2819,-58.3758,-0.0000
127.3449,2805.4359,-58.3758,-0.0000
127.3765,2803.5899,-58.3758,-0.0000
127.4082,2801.7439,-58.3758,-0.0000
127.4398,2799.8979,-58.3758,-0.0000
127.4714,2798.0519,-58.3758,-0.0000
127.5030,2796.2059,-58.3758,-0.0000
127.5347,2794.3599,-58.3758,-0.0000
127.5663,2792.5139,-58.3758,-0.0000
127.5979,2790.6679,-58.3758,-0.0000
127.6295,2788.8219,-58.3758,-0.0000
127.6611,2786.9759,-58.3758,-0.0000
127.6928,2785.1299,-58.3758,-0.0000
127.7244,2783.2839,-58.3758,-0.0000
127.7560,2781.4379,-58.3758,-0.0000
127.7876,2779.5919,-58.3758,-0.0000
127.8193,2777.7459,-58.3758,-0.0000
127.8509,2775.8999,-58.3758,-0.0000
127.8825,2774.0539,-58.3758,-0.0000
127.9141,2772.2079,-58.3758,-0.0000
127.9458,2770.3619,-58.3758,-0.0000
127.9774,2768.5159,-58.3758,-0.0000
128.0090,2766.6699,-58.3758,-0.0000
128.0406,2764.8238,-58.3758,-0.0000
128.0722,2762.9778,-58.3758,-0.0000
128.1039,2761.1318,-58.3758,-0.0000
128.1355,2759.2858,-58.3758,-0.0000
128.1671,2757.4398,-58.3758,-0.0000
128.1987,2755.5938,-58.3758,-0.0000
128.2304,2753.7478,-58.3758,-0.0000
128.2620,2751.9018,-58.3758,-0.0000
128.2936,2750.0558,-58.3758,-0.0000
128.3252,2748.2098,-58.3758,-0.0000
128.3569,2746.3638,-58.3758,-0.0000
128.3885,2744.5178,-58.3758,-0.0000
128.4201,2742.6718,-58.3758,-0.0000
128.4517,2740.8258,-58.3758,-0.0000
128.4833,2738.9798,-58.3758,-0.0000
128.5150,2737.1338,-58.3758,-0.0000
128.5466,2735.2878,-58.3758,-0.0000
128.5782,2733.4418,-58.3758,-0.0000
128.6098,2731.5958,-58.3758,-0.0000
128.6415,2729.7498,-58.3758,-0.0000
128.6731,2727.9038,-58.3758,-0.0000
128.7047,2726.0578,-58.3758,-0.0000
128.7363,2724.2118,-58.3758,-0.0000
128.7679,2722.3658,-58.3758,-0.0000
128.7996,2720.5198,-58.3758,-0.0000
128.8312,2718.6738,-58.3758,-0.0000
128.8628,2716.8278,-58.3758,-0.0000
128.8944,2714.9818,-58.3758,-0.0000
128.9261,2713.1358,-58.3758,-0.0000
128.9577,2711.2897,-58.3758,-0.0000
128.9893,2709.4437,-58.3758,-0.0000
129.0209,2707.5977,-58.3758,-0.0000
129.0526,2705.7517,-58.3758,-0.0000
129.0842,2703.9057,-58.3758,-0.0000
129.1158,2702.0597,-58.3758,-0.0000
129.1474,2700.2137,-58.3758,-0.0000
129.1790,2698.3677,-58.3758,-0.0000
129.2107,2696.5217,-58.3758,-0.0000
129.2423,2694.6757,-58.3758,-0.0000
129.2739,2692.8297,-58.3758,-0.0000
129.3055,2690.9837,-58.3758,-0.0000
129.3372,2689.1377,-58.3758,-0.0000
129.3688,2687.2917,-58.3758,-0.0000
129.4004,2685.4457,-58.3758,-0.0000
129.4320,2683.5997,-58.3758,-0.0000
129.4636,2681.7537,-58.3758,-0.0000
129.4953,2679.9077,-58.3758,-0.0000
129.5269,2678.0617,-58.3758,-0.0000
129.5585,2676.2157,-58.3758,-0.0000
129.5901,2674.3697,-58.3758,-0.0000
129.6218,2672.5237,-58.3758,-0.0000
129.6534,2670.6777,-58.3758,-0.0000
129.6850,2668.8317,-58.3758,-0.0000
129.7166,2666.9857,-58.3758,-0.0000
129.7483,2665.1397,-58.3758,-0.0000
129.7799,2663.2937,-58.3758,-0.0000
129.8115,2661.4477,-58.3758,-0.0000
129.8431,2659.6016,-58.3758,-0.0000
129.8747,2657.7556,-58.3758,-0.0000
129.9064,2655.9096,-58.3758,-0.0000
129.9380,2654.0636,-58.3758,-0.0000
129.9696,2652.2176,-58.3758,-0.0000
130.0012,2650.3716,-58.3758,-0.0000
130.0329,2648.5256,-58.3758,-0.0000
130.0645,2646.6796,-58.3758,-0.0000
130.0961,2644.8336,-58.3758,-0.0000
130.1277,2642.9876,-58.3758,-0.0000
130.1593,2641.1416,-58.3758,-0.0000
130.1910,2639.2956,-58.3758,-0.0000
130.2226,2637.4496,-58.3758,-0.0000
130.2542,2635.6036,-58.3758,-0.0000
130.2858,2633.7576,-58.3758,-0.0000
130.3175,2631.9116,-58.3758,-0.0000
130.3491,2630.0656,-58.3758,-0.0000
130.3807,2628.2196,-58.3758,-0.0000
130.4123,2626.3736,-58.3758,-0.0000
130.4440,2624.5276,-58.3758,-0.0000
130.4756,2622.6816,-58.3758,-0.0000
130.5072,2620.8356,-58.3758,-0.0000
130.5388,2618.9896,-58.3758,-0.0000
130.5704,2617.1436,-58.3758,-0.0000
130.6021,2615.2976,-58.3758,-0.0000
130.6337,2613.4516,-58.3758,-0.0000
130.6653,2611.6056,-58.3758,-0.0000
130.6969,2609.7596,-58.3758,-0.0000
130.7286,2607.9135,-58.3758,-0.0000
130.7602,2606.0675,-58.3758,-0.0000
130.7918,2604.2215,-58.3758,-0.0000
130.8234,2602.3755,-58.3758,-0.0000
130.8550,2600.5295,-58.3758,-0.0000
130.8867,2598.6835,-58.3758,-0.0000
130.9183,2596.8375,-58.3758,-0.0000
130.9499,2594.9915,-58.3758,-0.0000
130.9815,2593.1455,-58.3758,-0.0000
131.0132,2591.2995,-58.3758,-0.0000
131.0448,2589.4535,-58.3758,-0.0000
131.0764,2587.6075,-58.3758,-0.0000
131.1080,2585.7615,-58.3758,-0.0000
131.1397,2583.9155,-58.3758,-0.0000
131.1713,2582.0695,-58.3758,-0.0000
131.2029,2580.2235,-58.3758,-0.0000
131.2345,2578.3775,-58.3758,-0.0000
131.2661,2576.5315,-58.3758,-0.0000
131.2978,2574.6855,-58.3758,-0.0000
131.3294,2572.8395,-58.3758,-0.0000
131.3610,2570.9935,-58.3758,-0.0000
131.3926,2569.1475,-58.3758,-0.0000
131.4243,2567.3015,-58.3758,-0.0000
131.4559,2565.4555,-58.3758,-0.0000
131.4875,2563.6095,-58.3758,-0.0000
131.5191,2561.7635,-58.3758,-0.0000
131.5508,2559.9175,-58.3758,-0.0000
131.5824,2558.0715,-58.3758,-0.0000
131.6140,2556.2255,-58.3758,-0.0000
131.6456,2554.3794,-58.3758,-0.0000
131.6772,2552.5334,-58.3758,-0.0000
131.7089,2550.6874,-58.3758,-0.0000
131.7405,2548.8414,-58.3758,-0.0000
131.7721,2546.9954,-58.3758,-0.0000
131.8037,2545.1494,-58.3758,-0.0000
131.8354,2543.3034,-58.3758,-0.0000
131.8670,2541.4574,-58.3758,-0.0000
131.8986,2539.6114,-58.3758,-0.0000
131.9302,2537.7654,-58.3758,-0.0000
131.9618,2535.9194,-58.3758,-0.0000
131.9935,2534.0734,-58.3758,-0.0000
132.0251,2532.2274,-58.3758,-0.0000
132.0567,2530.3814,-58.3758,-0.0000
132.0883,2528.5354,-58.3758,-0.0000
132.1200,2526.6894,-58.3758,-0.0000
132.1516,2524.8434,-58.3758,-0.0000
132.1832,2522.9974,-58.3758,-0.0000
132.2148,2521.1514,-58.3758,-0.0000
132.2465,2519.3054,-58.3758,-0.0000
132.2781,2517.4594,-58.3758,-0.0000
132.3097,2515.6134,-58.3758,-0.0000
132.3413,2513.7674,-58.3758,-0.0000
132.3729,2511.9214,-58.3758,-0.0000
132.4046,2510.0754,-58.3758,-0.0000
132.4362,2508.2294,-58.3758,-0.0000
132.4678,2506.3834,-58.3758,-0.0000
132.4994,2504.5374,-58.3758,-0.0000
132.5311,2502.6913,-58.3758,-0.0000
132.5627,2500.8453,-58.3758,-0.0000
132.5943,2498.9993,-58.3758,-0.0000
132.6259,2497.1533,-58.3758,-0.0000
132.6575,2495.3073,-58.3758,-0.0000
132.6892,2493.4613,-58.3758,-0.0000
132.7208,2491.6153,-58.3758,-0.0000
132.7524,2489.7693,-58.3758,-0.0000
132.7840,2487.9233,-58.3758,-0.0000
132.8157,2486.0773,-58.3758,-0.0000
132.8473,2484.2313,-58.3758,-0.0000
132.8789,2482.3853,-58.3758,-0.0000
132.9105,2480.5393,-58.3758,-0.0000
132.9422,2478.6933,-58.3758,-0.0000
132.9738,2476.8473,-58.3758,-0.0000
133.0054,2475.0013,-58.3758,-0.0000
133.0370,2473.1553,-58.3758,-0.0000
133.0686,2471.3093,-58.3758,-0.0000
133.1003,2469.4633,-58.3758,-0.0000
133.1319,2467.6173,-58.3758,-0.0000
133.1635,2465.7713,-58.3758,-0.0000
133.1951,2463.9253,-58.3758,-0.0000
133.2268,2462.0793,-58.3758,-0.0000
133.2584,2460.2333,-58.3758,-0.0000
133.2900,2458.3873,-58.3758,-0.0000
133.3216,2456.5413,-58.3758,-0.0000
133.3532,2454.6953,-58.3758,-0.0000
133.3849,2452.8493,-58.3758,-0.0000
133.4165,2451.0032,-58.3758,-0.0000
133.4481,2449.1572,-58.3758,-0.0000
133.4797,2447.3112,-58.3758,-0.0000
133.5114,2445.4652,-58.3758,-0.0000
133.5430,2443.6192,-58.3758,-0.0000
133.5746,2441.7732,-58.3758,-0.0000
133.6062,2439.9272,-58.3758,-0.0000
133.6379,2438.0812,-58.3758,-0.0000
133.6695,2436.2352,-58.3758,-0.0000
133.7011,2434.3892,-58.3758,-0.0000
133.7327,2432.5432,-58.3758,-0.0000
133.7643,2430.6972,-58.3758,-0.0000
133.7960,2428.8512,-58.3758,-0.0000
133.8276,2427.0052,-58.3758,-0.0000
133.8592,2425.1592,-58.3758,-0.0000
133.8908,2423.3132,-58.3758,-0.0000
133.9225,2421.4672,-58.3758,-0.0000
133.9541,2419.6212,-58.3758,-0.0000
133.9857,2417.7752,-58.3758,-0.0000
134.0173,2415.9292,-58.3758,-0.0000
134.0490,2414.0832,-58.3758,-0.0000
134.0806,2412.2372,-58.3758,-0.0000
134.1122,2410.3912,-58.3758,-0.0000
134.1438,2408.5452,-58.3758,-0.0000
134.1754,2406.6992,-58.3758,-0.0000
134.2071,2404.8532,-58.3758,-0.0000
134.2387,2403.0072,-58.3758,-0.0000
134.2703,2401.1612,-58.3758,-0.0000
134.3019,2399.3151,-58.3758,-0.0000
134.3336,2397.4691,-58.3758,-0.0000
134.3652,2395.6231,-58.3758,-0.0000
134.3968,2393.7771,-58.3758,-0.0000
134.4284,2391.9311,-58.3758,-0.0000
134.4600,2390.0851,-58.3758,-0.0000
134.4917,2388.2391,-58.3758,-0.0000
134.5233,2386.3931,-58.3758,-0.0000
134.5549,2384.5471,-58.3758,-0.0000
134.5865,2382.7011,-58.3758,-0.0000
134.6182,2380.8551,-58.3758,-0.0000
134.6498,2379.0091,-58.3758,-0.0000
134.6814,2377.1631,-58.3758,-0.0000
134.7130,2375.3171,-58.3758,-0.0000
134.7447,2373.4711,-58.3758,-0.0000
134.7763,2371.6251,-58.3758,-0.0000
134.8079,2369.7791,-58.3758,-0.0000
134.8395,2367.9331,-58.3758,-0.0000
134.8711,2366.0871,-58.3758,-0.0000
134.9028,2364.2411,-58.3758,-0.0000
134.9344,2362.3951,-58.3758,-0.0000
134.9660,2360.5491,-58.3758,-0.0000
134.9976,2358.7031,-58.3758,-0.0000
135.0293,2356.8571,-58.3758,-0.0000
135.0609,2355.0111,-58.3758,-0.0000
135.0925,2353.1651,-58.3758,-0.0000
135.1241,2351.3191,-58.3758,-0.0000
135.1557,2349.4731,-58.3758,-0.0000
135.1874,2347.6271,-58.3758,-0.0000
135.2190,2345.7810,-58.3758,-0.0000
135.2506,2343.9350,-58.3758,-0.0000
135.2822,2342.0890,-58.3758,-0.0000
135.3139,2340.2430,-58.3758,-0.0000
135.3455,2338.3970,-58.3758,-0.0000
135.3771,2336.5510,-58.3758,-0.0000
135.4087,2334.7050,-58.3758,-0.0000
135.4404,2332.8590,-58.3758,-0.0000
135.4720,2331.0130,-58.3758,-0.0000
135.5036,2329.1670,-58.3758,-0.0000
135.5352,2327.3210,-58.3758,-0.0000
135.5668,2325.4750,-58.3758,-0.0000
135.5985,2323.6290,-58.3758,-0.0000
135.6301,2321.7830,-58.3758,-0.0000
135.6617,2319.9370,-58.3758,-0.0000
135.6933,2318.0910,-58.3758,-0.0000
135.7250,2316.2450,-58.3758,-0.0000
135.7566,2314.3990,-58.3758,-0.0000
135.7882,2312.5530,-58.3758,-0.0000
135.8198,2310.7070,-58.3758,-0.0000
135.8514,2308.8610,-58.3758,-0.0000
135.8831,2307.0150,-58.3758,-0.0000
135.9147,2305.1690,-58.3758,-0.0000
135.9463,2303.3230,-58.3758,-0.0000
135.9779,2301.4770,-58.3758,-0.0000
136.0096,2299.6310,-58.3758,-0.0000
136.0412,2297.7850,-58.3758,-0.0000
136.0728,2295.9390,-58.3758,-0.0000
136.1044,2294.0929,-58.3758,-0.0000
136.1361,2292.2469,-58.3758,-0.0000
136.1677,2290.4009,-58.3758,-0.0000
136.1993,2288.5549,-58.3758,-0.0000
136.2309,2286.7089,-58.3758,-0.0000
136.2625,2284.8629,-58.3758,-0.0000
136.2942,2283.0169,-58.3758,-0.0000
136.3258,2281.1709,-58.3758,-0.0000
136.3574,2279.3249,-58.3758,-0.0000
136.3890,2277.4789,-58.3758,-0.0000
136.4207,2275.6329,-58.3758,-0.0000
136.4523,2273.7869,-58.3758,-0.0000
136.4839,2271.9409,-58.3758,-0.0000
136.5155,2270.0949,-58.3758,-0.0000
136.5471,2268.2489,-58.3758,-0.0000
136.5788,2266.4029,-58.3758,-0.0000
136.6104,2264.5569,-58.3758,-0.0000
136.6420,2262.7109,-58.3758,-0.0000
136.6736,2260.8649,-58.3758,-0.0000
136.7053,2259.0189,-58.3758,-0.0000
136.7369,2257.1729,-58.3758,-0.0000
136.7685,2255.3269,-58.3758,-0.0000
136.8001,2253.4809,-58.3758,-0.0000
136.8318,2251.6349,-58.3758,-0.0000
136.8634,2249.7889,-58.3758,-0.0000
136.8950,2247.9429,-58.3758,-0.0000
136.9266,2246.0969,-58.3758,-0.0000
136.9582,2244.2509,-58.3758,-0.0000
136.9899,2242.4048,-58.3758,-0.0000
137.0215,2240.5588,-58.3758,-0.0000
137.0531,2238.7128,-58.3758,-0.0000
137.0847,2236.8668,-58.3758,-0.0000
137.1164,2235.0208,-58.3758,-0.0000
137.1480,2233.1748,-58.3758,-0.0000
137.1796,2231.3288,-58.3758,-0.0000
137.2112,2229.4828,-58.3758,-0.0000
137.2429,2227.6368,-58.3758,-0.0000
137.2745,2225.7908,-58.3758,-0.0000
137.3061,2223.9448,-58.3758,-0.0000
137.3377,2222.0988,-58.3758,-0.0000
137.3693,2220.2528,-58.3758,-0.0000
137.4010,2218.4068,-58.3758,-0.0000
137.4326,2216.5608,-58.3758,-0.0000
137.4642,2214.7148,-58.3758,-0.0000
137.4958,2212.8688,-58.3758,-0.0000
137.5275,2211.0228,-58.3758,-0.0000
137.5591,2209.1768,-58.3758,-0.0000
137.5907,2207.3308,-58.3758,-0.0000
137.6223,2205.4848,-58.3758,-0.0000
137.6539,2203.6388,-58.3758,-0.0000
137.6856,2201.7928,-58.3758,-0.0000
137.7172,2199.9468,-58.3758,-0.0000
137.7488,2198.1008,-58.3758,-0.0000
137.7804,2196.2548,-58.3758,-0.0000
137.8121,2194.4088,-58.3758,-0.0000
137.8437,2192.5628,-58.3758,-0.0000
137.8753,2190.7168,-58.3758,-0.0000
137.9069,2188.8707,-58.3758,-0.0000
137.9386,2187.0247,-58.3758,-0.0000
137.9702,2185.1787,-58.3758,-0.0000
138.0018,2183.3327,-58.3758,-0.0000
138.0334,2181.4867,-58.3758,-0.0000
138.0650,2179.6407,-58.3758,-0.0000
138.0967,2177.7947,-58.3758,-0.0000
138.1283,2175.9487,-58.3758,-0.0000
138.1599,2174.1027,-58.3758,-0.0000
138.1915,2172.2567,-58.3758,-0.0000
138.2232,2170.4107,-58.3758,-0.0000
138.2548,2168.5647,-58.3758,-0.0000
138.2864,2166.7187,-58.3758,-0.0000
138.3180,2164.8727,-58.3758,-0.0000
138.3496,2163.0267,-58.3758,-0.0000
138.3813,2161.1807,-58.3758,-0.0000
138.4129,2159.3347,-58.3758,-0.0000
138.4445,2157.4887,-58.3758,-0.0000
138.4761,2155.6427,-58.3758,-0.0000
138.5078,2153.7967,-58.3758,-0.0000
138.5394,2151.9507,-58.3758,-0.0000
138.5710,2150.1047,-58.3758,-0.0000
138.6026,2148.2587,-58.3758,-0.0000
138.6343,2146.4127,-58.3758,-0.0000
138.6659,2144.5667,-58.3758,-0.0000
138.6975,2142.7207,-58.3758,-0.0000
138.7291,2140.8747,-58.3758,-0.0000
138.7607,2139.0287,-58.3758,-0.0000
138.7924,2137.1826,-58.3758,-0.0000
138.8240,2135.3366,-58.3758,-0.0000
138.8556,2133.4906,-58.3758,-0.0000
138.8872,2131.6446,-58.3758,-0.0000
138.9189,2129.7986,-58.3758,-0.0000
138.9505,2127.9526,-58.3758,-0.0000
138.9821,2126.1066,-58.3758,-0.0000
139.0137,2124.2606,-58.3758,-0.0000
139.0453,2122.4146,-58.3758,-0.0000
139.0770,2120.5686,-58.3758,-0.0000
139.1086,2118.7226,-58.3758,-0.0000
139.1402,2116.8766,-58.3758,-0.0000
139.1718,2115.0306,-58.3758,-0.0000
139.2035,2113.1846,-58.3758,-0.0000
139.2351,2111.3386,-58.3758,-0.0000
139.2667,2109.4926,-58.3758,-0.0000
139.2983,2107.6466,-58.3758,-0.0000
139.3300,2105.8006,-58.3758,-0.0000
139.3616,2103.9546,-58.3758,-0.0000
139.3932,2102.1086,-58.3758,-0.0000
139.4248,2100.2626,-58.3758,-0.0000
139.4564,2098.4166,-58.3758,-0.0000
139.4881,2096.5706,-58.3758,-0.0000
139.5197,2094.7246,-58.3758,-0.0000
139.5513,2092.8786,-58.3758,-0.0000
139.5829,2091.0326,-58.3758,-0.0000
139.6146,2089.1866,-58.3758,-0.0000
139.6462,2087.3406,-58.3758,-0.0000
139.6778,2085.4945,-58.3758,-0.0000
139.7094,2083.6485,-58.3758,-0.0000
139.7410,2081.8025,-58.3758,-0.0000
139.7727,2079.9565,-58.3758,-0.0000
139.8043,2078.1105,-58.3758,-0.0000
139.8359,2076.2645,-58.3758,-0.0000
139.8675,2074.4185,-58.3758,-0.0000
139.8992,2072.5725,-58.3758,-0.0000
139.9308,2070.7265,-58.3758,-0.0000
139.9624,2068.8805,-58.3758,-0.0000
139.9940,2067.0345,-58.3758,-0.0000
140.0257,2065.1885,-58.3758,-0.0000
140.0573,2063.3425,-58.3758,-0.0000
140.0889,2061.4965,-58.3758,-0.0000
140.1205,2059.6505,-58.3758,-0.0000
140.1521,2057.8045,-58.3758,-0.0000
140.1838,2055.9585,-58.3758,-0.0000
140.2154,2054.1125,-58.3758,-0.0000
140.2470,2052.2665,-58.3758,-0.0000
140.2786,2050.4205,-58.3758,-0.0000
140.3103,2048.5745,-58.3758,-0.0000
140.3419,2046.7285,-58.3758,-0.0000
140.3735,2044.8825,-58.3758,-0.0000
140.4051,2043.0365,-58.3758,-0.0000
140.4368,2041.1905,-58.3758,-0.0000
140.4684,2039.3445,-58.3758,-0.0000
140.5000,2037.4985,-58.3758,-0.0000
140.5316,2035.6525,-58.3758,-0.0000
140.5632,2033.8065,-58.3758,-0.0000
140.5949,2031.9604,-58.3758,-0.0000
140.6265,2030.1144,-58.3758,-0.0000
140.6581,2028.2684,-58.3758,-0.0000
140.6897,2026.4224,-58.3758,-0.0000
140.7214,2024.5764,-58.3758,-0.0000
140.7530,2022.7304,-58.3758,-0.0000
140.7846,2020.8844,-58.3758,-0.0000
140.8162,2019.0384,-58.3758,-0.0000
140.8478,2017.1924,-58.3758,-0.0000
140.8795,2015.3464,-58.3758,-0.0000
140.9111,2013.5004,-58.3758,-0.0000
140.9427,2011.6544,-58.3758,-0.0000
140.9743,2009.8084,-58.3758,-0.0000
141.0060,2007.9624,-58.3758,-0.0000
141.0376,2006.1164,-58.3758,-0.0000
141.0692,2004.2704,-58.3758,-0.0000
141.1008,2002.4244,-58.3758,-0.0000
141.1325,2000.5784,-58.3758,-0.0000
141.1641,1998.7324,-58.3758,-0.0000
141.1957,1996.8864,-58.3758,-0.0000
141.2273,1995.0404,-58.3758,-0.0000
141.2589,1993.1944,-58.3758,-0.0000
141.2906,1991.3484,-58.3758,-0.0000
141.3222,1989.5024,-58.3758,-0.0000
141.3538,1987.6564,-58.3758,-0.0000
141.3854,1985.8104,-58.3758,-0.0000
141.4171,1983.9644,-58.3758,-0.0000
141.4487,1982.1184,-58.3758,-0.0000
141.4803,1980.2723,-58.3758,-0.0000
141.5119,1978.4263,-58.3758,-0.0000
141.5435,1976.5803,-58.3758,-0.0000
141.5752,1974.7343,-58.3758,-0.0000
141.6068,1972.8883,-58.3758,-0.0000
141.6384,1971.0423,-58.3758,-0.0000
141.6700,1969.1963,-58.3758,-0.0000
141.7017,1967.3503,-58.3758,-0.0000
141.7333,1965.5043,-58.3758,-0.0000
141.7649,1963.6583,-58.3758,-0.0000
141.7965,1961.8123,-58.3758,-0.0000
141.8282,1959.9663,-58.3758,-0.0000
141.8598,1958.1203,-58.3758,-0.0000
141.8914,1956.2743,-58.3758,-0.0000
141.9230,1954.4283,-58.3758,-0.0000
141.9546,1952.5823,-58.3758,-0.0000
141.9863,1950.7363,-58.3758,-0.0000
142.0179,1948.8903,-58.3758,-0.0000
142.0495,1947.0443,-58.3758,-0.0000
142.0811,1945.1983,-58.3758,-0.0000
142.1128,1943.3523,-58.3758,-0.0000
142.1444,1941.5063,-58.3758,-0.0000
142.1760,1939.6603,-58.3758,-0.0000
142.2076,1937.8143,-58.3758,-0.0000
142.2392,1935.9683,-58.3758,-0.0000
142.2709,1934.1223,-58.3758,-0.0000
142.3025,1932.2763,-58.3758,-0.0000
142.3341,1930.4303,-58.3758,-0.0000
142.3657,1928.5842,-58.3758,-0.0000
142.3974,1926.7382,-58.3758,-0.0000
142.4290,1924.8922,-58.3758,-0.0000
142.4606,1923.0462,-58.3758,-0.0000
142.4922,1921.2002,-58.3758,-0.0000
142.5239,1919.3542,-58.3758,-0.0000
142.5555,1917.5082,-58.3758,-0.0000
142.5871,1915.6622,-58.3758,-0.0000
142.6187,1913.8162,-58.3758,-0.0000
142.6503,1911.9702,-58.3758,-0.0000
142.6820,1910.1242,-58.3758,-0.0000
142.7136,1908.2782,-58.3758,-0.0000
142.7452,1906.4322,-58.3758,-0.0000
142.7768,1904.5862,-58.3758,-0.0000
142.8085,1902.7402,-58.3758,-0.0000
142.8401,1900.8942,-58.3758,-0.0000
142.8717,1899.0482,-58.3758,-0.0000
142.9033,1897.2022,-58.3758,-0.0000
142.9350,1895.3562,-58.3758,-0.0000
142.9666,1893.5102,-58.3758,-0.0000
142.9982,1891.6642,-58.3758,-0.0000
143.0298,1889.8182,-58.3758,-0.0000
143.0614,1887.9722,-58.3758,-0.0000
143.0931,1886.1262,-58.3758,-0.0000
143.1247,1884.2802,-58.3758,-0.0000
143.1563,1882.4342,-58.3758,-0.0000
143.1879,1880.5882,-58.3758,-0.0000
143.2196,1878.7422,-58.3758,-0.0000
143.2512,1876.8961,-58.3758,-0.0000
143.2828,1875.0501,-58.3758,-0.0000
143.3144,1873.2041,-58.3758,-0.0000
143.3460,1871.3581,-58.3758,-0.0000
143.3777,1869.5121,-58.3758,-0.0000
143.4093,1867.6661,-58.3758,-0.0000
143.4409,1865.8201,-58.3758,-0.0000
143.4725,1863.9741,-58.3758,-0.0000
143.5042,1862.1281,-58.3758,-0.0000
143.5358,1860.2821,-58.3758,-0.0000
143.5674,1858.4361,-58.3758,-0.0000
143.5990,1856.5901,-58.3758,-0.0000
143.6307,1854.7441,-58.3758,-0.0000
143.6623,1852.8981,-58.3758,-0.0000
143.6939,1851.0521,-58.3758,-0.0000
143.7255,1849.2061,-58.3758,-0.0000
143.7571,1847.3601,-58.3758,-0.0000
143.7888,1845.5141,-58.3758,-0.0000
143.8204,1843.6681,-58.3758,-0.0000
143.8520,1841.8221,-58.3758,-0.0000
143.8836,1839.9761,-58.3758,-0.0000
143.9153,1838.1301,-58.3758,-0.0000
143.9469,1836.2841,-58.3758,-0.0000
143.9785,1834.4381,-58.3758,-0.0000
144.0101,1832.5921,-58.3758,-0.0000
144.0417,1830.7461,-58.3758,-0.0000
144.0734,1828.9001,-58.3758,-0.0000
144.1050,1827.0541,-58.3758,-0.0000
144.1366,1825.2081,-58.3758,-0.0000
144.1682,1823.3620,-58.3758,-0.0000
144.1999,1821.5160,-58.3758,-0.0000
144.2315,1819.6700,-58.3758,-0.0000
144.2631,1817.8240,-58.3758,-0.0000
144.2947,1815.9780,-58.3758,-0.0000
144.3264,1814.1320,-58.3758,-0.0000
144.3580,1812.2860,-58.3758,-0.0000
144.3896,1810.4400,-58.3758,-0.0000
144.4212,1808.5940,-58.3758,-0.0000
144.4528,1806.7480,-58.3758,-0.0000
144.4845,1804.9020,-58.3758,-0.0000
144.5161,1803.0560,-58.3758,-0.0000
144.5477,1801.2100,-58.3758,-0.0000
144.5793,1799.3640,-58.3758,-0.0000
144.6110,1797.5180,-58.3758,-0.0000
144.6426,1795.6720,-58.3758,-0.0000
144.6742,1793.8260,-58.3758,-0.0000
144.7058,1791.9800,-58.3758,-0.0000
144.7374,1790.1340,-58.3758,-0.0000
144.7691,1788.2880,-58.3758,-0.0000
144.8007,1786.4420,-58.3758,-0.0000
144.8323,1784.5960,-58.3758,-0.0000
144.8639,1782.7500,-58.3758,-0.0000
144.8956,1780.9040,-58.3758,-0.0000
144.9272,1779.0580,-58.3758,-0.0000
144.9588,1777.2120,-58.3758,-0.0000
144.9904,1775.3660,-58.3758,-0.0000
145.0221,1773.5200,-58.3758,-0.0000
145.0537,1771.6739,-58.3758,-0.0000
145.0853,1769.8279,-58.3758,-0.0000
145.1169,1767.9819,-58.3758,-0.0000
145.1485,1766.1359,-58.3758,-0.0000
145.1802,1764.2899,-58.3758,-0.0000
145.2118,1762.4439,-58.3758,-0.0000
145.2434,1760.5979,-58.3758,-0.0000
145.2750,1758.7519,-58.3758,-0.0000
145.3067,1756.9059,-58.3758,-0.0000
145.3383,1755.0599,-58.3758,-0.0000
145.3699,1753.2139,-58.3758,-0.0000
145.4015,1751.3679,-58.3758,-0.0000
145.4331,1749.5219,-58.3758,-0.0000
145.4648,1747.6759,-58.3758,-0.0000
145.4964,1745.8299,-58.3758,-0.0000
145.5280,1743.9839,-58.3758,-0.0000
145.5596,1742.1379,-58.3758,-0.0000
145.5913,1740.2919,-58.3758,-0.0000
145.6229,1738.4459,-58.3758,-0.0000
145.6545,1736.5999,-58.3758,-0.0000
145.6861,1734.7539,-58.3758,-0.0000
145.7178,1732.9079,-58.3758,-0.0000
145.7494,1731.0619,-58.3758,-0.0000
145.7810,1729.2159,-58.3758,-0.0000
145.8126,1727.3699,-58.3758,-0.0000
145.8442,1725.5239,-58.3758,-0.0000
145.8759,1723.6779,-58.3758,-0.0000
145.9075,1721.8319,-58.3758,-0.0000
145.9391,1719.9858,-58.3758,-0.0000
145.9707,1718.1398,-58.3758,-0.0000
146.0024,1716.2938,-58.3758,-0.0000
146.0340,1714.4478,-58.3758,-0.0000
146.0656,1712.6018,-58.3758,-0.0000
146.0972,1710.7558,-58.3758,-0.0000
146.1289,1708.9098,-58.3758,-0.0000
146.1605,1707.0638,-58.3758,-0.0000
146.1921,1705.2178,-58.3758,-0.0000
146.2237,1703.3718,-58.3758,-0.0000
146.2553,1701.5258,-58.3758,-0.0000
146.2870,1699.6798,-58.3758,-0.0000
146.3186,1697.8338,-58.3758,-0.0000
146.3502,1695.9878,-58.3758,-0.0000
146.3818,1694.1418,-58.3758,-0.0000
146.4135,1692.2958,-58.3758,-0.0000
146.4451,1690.4498,-58.3758,-0.0000
146.4767,1688.6038,-58.3758,-0.0000
146.5083,1686.7578,-58.3758,-0.0000
146.5399,1684.9118,-58.3758,-0.0000
146.5716,1683.0658,-58.3758,-0.0000
146.6032,1681.2198,-58.3758,-0.0000
146.6348,1679.3738,-58.3758,-0.0000
146.6664,1677.5278,-58.3758,-0.0000
146.6981,1675.6818,-58.3758,-0.0000
146.7297,1673.8358,-58.3758,-0.0000
146.7613,1671.9898,-58.3758,-0.0000
146.7929,1670.1438,-58.3758,-0.0000
146.8246,1668.2978,-58.3758,-0.0000
146.8562,1666.4517,-58.3758,-0.0000
146.8878,1664.6057,-58.3758,-0.0000
146.9194,1662.7597,-58.3758,-0.0000
146.9510,1660.9137,-58.3758,-0.0000
146.9827,1659.0677,-58.3758,-0.0000
147.0143,1657.2217,-58.3758,-0.0000
147.0459,1655.3757,-58.3758,-0.0000
147.0775,1653.5297,-58.3758,-0.0000
147.1092,1651.6837,-58.3758,-0.0000
147.1408,1649.8377,-58.3758,-0.0000
147.1724,1647.9917,-58.3758,-0.0000
147.2040,1646.1457,-58.3758,-0.0000
147.2356,1644.2997,-58.3758,-0.0000
147.2673,1642.4537,-58.3758,-0.0000
147.2989,1640.6077,-58.3758,-0.0000
147.3305,1638.7617,-58.3758,-0.0000
147.3621,1636.9157,-58.3758,-0.0000
147.3938,1635.0697,-58.3758,-0.0000
147.4254,1633.2237,-58.3758,-0.0000
147.4570,1631.3777,-58.3758,-0.0000
147.4886,1629.5317,-58.3758,-0.0000
147.5203,1627.6857,-58.3758,-0.0000
147.5519,1625.8397,-58.3758,-0.0000
147.5835,1623.9937,-58.3758,-0.0000
147.6151,1622.1477,-58.3758,-0.0000
147.6467,1620.3017,-58.3758,-0.0000
147.6784,1618.4557,-58.3758,-0.0000
147.7100,1616.6097,-58.3758,-0.0000
147.7416,1614.7636,-58.3758,-0.0000
147.7732,1612.9176,-58.3758,-0.0000
147.8049,1611.0716,-58.3758,-0.0000
147.8365,1609.2256,-58.3758,-0.0000
147.8681,1607.3796,-58.3758,-0.0000
147.8997,1605.5336,-58.3758,-0.0000
147.9313,1603.6876,-58.3758,-0.0000
147.9630,1601.8416,-58.3758,-0.0000
147.9946,1599.9956,-58.3758,-0.0000
148.0262,1598.1496,-58.3758,-0.0000
148.0578,1596.3036,-58.3758,-0.0000
148.0895,1594.4576,-58.3758,-0.0000
148.1211,1592.6116,-58.3758,-0.0000
148.1527,1590.7656,-58.3758,-0.0000
148.1843,1588.9196,-58.3758,-0.0000
148.2160,1587.0736,-58.3758,-0.0000
148.2476,1585.2276,-58.3758,-0.0000
148.2792,1583.3816,-58.3758,-0.0000
148.3108,1581.5356,-58.3758,-0.0000
148.3424,1579.6896,-58.3758,-0.0000
148.3741,1577.8436,-58.3758,-0.0000
148.4057,1575.9976,-58.3758,-0.0000
148.4373,1574.1516,-58.3758,-0.0000
148.4689,1572.3056,-58.3758,-0.0000
148.5006,1570.4596,-58.3758,-0.0000
148.5322,1568.6136,-58.3758,-0.0000
148.5638,1566.7676,-58.3758,-0.0000
148.5954,1564.9216,-58.3758,-0.0000
148.6271,1563.0755,-58.3758,-0.0000
148.6587,1561.2295,-58.3758,-0.0000
148.6903,1559.3835,-58.3758,-0.0000
148.7219,1557.5375,-58.3758,-0.0000
148.7535,1555.6915,-58.3758,-0.0000
148.7852,1553.8455,-58.3758,-0.0000
148.8168,1551.9995,-58.3758,-0.0000
148.8484,1550.1535,-58.3758,-0.0000
148.8800,1548.3075,-58.3758,-0.0000
148.9117,1546.4615,-58.3758,-0.0000
148.9433,1544.6155,-58.3758,-0.0000
148.9749,1542.7695,-58.3758,-0.0000
149.0065,1540.9235,-58.3758,-0.0000
149.0381,1539.0775,-58.3758,-0.0000
149.0698,1537.2315,-58.3758,-0.0000
149.1014,1535.3855,-58.3758,-0.0000
149.1330,1533.5395,-58.3758,-0.0000
149.1646,1531.6935,-58.3758,-0.0000
149.1963,1529.8475,-58.3758,-0.0000
149.2279,1528.0015,-58.3758,-0.0000
149.2595,1526.1555,-58.3758,-0.0000
149.2911,1524.3095,-58.3758,-0.0000
149.3228,1522.4635,-58.3758,-0.0000
149.3544,1520.6175,-58.3758,-0.0000
149.3860,1518.7715,-58.3758,-0.0000
149.4176,1516.9255,-58.3758,-0.0000
149.4492,1515.0795,-58.3758,-0.0000
149.4809,1513.2335,-58.3758,-0.0000
149.5125,1511.3874,-58.3758,-0.0000
149.5441,1509.5414,-58.3758,-0.0000
149.5757,1507.6954,-58.3758,-0.0000
149.6074,1505.8494,-58.3758,-0.0000
149.6390,1504.0034,-58.3758,-0.0000
149.6706,1502.1574,-58.3758,-0.0000
149.7022,1500.3114,-58.3758,-0.0000
149.7338,1498.4654,-58.3758,-0.0000
149.7655,1496.6194,-58.3758,-0.0000
149.7971,1494.7734,-58.3758,-0.0000
149.8287,1492.9274,-58.3758,-0.0000
149.8603,1491.0814,-58.3758,-0.0000
149.8920,1489.2354,-58.3758,-0.0000
149.9236,1487.3894,-58.3758,-0.0000
149.9552,1485.5434,-58.3758,-0.0000
149.9868,1483.6974,-58.3758,-0.0000
150.0185,1481.8514,-58.3758,-0.0000
150.0501,1480.0054,-58.3758,-0.0000
150.0817,1478.1594,-58.3758,-0.0000
150.1133,1476.3134,-58.3758,-0.0000
150.1449,1474.4674,-58.3758,-0.0000
150.1766,1472.6214,-58.3758,-0.0000
150.2082,1470.7754,-58.3758,-0.0000
150.2398,1468.9294,-58.3758,-0.0000
150.2714,1467.0834,-58.3758,-0.0000
150.3031,1465.2374,-58.3758,-0.0000
150.3347,1463.3914,-58.3758,-0.0000
150.3663,1461.5454,-58.3758,-0.0000
150.3979,1459.6994,-58.3758,-0.0000
150.4295,1457.8533,-58.3758,-0.0000
150.4612,1456.0073,-58.3758,-0.0000
150.4928,1454.1613,-58.3758,-0.0000
150.5244,1452.3153,-58.3758,-0.0000
150.5560,1450.4693,-58.3758,-0.0000
150.5877,1448.6233,-58.3758,-0.0000
150.6193,1446.7773,-58.3758,-0.0000
150.6509,1444.9313,-58.3758,-0.0000
150.6825,1443.0853,-58.3758,-0.0000
150.7142,1441.2393,-58.3758,-0.0000
150.7458,1439.3933,-58.3758,-0.0000
150.7774,1437.5473,-58.3758,-0.0000
150.8090,1435.7013,-58.3758,-0.0000
150.8406,1433.8553,-58.3758,-0.0000
150.8723,1432.0093,-58.3758,-0.0000
150.9039,1430.1633,-58.3758,-0.0000
150.9355,1428.3173,-58.3758,-0.0000
150.9671,1426.4713,-58.3758,-0.0000
150.9988,1424.6253,-58.3758,-0.0000
151.0304,1422.7793,-58.3758,-0.0000
151.0620,1420.9333,-58.3758,-0.0000
151.0936,1419.0873,-58.3758,-0.0000
151.1252,1417.2413,-58.3758,-0.0000
151.1569,1415.3953,-58.3758,-0.0000
151.1885,1413.5493,-58.3758,-0.0000
151.2201,1411.7033,-58.3758,-0.0000
151.2517,1409.8573,-58.3758,-0.0000
151.2834,1408.0113,-58.3758,-0.0000
151.3150,1406.1652,-58.3758,-0.0000
151.3466,1404.3192,-58.3758,-0.0000
151.3782,1402.4732,-58.3758,-0.0000
151.4099,1400.6272,-58.3758,-0.0000
151.4415,1398.7812,-58.3758,-0.0000
151.4731,1396.9352,-58.3758,-0.0000
151.5047,1395.0892,-58.3758,-0.0000
151.5363,1393.2432,-58.3758,-0.0000
151.5680,1391.3972,-58.3758,-0.0000
151.5996,1389.5512,-58.3758,-0.0000
151.6312,1387.7052,-58.3758,-0.0000
151.6628,1385.8592,-58.3758,-0.0000
151.6945,1384.0132,-58.3758,-0.0000
151.7261,1382.1672,-58.3758,-0.0000
151.7577,1380.3212,-58.3758,-0.0000
151.7893,1378.4752,-58.3758,-0.0000
151.8210,1376.6292,-58.3758,-0.0000
151.8526,1374.7832,-58.3758,-0.0000
151.8842,1372.9372,-58.3758,-0.0000
151.9158,1371.0912,-58.3758,-0.0000
151.9474,1369.2452,-58.3758,-0.0000
151.9791,1367.3992,-58.3758,-0.0000
152.0107,1365.5532,-58.3758,-0.0000
152.0423,1363.7072,-58.3758,-0.0000
152.0739,1361.8612,-58.3758,-0.0000
152.1056,1360.0152,-58.3758,-0.0000
152.1372,1358.1692,-58.3758,-0.0000
152.1688,1356.3232,-58.3758,-0.0000
152.2004,1354.4771,-58.3758,-0.0000
152.2320,1352.6311,-58.3758,-0.0000
152.2637,1350.7851,-58.3758,-0.0000
152.2953,1348.9391,-58.3758,-0.0000
152.3269,1347.0931,-58.3758,-0.0000
152.3585,1345.2471,-58.3758,-0.0000
152.3902,1343.4011,-58.3758,-0.0000
152.4218,1341.5551,-58.3758,-0.0000
152.4534,1339.7091,-58.3758,-0.0000
152.4850,1337.8631,-58.3758,-0.0000
152.5167,1336.0171,-58.3758,-0.0000
152.5483,1334.1711,-58.3758,-0.0000
152.5799,1332.3251,-58.3758,-0.0000
152.6115,1330.4791,-58.3758,-0.0000
152.6431,1328.6331,-58.3758,-0.0000
152.6748,1326.7871,-58.3758,-0.0000
152.7064,1324.9411,-58.3758,-0.0000
152.7380,1323.0951,-58.3758,-0.0000
152.7696,1321.2491,-58.3758,-0.0000
152.8013,1319.4031,-58.3758,-0.0000
152.8329,1317.5571,-58.3758,-0.0000
152.8645,1315.7111,-58.3758,-0.0000
152.8961,1313.8651,-58.3758,-0.0000
152.9277,1312.0191,-58.3758,-0.0000
152.9594,1310.1731,-58.3758,-0.0000
152.9910,1308.3271,-58.3758,-0.0000
153.0226,1306.4811,-58.3758,-0.0000
153.0542,1304.6351,-58.3758,-0.0000
153.0859,1302.7891,-58.3758,-0.0000
153.1175,1300.9430,-58.3758,-0.0000
153.1491,1299.0970,-58.3758,-0.0000
153.1807,1297.2510,-58.3758,-0.0000
153.2124,1295.4050,-58.3758,-0.0000
153.2440,1293.5590,-58.3758,-0.0000
153.2756,1291.7130,-58.3758,-0.0000
153.3072,1289.8670,-58.3758,-0.0000
153.3388,1288.0210,-58.3758,-0.0000
153.3705,1286.1750,-58.3758,-0.0000
153.4021,1284.3290,-58.3758,-0.0000
153.4337,1282.4830,-58.3758,-0.0000
153.4653,1280.6370,-58.3758,-0.0000
153.4970,1278.7910,-58.3758,-0.0000
153.5286,1276.9450,-58.3758,-0.0000
153.5602,1275.0990,-58.3758,-0.0000
153.5918,1273.2530,-58.3758,-0.0000
153.6234,1271.4070,-58.3758,-0.0000
153.6551,1269.5610,-58.3758,-0.0000
153.6867,1267.7150,-58.3758,-0.0000
153.7183,1265.8690,-58.3758,-0.0000
153.7499,1264.0230,-58.3758,-0.0000
153.7816,1262.1770,-58.3758,-0.0000
153.8132,1260.3310,-58.3758,-0.0000
153.8448,1258.4850,-58.3758,-0.0000
153.8764,1256.6390,-58.3758,-0.0000
153.9081,1254.7930,-58.3758,-0.0000
153.9397,1252.9470,-58.3758,-0.0000
153.9713,1251.1010,-58.3758,-0.0000
154.0029,1249.2549,-58.3758,-0.0000
154.0345,1247.4089,-58.3758,-0.0000
154.0662,1245.5629,-58.3758,-0.0000
154.0978,1243.7169,-58.3758,-0.0000
154.1294,1241.8709,-58.3758,-0.0000
154.1610,1240.0249,-58.3758,-0.0000
154.1927,1238.1789,-58.3758,-0.0000
154.2243,1236.3329,-58.3758,-0.0000
154.2559,1234.4869,-58.3758,-0.0000
154.2875,1232.6409,-58.3758,-0.0000
154.3191,1230.7949,-58.3758,-0.0000
154.3508,1228.9489,-58.3758,-0.0000
154.3824,1227.1029,-58.3758,-0.0000
154.4140,1225.2569,-58.3758,-0.0000
154.4456,1223.4109,-58.3758,-0.0000
154.4773,1221.5649,-58.3758,-0.0000
154.5089,1219.7189,-58.3758,-0.0000
154.5405,1217.8729,-58.3758,-0.0000
154.5721,1216.0269,-58.3758,-0.0000
154.6038,1214.1809,-58.3758,-0.0000
154.6354,1212.3349,-58.3758,-0.0000
154.6670,1210.4889,-58.3758,-0.0000
154.6986,1208.6429,-58.3758,-0.0000
154.7302,1206.7969,-58.3758,-0.0000
154.7619,1204.9509,-58.3758,-0.0000
154.7935,1203.1049,-58.3758,-0.0000
154.8251,1201.2589,-58.3758,-0.0000
154.8567,1199.4129,-58.3758,-0.0000
154.8884,1197.5668,-58.3758,-0.0000
154.9200,1195.7208,-58.3758,-0.0000
154.9516,1193.8748,-58.3758,-0.0000
154.9832,1192.0288,-58.3758,-0.0000
155.0149,1190.1828,-58.3758,-0.0000
155.0465,1188.3368,-58.3758,-0.0000
155.0781,1186.4908,-58.3758,-0.0000
155.1097,1184.6448,-58.3758,-0.0000
155.1413,1182.7988,-58.3758,-0.0000
155.1730,1180.9528,-58.3758,-0.0000
155.2046,1179.1068,-58.3758,-0.0000
155.2362,1177.2608,-58.3758,-0.0000
155.2678,1175.4148,-58.3758,-0.0000
155.2995,1173.5688,-58.3758,-0.0000
155.3311,1171.7228,-58.3758,-0.0000
155.3627,1169.8768,-58.3758,-0.0000
155.3943,1168.0308,-58.3758,-0.0000
155.4259,1166.1848,-58.3758,-0.0000
155.4576,1164.3388,-58.3758,-0.0000
155.4892,1162.4928,-58.3758,-0.0000
155.5208,1160.6468,-58.3758,-0.0000
155.5524,1158.8008,-58.3758,-0.0000
155.5841,1156.9548,-58.3758,-0.0000
155.6157,1155.1088,-58.3758,-0.0000
155.6473,1153.2628,-58.3758,-0.0000
155.6789,1151.4168,-58.3758,-0.0000
155.7106,1149.5708,-58.3758,-0.0000
155.7422,1147.7248,-58.3758,-0.0000
155.7738,1145.8788,-58.3758,-0.0000
155.8054,1144.0327,-58.3758,-0.0000
155.8370,1142.1867,-58.3758,-0.0000
155.8687,1140.3407,-58.3758,-0.0000
155.9003,1138.4947,-58.3758,-0.0000
155.9319,1136.6487,-58.3758,-0.0000
155.9635,1134.8027,-58.3758,-0.0000
155.9952,1132.9567,-58.3758,-0.0000
156.0268,1131.1107,-58.3758,-0.0000
156.0584,1129.2647,-58.3758,-0.0000
156.0900,1127.4187,-58.3758,-0.0000
156.1216,1125.5727,-58.3758,-0.0000
156.1533,1123.7267,-58.3758,-0.0000
156.1849,1121.8807,-58.3758,-0.0000
156.2165,1120.0347,-58.3758,-0.0000
156.2481,1118.1887,-58.3758,-0.0000
156.2798,1116.3427,-58.3758,-0.0000
156.3114,1114.4967,-58.3758,-0.0000
156.3430,1112.6507,-58.3758,-0.0000
156.3746,1110.8047,-58.3758,-0.0000
156.4063,1108.9587,-58.3758,-0.0000
156.4379,1107.1127,-58.3758,-0.0000
156.4695,1105.2667,-58.3758,-0.0000
156.5011,1103.4207,-58.3758,-0.0000
156.5327,1101.5747,-58.3758,-0.0000
156.5644,1099.7287,-58.3758,-0.0000
156.5960,1097.8827,-58.3758,-0.0000
156.6276,1096.0367,-58.3758,-0.0000
156.6592,1094.1907,-58.3758,-0.0000
156.6909,1092.3446,-58.3758,-0.0000
156.7225,1090.4986,-58.3758,-0.0000
156.7541,1088.6526,-58.3758,-0.0000
156.7857,1086.8066,-58.3758,-0.0000
156.8173,1084.9606,-58.3758,-0.0000
156.8490,1083.1146,-58.3758,-0.0000
156.8806,1081.2686,-58.3758,-0.0000
156.9122,1079.4226,-58.3758,-0.0000
156.9438,1077.5766,-58.3758,-0.0000
156.9755,1075.7306,-58.3758,-0.0000
157.0071,1073.8846,-58.3758,-0.0000
157.0387,1072.0386,-58.3758,-0.0000
157.0703,1070.1926,-58.3758,-0.0000
157.1020,1068.3466,-58.3758,-0.0000
157.1336,1066.5006,-58.3758,-0.0000
157.1652,1064.6546,-58.3758,-0.0000
157.1968,1062.8086,-58.3758,-0.0000
157.2284,1060.9626,-58.3758,-0.0000
157.2601,1059.1166,-58.3758,-0.0000
157.2917,1057.2706,-58.3758,-0.0000
157.3233,1055.4246,-58.3758,-0.0000
157.3549,1053.5786,-58.3758,-0.0000
157.3866,1051.7326,-58.3758,-0.0000
157.4182,1049.8866,-58.3758,-0.0000
157.4498,1048.0406,-58.3758,-0.0000
157.4814,1046.1946,-58.3758,-0.0000
157.5131,1044.3486,-58.3758,-0.0000
157.5447,1042.5026,-58.3758,-0.0000
157.5763,1040.6565,-58.3758,-0.0000
157.6079,1038.8105,-58.3758,-0.0000
157.6395,1036.9645,-58.3758,-0.0000
157.6712,1035.1185,-58.3758,-0.0000
157.7028,1033.2725,-58.3758,-0.0000
157.7344,1031.4265,-58.3758,-0.0000
157.7660,1029.5805,-58.3758,-0.0000
157.7977,1027.7345,-58.3758,-0.0000
157.8293,1025.8885,-58.3758,-0.0000
157.8609,1024.0425,-58.3758,-0.0000
157.8925,1022.1965,-58.3758,-0.0000
157.9241,1020.3505,-58.3758,-0.0000
157.9558,1018.5045,-58.3758,-0.0000
157.9874,1016.6585,-58.3758,-0.0000
158.0190,1014.8125,-58.3758,-0.0000
158.0506,1012.9665,-58.3758,-0.0000
158.0823,1011.1205,-58.3758,-0.0000
158.1139,1009.2745,-58.3758,-0.0000
158.1455,1007.4285,-58.3758,-0.0000
158.1771,1005.5825,-58.3758,-0.0000
158.2088,1003.7365,-58.3758,-0.0000
158.2404,1001.8905,-58.3758,-0.0000
158.2720,1000.0445,-58.3758,-0.0000
158.3036,998.1985,-58.3758,-0.0000
158.3352,996.3525,-58.3758,-0.0000
158.3669,994.5065,-58.3758,-0.0000
158.3985,992.6605,-58.3758,-0.0000
158.4301,990.8145,-58.3758,-0.0000
158.4617,988.9684,-58.3758,-0.0000
158.4934,987.1224,-58.3758,-0.0000
158.5250,985.2764,-58.3758,-0.0000
158.5566,983.4304,-58.3758,-0.0000
158.5882,981.5844,-58.3758,-0.0000
158.6198,979.7384,-58.3758,-0.0000
158.6515,977.8924,-58.3758,-0.0000
158.6831,976.0464,-58.3758,-0.0000
158.7147,974.2004,-58.3758,-0.0000
158.7463,972.3544,-58.3758,-0.0000
158.7780,970.5084,-58.3758,-0.0000
158.8096,968.6624,-58.3758,-0.0000
158.8412,966.8164,-58.3758,-0.0000
158.8728,964.9704,-58.3758,-0.0000
158.9045,963.1244,-58.3758,-0.0000
158.9361,961.2784,-58.3758,-0.0000
158.9677,959.4324,-58.3758,-0.0000
158.9993,957.5864,-58.3758,-0.0000
159.0309,955.7404,-58.3758,-0.0000
159.0626,953.8944,-58.3758,-0.0000
159.0942,952.0484,-58.3758,-0.0000
159.1258,950.2024,-58.3758,-0.0000
159.1574,948.3564,-58.3758,-0.0000
159.1891,946.5104,-58.3758,-0.0000
159.2207,944.6644,-58.3758,-0.0000
159.2523,942.8184,-58.3758,-0.0000
159.2839,940.9724,-58.3758,-0.0000
159.3155,939.1264,-58.3758,-0.0000
159.3472,937.2804,-58.3758,-0.0000
159.3788,935.4343,-58.3758,-0.0000
159.4104,933.5883,-58.3758,-0.0000
159.4420,931.7423,-58.3758,-0.0000
159.4737,929.8963,-58.3758,-0.0000
159.5053,928.0503,-58.3758,-0.0000
159.5369,926.2043,-58.3758,-0.0000
159.5685,924.3583,-58.3758,-0.0000
159.6002,922.5123,-58.3758,-0.0000
159.6318,920.6663,-58.3758,-0.0000
159.6634,918.8203,-58.3758,-0.0000
159.6950,916.9743,-58.3758,-0.0000
159.7266,915.1283,-58.3758,-0.0000
159.7583,913.2823,-58.3758,-0.0000
159.7899,911.4363,-58.3758,-0.0000
159.8215,909.5903,-58.3758,-0.0000
159.8531,907.7443,-58.3758,-0.0000
159.8848,905.8983,-58.3758,-0.0000
159.9164,904.0523,-58.3758,-0.0000
159.9480,902.2063,-58.3758,-0.0000
159.9796,900.3603,-58.3758,-0.0000
160.0112,898.5143,-58.3758,-0.0000
160.0429,896.6683,-58.3758,-0.0000
160.0745,894.8223,-58.3758,-0.0000
160.1061,892.9763,-58.3758,-0.0000
160.1377,891.1303,-58.3758,-0.0000
160.1694,889.2843,-58.3758,-0.0000
160.2010,887.4383,-58.3758,-0.0000
160.2326,885.5923,-58.3758,-0.0000
160.2642,883.7462,-58.3758,-0.0000
160.2959,881.9002,-58.3758,-0.0000
160.3275,880.0542,-58.3758,-0.0000
160.3591,878.2082,-58.3758,-0.0000
160.3907,876.3622,-58.3758,-0.0000
160.4223,874.5162,-58.3758,-0.0000
160.4540,872.6702,-58.3758,-0.0000
160.4856,870.8242,-58.3758,-0.0000
160.5172,868.9782,-58.3758,-0.0000
160.5488,867.1322,-58.3758,-0.0000
160.5805,865.2862,-58.3758,-0.0000
160.6121,863.4402,-58.3758,-0.0000
160.6437,861.5942,-58.3758,-0.0000
160.6753,859.7482,-58.3758,-0.0000
160.7070,857.9022,-58.3758,-0.0000
160.7386,856.0562,-58.3758,-0.0000
160.7702,854.2102,-58.3758,-0.0000
160.8018,852.3642,-58.3758,-0.0000
160.8334,850.5182,-58.3758,-0.0000
160.8651,848.6722,-58.3758,-0.0000
160.8967,846.8262,-58.3758,-0.0000
160.9283,844.9802,-58.3758,-0.0000
160.9599,843.1342,-58.3758,-0.0000
160.9916,841.2882,-58.3758,-0.0000
161.0232,839.4422,-58.3758,-0.0000
161.0548,837.5962,-58.3758,-0.0000
161.0864,835.7502,-58.3758,-0.0000
161.1180,833.9042,-58.3758,-0.0000
161.1497,832.0581,-58.3758,-0.0000
161.1813,830.2121,-58.3758,-0.0000
161.2129,828.3661,-58.3758,-0.0000
161.2445,826.5201,-58.3758,-0.0000
161.2762,824.6741,-58.3758,-0.0000
161.3078,822.8281,-58.3758,-0.0000
161.3394,820.9821,-58.3758,-0.0000
161.3710,819.1361,-58.3758,-0.0000
161.4027,817.2901,-58.3758,-0.0000
161.4343,815.4441,-58.3758,-0.0000
161.4659,813.5981,-58.3758,-0.0000
161.4975,811.7521,-58.3758,-0.0000
161.5291,809.9061,-58.3758,-0.0000
161.5608,808.0601,-58.3758,-0.0000
161.5924,806.2141,-58.3758,-0.0000
161.6240,804.3681,-58.3758,-0.0000
161.6556,802.5221,-58.3758,-0.0000
161.6873,800.6761,-58.3758,-0.0000
161.7189,798.8301,-58.3758,-0.0000
161.7505,796.9841,-58.3758,-0.0000
161.7821,795.1381,-58.3758,-0.0000
161.8137,793.2921,-58.3758,-0.0000
161.8454,791.4461,-58.3758,-0.0000
161.8770,789.6001,-58.3758,-0.0000
161.9086,787.7541,-58.3758,-0.0000
161.9402,785.9081,-58.3758,-0.0000
161.9719,784.0621,-58.3758,-0.0000
162.0035,782.2161,-58.3758,-0.0000
162.0351,780.3701,-58.3758,-0.0000
162.0667,778.5240,-58.3758,-0.0000
162.0984,776.6780,-58.3758,-0.0000
162.1300,774.8320,-58.3758,-0.0000
162.1616,772.9860,-58.3758,-0.0000
162.1932,771.1400,-58.3758,-0.0000
162.2248,769.2940,-58.3758,-0.0000
162.2565,767.4480,-58.3758,-0.0000
162.2881,765.6020,-58.3758,-0.0000
162.3197,763.7560,-58.3758,-0.0000
162.3513,761.9100,-58.3758,-0.0000
162.3830,760.0640,-58.3758,-0.0000
162.4146,758.2180,-58.3758,-0.0000
162.4462,756.3720,-58.3758,-0.0000
162.4778,754.5260,-58.3758,-0.0000
162.5094,752.6800,-58.3758,-0.0000
162.5411,750.8340,-58.3758,-0.0000
162.5727,748.9880,-58.3758,-0.0000
162.6043,747.1420,-58.3758,-0.0000
162.6359,745.2960,-58.3758,-0.0000
162.6676,743.4500,-58.3758,-0.0000
162.6992,741.6040,-58.3758,-0.0000
162.7308,739.7580,-58.3758,-0.0000
162.7624,737.9120,-58.3758,-0.0000
162.7941,736.0660,-58.3758,-0.0000
162.8257,734.2200,-58.3758,-0.0000
162.8573,732.3740,-58.3758,-0.0000
162.8889,730.5280,-58.3758,-0.0000
162.9205,728.6820,-58.3758,-0.0000
162.9522,726.8359,-58.3758,-0.0000
162.9838,724.9899,-58.3758,-0.0000
163.0154,723.1439,-58.3758,-0.0000
163.0470,721.2979,-58.3758,-0.0000
163.0787,719.4519,-58.3758,-0.0000
163.1103,717.6059,-58.3758,-0.0000
163.1419,715.7599,-58.3758,-0.0000
163.1735,713.9139,-58.3758,-0.0000
163.2052,712.0679,-58.3758,-0.0000
163.2368,710.2219,-58.3758,-0.0000
163.2684,708.3759,-58.3758,-0.0000
163.3000,706.5299,-58.3758,-0.0000
163.3316,704.6839,-58.3758,-0.0000
163.3633,702.8379,-58.3758,-0.0000
163.3949,700.9919,-58.3758,-0.0000
163.4265,699.1459,-58.3758,-0.0000
163.4581,697.2999,-58.3758,-0.0000
163.4898,695.4539,-58.3758,-0.0000
163.5214,693.6079,-58.3758,-0.0000
163.5530,691.7619,-58.3758,-0.0000
163.5846,689.9159,-58.3758,-0.0000
163.6162,688.0699,-58.3758,-0.0000
163.6479,686.2239,-58.3758,-0.0000
163.6795,684.3779,-58.3758,-0.0000
163.7111,682.5319,-58.3758,-0.0000
163.7427,680.6859,-58.3758,-0.0000
163.7744,678.8399,-58.3758,-0.0000
163.8060,676.9939,-58.3758,-0.0000
163.8376,675.1478,-58.3758,-0.0000
163.8692,673.3018,-58.3758,-0.0000
163.9009,671.4558,-58.3758,-0.0000
163.9325,669.6098,-58.3758,-0.0000
163.9641,667.7638,-58.3758,-0.0000
163.9957,665.9178,-58.3758,-0.0000
164.0273,664.0718,-58.3758,-0.0000
164.0590,662.2258,-58.3758,-0.0000
164.0906,660.3798,-58.3758,-0.0000
164.1222,658.5338,-58.3758,-0.0000
164.1538,656.6878,-58.3758,-0.0000
164.1855,654.8418,-58.3758,-0.0000
164.2171,652.9958,-58.3758,-0.0000
164.2487,651.1498,-58.3758,-0.0000
164.2803,649.3038,-58.3758,-0.0000
164.3119,647.4578,-58.3758,-0.0000
164.3436,645.6118,-58.3758,-0.0000
164.3752,643.7658,-58.3758,-0.0000
164.4068,641.9198,-58.3758,-0.0000
164.4384,640.0738,-58.3758,-0.0000
164.4701,638.2278,-58.3758,-0.0000
164.5017,636.3818,-58.3758,-0.0000
164.5333,634.5358,-58.3758,-0.0000
164.5649,632.6898,-58.3758,-0.0000
164.5966,630.8438,-58.3758,-0.0000
164.6282,628.9978,-58.3758,-0.0000
164.6598,627.1518,-58.3758,-0.0000
164.6914,625.3058,-58.3758,-0.0000
164.7230,623.4597,-58.3758,-0.0000
164.7547,621.6137,-58.3758,-0.0000
164.7863,619.7677,-58.3758,-0.0000
164.8179,617.9217,-58.3758,-0.0000
164.8495,616.0757,-58.3758,-0.0000
164.8812,614.2297,-58.3758,-0.0000
164.9128,612.3837,-58.3758,-0.0000
164.9444,610.5377,-58.3758,-0.0000
164.9760,608.6917,-58.3758,-0.0000
165.0076,606.8457,-58.3758,-0.0000
165.0393,604.9997,-58.3758,-0.0000
165.0709,603.1537,-58.3758,-0.0000
165.1025,601.3077,-58.3758,-0.0000
165.1341,599.4617,-58.3758,-0.0000
165.1658,597.6157,-58.3758,-0.0000
165.1974,595.7697,-58.3758,-0.0000
165.2290,593.9237,-58.3758,-0.0000
165.2606,592.0777,-58.3758,-0.0000
165.2923,590.2317,-58.3758,-0.0000
165.3239,588.3857,-58.3758,-0.0000
165.3555,586.5397,-58.3758,-0.0000
165.3871,584.6937,-58.3758,-0.0000
165.4187,582.8477,-58.3758,-0.0000
165.4504,581.0017,-58.3758,-0.0000
165.4820,579.1557,-58.3758,-0.0000
165.5136,577.3097,-58.3758,-0.0000
165.5452,575.4637,-58.3758,-0.0000
165.5769,573.6177,-58.3758,-0.0000
165.6085,571.7717,-58.3758,-0.0000
165.6401,569.9256,-58.3758,-0.0000
165.6717,568.0796,-58.3758,-0.0000
165.7033,566.2336,-58.3758,-0.0000
165.7350,564.3876,-58.3758,-0.0000
165.7666,562.5416,-58.3758,-0.0000
165.7982,560.6956,-58.3758,-0.0000
165.8298,558.8496,-58.3758,-0.0000
165.8615,557.0036,-58.3758,-0.0000
165.8931,555.1576,-58.3758,-0.0000
165.9247,553.3116,-58.3758,-0.0000
165.9563,551.4656,-58.3758,-0.0000
165.9880,549.6196,-58.3758,-0.0000
166.0196,547.7736,-58.3758,-0.0000
166.0512,545.9276,-58.3758,-0.0000
166.0828,544.0816,-58.3758,-0.0000
166.1144,542.2356,-58.3758,-0.0000
166.1461,540.3896,-58.3758,-0.0000
166.1777,538.5436,-58.3758,-0.0000
166.2093,536.6976,-58.3758,-0.0000
166.2409,534.8516,-58.3758,-0.0000
166.2726,533.0056,-58.3758,-0.0000
166.3042,531.1596,-58.3758,-0.0000
166.3358,529.3136,-58.3758,-0.0000
166.3674,527.4676,-58.3758,-0.0000
166.3991,525.6216,-58.3758,-0.0000
166.4307,523.7756,-58.3758,-0.0000
166.4623,521.9296,-58.3758,-0.0000
166.4939,520.0836,-58.3758,-0.0000
166.5255,518.2375,-58.3758,-0.0000
166.5572,516.3915,-58.3758,-0.0000
166.5888,514.5455,-58.3758,-0.0000
166.6204,512.6995,-58.3758,-0.0000
166.6520,510.8535,-58.3758,-0.0000
166.6837,509.0075,-58.3758,-0.0000
166.7153,507.1615,-58.3758,-0.0000
166.7469,505.3155,-58.3758,-0.0000
166.7785,503.4695,-58.3758,-0.0000
166.8101,501.6235,-58.3758,-0.0000
166.8418,499.7775,-58.3758,-0.0000
166.8734,497.9315,-58.3758,-0.0000
166.9050,496.0855,-58.3758,-0.0000
166.9366,494.2395,-58.3758,-0.0000
166.9683,492.3935,-58.3758,-0.0000
166.9999,490.5475,-58.3758,-0.0000
167.0315,488.7015,-58.3758,-0.0000
167.0631,486.8555,-58.3758,-0.0000
167.0948,485.0095,-58.3758,-0.0000
167.1264,483.1635,-58.3758,-0.0000
167.1580,481.3175,-58.3758,-0.0000
167.1896,479.4715,-58.3758,-0.0000
167.2212,477.6255,-58.3758,-0.0000
167.2529,475.7795,-58.3758,-0.0000
167.2845,473.9335,-58.3758,-0.0000
167.3161,472.0875,-58.3758,-0.0000
167.3477,470.2415,-58.3758,-0.0000
167.3794,468.3955,-58.3758,-0.0000
167.4110,466.5494,-58.3758,-0.0000
167.4426,464.7034,-58.3758,-0.0000
167.4742,462.8574,-58.3758,-0.0000
167.5058,461.0114,-58.3758,-0.0000
167.5375,459.1654,-58.3758,-0.0000
167.5691,457.3194,-58.3758,-0.0000
167.6007,455.4734,-58.3758,-0.0000
167.6323,453.6274,-58.3758,-0.0000
167.6640,451.7814,-58.3758,-0.0000
167.6956,449.9354,-58.3758,-0.0000
167.7272,448.0894,-58.3758,-0.0000
167.7588,446.2434,-58.3758,-0.0000
167.7905,444.3974,-58.3758,-0.0000
167.8221,442.5514,-58.3758,-0.0000
167.8537,440.7054,-58.3758,-0.0000
167.8853,438.8594,-58.3758,-0.0000
167.9169,437.0134,-58.3758,-0.0000
167.9486,435.1674,-58.3758,-0.0000
167.9802,433.3214,-58.3758,-0.0000
168.0118,431.4754,-58.3758,-0.0000
168.0434,429.6294,-58.3758,-0.0000
168.0751,427.7834,-58.3758,-0.0000
168.1067,425.9374,-58.3758,-0.0000
168.1383,424.0914,-58.3758,-0.0000
168.1699,422.2454,-58.3758,-0.0000
168.2015,420.3994,-58.3758,-0.0000
168.2332,418.5534,-58.3758,-0.0000
168.2648,416.7074,-58.3758,-0.0000
168.2964,414.8614,-58.3758,-0.0000
168.3280,413.0153,-58.3758,-0.0000
168.3597,411.1693,-58.3758,-0.0000
168.3913,409.3233,-58.3758,-0.0000
168.4229,407.4773,-58.3758,-0.0000
168.4545,405.6313,-58.3758,-0.0000
168.4862,403.7853,-58.3758,-0.0000
168.5178,401.9393,-58.3758,-0.0000
168.5494,400.0933,-58.3758,-0.0000
168.5810,398.2473,-58.3758,-0.0000
168.6126,396.4013,-58.3758,-0.0000
168.6443,394.5553,-58.3758,-0.0000
168.6759,392.7093,-58.3758,-0.0000
168.7075,390.8633,-58.3758,-0.0000
168.7391,389.0173,-58.3758,-0.0000
168.7708,387.1713,-58.3758,-0.0000
168.8024,385.3253,-58.3758,-0.0000
168.8340,383.4793,-58.3758,-0.0000
168.8656,381.6333,-58.3758,-0.0000
168.8972,379.7873,-58.3758,-0.0000
168.9289,377.9413,-58.3758,-0.0000
168.9605,376.0953,-58.3758,-0.0000
168.9921,374.2493,-58.3758,-0.0000
169.0237,372.4033,-58.3758,-0.0000
169.0554,370.5573,-58.3758,-0.0000
169.0870,368.7113,-58.3758,-0.0000
169.1186,366.8653,-58.3758,-0.0000
169.1502,365.0193,-58.3758,-0.0000
169.1819,363.1733,-58.3758,-0.0000
169.2135,361.3272,-58.3758,-0.0000
169.2451,359.4812,-58.3758,-0.0000
169.2767,357.6352,-58.3758,-0.0000
169.3083,355.7892,-58.3758,-0.0000
169.3400,353.9432,-58.3758,-0.0000
169.3716,352.0972,-58.3758,-0.0000
169.4032,350.2512,-58.3758,-0.0000
169.4348,348.4052,-58.3758,-0.0000
169.4665,346.5592,-58.3758,-0.0000
169.4981,344.7132,-58.3758,-0.0000
169.5297,342.8672,-58.3758,-0.0000
169.5613,341.0212,-58.3758,-0.0000
169.5930,339.1752,-58.3758,-0.0000
169.6246,337.3292,-58.3758,-0.0000
169.6562,335.4832,-58.3758,-0.0000
169.6878,333.6372,-58.3758,-0.0000
169.7194,331.7912,-58.3758,-0.0000
169.7511,329.9452,-58.3758,-0.0000
169.7827,328.0992,-58.3758,-0.0000
169.8143,326.2532,-58.3758,-0.0000
169.8459,324.4072,-58.3758,-0.0000
169.8776,322.5612,-58.3758,-0.0000
169.9092,320.7152,-58.3758,-0.0000
169.9408,318.8692,-58.3758,-0.0000
169.9724,317.0232,-58.3758,-0.0000
170.0040,315.1772,-58.3758,-0.0000
170.0357,313.3312,-58.3758,-0.0000
170.0673,311.4852,-58.3758,-0.0000
170.0989,309.6391,-58.3758,-0.0000
170.1305,307.7931,-58.3758,-0.0000
170.1622,305.9471,-58.3758,-0.0000
170.1938,304.1011,-58.3758,-0.0000
170.2254,302.2551,-58.3758,-0.0000
170.2570,300.4091,-58.3758,-0.0000
170.2887,298.5631,-58.3758,-0.0000
170.3203,296.7171,-58.3758,-0.0000
170.3519,294.8711,-58.3758,-0.0000
170.3835,293.0251,-58.3758,-0.0000
170.4151,291.1791,-58.3758,-0.0000
170.4468,289.3331,-58.3758,-0.0000
170.4784,287.4871,-58.3758,-0.0000
170.5100,285.6411,-58.3758,-0.0000
170.5416,283.7951,-58.3758,-0.0000
170.5733,281.9491,-58.3758,-0.0000
170.6049,280.1031,-58.3758,-0.0000
170.6365,278.2571,-58.3758,-0.0000
170.6681,276.4111,-58.3758,-0.0000
170.6997,274.5651,-58.3758,-0.0000
170.7314,272.7191,-58.3758,-0.0000
170.7630,270.8731,-58.3758,-0.0000
170.7946,269.0271,-58.3758,-0.0000
170.8262,267.1811,-58.3758,-0.0000
170.8579,265.3351,-58.3758,-0.0000
170.8895,263.4891,-58.3758,-0.0000
170.9211,261.6431,-58.3758,-0.0000
170.9527,259.7971,-58.3758,-0.0000
170.9844,257.9510,-58.3758,-0.0000
171.0160,256.1050,-58.3758,-0.0000
171.0476,254.2590,-58.3758,-0.0000
171.0792,252.4130,-58.3758,-0.0000
171.1108,250.5670,-58.3758,-0.0000
171.1425,248.7210,-58.3758,-0.0000
171.1741,246.8750,-58.3758,-0.0000
171.2057,245.0290,-58.3758,-0.0000
171.2373,243.1830,-58.3758,-0.0000
171.2690,241.3370,-58.3758,-0.0000
171.3006,239.4910,-58.3758,-0.0000
171.3322,237.6450,-58.3758,-0.0000
171.3638,235.7990,-58.3758,-0.0000
171.3954,233.9530,-58.3758,-0.0000
171.4271,232.1070,-58.3758,-0.0000
171.4587,230.2610,-58.3758,-0.0000
171.4903,228.4150,-58.3758,-0.0000
171.5219,226.5690,-58.3758,-0.0000
171.5536,224.7230,-58.3758,-0.0000
171.5852,222.8770,-58.3758,-0.0000
171.6168,221.0310,-58.3758,-0.0000
171.6484,219.1850,-58.3758,-0.0000
171.6801,217.3390,-58.3758,-0.0000
171.7117,215.4930,-58.3758,-0.0000
171.7433,213.6470,-58.3758,-0.0000
171.7749,211.8010,-58.3758,-0.0000
171.8065,209.9550,-58.3758,-0.0000
171.8382,208.1090,-58.3758,-0.0000
171.8698,206.2630,-58.3758,-0.0000
171.9014,204.4169,-58.3758,-0.0000
171.9330,202.5709,-58.3758,-0.0000
171.9647,200.7249,-58.3758,-0.0000
171.9963,198.8789,-58.3758,-0.0000
172.0279,197.0329,-58.3758,-0.0000
172.0595,195.1869,-58.3758,-0.0000
172.0912,193.3409,-58.3758,-0.0000
172.1228,191.4949,-58.3758,-0.0000
172.1544,189.6489,-58.3758,-0.0000
172.1860,187.8029,-58.3758,-0.0000
172.2176,185.9569,-58.3758,-0.0000
172.2493,184.1109,-58.3758,-0.0000
172.2809,182.2649,-58.3758,-0.0000
172.3125,180.4189,-58.3758,-0.0000
172.3441,178.5729,-58.3758,-0.0000
172.3758,176.7269,-58.3758,-0.0000
172.4074,174.8809,-58.3758,-0.0000
172.4390,173.0349,-58.3758,-0.0000
172.4706,171.1889,-58.3758,-0.0000
172.5022,169.3429,-58.3758,-0.0000
172.5339,167.4969,-58.3758,-0.0000
172.5655,165.6509,-58.3758,-0.0000
172.5971,163.8049,-58.3758,-0.0000
172.6287,161.9589,-58.3758,-0.0000
172.6604,160.1129,-58.3758,-0.0000
172.6920,158.2669,-58.3758,-0.0000
172.7236,156.4209,-58.3758,-0.0000
172.7552,154.5749,-58.3758,-0.0000
172.7869,152.7288,-58.3758,-0.0000
172.8185,150.8828,-58.3758,-0.0000
172.8501,149.0368,-58.3758,-0.0000
172.8817,147.1908,-58.3758,-0.0000
172.9133,145.3448,-58.3758,-0.0000
172.9450,143.4988,-58.3758,-0.0000
172.9766,141.6528,-58.3758,-0.0000
173.0082,139.8068,-58.3758,-0.0000
173.0398,137.9608,-58.3758,-0.0000
173.0715,136.1148,-58.3758,-0.0000
173.1031,134.2688,-58.3758,-0.0000
173.1347,132.4228,-58.3758,-0.0000
173.1663,130.5768,-58.3758,-0.0000
173.1979,128.7308,-58.3758,-0.0000
173.2296,126.8848,-58.3758,-0.0000
173.2612,125.0388,-58.3758,-0.0000
173.2928,123.1928,-58.3758,-0.0000
173.3244,121.3468,-58.3758,-0.0000
173.3561,119.5008,-58.3758,-0.0000
173.3877,117.6548,-58.3758,-0.0000
173.4193,115.8088,-58.3758,-0.0000
173.4509,113.9628,-58.3758,-0.0000
173.4826,112.1168,-58.3758,-0.0000
173.5142,110.2708,-58.3758,-0.0000
173.5458,108.4248,-58.3758,-0.0000
173.5774,106.5788,-58.3758,-0.0000
173.6090,104.7328,-58.3758,-0.0000
173.6407,102.8868,-58.3758,-0.0000
173.6723,101.0407,-58.3758,-0.0000
173.7039,99.1947,-58.3758,-0.0000
173.7355,97.3487,-58.3758,-0.0000
173.7672,95.5027,-58.3758,-0.0000
173.7988,93.6567,-58.3758,-0.0000
173.8304,91.8107,-58.3758,-0.0000
173.8620,89.9647,-58.3758,-0.0000
173.8936,88.1187,-58.3758,-0.0000
173.9253,86.2727,-58.3758,-0.0000
173.9569,84.4267,-58.3758,-0.0000
173.9885,82.5807,-58.3758,-0.0000
174.0201,80.7347,-58.3758,-0.0000
174.0518,78.8887,-58.3758,-0.0000
174.0834,77.0427,-58.3758,-0.0000
174.1150,75.1967,-58.3758,-0.0000
174.1466,73.3507,-58.3758,-0.0000
174.1783,71.5047,-58.3758,-0.0000
174.2099,69.6587,-58.3758,-0.0000
174.2415,67.8127,-58.3758,-0.0000
174.2731,65.9667,-58.3758,-0.0000
174.3047,64.1207,-58.3758,-0.0000
174.3364,62.2747,-58.3758,-0.0000
174.3680,60.4287,-58.3758,-0.0000
174.3996,58.5827,-58.3758,-0.0000
174.4312,56.7367,-58.3758,-0.0000
174.4629,54.8907,-58.3758,-0.0000
174.4945,53.0447,-58.3758,-0.0000
174.5261,51.1987,-58.3758,-0.0000
174.5577,49.3527,-58.3758,-0.0000
174.5893,47.5066,-58.3758,-0.0000
174.6210,45.6606,-58.3758,-0.0000
174.6526,43.8146,-58.3758,-0.0000
174.6842,41.9686,-58.3758,-0.0000
174.7158,40.1226,-58.3758,-0.0000
174.7475,38.2766,-58.3758,-0.0000
174.7791,36.4306,-58.3758,-0.0000
174.8107,34.5846,-58.3758,-0.0000
174.8423,32.7386,-58.3758,-0.0000
174.8740,30.8926,-58.3758,-0.0000
174.9056,29.0466,-58.3758,-0.0000
174.9372,27.2006,-58.3758,-0.0000
174.9688,25.3546,-58.3758,-0.0000
175.0004,23.5086,-58.3758,-0.0000
175.0321,21.6626,-58.3758,-0.0000
175.0637,19.8166,-58.3758,-0.0000
175.0953,17.9706,-58.3758,-0.0000
175.1269,16.1246,-58.3758,-0.0000
175.1586,14.2786,-58.3758,-0.0000
175.1902,12.4326,-58.3758,-0.0000
175.2218,10.5866,-58.3758,-0.0000
175.2534,8.7406,-58.3758,-0.0000
175.2851,6.8946,-58.3758,-0.0000
175.3167,5.0486,-58.3758,-0.0000
175.3483,3.2026,-58.3758,-0.0000
175.3799,1.3566,-58.3758,-0.0000
175.4115,0.0000,-58.3758,-0.0000
