tempo,msd,msd_ajuste_potencia
0,0.0,nan
1,1.0,0.9260766783831296
2,1.6,1.873843994908501
3,1.0,2.829974656946217
4,1.6,3.791577305871841
5,2.6,4.757269487320578
6,4.0,5.726233194772263
7,5.8,6.697925991651385
8,5.2,7.671961222740075
9,5.8,8.64804907185508
10,5.6,9.625964101094787
11,5.8,10.605525873112725
12,7.2,11.586586657385363
13,7.4,12.569023249457121
14,5.6,13.5527313134702
15,6.6,14.537621343500637
16,7.2,15.523615702645749
17,7.4,16.51064640242101
18,7.6,17.4986534044489
19,8.2,18.487583299248012
20,12.4,19.4773882628528
21,11.4,20.468025221808762
22,15.2,21.45945517694731
23,14.6,22.451642649876028
24,14.0,23.444555225529847
25,17.0,24.438163170791363
26,20.8,25.432439113985158
27,24.2,26.427357773555798
28,22.0,27.42289572683528
29,24.2,28.419031211752895
30,21.6,29.41574395581775
31,21.0,30.413015027836995
32,22.0,31.410826708709784
33,18.6,32.40916237832253
34,20.0,33.40800641611089
35,22.6,34.407344113283116
36,24.0,35.407161595042595
37,29.0,36.407445751423914
38,26.0,37.40818417558119
39,25.0,38.40936510855063
40,26.0,39.410977389659
41,25.0,40.41301041187431
42,28.8,41.415454081497344
43,25.8,42.41829878167869
44,23.6,43.42153533931753
45,20.2,44.42515499495888
46,19.2,45.42914937535715
47,19.4,46.433510468416785
48,21.6,47.43823060025795
49,26.6,48.44330241418639
50,24.8,49.44871885137379
51,25.8,50.454473133077954
52,32.0,51.46055874425239
53,34.6,52.466969418411914
54,40.8,53.47369912363636
55,37.0,54.48074204960695
56,36.8,55.48809259558219
57,39.4,56.495745359229126
58,36.4,57.50369512623559
59,41.8,58.51193686063609
60,42.8,59.520465695790975
61,42.6,60.52927692596481
62,46.8,61.5383659984548
63,50.6,62.54772850622515
64,46.4,63.55736018100725
65,43.4,64.5672568868295
66,41.2,65.57741461394359
67,41.0,66.58782947311776
68,46.4,67.59849769026908
69,57.0,68.60941560141057
70,56.8,69.62057964788983
71,57.0,70.63198637189892
72,47.2,71.64363241223604
73,57.8,72.65551450030185
74,70.4,73.66762945631427
75,65.8,74.67997418572705
76,64.4,75.69254567583872
77,61.0,76.70534099257911
78,67.2,77.71835727746239
79,67.4,78.73159174469555
80,71.6,79.74504167843274
81,73.8,80.75870443016649
82,70.0,81.77257741624706
83,69.8,82.78665811552243
84,64.0,83.80094406709154
85,73.0,84.81543286816412
86,78.8,85.83012217202078
87,82.6,86.84500968606764
88,74.4,87.86009316998005
89,76.2,88.87537043393031
90,81.2,89.8908393368948
91,75.4,90.90649778503591
92,80.8,91.92234373015503
93,81.8,92.93837516821226
94,80.4,93.95459013790976
95,85.0,94.97098671933502
96,80.8,95.98756303266107
97,85.8,97.00431723690066
98,90.8,98.02124752871146
99,94.6,99.03835214125006
100,88.0,100.05562934307184
101,90.6,101.07307743707494
102,99.2,102.09069475948563
103,105.8,103.10847967888343
104,109.2,104.12643059526391
105,112.2,105.1445459391375
106,109.2,106.16282417066228
107,101.0,107.1812637788095
108,99.6,108.19986328056021
109,107.4,109.21862122013142
110,117.2,110.23753616823053
111,118.6,111.25660672133695
112,124.4,112.2758315010092
113,114.6,113.29520915321696
114,112.8,114.31473834769645
115,121.8,115.3344177773285
116,118.8,116.354246157538
117,125.0,117.37422222571406
118,131.6,118.39434474065001
119,145.0,119.41461248200208
120,150.0,120.43502424976643
121,154.6,121.45557886377335
122,163.6,122.47627516319828
123,172.2,123.49711200608867
124,180.0,124.51808826890621
125,176.2,125.53920284608387
126,165.2,126.56045464959675
127,156.2,127.5818426085469
128,153.6,128.60336566876094
129,165.8,129.62502279240005
130,159.6,130.64681295758245
131,152.2,131.66873515801703
132,162.4,132.69078840264825
133,158.6,133.71297171531182
134,156.4,134.73528413440073
135,166.6,135.75772471254103
136,181.2,136.78029251627726
137,181.0,137.80298662576732
138,183.2,138.8258061344857
139,189.8,139.8487501489358
140,189.6,140.8718177883702
141,191.4,141.89500818451904
142,195.6,142.91832048132585
143,197.8,143.94175383469116
144,204.8,144.96530741222278
145,213.8,145.98898039299345
146,203.2,147.01277196730481
147,217.0,148.03668133645814
148,234.4,149.0607077125308
149,247.4,150.08485031815925
150,252.8,151.1091083863275
151,242.6,152.13348116016144
152,253.2,153.15796789272827
153,259.4,154.18256784684144
154,258.8,155.2072802948707
155,270.6,156.23210451855692
156,273.6,157.25703980883156
157,264.2,158.2820854656411
158,248.4,159.30724079777565
159,241.8,160.33250512270195
160,230.0,161.3578777664006
161,242.6,162.3833580632073
162,236.8,163.40894535565795
163,239.4,164.4346389943377
164,232.4,165.4604383377337
165,237.0,166.48634275209116
166,224.8,167.51235161127323
167,233.8,168.53846429662406
168,223.2,169.56468019683507
169,221.0,170.59099870781452
170,231.6,171.61741923256025
171,243.4,172.643941181035
172,251.6,173.67056397004504
173,231.4,174.69728702312148
174,220.0,175.72410977040428
175,209.0,176.75103164852894
176,204.8,177.77805210051568
177,215.4,178.80517057566135
178,208.4,179.8323865294335
179,215.4,180.85969942336712
180,214.4,181.88710872496333
181,221.8,182.91461390759054
182,230.4,183.94221445038787
183,228.2,184.96990983817045
184,222.0,185.99769956133684
185,223.4,187.02558311577863
186,216.8,188.05356000279167
187,222.6,189.08162972898967
188,229.2,190.10979180621905
189,229.0,191.1380457514761
190,235.6,192.16639108682563
191,246.6,193.19482733932134
192,229.2,194.22335404092797
193,223.4,195.251970728445
194,237.6,196.28067694343184
195,231.4,197.30947223213462
196,233.2,198.3383561454146
197,237.8,199.36732823867774
198,233.6,200.39638807180617
199,245.0,201.4255352090904
200,249.2,202.45476921916347
201,254.6,203.48408967493606
202,261.2,204.51349615353303
203,257.8,205.54298823623117
204,264.8,206.57256550839827
205,263.4,207.60222755943315
206,257.2,208.6319739827071
207,245.8,209.66180437550625
208,264.8,210.69171833897522
209,268.2,211.72171547806187
210,256.4,212.75179540146277
211,260.2,213.78195772157014
212,266.0,214.81220205441954
213,273.8,215.84252801963862
214,282.4,216.87293524039677
215,281.8,217.90342334335568
216,276.4,218.93399195862102
217,292.2,219.9646407196949
218,286.8,220.99536926342893
219,286.6,222.0261772299786
220,286.4,223.0570642627583
221,278.6,224.08803000839686
222,287.2,225.1190741166945
223,299.4,226.15019624057993
224,312.8,227.1813960360687
225,323.4,228.2126731622219
226,332.8,229.244027281106
227,344.2,230.275458057753
228,363.6,231.30696516012142
229,345.8,232.33854825905823
230,362.0,233.37020702826104
231,351.4,234.40194114424116
232,363.6,235.43375028628725
233,362.6,236.46563413642968
234,347.6,237.49759237940538
235,361.8,238.52962470262324
236,374.0,239.56173079613035
237,359.4,240.5939103525786
238,347.2,241.62616306719173
239,329.0,242.65848863773337
240,318.4,243.69088676447512
241,311.4,244.72335715016555
242,304.4,245.75589949999926
243,321.0,246.78851352158702
244,333.6,247.82119892492597
245,322.6,248.85395542237046
246,320.0,249.88678272860332
247,309.8,250.91968056060767
248,314.0,251.9526486376391
249,298.6,252.9856866811984
250,295.2,254.0187944150045
251,296.2,255.0519715649682
252,291.6,256.085217859166
253,301.8,257.1185330278144
254,316.8,258.151916803245
255,308.2,259.18536891987907
256,295.2,260.21888911420376
257,284.2,261.25247712474743
258,273.2,262.2861326920564
259,282.6,263.3198555586715
260,267.6,264.35364546910483
261,258.6,265.3875021698175
262,251.2,266.4214254091972
263,262.6,267.4554149375362
264,264.4,268.4894705070099
265,281.0,269.5235918716554
266,293.2,270.5577787873507
267,290.6,271.5920310117938
268,309.2,272.62634830448263
269,299.4,273.6607304266949
270,310.8,274.6951771414683
271,330.6,275.72968821358126
272,337.2,276.76426340953356
273,331.4,277.7989024975275
274,347.2,278.83360524744927
275,333.8,279.86837143085086
276,338.8,280.90320082093183
277,324.2,281.93809319252125
278,318.0,282.97304832206055
279,303.4,284.008065987586
280,317.2,285.04314596871166
281,317.8,286.07828804661267
282,305.2,287.11349200400866
283,307.4,288.14875762514725
284,304.0,289.18408469578816
285,293.8,290.2194730031871
286,311.6,291.25492233608037
287,327.4,292.2904324846693
288,329.2,293.32600324060485
289,333.0,294.3616343969729
290,328.8,295.3973257482791
291,316.2,296.4330770904347
292,311.2,297.46888822074175
293,294.6,298.504758937879
294,296.4,299.54068904188796
295,287.4,300.57667833415894
296,295.6,301.6127266174177
297,292.2,302.64883369571163
298,286.0,303.6849993743965
299,295.4,304.72122346012384
300,298.4,305.75750576082737
301,309.0,306.79384608571064
302,293.6,307.8302442452343
303,277.0,308.8667000511038
304,280.0,309.90321331625705
305,269.8,310.9397838548523
306,260.8,311.97641148225625
307,263.4,313.01309601503226
308,279.6,314.04983727092866
309,275.4,315.08663506886745
310,287.2,316.12348922893284
311,290.6,317.1603995723599
312,293.6,318.1973659215239
313,285.8,319.23438809992905
314,285.2,320.27146593219817
315,291.4,321.30859924406127
316,300.4,322.3457878623461
317,285.0,323.3830316149671
318,297.6,324.42033033091514
319,287.4,325.4576838402478
320,302.0,326.4950919740793
321,281.0,327.5325545645703
322,271.6,328.5700714449187
323,288.2,329.60764244934967
324,300.0,330.6452674131061
325,305.0,331.68294617243976
326,292.0,332.7206785646013
327,277.8,333.75846442783165
328,262.8,334.7963036013528
329,261.8,335.8341959253588
330,257.6,336.8721412410072
331,247.4,337.91013939041005
332,243.2,338.94819021662545
333,237.0,339.98629356364904
334,236.4,341.0244492764056
335,246.6,342.06265720074066
336,256.0,343.10091718341243
337,269.0,344.13922907208354
338,258.0,345.1775927153133
339,265.0,346.2160079625496
340,286.8,347.2544746641209
341,297.0,348.29299267122894
342,309.2,349.3315618359407
343,286.6,350.3701820111813
344,276.0,351.4088530507259
345,268.2,352.44757480919293
346,258.8,353.4863471420364
347,264.2,354.5251699055391
348,266.8,355.5640429568049
349,255.4,356.60296615375233
350,247.6,357.6419393551072
351,244.2,358.68096242039576
352,230.8,359.7200352099381
353,234.6,360.7591575848413
354,246.8,361.79832940699276
355,245.0,362.83755053905355
356,231.6,363.8768208444522
357,241.8,364.91614018737783
358,254.0,365.95550843277425
359,273.8,366.99492544633335
360,268.0,368.0343910944891
361,263.4,369.0739052444111
362,247.6,370.11346776399876
363,258.6,371.15307852187533
364,272.4,372.1927373873818
365,283.4,373.23244423057093
366,299.2,374.27219892220177
367,305.0,375.3120013337334
368,294.8,376.3518513373199
369,309.8,377.3917488058039
370,306.4,378.4316936127119
371,314.6,379.4716856322482
372,317.6,380.51172473928915
373,331.4,381.55181080937894
374,326.4,382.5919437187227
375,325.0,383.6321233441826
376,338.0,384.6723495632719
377,348.2,385.71262225414966
378,356.4,386.75294129561627
379,352.2,387.7933065671078
380,331.6,388.83371794869123
381,321.8,389.8741753210596
382,346.8,390.9146785655269
383,349.0,391.95522756402335
384,346.4,392.9958221990904
385,329.0,394.0364623538764
386,324.8,395.07714791213147
387,317.8,396.11787875820306
388,319.6,397.1586547770313
389,302.6,398.19947585414445
390,294.0,399.24034187565434
391,308.2,400.28125272825207
392,301.6,401.32220829920334
393,289.0,402.36320847634425
394,286.4,403.404253148077
395,281.8,404.44534220336544
396,300.4,405.486475531731
397,284.2,406.52765302324826
398,283.6,407.56887456854105
399,289.0,408.61014005877837
400,292.0,409.6514493856699
401,287.4,410.69280244146233
402,285.2,411.7341991189354
403,284.2,412.7756393113977
404,268.0,413.81712291268286
405,290.6,414.8586498171457
406,289.2,415.90021991965847
407,305.8,416.9418331156068
408,303.2,417.9834893008861
409,300.2,419.0251883718981
410,308.8,420.06693022554646
411,305.8,421.1087147592338
412,302.0,422.1505418708578
413,312.2,423.1924114588076
414,311.6,424.2343234219602
415,328.2,425.27627765967713
416,328.0,426.31827407180083
417,333.8,427.3603125586513
418,349.6,428.4023930210224
419,352.2,429.4445153601789
420,328.4,430.48667947785293
421,317.0,431.5288852762405
422,331.6,432.57113265799836
423,335.4,433.61342152624087
424,320.4,434.6557517845365
425,336.2,435.6981233369049
426,327.2,436.74053608781355
427,345.0,437.78298994217465
428,337.2,438.82548480534206
429,357.8,439.8680205831082
430,354.0,440.9105971817012
431,335.4,441.9532145077813
432,354.8,442.99587246843856
433,372.2,444.0385709711895
434,348.8,445.0813099239741
435,342.6,446.1240892351533
436,331.6,447.16690881350553
437,313.8,448.2097685682244
438,317.6,449.2526684089155
439,305.0,450.29560824559377
440,322.4,451.3385879886806
441,325.8,452.38160754900133
442,330.4,453.4246668377821
443,317.0,454.4677657666475
444,300.0,455.5109042476178
445,297.8,456.55408219310624
446,290.8,457.5972995159162
447,307.4,458.6405561292391
448,323.2,459.6838519466514
449,344.2,460.7271868821121
450,329.6,461.7705608499602
451,311.4,462.81397376491236
452,298.8,463.8574255420603
453,297.0,464.9009160968682
454,286.4,465.94444534517015
455,301.8,466.98801320316824
456,294.0,468.0316195874297
457,286.6,469.07526441488454
458,298.8,470.11894760282337
459,301.0,471.16266906889496
460,317.6,472.20642873110376
461,313.0,473.25022650780795
462,310.8,474.2940623177167
463,333.0,475.33793607988827
464,342.4,476.3818477137278
465,345.0,477.42579713898454
466,342.0,478.4697842757503
467,361.0,479.5138090444568
468,339.6,480.5578713658739
469,333.0,481.60197116110675
470,338.0,482.6461083515948
471,353.0,483.6902828591084
472,346.0,484.73449460574756
473,345.0,485.77874351393956
474,357.2,486.8230295064371
475,354.6,487.8673525063158
476,336.8,488.91171243697255
477,331.4,489.95610922212364
478,350.4,491.00054278580217
479,371.4,492.04501305235664
480,367.6,493.0895199464488
481,353.0,494.13406339305163
482,364.4,495.17864331744727
483,362.6,496.22325964522565
484,351.2,497.26791230228196
485,372.2,498.31260121481523
486,353.6,499.357326309326
487,341.8,500.40208751261514
488,334.8,501.4468847517813
489,325.8,502.4917179542194
490,316.0,503.53658704761904
491,331.4,504.5814919599624
492,339.2,505.62643261952246
493,356.2,506.6714089548614
494,356.4,507.71642089482873
495,358.6,508.7614683685598
496,384.8,509.8065513054736
497,369.8,510.85166963527155
498,368.4,511.8968232879354
499,356.2,512.942012193726
500,362.4,513.9872362831811
501,366.6,515.0324954871143
502,385.2,516.0777897366127
503,381.0,517.1231189630356
504,378.4,518.1684830980137
505,389.8,519.2138820734458
506,398.0,520.2593158214987
507,394.6,521.3047842746049
508,403.2,522.3502873654612
509,405.0,523.3958250270272
510,402.8,524.4413971925236
511,401.0,525.4870037954311
512,408.0,526.532644769488
513,410.6,527.5783200486899
514,400.4,528.6240295672872
515,393.8,529.6697732597838
516,408.0,530.7155510609365
517,414.6,531.7613629057521
518,432.4,532.8072087294873
519,417.0,533.8530884676464
520,427.6,534.8990020559802
521,437.0,535.9449494304844
522,426.0,536.9909305273986
523,413.0,538.0369452832047
524,426.0,539.0829936346249
525,417.0,540.1290755186216
526,414.4,541.1751908723949
527,434.6,542.2213396333817
528,444.4,543.2675217392546
529,437.8,544.3137371279201
530,442.0,545.3599857375175
531,433.8,546.4062675064176
532,454.8,547.4525823732216
533,444.2,548.4989302767591
534,448.4,549.5453111560878
535,460.2,550.5917249504914
536,464.0,551.6381715994787
537,472.2,552.6846510427828
538,468.8,553.7311632203587
539,466.6,554.777708072383
540,464.8,555.8242855392527
541,458.6,556.8708955615833
542,459.2,557.9175380802084
543,452.2,558.9642130361775
544,482.4,560.010920370756
545,512.2,561.0576600254232
546,522.0,562.1044319418711
547,508.2,563.151236062004
548,522.4,564.1980723279365
549,547.4,565.244940681993
550,553.2,566.2918410667056
551,561.8,567.3387734248142
552,573.2,568.3857376992647
553,573.0,569.4327338332079
554,586.8,570.4797617699985
555,621.8,571.526821453194
556,608.8,572.5739128265534
557,590.6,573.6210358340369
558,619.6,574.6681904198033
559,633.8,575.7153765282108
560,632.4,576.7625941038144
561,637.0,577.8098430913657
562,623.6,578.8571234358116
563,600.2,579.9044350822932
564,570.8,580.9517779761449
565,572.2,581.9991520628932
566,598.0,583.0465572882562
567,596.2,584.0939935981415
568,575.2,585.141460938647
569,562.6,586.1889592560575
570,562.8,587.2364884968459
571,580.2,588.2840486076711
572,568.4,589.3316395353772
573,586.6,590.3792612269929
574,589.2,591.4269136297297
575,598.6,592.4745966909819
576,620.4,593.5223103583253
577,612.2,594.5700545795158
578,621.6,595.6178293024893
579,606.6,596.6656344753601
580,601.2,597.7134700464203
581,599.4,598.7613359641387
582,587.2,599.8092321771601
583,595.4,600.8571586343044
584,598.8,601.9051152845655
585,569.8,602.9531020771102
586,570.8,604.0011189612784
587,561.0,605.0491658865807
588,567.2,606.0972428026986
589,562.6,607.1453496594833
590,582.4,608.1934864069549
591,573.0,609.2416529953014
592,590.8,610.289849374878
593,597.0,611.3380754962063
594,591.6,612.3863313099732
595,609.8,613.4346167670304
596,610.4,614.4829318183934
597,623.4,615.5312764152404
598,619.6,616.5796505089123
599,623.4,617.6280540509111
600,629.2,618.6764869928994
601,625.0,619.7249492866994
602,644.8,620.7734408842925
603,673.0,621.8219617378185
604,706.0,622.870511799574
605,694.6,623.9190910220127
606,717.2,624.9676993577442
607,733.0,626.0163367595328
608,721.6,627.0650031802976
609,734.6,628.1136985731107
610,724.8,629.1624228911977
611,714.6,630.2111760879359
612,724.4,631.2599581168537
613,739.4,632.3087689316307
614,741.2,633.3576084860957
615,737.8,634.4064767342272
616,766.4,635.4553736301519
617,762.6,636.504299128144
618,786.0,637.5532531826249
619,825.0,638.602235748162
620,868.0,639.6512467794688
621,853.8,640.7002862314031
622,867.2,641.7493540589672
623,892.2,642.7984502173066
624,899.6,643.84757466171
625,921.0,644.8967273476078
626,898.4,645.945908230572
627,883.4,646.9951172663153
628,907.6,648.0443544106906
629,909.8,649.0936196196901
630,925.2,650.1429128494448
631,913.0,651.1922340562238
632,898.4,652.2415831964336
633,875.4,653.2909602266175
634,867.6,654.340365103455
635,858.6,655.3897977837613
636,846.4,656.4392582244859
637,866.6,657.4887463827133
638,879.2,658.538262215661
639,895.4,659.5878056806799
640,874.0,660.6373767352528
641,873.0,661.6869753369947
642,865.2,662.7366014436517
643,869.0,663.7862550131001
644,888.8,664.8359360033464
645,886.6,665.8856443725265
646,907.6,666.9353800789048
647,892.2,667.9851430808736
648,880.4,669.0349333369536
649,896.2,670.0847508057914
650,894.4,671.1345954461607
651,865.0,672.1844672169605
652,860.4,673.2343660772157
653,857.8,674.284291986075
654,853.2,675.3342449028117
655,839.4,676.3842247868225
656,826.4,677.4342315976271
657,807.4,678.4842652948673
658,788.4,679.5343258383069
659,786.6,680.5844131878312
660,786.0,681.6345273034457
661,751.4,682.6846681452768
662,764.4,683.7348356735697
663,784.2,684.7850298486894
664,806.0,685.835250631119
665,768.2,686.88549798146
666,750.4,687.9357718604313
667,787.4,688.9860722288681
668,784.8,690.0363990477233
669,794.6,691.0867522780648
670,769.2,692.137131881076
671,774.6,693.1875378180556
672,753.2,694.2379700504164
673,769.8,695.288428539685
674,778.4,696.3389132475019
675,763.4,697.3894241356196
676,799.2,698.4399611659038
677,805.0,699.4905243003316
678,811.2,700.5411135009915
679,805.8,701.5917287300834
680,814.0,702.6423699499169
681,814.6,703.693037122912
682,805.6,704.7437302115977
683,809.8,705.7944491786127
684,791.6,706.8451939867035
685,775.4,707.8959645987248
686,799.6,708.9467609776391
687,801.8,709.9975830865156
688,794.4,711.0484308885303
689,803.4,712.0993043469656
690,824.8,713.150203425209
691,831.4,714.2011280867538
692,839.6,715.2520782951975
693,848.2,716.3030540142427
694,858.0,717.3540552076951
695,861.0,718.4050818394642
696,850.4,719.4561338735626
697,879.4,720.5072112741054
698,863.6,721.5583140053094
699,856.2,722.6094420314937
700,872.0,723.6605953170781
701,874.6,724.7117738265835
702,886.8,725.762977524631
703,874.6,726.8142063759419
704,878.4,727.8654603453367
705,917.0,728.9167393977355
706,929.6,729.9680434981564
707,940.2,731.0193726117161
708,952.0,732.0707267036295
709,957.8,733.1221057392085
710,956.0,734.1735096838619
711,965.0,735.2249385030956
712,964.4,736.2763921625115
713,965.8,737.3278706278072
714,982.4,738.3793738647759
715,953.8,739.4309018393055
716,960.4,740.4824545173792
717,978.6,741.5340318650735
718,991.2,742.5856338485594
719,957.0,743.6372604341012
720,972.8,744.688911588056
721,966.6,745.7405872768741
722,982.0,746.7922874670973
723,949.8,747.84401212536
724,948.8,748.895761218388
725,956.2,749.9475347129978
726,947.2,750.9993325760972
727,942.6,752.0511547746844
728,933.2,753.1030012758469
729,941.0,754.1548720467628
730,957.6,755.2067670546987
731,921.8,756.2586862670111
732,908.4,757.3106296511437
733,905.8,758.3625971746299
734,899.2,759.4145888050897
735,917.8,760.4666045102313
736,888.8,761.5186442578498
737,889.0,762.5707080158272
738,900.4,763.6227957521317
739,906.6,764.6749074348178
740,909.6,765.7270430320256
741,915.4,766.7792025119807
742,896.4,767.8313858429937
743,900.2,768.8835929934596
744,902.8,769.9358239318584
745,908.2,770.9880786267536
746,908.4,772.0403570467927
747,938.6,773.092659160706
748,947.6,774.1449849373076
749,943.4,775.1973343454937
750,929.6,776.2497073542432
751,936.2,777.3021039326169
752,920.4,778.354524049757
753,888.2,779.4069676748876
754,864.8,780.4594347773136
755,898.6,781.5119253264206
756,891.2,782.5644392916748
757,885.0,783.6169766426223
758,913.2,784.6695373488891
759,916.2,785.7221213801805
760,939.6,786.7747287062813
761,950.6,787.8273592970547
762,954.8,788.8800131224428
763,975.4,789.932690152466
764,939.6,790.9853903572222
765,965.8,792.0381137068872
766,960.8,793.0908601717141
767,965.8,794.1436297220329
768,962.0,795.1964223282505
769,975.4,796.24923796085
770,982.4,797.302076590391
771,1002.6,798.3549381875085
772,1014.4,799.4078227229132
773,1013.8,800.460730167391
774,1034.0,801.5136604918032
775,1034.6,802.5666136670848
776,1028.0,803.619589664246
777,1023.4,804.672588454371
778,996.0,805.7256100086173
779,1021.8,806.7786542982166
780,1002.4,807.8317212944733
781,1041.0,808.8848109687649
782,1062.8,809.9379232925418
783,1051.4,810.9910582373267
784,1059.2,812.0442157747143
785,1074.6,813.0973958763711
786,1097.2,814.1505985140357
787,1094.6,815.2038236595171
788,1079.6,816.2570712846962
789,1078.6,817.3103413615243
790,1057.6,818.3636338620232
791,1027.4,819.416948758285
792,1065.6,820.4702860224717
793,1077.8,821.5236456268151
794,1070.0,822.5770275436164
795,1106.6,823.630431745246
796,1145.2,824.6838582041431
797,1161.0,825.7373068928159
798,1155.6,826.7907777838406
799,1161.0,827.8442708498618
800,1175.6,828.8977860635919
801,1166.6,829.9513233978112
802,1180.4,831.0048828253668
803,1145.8,832.0584643191737
804,1151.6,833.1120678522133
805,1141.0,834.1656933975337
806,1134.0,835.2193409282495
807,1149.8,836.2730104175414
808,1156.8,837.3267018386562
809,1141.0,838.3804151649059
810,1118.8,839.4341503696686
811,1121.8,840.487907426387
812,1140.0,841.5416863085687
813,1123.4,842.5954869897867
814,1150.0,843.6493094436778
815,1133.0,844.7031536439432
816,1137.2,845.7570195643483
817,1122.6,846.8109071787219
818,1120.0,847.8648164609567
819,1109.0,848.9187473850085
820,1099.6,849.9726999248963
821,1084.2,851.0266740547016
822,1066.8,852.0806697485689
823,1042.6,853.1346869807049
824,1012.4,854.1887257253785
825,1009.8,855.2427859569204
826,1006.0,856.2968676497234
827,1042.6,857.350970778241
828,1045.2,858.405095316989
829,1001.0,859.4592412405434
830,1020.8,860.5134085235414
831,986.6,861.5675971406807
832,994.4,862.6218070667195
833,952.2,863.676038276476
834,962.4,864.7302907448285
835,980.2,865.7845644467149
836,961.2,866.8388593571327
837,920.2,867.8931754511387
838,925.6,868.9475127038489
839,915.4,870.0018710904382
840,933.6,871.0562505861398
841,942.6,872.1106511662458
842,906.4,873.1650728061065
843,881.8,874.2195154811302
844,904.8,875.2739791667827
845,923.4,876.3284638385883
846,926.8,877.3829694721279
847,937.8,878.43749604304
848,955.6,879.4920435270202
849,967.4,880.5466118998208
850,990.8,881.6012011372509
851,998.6,882.655811215176
852,1007.6,883.7104421095175
853,1002.6,884.7650937962534
854,996.0,885.819766251417
855,990.6,886.874459451098
856,1002.8,887.9291733714407
857,998.6,888.9839079886453
858,1020.0,890.0386632789667
859,1061.8,891.0934392187149
860,1035.6,892.1482357842547
861,1052.2,893.2030529520051
862,1012.4,894.2578906984394
863,1004.2,895.3127490000853
864,1041.2,896.3676278335246
865,1065.8,897.4225271753921
866,1084.8,898.477447002377
867,1115.4,899.5323872912213
868,1162.4,900.5873480187205
869,1130.6,901.6423291617233
870,1145.6,902.6973306971306
871,1125.8,903.7523526018966
872,1123.2,904.8073948530275
873,1114.6,905.8624574275824
874,1140.0,906.9175403026717
875,1169.0,907.9726434554584
876,1169.2,909.0277668631569
877,1161.8,910.0829105030335
878,1158.8,911.1380743524056
879,1142.6,912.1932583886419
880,1143.2,913.2484625891623
881,1137.8,914.3036869314376
882,1131.6,915.358931392989
883,1109.8,916.4141959513887
884,1131.6,917.4694805842588
885,1147.4,918.5247852692722
886,1192.8,919.5801099841511
887,1188.2,920.6354547066682
888,1205.2,921.6908194146455
889,1216.2,922.7462040859547
890,1206.8,923.8016086985169
891,1221.0,924.8570332303024
892,1200.4,925.9124776593303
893,1188.2,926.9679419636687
894,1168.4,928.0234261214348
895,1169.0,929.0789301107936
896,1165.6,930.1344539099591
897,1170.6,931.1899974971934
898,1201.6,932.2455608508062
899,1209.8,933.3011439491559
900,1199.2,934.3567467706478
901,1184.2,935.4123692937354
902,1166.8,936.4680114969194
903,1132.2,937.5236733587479
904,1149.6,938.5793548578159
905,1168.2,939.6350559727654
906,1219.2,940.6907766822854
907,1267.4,941.7465169651114
908,1285.2,942.8022768000252
909,1253.0,943.8580561658554
910,1270.8,944.9138550414765
911,1270.6,945.969673405809
912,1234.0,947.0255112378195
913,1223.4,948.08136851652
914,1218.4,949.1372452209687
915,1227.4,950.1931413302684
916,1204.8,951.2490568235681
917,1199.4,952.304991680061
918,1178.8,953.3609458789862
919,1160.2,954.416919399627
920,1148.4,955.4729122213117
921,1120.2,956.5289243234131
922,1124.4,957.5849556853483
923,1121.8,958.6410062865792
924,1147.2,959.6970761066109
925,1125.0,960.7531651249934
926,1145.6,961.80927332132
927,1137.0,962.8654006752279
928,1142.4,963.9215471663979
929,1161.0,964.9777127745539
930,1155.2,966.0338974794637
931,1183.4,967.0901012609374
932,1176.8,968.146324098829
933,1183.4,969.2025659730352
934,1186.4,970.2588268634946
935,1196.2,971.3151067501892
936,1206.4,972.3714056131433
937,1229.0,973.4277234324234
938,1234.0,974.4840601881385
939,1273.8,975.5404158604391
940,1326.8,976.5967904295181
941,1331.4,977.6531838756102
942,1311.2,978.7095961789914
943,1336.2,979.7660273199795
944,1365.6,980.8224772789333
945,1355.4,981.8789460362538
946,1363.2,982.9354335723818
947,1352.2,983.9919398678004
948,1354.8,985.0484649030325
949,1345.8,986.1050086586425
950,1308.4,987.1615711152352
951,1287.4,988.2181522534557
952,1294.8,989.2747520539897
953,1252.2,990.331370497563
954,1247.2,991.3880075649415
955,1284.2,992.444663236931
956,1260.0,993.5013374943777
957,1262.6,994.5580303181666
958,1245.6,995.6147416892233
959,1225.8,996.6714715885123
960,1214.0,997.7282199970373
961,1200.2,998.7849868958418
962,1186.0,999.841772266008
963,1219.4,1000.8985760886576
964,1230.8,1001.9553983449503
965,1215.4,1003.0122390160855
966,1249.2,1004.0690980833008
967,1251.4,1005.1259755278721
968,1249.2,1006.1828713311143
969,1218.6,1007.2397854743799
970,1181.6,1008.29671793906
971,1184.2,1009.3536687065838
972,1152.8,1010.4106377584181
973,1139.4,1011.4676250760676
974,1134.0,1012.5246306410752
975,1127.4,1013.5816544350206
976,1109.2,1014.6386964395214
977,1103.4,1015.6957566362325
978,1076.8,1016.752835006846
979,1071.4,1017.8099315330913
980,1036.4,1018.8670461967346
981,1039.4,1019.9241789795791
982,1028.0,1020.9813298634647
983,1024.2,1022.0384988302678
984,1026.4,1023.095685861902
985,1037.0,1024.1528909403166
986,1049.2,1025.2101140474979
987,1068.2,1026.267355165468
988,1063.6,1027.324614276285
989,1076.2,1028.3818913620437
990,1112.0,1029.439186404874
991,1106.6,1030.496499386942
992,1088.4,1031.55383029045
993,1076.2,1032.6111790976342
994,1073.6,1033.6685457907688
995,1065.0,1034.725930352161
996,1054.8,1035.7833327641542
997,1069.8,1036.8407530091279
998,1073.2,1037.898191069495
999,1077.8,1038.955646927704
1000,1056.4,1040.0131205662387
1001,1058.6,1041.0706119676174
1002,1064.8,1042.1281211143928
1003,1040.2,1043.1856479891521
1004,1037.6,1044.243192574517
1005,1005.0,1045.3007548531439
1006,1012.4,1046.358334807723
1007,1027.4,1047.4159324209788
1008,1002.4,1048.4735476756696
1009,999.4,1049.531180554588
1010,986.0,1050.5888310405603
1011,945.8,1051.6464991164462
1012,950.0,1052.7041847651394
1013,967.4,1053.761887969567
1014,986.8,1054.8196087126894
1015,995.4,1055.8773469775008
1016,958.0,1056.935102747028
1017,953.0,1057.9928760043308
1018,974.4,1059.0506667325033
1019,989.8,1060.1084749146712
1020,982.0,1061.1663005339935
1021,945.0,1062.2241435736619
1022,956.0,1063.282004016901
1023,934.6,1064.3398818469677
1024,939.2,1065.3977770471515
1025,945.0,1066.455689600774
1026,974.0,1067.5136194911893
1027,957.0,1068.571566701784
1028,926.4,1069.6295312159757
1029,906.6,1070.6875130172152
1030,936.4,1071.7455120889845
1031,972.2,1072.803528414798
1032,1010.0,1073.861561978201
1033,1007.4,1074.9196127627708
1034,1033.6,1075.9776807521168
1035,1019.4,1077.0357659298786
1036,1022.4,1078.0938682797284
1037,1037.8,1079.1519877853689
1038,1021.2,1080.2101244305338
1039,983.4,1081.268278198989
1040,1004.8,1082.32644907453
1041,969.0,1083.3846370409842
1042,970.4,1084.4428420822096
1043,1005.0,1085.5010641820945
1044,1014.8,1086.559303324558
1045,1032.2,1087.61755949355
1046,1022.8,1088.6758326730508
1047,1033.8,1089.734122847071
1048,1023.6,1090.7924299996514
1049,1037.8,1091.8507541148629
1050,1052.8,1092.909095176807
1051,1078.6,1093.967453169615
1052,1038.8,1095.0258280774478
1053,1069.8,1096.0842198844966
1054,1053.6,1097.142628574982
1055,1080.2,1098.2010541331547
1056,1068.0,1099.2594965432947
1057,1061.8,1100.3179557897117
1058,1030.0,1101.3764318567446
1059,1015.4,1102.434924728762
1060,1008.8,1103.4934343901618
1061,1008.2,1104.5519608253703
1062,1029.6,1105.610504018844
1063,1053.8,1106.6690639550677
1064,1067.2,1107.7276406185551
1065,1105.8,1108.7862339938497
1066,1079.6,1109.8448440655227
1067,1099.4,1110.9034708181744
1068,1090.8,1111.9621142364338
1069,1093.8,1113.0207743049582
1070,1069.6,1114.079451008434
1071,1049.0,1115.1381443315754
1072,1008.8,1116.1968542591246
1073,1023.4,1117.255580775853
1074,1042.0,1118.3143238665596
1075,1036.2,1119.373083516071
1076,1021.2,1120.4318597092424
1077,1045.0,1121.4906524309572
1078,1016.4,1122.549461666126
1079,1052.2,1123.6082873996875
1080,1051.6,1124.6671296166076
1081,1041.8,1125.7259883018805
1082,1047.2,1126.7848634405275
1083,1043.4,1127.8437550175977
1084,1045.6,1128.9026630181668
1085,1069.8,1129.9615874273386
1086,1096.8,1131.020528230244
1087,1093.0,1132.079485412041
1088,1080.0,1133.1384589579147
1089,1109.0,1134.1974488530766
1090,1114.0,1135.2564550827658
1091,1117.0,1136.3154776322483
1092,1139.2,1137.3745164868167
1093,1157.0,1138.4335716317903
1094,1161.2,1139.4926430525147
1095,1144.2,1140.5517307343625
1096,1133.2,1141.6108346627332
1097,1134.6,1142.6699548230515
1098,1130.8,1143.7290912007697
1099,1109.8,1144.7882437813655
1100,1148.0,1145.8474125503433
1101,1116.2,1146.9065974932332
1102,1121.2,1147.965798595592
1103,1137.8,1149.0250158430022
1104,1170.8,1150.0842492210716
1105,1181.0,1151.143498715435
1106,1182.8,1152.2027643117522
1107,1214.6,1153.2620459957088
1108,1195.2,1154.321343753016
1109,1194.6,1155.3806575694111
1110,1218.0,1156.4399874306566
1111,1221.0,1157.4993333225398
1112,1254.4,1158.5586952308743
1113,1250.6,1159.6180731414986
1114,1254.0,1160.677467040277
1115,1243.4,1161.7368769130974
1116,1209.6,1162.7963027458745
1117,1185.8,1163.8557445245472
1118,1189.2,1164.9152022350797
1119,1157.0,1165.9746758634608
1120,1155.2,1167.0341653957041
1121,1172.2,1168.0936708178488
1122,1206.0,1169.1531921159574
1123,1189.8,1170.2127292761181
1124,1195.2,1171.272282284443
1125,1170.6,1172.3318511270695
1126,1158.4,1173.3914357901588
1127,1165.0,1174.4510362598967
1128,1175.6,1175.510652522493
1129,1145.0,1176.5702845641824
1130,1112.4,1177.6299323712233
1131,1142.6,1178.689595929898
1132,1129.6,1179.7492752265132
1133,1131.4,1180.8089702474
1134,1143.6,1181.8686809789126
1135,1169.8,1182.9284074074294
1136,1200.8,1183.988149519353
1137,1232.2,1185.0479073011093
1138,1244.0,1186.1076807391473
1139,1271.4,1187.1674698199413
1140,1241.6,1188.2272745299872
1141,1238.6,1189.287094855806
1142,1248.0,1190.3469307839412
1143,1251.4,1191.4067823009595
1144,1283.6,1192.4666493934521
1145,1254.6,1193.526532048032
1146,1262.4,1194.5864302513367
1147,1254.6,1195.6463439900253
1148,1248.4,1196.7062732507816
1149,1251.4,1197.7662180203113
1150,1276.0,1198.8261782853438
1151,1245.0,1199.8861540326304
1152,1213.6,1200.946145248946
1153,1217.0,1202.0061519210885
1154,1233.6,1203.0661740358773
1155,1199.4,1204.1262115801562
1156,1184.4,1205.1862645407898
1157,1213.0,1206.2463329046664
1158,1187.6,1207.3064166586962
1159,1184.2,1208.3665157898126
1160,1184.4,1209.4266302849705
1161,1186.6,1210.486760131147
1162,1167.6,1211.5469053153429
1163,1163.4,1212.6070658245792
1164,1140.8,1213.6672416459
1165,1145.8,1214.727432766372
1166,1169.6,1215.7876391730833
1167,1177.0,1216.8478608531436
1168,1157.2,1217.9080977936853
1169,1140.2,1218.968349981862
1170,1117.2,1220.02861740485
1171,1101.8,1221.088900049846
1172,1067.2,1222.1491979040693
1173,1105.8,1223.2095109547608
1174,1096.4,1224.2698391891827
1175,1081.0,1225.330182594619
1176,1110.4,1226.3905411583746
1177,1085.0,1227.4509148677764
1178,1074.4,1228.5113037101726
1179,1075.4,1229.5717076729325
1180,1100.8,1230.6321267434464
1181,1111.4,1231.6925609091263
1182,1094.8,1232.753010157405
1183,1116.2,1233.813474475737
1184,1126.0,1234.8739538515965
1185,1153.8,1235.9344482724805
1186,1198.0,1236.9949577259051
1187,1176.2,1238.0554821994085
1188,1198.8,1239.1160216805492
1189,1176.2,1240.176576156907
1190,1148.4,1241.2371456160813
1191,1164.2,1242.2977300456935
1192,1154.0,1243.3583294333848
1193,1167.4,1244.4189437668176
1194,1129.2,1245.4795730336734
1195,1141.8,1246.5402172216561
1196,1171.2,1247.6008763184886
1197,1150.6,1248.6615503119147
1198,1121.2,1249.7222391896983
1199,1099.4,1250.782942939624
1200,1137.2,1251.843661549496
1201,1115.4,1252.9043950071386
1202,1134.4,1253.9651433003971
1203,1129.0,1255.0259064171362
1204,1124.4,1256.0866843452404
1205,1135.4,1257.147477072615
1206,1117.6,1258.208284587184
1207,1161.8,1259.2691068768925
1208,1196.0,1260.329943929704
1209,1205.0,1261.3907957336035
1210,1182.4,1262.4516622765943
1211,1193.8,1263.5125435467
1212,1233.6,1264.5734395319637
1213,1240.2,1265.634350220448
1214,1278.8,1266.695275600235
1215,1278.6,1267.756215659426
1216,1285.6,1268.8171703861428
1217,1298.6,1269.8781397685252
1218,1332.4,1270.9391237947332
1219,1319.4,1272.0001224529458
1220,1330.4,1273.0611357313612
1221,1343.4,1274.1221636181972
1222,1374.8,1275.1832061016894
1223,1392.2,1276.2442631700947
1224,1370.4,1277.3053348116869
1225,1361.0,1278.36642101476
1226,1345.2,1279.4275217676268
1227,1361.0,1280.4886370586187
1228,1399.2,1281.5497668760863
1229,1417.0,1282.6109112083984
1230,1394.8,1283.6720700439437
1231,1386.6,1284.7332433711285
1232,1393.6,1285.794431178378
1233,1367.4,1286.855633454137
1234,1391.2,1287.9168501868674
1235,1426.6,1288.9780813650505
1236,1385.6,1290.0393269771862
1237,1425.0,1291.1005870117924
1238,1414.8,1292.1618614574058
1239,1425.0,1293.2231503025816
1240,1419.2,1294.2844535358922
1241,1435.4,1295.3457711459298
1242,1432.0,1296.4071031213039
1243,1421.0,1297.468449450642
1244,1439.6,1298.529810122591
1245,1417.8,1299.5911851258143
1246,1397.2,1300.6525744489945
1247,1389.0,1301.7139780808318
1248,1395.6,1302.7753960100442
1249,1420.2,1303.836828225368
1250,1432.8,1304.8982747155571
1251,1453.0,1305.9597354693835
1252,1488.8,1307.0212104756367
1253,1474.6,1308.0826997231243
1254,1450.0,1309.144203200671
1255,1475.4,1310.2057208971203
1256,1435.2,1311.267252801332
1257,1446.6,1312.3287989021844
1258,1428.8,1313.390359188573
1259,1463.4,1314.4519336494106
1260,1492.0,1315.5135222736285
1261,1451.4,1316.575125050174
1262,1422.0,1317.6367419680125
1263,1438.6,1318.698373016127
1264,1419.6,1319.7600181835173
1265,1432.2,1320.8216774592006
1266,1461.6,1321.8833508322114
1267,1473.8,1322.9450382916013
1268,1506.8,1324.0067398264393
1269,1489.0,1325.0684554258107
1270,1519.2,1326.1301850788193
1271,1537.8,1327.1919287745843
1272,1582.4,1328.2536865022428
1273,1599.4,1329.3154582509492
1274,1566.8,1330.3772440098735
1275,1601.8,1331.4390437682034
1276,1649.2,1332.5008575151437
1277,1669.8,1333.5626852399157
1278,1650.0,1334.624526931757
1279,1689.8,1335.6863825799223
1280,1712.8,1336.748252173683
1281,1702.6,1337.8101357023272
1282,1708.0,1338.872033155159
1283,1673.8,1339.9339445214998
1284,1722.0,1340.9958697906873
1285,1689.8,1342.057808952075
1286,1642.0,1343.119761995034
1287,1666.6,1344.1817289089506
1288,1652.0,1345.2437096832284
1289,1649.0,1346.3057043072868
1290,1624.8,1347.3677127705619
1291,1653.8,1348.4297350625052
1292,1634.4,1349.4917711725852
1293,1605.8,1350.5538210902866
1294,1580.0,1351.61588480511
1295,1594.6,1352.6779623065715
1296,1576.0,1353.7400535842041
1297,1557.8,1354.8021586275565
1298,1541.2,1355.8642774261934
1299,1532.2,1356.9264099696954
1300,1547.2,1357.9885562476593
1301,1558.6,1359.0507162496972
1302,1580.0,1360.1128899654377
1303,1593.8,1361.1750773845245
1304,1571.6,1362.2372784966178
1305,1545.8,1363.2994932913925
1306,1534.8,1364.3617217585404
1307,1505.8,1365.4239638877684
1308,1490.8,1366.4862196687989
1309,1501.0,1367.5484890913694
1310,1484.8,1368.6107721452345
1311,1519.4,1369.673068820163
1312,1546.0,1370.7353791059393
1313,1548.2,1371.7977029923636
1314,1532.0,1372.8600404692513
1315,1520.2,1373.9223915264336
1316,1527.2,1374.9847561537563
1317,1525.0,1376.047134341081
1318,1536.0,1377.1095260782843
1319,1509.0,1378.1719313552587
1320,1517.6,1379.2343501619107
1321,1487.4,1380.296782488163
1322,1498.0,1381.3592283239532
1323,1494.6,1382.4216876592336
1324,1527.6,1383.4841604839721
1325,1489.0,1384.546646788151
1326,1489.6,1385.609146561768
1327,1459.4,1386.6716597948362
1328,1440.8,1387.7341864773828
1329,1422.6,1388.7967265994503
1330,1436.4,1389.8592801510956
1331,1445.8,1390.9218471223915
1332,1418.4,1391.9844275034245
1333,1417.8,1393.047021284296
1334,1400.0,1394.1096284551231
1335,1417.8,1395.1722490060365
1336,1443.2,1396.2348829271818
1337,1453.8,1397.2975302087198
1338,1476.0,1398.360190840825
1339,1494.6,1399.4228648136873
1340,1548.0,1400.4855521175105
1341,1560.2,1401.5482527425133
1342,1561.2,1402.610966678929
1343,1542.6,1403.6736939170044
1344,1542.0,1404.736434447002
1345,1561.8,1405.7991882591978
1346,1592.4,1406.8619553438823
1347,1609.0,1407.9247356913606
1348,1626.4,1408.9875292919514
1349,1603.4,1410.0503361359886
1350,1631.6,1411.1131562138198
1351,1616.2,1412.1759895158064
1352,1660.4,1413.2388360323246
1353,1683.4,1414.3016957537643
1354,1712.8,1415.36456867053
1355,1698.6,1416.4274547730392
1356,1671.2,1417.4903540517248
1357,1616.2,1418.5532664970328
1358,1646.0,1419.6161920994232
1359,1665.0,1420.6791308493705
1360,1697.6,1421.7420827373624
1361,1713.0,1422.8050477539005
1362,1744.8,1423.8680258895013
1363,1726.6,1424.9310171346935
1364,1697.2,1425.994021480021
1365,1682.6,1427.057038916041
1366,1649.6,1428.1200694333236
1367,1682.6,1429.1831130224534
1368,1660.0,1430.246169674029
1369,1678.6,1431.3092393786617
1370,1680.8,1432.3723221269772
1371,1699.4,1433.4354179096144
1372,1721.2,1434.4985267172256
1373,1751.4,1435.5616485404769
1374,1772.4,1436.6247833700475
1375,1773.0,1437.6879311966306
1376,1809.6,1438.7510920109328
1377,1815.4,1439.8142658036732
1378,1834.0,1440.8774525655851
1379,1852.2,1441.9406522874153
1380,1892.0,1443.0038649599232
1381,1895.4,1444.067090573882
1382,1914.8,1445.1303291200777
1383,1933.8,1446.1935805893104
1384,1901.6,1447.2568449723922
1385,1871.4,1448.3201222601492
1386,1848.8,1449.3834124434202
1387,1849.0,1450.4467155130574
1388,1850.0,1451.5100314599265
1389,1866.6,1452.5733602749049
1390,1846.0,1453.6367019488844
1391,1809.8,1454.700056472769
1392,1783.2,1455.763423837476
1393,1793.0,1456.8268040339358
1394,1766.4,1457.8901970530912
1395,1757.8,1458.9536028858981
1396,1740.4,1460.0170215233256
1397,1740.2,1461.0804529563552
1398,1760.4,1462.1438971759812
1399,1721.0,1463.2073541732113
1400,1705.6,1464.2708239390652
1401,1681.8,1465.334306464575
1402,1656.4,1466.3978017407871
1403,1661.0,1467.461309758759
1404,1641.6,1468.5248305095615
1405,1629.8,1469.588363984278
1406,1614.8,1470.6519101740043
1407,1604.2,1471.715469069849
1408,1582.4,1472.7790406629329
1409,1587.4,1473.8426249443896
1410,1626.8,1474.9062219053649
1411,1606.6,1475.9698315370174
1412,1614.0,1477.0334538305178
1413,1634.6,1478.0970887770497
1414,1616.4,1479.1607363678086
1415,1616.2,1480.2243965940022
1416,1578.0,1481.288069446851
1417,1565.8,1482.3517549175876
1418,1527.2,1483.4154529974571
1419,1513.8,1484.4791636777163
1420,1523.6,1485.5428869496345
1421,1530.6,1486.6066228044938
1422,1511.6,1487.670371233587
1423,1499.4,1488.7341322282205
1424,1488.8,1489.7979057797122
1425,1477.8,1490.861691879392
1426,1450.8,1491.9254905186021
1427,1437.0,1492.989301688697
1428,1434.0,1494.0531253810423
1429,1445.0,1495.1169615870165
1430,1466.4,1496.1808102980094
1431,1447.4,1497.2446715054236
1432,1467.6,1498.3085452006726
1433,1505.0,1499.3724313751825
1434,1513.6,1500.4363300203909
1435,1506.6,1501.5002411277478
1436,1511.2,1502.5641646887138
1437,1520.2,1503.628100694763
1438,1496.8,1504.6920491373799
1439,1542.6,1505.756010008061
1440,1554.4,1506.819983298315
1441,1535.4,1507.883968999662
1442,1508.4,1508.947967103634
1443,1505.0,1510.011977601774
1444,1491.2,1511.0760004856372
1445,1453.0,1512.1400357467903
1446,1421.2,1513.204083376812
1447,1433.8,1514.268143367291
1448,1454.0,1515.3322157098296
1449,1445.0,1516.39630039604
1450,1458.8,1517.460397417547
1451,1430.6,1518.5245067659857
1452,1400.0,1519.588628433004
1453,1393.0,1520.65276241026
1454,1365.2,1521.716908689424
1455,1378.6,1522.781067262177
1456,1364.4,1523.8452381202117
1457,1377.0,1524.9094212552322
1458,1364.0,1525.973616658954
1459,1377.0,1527.0378243231035
1460,1382.4,1528.102044239418
1461,1367.4,1529.1662763996474
1462,1396.4,1530.2305207955512
1463,1364.2,1531.294777418901
1464,1379.6,1532.3590462614798
1465,1401.0,1533.4233273150805
1466,1375.2,1534.4876205715084
1467,1416.2,1535.5519260225794
1468,1403.6,1536.61624366012
1469,1351.4,1537.680573475969
1470,1335.2,1538.7449154619744
1471,1346.6,1539.8092696099968
1472,1389.2,1540.8736359119073
1473,1401.0,1541.9380143595872
1474,1438.4,1543.00240494493
1475,1465.0,1544.0668076598392
1476,1483.2,1545.1312224962296
1477,1481.0,1546.1956494460262
1478,1452.8,1547.2600885011661
1479,1470.6,1548.3245396535958
1480,1482.0,1549.3890028952737
1481,1465.0,1550.4534782181686
1482,1484.4,1551.5179656142598
1483,1434.6,1552.5824650755371
1484,1417.2,1553.6469765940024
1485,1402.6,1554.7115001616667
1486,1454.0,1555.7760357705524
1487,1441.0,1556.8405834126927
1488,1457.2,1557.9051430801308
1489,1473.8,1558.969714764921
1490,1453.6,1560.0342984591284
1491,1487.4,1561.0988941548278
1492,1499.2,1562.1635018441054
1493,1542.6,1563.2281215190578
1494,1500.8,1564.2927531717914
1495,1497.0,1565.357396794424
1496,1508.0,1566.422052379083
1497,1541.8,1567.4867199179068
1498,1556.0,1568.5513994030443
1499,1595.4,1569.6160908266545
1500,1592.0,1570.6807941809066
1501,1634.6,1571.7455094579805
1502,1622.4,1572.8102366500664
1503,1653.8,1573.8749757493647
1504,1670.8,1574.9397267480863
1505,1691.4,1576.0044896384518
1506,1708.0,1577.069264412693
1507,1675.4,1578.134051063051
1508,1647.2,1579.1988495817773
1509,1662.6,1580.2636599611344
1510,1682.0,1581.328482193394
1511,1625.0,1582.393316270838
1512,1629.2,1583.4581621857594
1513,1593.8,1584.5230199304604
1514,1577.6,1585.587889497253
1515,1594.6,1586.6527708784604
1516,1574.0,1587.7176640664154
1517,1589.8,1588.78256905346
1518,1605.2,1589.8474858319476
1519,1588.2,1590.91241439424
1520,1576.8,1591.9773547327109
1521,1576.2,1593.0423068397422
1522,1608.4,1594.1072707077267
1523,1661.0,1595.1722463290669
1524,1674.0,1596.237233696175
1525,1691.4,1597.302232801473
1526,1728.0,1598.3672436373938
1527,1706.6,1599.4322661963786
1528,1726.0,1600.497300470879
1529,1721.8,1601.562346453357
1530,1740.8,1602.6274041362838
1531,1693.8,1603.6924735121402
1532,1684.0,1604.757554573417
1533,1689.8,1605.8226473126153
1534,1674.8,1606.8877517222447
1535,1693.8,1607.9528677948254
1536,1681.6,1609.0179955228868
1537,1688.2,1610.0831348989684
1538,1637.6,1611.1482859156188
1539,1595.4,1612.2134485653962
1540,1606.8,1613.2786228408693
1541,1601.8,1614.343808734615
1542,1576.8,1615.409006239221
1543,1590.6,1616.4742153472841
1544,1614.8,1617.53943605141
1545,1636.2,1618.6046683442146
1546,1674.8,1619.6699122183231
1547,1655.4,1620.7351676663702
1548,1685.2,1621.800434681
1549,1697.0,1622.865713254866
1550,1700.4,1623.9310033806312
1551,1724.2,1624.9963050509675
1552,1694.4,1626.0616182585572
1553,1707.4,1627.1269429960907
1554,1681.6,1628.1922792562689
1555,1662.6,1629.2576270318011
1556,1658.0,1630.3229863154068
1557,1623.4,1631.3883570998134
1558,1649.6,1632.4537393777593
1559,1663.4,1633.5191331419908
1560,1702.8,1634.5845383852638
1561,1718.6,1635.649955100344
1562,1686.4,1636.7153832800052
1563,1719.4,1637.7808229170312
1564,1695.2,1638.846274004215
1565,1722.6,1639.911736534358
1566,1712.0,1640.9772105002714
1567,1670.6,1642.0426958947753
1568,1705.2,1643.1081927106989
1569,1690.6,1644.1737009408805
1570,1654.0,1645.2392205781673
1571,1671.4,1646.3047516154154
1572,1681.2,1647.3702940454907
1573,1687.4,1648.435847861267
1574,1669.2,1649.501413055628
1575,1659.4,1650.5669896214658
1576,1675.6,1651.6325775516816
1577,1689.8,1652.6981768391859
1578,1715.6,1653.7637874768977
1579,1693.8,1654.8294094577448
1580,1676.4,1655.8950427746643
1581,1657.0,1656.9606874206015
1582,1632.0,1658.0263433885118
1583,1614.6,1659.092010671358
1584,1631.2,1660.1576892621122
1585,1610.6,1661.223379153756
1586,1633.6,1662.289080339279
1587,1613.8,1663.3547928116798
1588,1576.8,1664.4205165639657
1589,1597.0,1665.4862515891527
1590,1634.0,1666.551997880266
1591,1650.6,1667.6177554303385
1592,1672.4,1668.6835242324128
1593,1662.6,1669.7493042795393
1594,1655.6,1670.8150955647782
1595,1644.2,1671.880898081197
1596,1610.4,1672.9467118218727
1597,1585.8,1674.0125367798905
1598,1599.2,1675.0783729483446
1599,1557.0,1676.1442203203374
1600,1522.8,1677.2100788889798
1601,1490.6,1678.2759486473915
1602,1476.0,1679.3418295887006
1603,1489.8,1680.407721706044
1604,1474.8,1681.4736249925666
1605,1465.0,1682.539539441422
1606,1424.0,1683.6054650457722
1607,1408.2,1684.6714017987879
1608,1394.8,1685.7373496936477
1609,1386.6,1686.8033087235392
1610,1392.0,1687.8692788816581
1611,1412.2,1688.9352601612086
1612,1372.0,1690.0012525554032
1613,1393.0,1691.0672560574624
1614,1417.2,1692.1332706606156
1615,1377.0,1693.1992963581008
1616,1390.8,1694.2653331431627
1617,1413.0,1695.3313810090563
1618,1417.2,1696.3974399490437
1619,1402.6,1697.4635099563955
1620,1434.8,1698.5295910243906
1621,1410.6,1699.5956831463157
1622,1447.2,1700.6617863154665
1623,1470.6,1701.7279005251469
1624,1445.2,1702.7940257686678
1625,1436.2,1703.8601620393492
1626,1450.0,1704.9263093305196
1627,1423.4,1705.9924676355147
1628,1401.6,1707.058636947679
1629,1418.6,1708.1248172603646
1630,1406.4,1709.1910085669322
1631,1398.6,1710.2572108607503
1632,1374.4,1711.3234241351954
1633,1340.2,1712.3896483836525
1634,1362.4,1713.4558835995138
1635,1369.8,1714.5221297761802
1636,1408.4,1715.5883869070606
1637,1398.6,1716.6546549855716
1638,1409.6,1717.720934005138
1639,1429.8,1718.787223959192
1640,1385.6,1719.8535248411747
1641,1423.4,1720.9198366445341
1642,1424.0,1721.986159362727
1643,1401.0,1723.0524929892179
1644,1389.2,1724.1188375174788
1645,1357.8,1725.1851929409897
1646,1394.8,1726.2515592532386
1647,1408.2,1727.3179364477216
1648,1368.0,1728.384324517942
1649,1395.4,1729.4507234574116
1650,1402.0,1730.5171332596494
1651,1419.4,1731.5835539181826
1652,1396.8,1732.6499854265458
1653,1425.0,1733.7164277782817
1654,1404.0,1734.7828809669406
1655,1419.4,1735.8493449860812
1656,1443.6,1736.9158198292685
1657,1421.0,1737.982305490076
1658,1390.4,1739.0488019620855
1659,1365.8,1740.1153092388852
1660,1339.2,1741.181827314072
1661,1297.8,1742.24835618125
1662,1254.0,1743.3148958340312
1663,1244.2,1744.3814462660348
1664,1224.8,1745.448007470888
1665,1192.2,1746.5145794422253
1666,1212.0,1747.581162173689
1667,1194.6,1748.6477556589289
1668,1172.8,1749.7143598916023
1669,1161.0,1750.7809748653742
1670,1135.6,1751.847600573917
1671,1123.4,1752.9142370109107
1672,1103.2,1753.9808841700424
1673,1097.8,1755.0475420450075
1674,1088.8,1756.114210629508
1675,1046.6,1757.1808899172538
1676,1058.8,1758.2475799019626
1677,1084.2,1759.3142805773587
1678,1058.0,1760.3809919371743
1679,1041.8,1761.4477139751493
1680,1064.0,1762.5144466850304
1681,1053.0,1763.5811900605718
1682,1018.4,1764.6479440955356
1683,992.2,1765.7147087836906
1684,975.2,1766.7814841188133
1685,953.0,1767.8482700946875
1686,944.8,1768.9150667051042
1687,927.4,1769.9818739438615
1688,903.2,1771.0486918047654
1689,900.2,1772.115520281629
1690,903.2,1773.1823593682718
1691,921.0,1774.2492090585217
1692,904.4,1775.3160693462137
1693,915.4,1776.382940225189
1694,943.6,1777.4498216892973
1695,941.8,1778.5167137323947
1696,965.2,1779.5836163483448
1697,981.8,1780.650529531018
1698,965.2,1781.7174532742924
1699,949.8,1782.784387572053
1700,963.6,1783.851332418192
1701,944.2,1784.9182878066083
1702,968.8,1785.9852537312088
1703,946.6,1787.0522301859066
1704,942.4,1788.1192171646228
1705,926.6,1789.1862146612843
1706,949.2,1790.253222669826
1707,963.4,1791.32024118419
1708,978.0,1792.387270198325
1709,985.8,1793.4543097061865
1710,1008.0,1794.521359701738
1711,994.6,1795.5884201789486
1712,1007.6,1796.6554911317953
1713,1014.6,1797.7225725542623
1714,1048.4,1798.78966444034
1715,1053.8,1799.8567667840261
1716,1064.8,1800.9238795793256
1717,1051.4,1801.9910028202498
1718,1018.4,1803.0581365008172
1719,1041.0,1804.1252806150535
1720,1048.4,1805.1924351569908
1721,1072.2,1806.2596001206682
1722,1087.2,1807.326775500132
1723,1085.8,1808.393961289435
1724,1083.6,1809.4611574826367
1725,1060.2,1810.5283640738041
1726,1074.0,1811.5955810570106
1727,1103.4,1812.6628084263361
1728,1106.8,1813.7300461758678
1729,1092.2,1814.7972942996996
1730,1107.6,1815.864552791932
1731,1133.8,1816.9318216466722
1732,1176.0,1817.9991008580346
1733,1165.8,1819.06639042014
1734,1182.0,1820.1336903271153
1735,1222.6,1821.2010005730958
1736,1214.4,1822.268321152222
1737,1237.8,1823.3356520586412
1738,1270.8,1824.4029932865087
1739,1313.8,1825.4703448299847
1740,1308.0,1826.537706683237
1741,1290.6,1827.6050788404405
1742,1253.2,1828.6724612957755
1743,1224.2,1829.7398540434301
1744,1206.0,1830.8072570775983
1745,1200.2,1831.8746703924808
1746,1234.8,1832.942093982285
1747,1249.0,1834.0095278412252
1748,1253.2,1835.0769719635218
1749,1295.4,1836.1444263434018
1750,1298.0,1837.2118909750989
1751,1337.8,1838.2793658528533
1752,1321.6,1839.3468509709119
1753,1289.8,1840.4143463235278
1754,1282.0,1841.4818519049604
1755,1260.2,1842.5493677094764
1756,1259.6,1843.6168937313485
1757,1277.8,1844.6844299648553
1758,1288.4,1845.7519764042831
1759,1306.6,1846.8195330439237
1760,1293.2,1847.8870998780756
1761,1335.4,1848.9546769010435
1762,1379.2,1850.022264107139
1763,1380.2,1851.08986149068
1764,1336.8,1852.1574690459904
1765,1349.8,1853.2250867674009
1766,1361.2,1854.292714649248
1767,1364.2,1855.3603526858753
1768,1343.6,1856.4280008716325
1769,1331.4,1857.4956592008753
1770,1351.6,1858.563327667966
1771,1357.0,1859.631006267273
1772,1330.4,1860.6986949931718
1773,1326.6,1861.7663938400428
1774,1339.2,1862.8341028022742
1775,1313.0,1863.9018218742592
1776,1318.8,1864.969551050398
1777,1287.4,1866.037290325097
1778,1288.0,1867.1050396927685
1779,1309.8,1868.1727991478313
1780,1342.0,1869.2405686847103
1781,1363.4,1870.3083482978368
1782,1352.4,1871.3761379816483
1783,1337.0,1872.443937730588
1784,1348.0,1873.5117475391057
1785,1389.8,1874.5795674016576
1786,1419.6,1875.6473973127056
1787,1419.4,1876.7152372667178
1788,1433.6,1877.783087258169
1789,1447.4,1878.850947281539
1790,1420.8,1879.918817331315
1791,1412.2,1880.9866974019894
1792,1446.8,1882.054587488061
1793,1446.6,1883.122487584035
1794,1481.2,1884.1903976844221
1795,1472.2,1885.2583177837396
1796,1466.0,1886.3262478765105
1797,1461.0,1887.3941879572637
1798,1452.4,1888.4621380205347
1799,1477.0,1889.5300980608647
1800,1500.4,1890.5980680728005
1801,1493.0,1891.6660480508963
1802,1512.0,1892.7340379897103
1803,1485.8,1893.8020378838085
1804,1445.2,1894.8700477277614
1805,1471.4,1895.938067516147
1806,1481.6,1897.0060972435476
1807,1485.8,1898.0741369045531
1808,1462.4,1899.142186493758
1809,1463.4,1900.210246005763
1810,1488.8,1901.278315435176
1811,1485.0,1902.3463947766086
1812,1457.2,1903.41448402468
1813,1477.8,1904.482583174015
1814,1477.2,1905.5506922192437
1815,1449.8,1906.6188111550027
1816,1434.0,1907.686939975934
1817,1449.8,1908.7550786766856
1818,1439.2,1909.8232272519112
1819,1436.2,1910.8913856962706
1820,1420.8,1911.9595540044302
1821,1405.8,1913.0277321710598
1822,1359.6,1914.095920190838
1823,1345.8,1915.1641180584468
1824,1345.6,1916.232325768575
1825,1372.2,1917.3005433159176
1826,1349.2,1918.3687706951744
1827,1341.0,1919.4370079010516
1828,1362.0,1920.505254928261
1829,1376.2,1921.5735117715199
1830,1382.0,1922.6417784255518
1831,1401.0,1923.7100548850856
1832,1374.4,1924.7783411448559
1833,1390.6,1925.8466371996028
1834,1412.0,1926.9149430440727
1835,1455.4,1927.9832586730174
1836,1416.4,1929.0515840811938
1837,1429.0,1930.1199192633658
1838,1452.0,1931.188264214301
1839,1420.2,1932.256618928775
1840,1397.2,1933.3249834015664
1841,1420.2,1934.3933576274626
1842,1457.2,1935.461741601253
1843,1453.0,1936.5301353177354
1844,1493.6,1937.5985387717126
1845,1501.8,1938.6669519579916
1846,1516.0,1939.735374871387
1847,1492.2,1940.8038075067175
1848,1467.6,1941.8722498588077
1849,1472.2,1942.9407019224882
1850,1520.0,1944.0091636925952
1851,1548.2,1945.0776351639695
1852,1530.0,1946.1461163314582
1853,1530.6,1947.214607189914
1854,1533.2,1948.2831077341941
1855,1517.8,1949.3516179591627
1856,1529.2,1950.420137859688
1857,1491.4,1951.4886674306458
1858,1494.4,1952.5572066669142
1859,1490.6,1953.6257555633802
1860,1523.6,1954.6943141149334
1861,1521.0,1955.7628823164705
1862,1530.0,1956.8314601628936
1863,1526.6,1957.900047649109
1864,1559.6,1958.9686447700299
1865,1571.4,1960.0372515205743
1866,1548.4,1961.1058678956651
1867,1539.4,1962.1744938902314
1868,1514.8,1963.243129499207
1869,1501.0,1964.311774717532
1870,1527.6,1965.380429540151
1871,1523.4,1966.4490939620143
1872,1556.8,1967.5177679780772
1873,1550.6,1968.5864515833011
1874,1561.6,1969.6551447726522
1875,1514.6,1970.7238475411016
1876,1525.2,1971.792559883627
1877,1532.2,1972.8612817952103
1878,1542.4,1973.9300132708393
1879,1509.0,1974.9987543055063
1880,1494.0,1976.0675048942098
1881,1539.4,1977.1362650319534
1882,1546.8,1978.2050347137451
1883,1520.2,1979.2738139345995
1884,1504.4,1980.3426026895359
1885,1490.6,1981.4114009735777
1886,1499.2,1982.480208781756
1887,1483.4,1983.5490261091043
1888,1466.4,1984.6178529506635
1889,1513.8,1985.6866893014787
1890,1492.0,1986.7555351566007
1891,1515.4,1987.824390511085
1892,1543.6,1988.8932553599925
1893,1574.6,1989.962129698389
1894,1625.2,1991.0310135213463
1895,1613.0,1992.09990682394
1896,1644.0,1993.168809601253
1897,1644.2,1994.2377218483705
1898,1689.6,1995.306643560385
1899,1636.2,1996.375574732394
1900,1660.0,1997.4445153594986
1901,1629.8,1998.5134654368067
1902,1598.0,1999.5824249594302
1903,1546.6,2000.651393922487
1904,1533.2,2001.7203723210994
1905,1518.6,2002.7893601503945
1906,1469.6,2003.8583574055049
1907,1517.0,2004.927364081569
1908,1478.4,2005.9963801737294
1909,1490.6,2007.0654056771339
1910,1490.0,2008.1344405869352
1911,1501.8,2009.203484898291
1912,1511.2,2010.2725386063642
1913,1485.8,2011.341601706323
1914,1449.2,2012.4106741933406
1915,1477.0,2013.4797560625948
1916,1506.0,2014.548847309268
1917,1498.6,2015.6179479285483
1918,1500.0,2016.687057915629
1919,1462.6,2017.756177265708
1920,1481.6,2018.825305973988
1921,1497.0,2019.894444035676
1922,1497.2,2020.963591445986
1923,1513.8,2022.0327482001348
1924,1516.8,2023.1019142933455
1925,1491.4,2024.171089720845
1926,1516.8,2025.2402744778663
1927,1497.0,2026.3094685596468
1928,1470.4,2027.3786719614286
1929,1469.0,2028.4478846784584
1930,1484.4,2029.5171067059894
1931,1460.2,2030.5863380392768
1932,1474.0,2031.655578673584
1933,1440.2,2032.724828604177
1934,1473.6,2033.7940878263273
1935,1497.0,2034.8633563353112
1936,1460.0,2035.93263412641
1937,1495.4,2037.0019211949098
1938,1463.2,2038.0712175361011
1939,1471.4,2039.1405231452802
1940,1471.2,2040.2098380177472
1941,1453.8,2041.2791621488075
1942,1439.6,2042.3484955337708
1943,1407.4,2043.4178381679526
1944,1406.0,2044.4871900466721
1945,1407.4,2045.5565511652542
1946,1421.6,2046.6259215190273
1947,1442.6,2047.6953011033263
1948,1446.4,2048.7646899134893
1949,1458.6,2049.83408794486
1950,1488.4,2050.9034951927865
1951,1451.4,2051.9729116526223
1952,1449.6,2053.042337319724
1953,1483.4,2054.1117721894543
1954,1449.2,2055.181216257181
1955,1479.4,2056.250669518275
1956,1479.6,2057.3201319681134
1957,1481.8,2058.3896036020774
1958,1491.6,2059.459084415552
1959,1512.2,2060.5285744039284
1960,1523.2,2061.598073562602
1961,1531.4,2062.6675818869726
1962,1518.4,2063.7370993724435
1963,1568.2,2064.8066260144255
1964,1578.8,2065.8761618083313
1965,1573.8,2066.94570674958
1966,1552.0,2068.0152608335943
1967,1588.2,2069.0848240558016
1968,1566.0,2070.1543964116345
1969,1588.2,2071.2239778965295
1970,1578.0,2072.293568505929
1971,1540.2,2073.363168235278
1972,1593.2,2074.432777080028
1973,1604.2,2075.502395035633
1974,1582.8,2076.572022097554
1975,1572.2,2077.641658261255
1976,1574.8,2078.711303522204
1977,1584.2,2079.7809578758765
1978,1565.2,2080.8506213177484
1979,1565.8,2081.920293843303
1980,1612.4,2082.9899754480275
1981,1591.4,2084.059666127413
1982,1610.4,2085.1293658769564
1983,1636.2,2086.1990746921574
1984,1605.2,2087.268792568522
1985,1590.6,2088.338519501559
1986,1561.6,2089.4082554867823
1987,1562.6,2090.478000519711
1988,1552.8,2091.547754595868
1989,1552.2,2092.617517710781
1990,1576.4,2093.6872898599813
1991,1589.8,2094.757071039006
1992,1576.8,2095.826861243396
1993,1554.6,2096.8966604686957
1994,1526.8,2097.9664687104555
1995,1548.2,2099.036285964229
1996,1544.4,2100.106112225575
1997,1548.2,2101.1759474900573
1998,1521.2,2102.2457917532424
1999,1505.0,2103.315645010702
2000,1559.6,2104.3855072580127
2001,1520.2,2105.4553784907544
2002,1520.0,2106.525258704513
2003,1512.2,2107.5951478948773
2004,1536.0,2108.665046057441
2005,1568.2,2109.734953187802
2006,1572.0,2110.804869281563
2007,1584.2,2111.87479433433
2008,1638.8,2112.9447283417157
2009,1653.0,2114.014671299334
2010,1670.8,2115.084623202805
2011,1663.4,2116.154584047753
2012,1631.6,2117.224553829806
2013,1635.4,2118.294532544597
2014,1634.4,2119.3645201877634
2015,1621.0,2120.434516754946
2016,1634.8,2121.5045222417903
2017,1671.4,2122.574536643946
2018,1679.6,2123.644559957068
2019,1662.6,2124.714592176814
2020,1700.0,2125.7846332988474
2021,1693.0,2126.8546833188343
2022,1694.0,2127.924742232446
2023,1645.8,2128.9948100353586
2024,1653.2,2130.0648867232508
2025,1621.8,2131.1349722918076
2026,1638.4,2132.2050667367166
2027,1628.2,2133.27517005367
2028,1611.2,2134.3452822383647
2029,1629.8,2135.4154032865013
2030,1685.2,2136.4855331937842
2031,1651.4,2137.5556719559236
2032,1687.2,2138.625819568633
2033,1681.0,2139.6959760276286
2034,1718.0,2140.766141328633
2035,1681.8,2141.836315467372
2036,1682.8,2142.906498439576
2037,1647.4,2143.9766902409783
2038,1634.8,2145.0468908673183
2039,1607.4,2146.117100314338
2040,1656.8,2147.1873185777845
2041,1674.6,2148.2575456534078
2042,1722.4,2149.327781536963
2043,1694.6,2150.39802622421
2044,1685.2,2151.4682797109112
2045,1628.2,2152.538541992834
2046,1603.2,2153.60881306575
2047,1625.0,2154.679092925434
2048,1652.8,2155.7493815676667
2049,1633.8,2156.819678988231
2050,1647.2,2157.8899851829146
2051,1662.6,2158.96030014751
2052,1645.2,2160.030623877812
2053,1652.2,2161.100956369622
2054,1643.2,2162.1712976187423
2055,1636.2,2163.2416476209823
2056,1693.6,2164.312006372154
2057,1715.4,2165.3823738680726
2058,1728.0,2166.4527501045586
2059,1752.2,2167.523135077437
2060,1754.4,2168.593528782535
2061,1720.2,2169.6639312156863
2062,1728.0,2170.734342372725
2063,1737.0,2171.8047622494937
2064,1769.6,2172.8751908418344
2065,1742.6,2173.9456281455973
2066,1749.6,2175.0160741566333
2067,1731.4,2176.086528870799
2068,1738.4,2177.1569922839553
2069,1796.2,2178.227464391965
2070,1827.2,2179.2979451906976
2071,1797.8,2180.368434676024
2072,1804.0,2181.4389328438215
2073,1797.0,2182.5094396899694
2074,1823.2,2183.5799552103517
2075,1809.0,2184.6504794008556
2076,1785.2,2185.721012257374
2077,1766.6,2186.7915537758017
2078,1740.4,2187.862103952039
2079,1733.0,2188.932662781989
2080,1687.2,2190.0032302615605
2081,1692.2,2191.0738063866625
2082,1677.2,2192.144391153212
2083,1701.0,2193.2149845571275
2084,1716.8,2194.285586594332
2085,1717.0,2195.356197260753
2086,1708.4,2196.426816552321
2087,1733.8,2197.49744446497
2088,1714.8,2198.56808099464
2089,1723.4,2199.6387261372715
2090,1746.4,2200.7093798888122
2091,1747.4,2201.7800422452115
2092,1755.6,2202.8507132024233
2093,1785.0,2203.921392756406
2094,1780.4,2204.9920809031205
2095,1778.6,2206.062777638532
2096,1769.2,2207.133482958611
2097,1767.4,2208.204196859329
2098,1761.2,2209.274919336664
2099,1778.6,2210.345650386596
2100,1833.6,2211.41639000511
2101,1778.6,2212.4871381881935
2102,1835.2,2213.5578949318387
2103,1809.0,2214.6286602320424
2104,1803.6,2215.6994340848028
2105,1781.8,2216.7702164861244
2106,1788.4,2217.8410074320136
2107,1778.6,2218.9118069184815
2108,1802.8,2219.9826149415426
2109,1770.6,2221.0534314972156
2110,1827.2,2222.1242565815223
2111,1825.8,2223.1950901904893
2112,1816.4,2224.265932320145
2113,1843.4,2225.336782966524
2114,1829.6,2226.4076421256623
2115,1837.0,2227.478509793601
2116,1894.8,2228.5493859663848
2117,1906.6,2229.6202706400622
2118,1922.0,2230.6911638106844
2119,1885.8,2231.7620654743073
2120,1859.6,2232.8329756269904
2121,1859.4,2233.9038942647962
2122,1898.8,2234.9748213837916
2123,1901.8,2236.045756980047
2124,1902.8,2237.1167010496365
2125,1929.0,2238.187653588637
2126,1954.0,2239.258614593131
2127,2017.0,2240.3295840592023
2128,2044.8,2241.400561982941
2129,2005.8,2242.4715483604377
2130,2058.8,2243.5425431877893
2131,2066.6,2244.613546461095
2132,2079.6,2245.684558176459
2133,2123.4,2246.7555783299867
2134,2160.0,2247.8266069177894
2135,2150.6,2248.8976439359803
2136,2149.2,2249.968689380678
2137,2105.0,2251.039743248003
2138,2120.0,2252.110805534081
2139,2102.6,2253.18187623504
2140,2072.4,2254.2529553470117
2141,2071.4,2255.324042866132
2142,2141.2,2256.3951387885395
2143,2157.8,2257.466243110379
2144,2133.6,2258.5373558277943
2145,2145.8,2259.6084769369363
2146,2160.8,2260.6796064339596
2147,2142.6,2261.75074431502
2148,2155.6,2262.821890576278
2149,2128.2,2263.8930452138984
2150,2179.2,2264.964208224048
2151,2201.8,2266.0353796028985
2152,2204.8,2267.106559346625
2153,2198.6,2268.1777474514056
2154,2208.4,2269.248943913422
2155,2183.4,2270.3201487288584
2156,2146.0,2271.3913618939055
2157,2108.2,2272.4625834047542
2158,2124.8,2273.5338132576007
2159,2148.2,2274.6050514486446
2160,2156.0,2275.6762979740884
2161,2133.0,2276.7475528301384
2162,2127.6,2277.8188160130044
2163,2110.6,2278.8900875188997
2164,2109.6,2279.961367344041
2165,2073.8,2281.0326554846483
2166,2086.4,2282.1039519369456
2167,2128.2,2283.175256697159
2168,2191.6,2284.2465697615203
2169,2164.2,2285.3178911262635
2170,2138.8,2286.3892207876247
2171,2125.8,2287.4605587418464
2172,2090.0,2288.531904985172
2173,2112.2,2289.603259513849
2174,2124.8,2290.674622324129
2175,2074.6,2291.7459934122667
2176,2091.2,2292.8173727745198
2177,2101.0,2293.88876040715
2178,2116.0,2294.960156306422
2179,2161.0,2296.031560468604
2180,2227.2,2297.1029728899675
2181,2301.8,2298.174393566788
2182,2285.2,2299.2458224953425
2183,2310.6,2300.3172596719146
2184,2327.2,2301.3887050927883
2185,2337.8,2302.460158754253
2186,2351.2,2303.5316206526
2187,2344.2,2304.603090784124
2188,2305.2,2305.6745691451247
2189,2347.4,2306.7460557319037
2190,2339.6,2307.8175505407658
2191,2304.2,2308.8890535680207
2192,2331.2,2309.96056480998
2193,2304.2,2311.0320842629585
2194,2295.6,2312.1036119232754
2195,2306.6,2313.1751477872526
2196,2298.0,2314.2466918512155
2197,2266.6,2315.3182441114923
2198,2274.4,2316.3898045644155
2199,2301.0,2317.4613732063203
2200,2314.0,2318.5329500335456
2201,2391.4,2319.6045350424324
2202,2417.2,2320.6761282293264
2203,2446.6,2321.7477295905765
2204,2481.2,2322.819339122533
2205,2539.4,2323.8909568215527
2206,2518.0,2324.962582683993
2207,2487.4,2326.034216706216
2208,2462.0,2327.105858884586
2209,2435.4,2328.1775092154708
2210,2451.2,2329.2491676952427
2211,2473.8,2330.320834320276
2212,2456.8,2331.392509086949
2213,2440.2,2332.4641919916417
2214,2405.6,2333.535883030739
2215,2427.4,2334.607582200629
2216,2448.4,2335.6792894977025
2217,2501.8,2336.7510049183534
2218,2531.2,2337.8227284589784
2219,2523.4,2338.894460115979
2220,2505.6,2339.966199885759
2221,2463.4,2341.0379477647243
2222,2450.4,2342.109703749286
2223,2498.6,2343.181467835857
2224,2508.8,2344.2532400208543
2225,2480.2,2345.3250203006974
2226,2444.0,2346.3968086718087
2227,2447.4,2347.4686051306153
2228,2454.0,2348.5404096735465
2229,2510.6,2349.6122222970344
2230,2472.8,2350.6840429975146
2231,2439.4,2351.755871771426
2232,2412.8,2352.8277086152107
2233,2364.2,2353.899553525314
2234,2362.4,2354.971406498184
2235,2362.6,2356.0432675302727
2236,2329.2,2357.1151366180343
2237,2316.2,2358.187013757927
2238,2270.4,2359.2588989464107
2239,2295.4,2360.3307921799505
2240,2274.0,2361.402693455014
2241,2319.4,2362.4746027680703
2242,2328.4,2363.546520115593
2243,2317.8,2364.6184454940594
2244,2287.2,2365.6903788999484
2245,2302.6,2366.7623203297435
2246,2286.8,2367.8342697799303
2247,2301.0,2368.906227246998
2248,2286.8,2369.978192727438
2249,2306.6,2371.050166217746
2250,2315.6,2372.1221477144204
2251,2285.0,2373.1941372139627
2252,2303.2,2374.2661347128765
2253,2313.8,2375.3381402076707
2254,2348.0,2376.4101536948547
2255,2351.4,2377.482175170943
2256,2336.8,2378.5542046324513
2257,2307.4,2379.6262420759003
2258,2260.0,2380.698287497813
2259,2245.0,2381.7703408947145
2260,2202.0,2382.8424022631343
2261,2213.0,2383.9144715996044
2262,2201.6,2384.9865489006597
2263,2134.6,2386.0586341628386
2264,2146.8,2387.130727382682
2265,2158.6,2388.202828556734
2266,2166.4,2389.274937681542
2267,2153.0,2390.347054753656
2268,2166.4,2391.419179769629
2269,2178.6,2392.491312726018
2270,2151.6,2393.563453619381
2271,2180.2,2394.6356024462816
2272,2147.2,2395.7077592032842
2273,2161.8,2396.779923886958
2274,2201.6,2397.852096493873
2275,2211.4,2398.9242770206038
2276,2193.6,2399.9964654637283
2277,2169.8,2401.068661819826
2278,2158.0,2402.1408660854804
2279,2133.0,2403.2130782572776
2280,2097.6,2404.285298331807
2281,2136.2,2405.35752630566
2282,2120.4,2406.429762175432
2283,2137.8,2407.5020059377216
2284,2125.6,2408.574257589129
2285,2139.4,2409.6465171262585
2286,2157.6,2410.718784545717
2287,2173.8,2411.791059844114
2288,2192.8,2412.863343018062
2289,2217.0,2413.935634064178
2290,2228.4,2415.007932979079
2291,2244.2,2416.080239759388
2292,2288.0,2417.1525544017286
2293,2329.0,2418.2248769027283
2294,2371.2,2419.2972072590173
2295,2373.8,2420.3695454672297
2296,2356.4,2421.4418915240008
2297,2344.2,2422.5142454259694
2298,2374.8,2423.5866071697783
2299,2393.0,2424.6589767520713
2300,2414.8,2425.7313541694975
2301,2389.0,2426.8037394187068
2302,2370.8,2427.8761324963525
2303,2352.2,2428.948533399091
2304,2366.8,2430.020942123582
2305,2447.4,2431.0933586664873
2306,2452.4,2432.165783024472
2307,2465.0,2433.2382151942043
2308,2458.4,2434.310655172355
2309,2465.0,2435.383102955597
2310,2457.6,2436.4555585406074
2311,2484.2,2437.5280219240653
2312,2473.6,2438.6004931026528
2313,2479.4,2439.6729720730555
2314,2421.2,2440.7454588319606
2315,2429.8,2441.817953376059
2316,2445.6,2442.890455702044
2317,2425.8,2443.9629658066124
2318,2446.0,2445.035483686463
2319,2399.4,2446.108009338299
2320,2364.8,2447.1805427588233
2321,2321.0,2448.2530839447454
2322,2376.0,2449.325632892774
2323,2329.0,2450.3981895996244
2324,2291.6,2451.470754062011
2325,2259.4,2452.5433262766533
2326,2304.8,2453.6159062402735
2327,2270.6,2454.6884939495953
2328,2290.4,2455.761089401346
2329,2351.4,2456.8336925922563
2330,2380.4,2457.906303519059
2331,2374.6,2458.9789221784886
2332,2385.2,2460.051548567285
2333,2340.2,2461.1241826821883
2334,2419.2,2462.196824519943
2335,2401.0,2463.269474077296
2336,2384.4,2464.342131350996
2337,2422.6,2465.414796337796
2338,2425.2,2466.4874690344504
2339,2350.6,2467.560149437718
2340,2346.0,2468.632837544358
2341,2358.6,2469.7055333511344
2342,2376.8,2470.778236854813
2343,2387.4,2471.850948052162
2344,2413.2,2472.9236669399543
2345,2422.6,2473.9963935149626
2346,2442.0,2475.0691277739643
2347,2461.8,2476.1418697137397
2348,2476.4,2477.21461933107
2349,2411.4,2478.2873766227412
2350,2391.2,2479.360141585541
2351,2426.6,2480.432914216259
2352,2363.6,2481.50569451169
2353,2426.6,2482.578482468629
2354,2438.4,2483.651278083874
2355,2436.2,2484.7240813542276
2356,2455.2,2485.796892276493
2357,2470.6,2486.8697108474767
2358,2446.0,2487.942537063989
2359,2475.4,2489.015370922841
2360,2518.4,2490.088212420849
2361,2535.4,2491.1610615548284
2362,2516.4,2492.2339183216004
2363,2536.2,2493.3067827179875
2364,2539.2,2494.3796547408156
2365,2505.8,2495.4525343869122
2366,2537.2,2496.525421653109
2367,2485.0,2497.5983165362377
2368,2496.0,2498.671219033136
2369,2490.6,2499.744129140642
2370,2554.8,2500.8170468555973
2371,2573.0,2501.8899721748453
2372,2522.4,2502.9629050952335
2373,2547.4,2504.0358456136105
2374,2528.4,2505.1087937268285
2375,2497.0,2506.1817494317424
2376,2524.0,2507.2547127252083
2377,2497.8,2508.3276836040877
2378,2537.2,2509.4006620652412
2379,2508.2,2510.473648105535
2380,2475.2,2511.5466417218367
2381,2446.6,2512.619642911016
2382,2442.0,2513.692651669946
2383,2425.0,2514.7656679955026
2384,2445.6,2515.838691884563
2385,2417.8,2516.911723334009
2386,2398.0,2517.9847623407227
2387,2381.8,2519.0578089015903
2388,2367.6,2520.130863013501
2389,2321.0,2521.2039246733448
2390,2329.6,2522.276993878016
2391,2289.0,2523.3500706244113
2392,2326.4,2524.4231549094275
2393,2345.0,2525.496246729968
2394,2346.8,2526.569346082935
2395,2340.2,2527.6424529652363
2396,2326.4,2528.7155673737807
2397,2339.4,2529.788689305479
2398,2283.2,2530.861818757246
2399,2258.6,2531.9349557259984
2400,2247.2,2533.0081002086545
2401,2235.4,2534.081252202138
2402,2259.6,2535.1544117033714
2403,2338.6,2536.2275787092826
2404,2330.0,2537.3007532168003
2405,2338.6,2538.3739352228567
2406,2405.6,2539.4471247243864
2407,2381.0,2540.5203217183266
2408,2360.8,2541.593526201617
2409,2391.4,2542.666738171198
2410,2459.6,2543.739957624016
2411,2433.8,2544.813184557018
2412,2429.2,2545.886418967152
2413,2437.0,2546.9596608513716
2414,2436.4,2548.032910206631
2415,2419.4,2549.106167029887
2416,2410.4,2550.179431318099
2417,2389.0,2551.25270306823
2418,2394.4,2552.325982277244
2419,2461.0,2553.399268942108
2420,2516.0,2554.4725630597914
2421,2501.8,2555.545864627267
2422,2526.8,2556.6191736415085
2423,2510.6,2557.692490099493
2424,2491.6,2558.765813998201
2425,2449.0,2559.8391453346126
2426,2453.6,2560.912484105714
2427,2463.4,2561.985830308491
2428,2520.4,2563.059183939934
2429,2499.4,2564.132544997033
2430,2553.2,2565.205913476784
2431,2580.2,2566.2792893761834
2432,2494.4,2567.3526726922296
2433,2481.8,2568.4260634219245
2434,2481.2,2569.4994615622722
2435,2490.6,2570.5728671102797
2436,2520.4,2571.646280062955
2437,2574.6,2572.7197004173104
2438,2626.4,2573.7931281703586
2439,2682.6,2574.8665633191176
2440,2739.6,2575.940005860604
2441,2797.0,2577.01345579184
2442,2812.0,2578.0869131098493
2443,2865.0,2579.160377811657
2444,2825.6,2580.2338498942913
2445,2783.4,2581.3073293547845
2446,2806.4,2582.3808161901684
2447,2828.2,2583.454310397479
2448,2816.4,2584.5278119737536
2449,2850.6,2585.6013209160337
2450,2871.6,2586.674837221361
2451,2853.0,2587.748360886781
2452,2885.6,2588.821891909342
2453,2866.6,2589.895430286093
2454,2880.0,2590.968976014086
2455,2897.0,2592.042529090377
2456,2920.8,2593.116089512022
2457,2960.2,2594.18965727608
2458,2976.4,2595.263232379615
2459,3002.6,2596.336814819689
2460,3012.8,2597.4104045933695
2461,3029.0,2598.484001697725
2462,3015.2,2599.5576061298275
2463,3032.2,2600.63121788675
2464,3044.0,2601.7048369655686
2465,3036.2,2602.778463363362
2466,3078.4,2603.8520970772106
2467,3059.4,2604.925738104197
2468,3047.6,2605.9993864414078
2469,3093.8,2607.0730420859295
2470,3066.0,2608.1467050348533
2471,3007.4,2609.2203752852706
2472,3028.0,2610.2940528342765
2473,3012.2,2611.3677376789688
2474,3067.6,2612.4414298164456
2475,3081.8,2613.51512924381
2476,3115.6,2614.5888359581645
2477,3067.4,2615.662549956617
2478,3096.8,2616.7362712362756
2479,3086.6,2617.809999794251
2480,3123.2,2618.8837356276567
2481,3061.8,2619.9574787336087
2482,3086.4,2621.031229109224
2483,3104.2,2622.104986751624
2484,3129.6,2623.1787516579307
2485,3109.0,2624.252523825269
2486,3045.6,2625.3263032507657
2487,3034.6,2626.40008993155
2488,3024.4,2627.473883864755
2489,3057.0,2628.5476850475134
2490,3129.2,2629.621493476962
2491,3117.8,2630.6953091502387
2492,3129.2,2631.7691320644853
2493,3134.6,2632.842962216844
2494,3114.0,2633.916799604461
2495,3081.8,2634.9906442244837
2496,3101.2,2636.064496074062
2497,3103.4,2637.1383551503473
2498,3132.8,2638.2122214504957
2499,3101.8,2639.2860949716624
2500,3113.2,2640.3599757110073
2501,3154.6,2641.4338636656903
2502,3089.6,2642.507758832877
2503,3121.0,2643.581661209731
2504,3101.2,2644.6555707934217
2505,3156.2,2645.7294875811185
2506,3176.0,2646.8034115699948
2507,3158.6,2647.8773427572237
2508,3110.8,2648.9512811399836
2509,3061.0,2650.025226715453
2510,3027.2,2651.0991794808137
2511,2995.4,2652.1731394332483
2512,2969.2,2653.2471065699438
2513,2985.8,2654.3210808880876
2514,2953.6,2655.39506238487
2515,2943.4,2656.4690510574837
2516,2914.0,2657.543046903124
2517,2868.2,2658.617049918986
2518,2886.0,2659.691060102271
2519,2871.4,2660.7650774501785
2520,2853.6,2661.8391019599135
2521,2865.8,2662.913133628681
2522,2880.4,2663.9871724536883
2523,2893.0,2665.0612184321467
2524,2906.0,2666.135271561268
2525,2924.2,2667.209331838267
2526,2892.4,2668.28339926036
2527,2911.4,2669.357473824766
2528,2874.4,2670.431555528706
2529,2890.6,2671.505644369404
2530,2938.8,2672.579740344084
2531,2879.4,2673.6538434499744
2532,2885.6,2674.727953684305
2533,2825.8,2675.802071044308
2534,2834.0,2676.8761955272166
2535,2790.6,2677.9503271302683
2536,2805.6,2679.024465850701
2537,2721.8,2680.098611685755
2538,2701.6,2681.172764632673
2539,2743.4,2682.2469246887003
2540,2789.2,2683.321091851084
2541,2765.0,2684.395266117073
2542,2748.4,2685.4694474839184
2543,2797.0,2686.543635948875
2544,2842.4,2687.6178315091965
2545,2899.4,2688.692034162142
2546,2882.8,2689.766243904972
2547,2867.4,2690.8404607349466
2548,2893.2,2691.9146846493313
2549,2925.8,2692.9889156453924
2550,2929.2,2694.063153720398
2551,2930.6,2695.1373988716186
2552,2916.8,2696.2116510963274
2553,2957.8,2697.2859103917986
2554,2943.2,2698.360176755309
2555,2922.6,2699.4344501841388
2556,2938.0,2700.508730675568
2557,2956.2,2701.5830182268805
2558,2940.4,2702.657312835361
2559,2878.6,2703.7316144982974
2560,2846.0,2704.8059232129795
2561,2913.0,2705.880238976699
2562,2890.4,2706.954561786749
2563,2889.0,2708.028891640425
2564,2924.0,2709.1032285350266
2565,2920.2,2710.177572467853
2566,2953.2,2711.2519234362057
2567,2973.8,2712.32628143739
2568,2996.4,2713.400646468712
2569,2981.0,2714.4750185274793
2570,2941.2,2715.549397611003
2571,2979.4,2716.623783716595
2572,2946.0,2717.6981768415712
2573,2945.0,2718.772576983247
2574,2960.4,2719.8469841389415
2575,2958.6,2720.921398305976
2576,2972.8,2721.995819481673
2577,2972.2,2723.0702476633573
2578,2995.2,2724.144682848356
2579,2996.2,2725.2191250339984
2580,3021.6,2726.293574217615
2581,3025.8,2727.36803039654
2582,3044.0,2728.4424935681072
2583,3025.0,2729.516963729655
2584,3010.0,2730.5914408785225
2585,3054.6,2731.6659250120506
2586,3036.8,2732.740416127583
2587,2998.6,2733.814914222466
2588,2953.6,2734.8894192940447
2589,2945.0,2735.963931339671
2590,2930.0,2737.038450356695
2591,2928.2,2738.1129763424706
2592,2921.6,2739.1875092943537
2593,2893.0,2740.2620492097017
2594,2934.8,2741.336596085874
2595,2850.6,2742.411149920232
2596,2877.6,2743.48571071014
2597,2844.2,2744.5602784529638
2598,2815.6,2745.634853146071
2599,2764.2,2746.7094347868297
2600,2770.4,2747.7840233726133
2601,2778.6,2748.858618900795
2602,2759.2,2749.933221368751
2603,2756.2,2751.007830773858
2604,2772.8,2752.082447113497
2605,2741.0,2753.1570703850484
2606,2744.8,2754.2317005858963
2607,2781.8,2755.3063377134267
2608,2767.6,2756.380981765027
2609,2725.8,2757.4556327380874
2610,2740.4,2758.5302906299985
2611,2724.2,2759.604955438155
2612,2706.0,2760.679627159951
2613,2707.4,2761.7543057927855
2614,2760.8,2762.828991334058
2615,2757.0,2763.903683781169
2616,2740.0,2764.978383131523
2617,2777.0,2766.053089382525
2618,2721.6,2767.127802531583
2619,2706.6,2768.202522576105
2620,2653.2,2769.2772495135036
2621,2652.2,2770.3519833411915
2622,2665.6,2771.4267240565846
2623,2641.0,2772.5014716571
2624,2696.8,2773.576226140156
2625,2682.6,2774.650987503175
2626,2644.0,2775.725755743579
2627,2698.6,2776.800530858794
2628,2740.0,2777.875312846246
2629,2721.8,2778.950101703364
2630,2669.6,2780.0248974275796
2631,2657.0,2781.0997000163256
2632,2637.6,2782.174509467036
2633,2623.4,2783.2493257771475
2634,2572.8,2784.3241489440998
2635,2578.6,2785.3989789653315
2636,2608.4,2786.4738158382866
2637,2627.4,2787.548659560409
2638,2672.4,2788.623510129145
2639,2678.6,2789.698367541943
2640,2686.8,2790.773231796252
2641,2665.8,2791.8481028895258
2642,2614.8,2792.922980819217
2643,2566.6,2793.9978655827817
2644,2515.6,2795.072757177679
2645,2550.6,2796.1476556013663
2646,2513.2,2797.222560851307
2647,2533.0,2798.297472924964
2648,2544.0,2799.372391819803
2649,2593.0,2800.44731753329
2650,2642.4,2801.5222500628956
2651,2621.0,2802.597189406091
2652,2604.4,2803.6721355603477
2653,2652.2,2804.747088523142
2654,2635.6,2805.8220482919496
2655,2586.6,2806.8970148642497
2656,2555.6,2807.971988237523
2657,2541.0,2809.0469684092513
2658,2588.0,2810.1219553769197
2659,2578.6,2811.196949138013
2660,2604.8,2812.271949690021
2661,2614.6,2813.3469570304323
2662,2587.6,2814.4219711567393
2663,2609.0,2815.4969920664353
2664,2564.0,2816.5720197570154
2665,2631.4,2817.6470542259776
2666,2573.6,2818.7220954708214
2667,2611.4,2819.7971434890474
2668,2652.0,2820.8721982781585
2669,2644.2,2821.947259835659
2670,2673.6,2823.0223281590575
2671,2669.8,2824.0974032458607
2672,2620.8,2825.1724850935793
2673,2649.8,2826.2475736997258
2674,2668.4,2827.322669061814
2675,2684.2,2828.39777117736
2676,2641.2,2829.4728800438816
2677,2675.4,2830.5479956588983
2678,2731.6,2831.6231180199316
2679,2679.4,2832.698247124504
2680,2674.4,2833.7733829701424
2681,2634.6,2834.848525554372
2682,2585.2,2835.9236748747217
2683,2595.4,2836.998830928723
2684,2613.6,2838.0739937139074
2685,2635.4,2839.14916322781
2686,2675.2,2840.224339467966
2687,2678.6,2841.2995224319134
2688,2682.0,2842.3747121171923
2689,2729.8,2843.4499085213442
2690,2711.6,2844.525111641912
2691,2697.0,2845.6003214764414
2692,2739.2,2846.6755380224786
2693,2757.0,2847.750761277573
2694,2739.6,2848.825991239275
2695,2758.6,2849.9012279051362
2696,2769.6,2850.976471272712
2697,2790.6,2852.0517213395574
2698,2783.6,2853.12697810323
2699,2759.4,2854.2022415612905
2700,2804.8,2855.277511711299
2701,2786.6,2856.3527885508197
2702,2809.2,2857.428072077417
2703,2785.0,2858.5033622886567
2704,2774.4,2859.578659182109
2705,2822.6,2860.653962755343
2706,2905.6,2861.729273005931
2707,2929.8,2862.804589931447
2708,2910.0,2863.8799135294666
2709,2917.0,2864.955243797567
2710,2904.0,2866.0305807333275
2711,2928.2,2867.105924334329
2712,2917.2,2868.1812745981542
2713,2870.6,2869.256631522387
2714,2861.6,2870.331995104615
2715,2823.4,2871.4073653424252
2716,2778.0,2872.482742233407
2717,2770.6,2873.5581257751533
2718,2774.8,2874.633515965256
2719,2696.2,2875.7089128013104
2720,2691.6,2876.784316280914
2721,2736.2,2877.859726401665
2722,2762.0,2878.935143161163
2723,2736.2,2880.010566557011
2724,2732.4,2881.085996586812
2725,2753.8,2882.1614332481727
2726,2735.6,2883.2368765386987
2727,2756.2,2884.312326456001
2728,2699.2,2885.387782997688
2729,2650.6,2886.4632461613746
2730,2572.4,2887.5387159446727
2731,2617.0,2888.6141923452
2732,2629.6,2889.689675360574
2733,2557.8,2890.7651649884133
2734,2546.8,2891.8406612263398
2735,2585.8,2892.916164071976
2736,2604.8,2893.991673522946
2737,2589.0,2895.067189576877
2738,2562.0,2896.142712231396
2739,2525.0,2897.2182414841345
2740,2577.2,2898.2937773327226
2741,2594.6,2899.3693197747934
2742,2610.0,2900.4448688079824
2743,2622.6,2901.520424429926
2744,2582.8,2902.5959866382627
2745,2568.2,2903.671555430632
2746,2618.0,2904.747130804676
2747,2589.0,2905.8227127580385
2748,2575.2,2906.8983012883637
2749,2533.0,2907.973896393299
2750,2546.4,2909.049498070493
2751,2548.2,2910.125106317596
2752,2558.8,2911.2007211322593
2753,2565.8,2912.276342512137
2754,2544.8,2913.3519704548844
2755,2525.8,2914.4276049581586
2756,2488.8,2915.503246019618
2757,2471.4,2916.578893636923
2758,2431.2,2917.6545478077355
2759,2426.6,2918.73020852972
2760,2435.6,2919.8058758005404
2761,2403.4,2920.881549617866
2762,2418.8,2921.9572299793635
2763,2429.0,2923.032916882704
2764,2451.6,2924.1086103255598
2765,2440.2,2925.1843103056044
2766,2482.0,2926.260016820514
2767,2549.0,2927.3357298679643
2768,2555.2,2928.4114494456358
2769,2495.4,2929.487175551207
2770,2514.4,2930.562908182362
2771,2469.8,2931.6386473367834
2772,2423.6,2932.7143930121565
2773,2433.0,2933.7901452061687
2774,2390.0,2934.8659039165086
2775,2381.8,2935.941669140867
2776,2341.6,2937.0174408769353
2777,2300.2,2938.0932191224083
2778,2312.0,2939.16900387498
2779,2319.4,2940.2447951323475
2780,2322.8,2941.3205928922102
2781,2334.6,2942.3963971522676
2782,2282.0,2943.4722079102226
2783,2265.8,2944.5480251637778
2784,2224.0,2945.623848910638
2785,2244.2,2946.699679148511
2786,2208.4,2947.7755158751056
2787,2245.8,2948.8513590881307
2788,2229.2,2949.9272087852987
2789,2276.2,2951.003064964322
2790,2229.2,2952.078927622917
2791,2218.6,2953.154796758799
2792,2184.0,2954.230672369687
2793,2209.8,2955.3065544533006
2794,2223.2,2956.382443007361
2795,2215.4,2957.4583380295912
2796,2248.8,2958.5342395177163
2797,2221.8,2959.610147469463
2798,2205.2,2960.6860618825576
2799,2212.2,2961.7619827547314
2800,2185.2,2962.8379100837146
2801,2185.8,2963.91384386724
2802,2198.8,2964.9897841030415
2803,2214.6,2966.0657307888555
2804,2198.8,2967.1416839224203
2805,2216.2,2968.2176435014735
2806,2251.6,2969.293609523757
2807,2229.8,2970.3695819870127
2808,2239.2,2971.445560888985
2809,2192.2,2972.521546227418
2810,2208.0,2973.5975380000605
2811,2169.0,2974.67353620466
2812,2199.6,2975.7495408389677
2813,2258.6,2976.825551900735
2814,2292.8,2977.9015693877154
2815,2278.6,2978.977593297664
2816,2288.0,2980.0536236283374
2817,2285.8,2981.1296603774936
2818,2276.0,2982.205703542893
2819,2258.6,2983.281753122296
2820,2243.6,2984.357809113466
2821,2230.6,2985.4338715141685
2822,2218.4,2986.509940322168
2823,2182.6,2987.586015535233
2824,2204.4,2988.662097151132
2825,2191.4,2989.738185167637
2826,2168.4,2990.8142795825192
2827,2181.0,2991.890380393553
2828,2210.4,2992.966487598514
2829,2245.0,2994.042601195179
2830,2245.2,2995.118721181327
2831,2244.2,2996.194847554738
2832,2289.2,2997.270980313193
2833,2339.4,2998.3471194544763
2834,2296.0,2999.4232649763717
2835,2271.4,3000.499416876666
2836,2247.6,3001.5755751531474
2837,2249.8,3002.6517398036053
2838,2304.8,3003.7279108258303
2839,2333.8,3004.8040882176156
2840,2286.4,3005.8802719767546
2841,2301.0,3006.956462101043
2842,2248.4,3008.0326585882785
2843,2261.8,3009.1088614362593
2844,2304.8,3010.185070642786
2845,2342.6,3011.26128620566
2846,2330.0,3012.3375081226845
2847,2344.2,3013.4137363916643
2848,2331.2,3014.4899710104073
2849,2294.6,3015.5662119767194
2850,2319.2,3016.642459288411
2851,2310.6,3017.7187129432928
2852,2326.0,3018.794972939177
2853,2349.0,3019.871239273878
2854,2356.4,3020.9475119452113
2855,2316.2,3022.0237909509938
2856,2359.2,3023.1000762890444
2857,2341.8,3024.1763679571823
2858,2371.6,3025.2526659532296
2859,2410.6,3026.32897027501
2860,2458.4,3027.4052809203467
2861,2508.2,3028.481597887067
2862,2482.8,3029.557921172998
2863,2489.0,3030.6342507759687
2864,2444.4,3031.71058669381
2865,2434.6,3032.786928924354
2866,2432.4,3033.863277465434
2867,2481.0,3034.9396323148853
2868,2510.8,3036.015993470545
2869,2524.2,3037.0923609302504
2870,2476.0,3038.168734691841
2871,2477.0,3039.245114753159
2872,2479.2,3040.3215011120465
2873,2501.8,3041.3978937663474
2874,2520.0,3042.474292713907
2875,2534.6,3043.5506979525726
2876,2487.6,3044.6271094801928
2877,2514.6,3045.7035272946177
2878,2530.4,3046.779951393699
2879,2483.4,3047.8563817752893
2880,2471.2,3048.932818437243
2881,2425.8,3050.009261377416
2882,2439.6,3051.085710593666
2883,2413.8,3052.1621660838523
2884,2388.8,3053.2386278458343
2885,2433.0,3054.3150958774745
2886,2411.2,3055.3915701766364
2887,2366.6,3056.4680507411836
2888,2409.2,3057.5445375689837
2889,2464.2,3058.6210306579037
2890,2481.2,3059.697530005813
2891,2471.4,3060.774035610582
2892,2434.8,3061.8505474700833
2893,2488.2,3062.9270655821897
2894,2522.4,3064.003589944776
2895,2484.2,3065.0801205557204
2896,2548.8,3066.156657412899
2897,2543.4,3067.2332005141925
2898,2559.6,3068.3097498574803
2899,2530.6,3069.3863054406465
2900,2512.4,3070.4628672615727
2901,2500.2,3071.5394353181455
2902,2458.8,3072.6160096082513
2903,2419.4,3073.692590129778
2904,2431.6,3074.7691768806153
2905,2393.0,3075.845769858654
2906,2458.8,3076.9223690617864
2907,2405.0,3077.9989744879063
2908,2426.0,3079.075586134909
2909,2431.4,3080.1522040006917
2910,2413.2,3081.2288280831517
2911,2347.4,3082.305458380189
2912,2308.4,3083.3820948897046
2913,2347.4,3084.4587376096006
2914,2391.6,3085.5353865377815
2915,2411.4,3086.612041672152
2916,2471.2,3087.688703010619
2917,2505.8,3088.7653705510907
2918,2454.4,3089.8420442914767
2919,2426.6,3090.9187242296875
2920,2486.4,3091.9954103636364
2921,2482.6,3093.072102691236
2922,2505.6,3094.1488012104023
2923,2479.4,3095.225505919052
2924,2533.6,3096.3022168151033
2925,2465.8,3097.378933896475
2926,2538.0,3098.4556571610883
2927,2565.8,3099.532386606865
2928,2574.8,3100.60912223173
2929,2557.8,3101.6858640336072
2930,2535.2,3102.7626120104237
2931,2522.6,3103.839366160107
2932,2541.2,3104.916126480587
2933,2514.6,3105.9928929697944
2934,2472.4,3107.0696656256605
2935,2485.0,3108.14644444612
2936,2482.8,3109.2232294291066
2937,2509.8,3110.3000205725566
2938,2486.8,3111.376817874409
2939,2521.8,3112.453621332602
2940,2543.2,3113.5304309450758
2941,2523.4,3114.607246709773
2942,2548.4,3115.684068624636
2943,2516.2,3116.76089668761
2944,2504.4,3117.837730896641
2945,2479.4,3118.9145712496766
2946,2481.2,3119.991417744665
2947,2530.6,3121.068270379557
2948,2552.8,3122.1451291523035
2949,2586.6,3123.221994060858
2950,2554.4,3124.298865103174
2951,2577.8,3125.3757422772087
2952,2625.2,3126.4526255809174
2953,2654.6,3127.52951501226
2954,2659.2,3128.6064105691953
2955,2684.2,3129.683312249685
2956,2742.4,3130.760220051691
2957,2776.2,3131.837133973178
2958,2801.2,3132.9140540121107
2959,2773.8,3133.9909801664558
2960,2793.6,3135.0679124341814
2961,2804.2,3136.144850813257
2962,2845.2,3137.2217953016534
2963,2903.4,3138.298745897342
2964,2894.8,3139.375702598297
2965,2889.0,3140.4526654024926
2966,2896.4,3141.5296343079053
2967,2906.6,3142.606609312513
2968,2882.0,3143.6835904142936
2969,2896.2,3144.7605776112277
2970,2865.6,3145.837570901297
2971,2804.2,3146.914570282484
2972,2866.8,3147.9915757527738
2973,2869.0,3149.068587310151
2974,2845.6,3150.1456049526037
2975,2835.4,3151.2226286781183
2976,2864.4,3152.299658484686
2977,2848.2,3153.376694370297
2978,2888.8,3154.453736332945
2979,2913.8,3155.5307843706214
2980,2909.6,3156.6078384813227
2981,2931.4,3157.684898663045
2982,2905.2,3158.761964913785
2983,2980.2,3159.839037231543
2984,2947.2,3160.916115614318
2985,2925.8,3161.993200060113
2986,2924.8,3163.0702905669295
2987,2862.6,3164.1473871327735
2988,2838.0,3165.2244897556484
2989,2857.8,3166.301598433563
2990,2864.4,3167.378713164525
2991,2861.8,3168.4558339465434
2992,2861.2,3169.5329607776303
2993,2882.6,3170.6100936557964
2994,2915.6,3171.6872325790564
2995,2888.2,3172.7643775454244
2996,2898.4,3173.841528552917
2997,2882.6,3174.9186855995513
2998,2944.8,3175.9958486833466
2999,2868.2,3177.0730178023227
3000,2879.2,3178.150192954501
3001,2900.2,3179.227374137904
3002,2926.8,3180.304561350556
3003,2850.6,3181.3817545904826
3004,2889.2,3182.4589538557093
3005,2901.0,3183.5361591442656
3006,2891.6,3184.6133704541794
3007,2903.4,3185.690587783482
3008,2928.0,3186.767811130205
3009,2953.0,3187.8450404923815
3010,2978.0,3188.9222758680457
3011,3021.0,3189.9995172552335
3012,3042.4,3191.0767646519826
3013,3068.2,3192.1540180563297
3014,3006.4,3193.231277466316
3015,2981.0,3194.3085428799814
3016,3038.0,3195.3858142953686
3017,3029.8,3196.4630917105205
3018,3073.6,3197.5403751234826
3019,3133.8,3198.6176645323008
3020,3106.4,3199.6949599350214
3021,3081.0,3200.772261329694
3022,3048.8,3201.8495687143686
3023,3077.0,3202.9268820870957
3024,3042.0,3204.0042014459277
3025,3063.4,3205.0815267889193
3026,3076.4,3206.1588581141245
3027,3063.4,3207.2361954195994
3028,3034.4,3208.3135387034026
3029,3047.4,3209.3908879635924
3030,3098.0,3210.4682431982283
3031,3111.4,3211.5456044053726
3032,3134.8,3212.6229715830873
3033,3173.0,3213.7003447294364
3034,3188.8,3214.7777238424856
3035,3175.4,3215.8551089203
3036,3196.0,3216.932499960949
3037,3260.2,3218.0098969625
3038,3286.8,3219.087299923024
3039,3316.2,3220.1647088405925
3040,3268.4,3221.2421237132776
3041,3252.2,3222.3195445391543
3042,3274.0,3223.3969713162974
3043,3259.4,3224.4744040427827
3044,3345.6,3225.551842716689
3045,3355.4,3226.629287336094
3046,3438.4,3227.706737899079
3047,3481.8,3228.784194403726
3048,3504.8,3229.861656848116
3049,3521.8,3230.9391252303344
3050,3595.2,3232.0165995484663
3051,3666.6,3233.0940798005977
3052,3636.0,3234.171565984816
3053,3648.2,3235.249058099211
3054,3669.6,3236.326556141873
3055,3700.2,3237.4040601108927
3056,3700.8,3238.481570004363
3057,3735.4,3239.5590858203786
3058,3713.2,3240.6366075570336
3059,3722.6,3241.714135212425
3060,3739.2,3242.7916687846496
3061,3793.0,3243.8692082718076
3062,3818.0,3244.9467536719985
3063,3833.0,3246.024304983324
3064,3789.2,3247.101862203885
3065,3809.8,3248.1794253317876
3066,3730.0,3249.2569943651356
3067,3681.8,3250.3345693020347
3068,3661.2,3251.4121501405934
3069,3700.2,3252.48973687892
3070,3709.2,3253.567329515125
3071,3734.6,3254.6449280473184
3072,3698.4,3255.7225324736132
3073,3761.0,3256.8001427921236
3074,3783.2,3257.877759000963
3075,3759.4,3258.955381098248
3076,3779.6,3260.033009082096
3077,3785.0,3261.110642950626
3078,3778.8,3262.1882827019563
3079,3835.4,3263.265928334208
3080,3898.4,3264.3435798455043
3081,3907.4,3265.421237233968
3082,3948.0,3266.4989004977233
3083,3961.0,3267.5765696348953
3084,3957.2,3268.654244643612
3085,3961.8,3269.7319255220013
3086,3948.4,3270.809612268192
3087,3925.8,3271.887304880315
3088,3893.2,3272.9650033565017
3089,3825.8,3274.0427076948854
3090,3858.0,3275.1204178936
3091,3817.0,3276.1981339507806
3092,3827.6,3277.275855864564
3093,3846.6,3278.3535836330875
3094,3856.8,3279.431317254491
3095,3897.0,3280.509056726913
3096,3931.6,3281.5868020484963
3097,3865.8,3282.664553217383
3098,3828.8,3283.742310231716
3099,3805.8,3284.820073089641
3100,3758.8,3285.897841789303
3101,3765.0,3286.9756163288503
3102,3717.6,3288.0533967064307
3103,3750.6,3289.1311829201936
3104,3758.8,3290.208974968291
3105,3824.2,3291.2867728488736
3106,3846.4,3292.3645765600945
3107,3787.4,3293.4423861001087
3108,3739.2,3294.5202014670713
3109,3757.0,3295.598022659139
3110,3722.4,3296.6758496744706
3111,3708.2,3297.753682511223
3112,3755.2,3298.831521167558
3113,3745.8,3299.909365641637
3114,3718.4,3300.987215931622
3115,3766.6,3302.065072035676
3116,3792.8,3303.1429339519655
3117,3836.2,3304.2208016786553
3118,3826.4,3305.2986752139136
3119,3821.8,3306.376554555907
3120,3840.8,3307.4544397028076
3121,3813.8,3308.532330652784
3122,3760.4,3309.610227404009
3123,3721.8,3310.688129954655
3124,3745.2,3311.766038302897
3125,3770.6,3312.84395244691
3126,3802.8,3313.9218723848703
3127,3824.2,3314.9997981149554
3128,3860.0,3316.077729635345
3129,3816.2,3317.155666944218
3130,3774.0,3318.233610039756
3131,3747.4,3319.3115589201416
3132,3769.6,3320.389513583558
3133,3765.8,3321.4674740281894
3134,3802.8,3322.545440252222
3135,3845.0,3323.6234122538426
3136,3800.4,3324.7013900312386
3137,3830.6,3325.7793735826
3138,3791.2,3326.8573629061166
3139,3754.6,3327.93535799998
3140,3780.4,3329.013358862383
3141,3809.0,3330.0913654915194
3142,3825.6,3331.1693778855833
3143,3843.4,3332.247396042772
3144,3878.4,3333.3254199612816
3145,3889.8,3334.40344963931
3146,3867.2,3335.481485075058
3147,3914.6,3336.5595262667257
3148,3942.4,3337.637573212515
3149,3947.4,3338.7156259106278
3150,3904.8,3339.7936843592684
3151,3875.4,3340.871748556642
3152,3840.4,3341.949818500955
3153,3881.8,3343.0278941904157
3154,3905.2,3344.1059756232307
3155,3871.4,3345.1840627976107
3156,3842.0,3346.262155711766
3157,3885.8,3347.3402543639086
3158,3978.0,3348.418358752252
3159,4014.6,3349.4964688750097
3160,4002.4,3350.574584730397
3161,3957.8,3351.6527063166304
3162,3897.2,3352.730833631927
3163,3868.2,3353.808966674506
3164,3809.6,3354.8871054425863
3165,3844.2,3355.9652499343892
3166,3788.0,3357.043400148137
3167,3733.8,3358.1215560820524
3168,3712.4,3359.199717734359
3169,3733.8,3360.2778851032836
3170,3769.2,3361.3560581870506
3171,3767.4,3362.434236983889
3172,3802.4,3363.5124214920265
3173,3749.0,3364.5906117096933
3174,3756.8,3365.6688076351197
3175,3757.8,3366.747009266538
3176,3720.0,3367.8252166021816
3177,3727.4,3368.903429640284
3178,3743.6,3369.9816483790805
3179,3761.8,3371.059872816808
3180,3739.6,3372.138102951703
3181,3721.0,3373.216338782005
3182,3731.6,3374.2945803059524
3183,3710.6,3375.3728275217873
3184,3734.0,3376.4510804277506
3185,3776.2,3377.529339022086
3186,3814.8,3378.6076033030363
3187,3786.6,3379.685873268848
3188,3796.8,3380.764148917766
3189,3785.8,3381.842430248038
3190,3808.0,3382.920717257913
3191,3839.4,3383.9990099456395
3192,3863.6,3385.077308309469
3193,3882.6,3386.155612347653
3194,3928.4,3387.2339220584436
3195,3925.0,3388.312237440095
3196,3959.6,3389.3905584908616
3197,3937.0,3390.468885209
3198,3972.8,3391.5472175927675
3199,3953.0,3392.625555640421
3200,4022.8,3393.7038993502215
3201,4031.4,3394.7822487204276
3202,4117.2,3395.8606037493014
3203,4149.0,3396.938964435106
3204,4073.6,3398.0173307761033
3205,4117.0,3399.0957027705595
3206,4181.6,3400.1740804167393
3207,4194.6,3401.2524637129095
3208,4138.4,3402.330852657339
3209,4054.6,3403.4092472482953
3210,4062.8,3404.487647484049
3211,4039.4,3405.5660533628716
3212,4037.6,3406.6444648830343
3213,3997.8,3407.7228820428104
3214,3992.4,3408.8013048404746
3215,3937.0,3409.879733274302
3216,3882.0,3410.9581673425687
3217,3801.8,3412.0366070435525
3218,3837.2,3413.1150523755323
3219,3858.6,3414.1935033367863
3220,3796.4,3415.271959925596
3221,3765.0,3416.350422140243
3222,3754.8,3417.4288899790104
3223,3758.6,3418.5073634401815
3224,3789.6,3419.5858425220404
3225,3844.2,3420.6643272228744
3226,3846.4,3421.7428175409696
3227,3817.0,3422.8213134746143
3228,3854.4,3423.8998150220978
3229,3869.0,3424.9783221817092
3230,3898.8,3426.0568349517407
3231,3943.4,3427.135353330484
3232,3953.6,3428.213877316233
3233,3976.2,3429.2924069072806
3234,3964.4,3430.3709421019234
3235,3907.4,3431.4494828984575
3236,3853.6,3432.5280292951797
3237,3799.4,3433.6065812903894
3238,3838.4,3434.6851388823857
3239,3777.8,3435.763702069469
3240,3849.2,3436.8422708499415
3241,3806.6,3437.920845222105
3242,3818.8,3438.999425184264
3243,3840.2,3440.0780107347223
3244,3855.6,3441.1566018717863
3245,3793.0,3442.235198593763
3246,3780.8,3443.3138008989595
3247,3841.0,3444.392408785685
3248,3913.2,3445.4710222522494
3249,3932.2,3446.5496412969637
3250,3972.4,3447.6282659181397
3251,3949.8,3448.706896114091
3252,3990.0,3449.7855318831303
3253,3938.6,3450.8641732235737
3254,3981.2,3451.9428201337373
3255,3899.4,3453.0214726119375
3256,3906.0,3454.100130656493
3257,3844.2,3455.1787942657224
3258,3798.8,3456.257463437947
3259,3844.2,3457.3361381714863
3260,3858.8,3458.414818464664
3261,3900.2,3459.4935043158025
3262,3912.4,3460.5721957232263
3263,3933.0,3461.6508926852607
3264,3969.2,3462.729595200232
3265,4001.0,3463.808303266467
3266,4000.4,3464.887016882295
3267,3963.4,3465.9657360460446
3268,3997.6,3467.044460756046
3269,4021.8,3468.1231910106317
3270,4039.6,3469.201926808133
3271,3961.0,3470.2806681468833
3272,4022.8,3471.3594150252175
3273,4062.6,3472.438167441471
3274,4085.6,3473.51692539398
3275,4098.6,3474.5956888810815
3276,4113.6,3475.674457901115
3277,4169.8,3476.7532324524186
3278,4217.2,3477.8320125333335
3279,4247.4,3478.9107981422017
3280,4229.2,3479.9895892773648
3281,4244.2,3481.068385937166
3282,4207.6,3482.1471881199504
3283,4222.6,3483.225995824064
3284,4180.0,3484.304809047852
3285,4149.0,3485.383627789662
3286,4194.4,3486.4624520478433
3287,4174.6,3487.541281820745
3288,4155.2,3488.6201171067173
3289,4199.4,3489.6989579041115
3290,4192.0,3490.77780421128
3291,4214.6,3491.856656026577
3292,4180.8,3492.935513348357
3293,4220.2,3494.0143761749737
3294,4242.8,3495.093244504785
3295,4217.0,3496.1721183361483
3296,4170.8,3497.250997667421
3297,4167.4,3498.329882496964
3298,4160.4,3499.4087728231357
3299,4185.0,3500.487668644299
3300,4270.0,3501.5665699588158
3301,4285.0,3502.645476765049
3302,4330.4,3503.7243890613627
3303,4255.4,3504.8033068461227
3304,4328.0,3505.882230117696
3305,4285.8,3506.9611588744483
3306,4249.2,3508.0400931147487
3307,4225.0,3509.119032836966
3308,4192.4,3510.197978039471
3309,4158.6,3511.2769287206343
3310,4124.0,3512.355884878828
3311,4102.6,3513.434846512425
3312,4118.8,3514.5138136198
3313,4074.6,3515.592786199328
3314,4033.6,3516.671764249385
3315,4059.4,3517.750747768347
3316,4062.4,3518.829736754594
3317,4115.4,3519.9087312065026
3318,4101.6,3520.9877311224536
3319,4093.8,3522.0667365008285
3320,4130.0,3523.145747340009
3321,4067.4,3524.224763638377
3322,4006.0,3525.303785394317
3323,4057.8,3526.382812606214
3324,4071.2,3527.461845272453
3325,4018.6,3528.5408833914207
3326,3968.4,3529.619926961505
3327,4005.8,3530.6989759810945
3328,3960.8,3531.778030448579
3329,3937.0,3532.8570903623486
3330,3923.2,3533.9361557207944
3331,3901.0,3535.01522652231
3332,3939.6,3536.0943027652875
3333,3921.0,3537.1733844481223
3334,3896.8,3538.2524715692084
3335,3923.4,3539.3315641269437
3336,3974.8,3540.4106621197243
3337,4021.0,3541.489765545948
3338,4059.2,3542.5688744040153
3339,4145.8,3543.6479886923253
3340,4176.8,3544.7271084092786
3341,4179.4,3545.8062335532786
3342,4176.8,3546.8853641227265
3343,4170.6,3547.964500116027
3344,4157.2,3549.0436415315853
3345,4097.0,3550.1227883678066
3346,4086.4,3551.2019406230975
3347,4053.8,3552.2810982958663
3348,4048.0,3553.3602613845205
3349,4091.4,3554.4394298874704
3350,4080.0,3555.5186038031266
3351,4057.8,3556.5977831298997
3352,4029.2,3557.6769678662026
3353,4076.2,3558.756158010449
3354,4102.4,3559.8353535610527
3355,4153.8,3560.9145545164283
3356,4132.4,3561.993760874992
3357,4155.4,3563.072972635162
3358,4194.4,3564.1521897953553
3359,4150.6,3565.231412353991
3360,4126.4,3566.310640309489
3361,4092.2,3567.3898736602696
3362,4050.4,3568.469112404755
3363,3983.4,3569.548356541368
3364,4013.2,3570.627606068532
3365,4066.6,3571.7068609846706
3366,4101.6,3572.7861212882103
3367,4093.8,3573.8653869775776
3368,4074.0,3574.944658051199
3369,4058.6,3576.023934507503
3370,4111.2,3577.1032163449186
3371,4156.2,3578.1825035618763
3372,4168.8,3579.261796156806
3373,4193.8,3580.3410941281413
3374,4184.0,3581.4203974743136
3375,4164.2,3582.499706193757
3376,4191.2,3583.579020284907
3377,4160.2,3584.6583397461977
3378,4133.6,3585.7376645760664
3379,4114.6,3586.8169947729507
3380,4138.4,3587.8963303352884
3381,4093.0,3588.975671261519
3382,4129.6,3590.055017550083
3383,4146.6,3591.1343691994207
3384,4164.4,3592.213726207975
3385,4118.6,3593.293088574188
3386,4166.8,3594.3724562965044
3387,4197.8,3595.4518293733677
3388,4182.4,3596.531207803225
3389,4237.8,3597.6105915845214
3390,4273.2,3598.6899807157056
3391,4264.2,3599.769375195225
3392,4220.0,3600.8487750215295
3393,4152.2,3601.9281801930692
3394,4171.2,3603.007590708295
3395,4213.8,3604.0870065656586
3396,4243.2,3605.166427763614
3397,4249.8,3606.2458543006137
3398,4272.0,3607.325286175113
3399,4289.8,3608.4047233855676
3400,4273.2,3609.484165930434
3401,4345.8,3610.563613808169
3402,4320.4,3611.6430670172313
3403,4237.0,3612.7225255560807
3404,4217.6,3613.8019894231766
3405,4265.0,3614.88145861698
3406,4284.0,3615.9609331359534
3407,4297.8,3617.040412978559
3408,4310.8,3618.1198981432603
3409,4271.4,3619.1993886285227
3410,4314.4,3620.278884432811
3411,4328.2,3621.358385554592
3412,4297.6,3622.4378919923324
3413,4311.4,3623.5174037445004
3414,4295.2,3624.5969208095657
3415,4323.4,3625.676443185998
3416,4305.2,3626.755970872268
3417,4336.2,3627.835503866847
3418,4352.8,3628.915042168208
3419,4407.4,3629.9945857748244
3420,4433.6,3631.0741346851705
3421,4350.6,3632.153688897722
3422,4416.0,3633.2332484109543
3423,4449.8,3634.312813223345
3424,4467.6,3635.392383333372
3425,4441.8,3636.471958739514
3426,4423.6,3637.5515394402496
3427,4433.0,3638.631125434061
3428,4402.8,3639.710716719429
3429,4416.2,3640.790313294835
3430,4463.6,3641.8699151587634
3431,4513.0,3642.949522309698
3432,4496.0,3644.029134746123
3433,4510.6,3645.108752466525
3434,4543.6,3646.188375469391
3435,4555.4,3647.2680037532073
3436,4519.2,3648.347637316463
3437,4493.8,3649.4272761576476
3438,4578.4,3650.5069202752506
3439,4637.8,3651.586569667764
3440,4621.6,3652.6662243336787
3441,4580.2,3653.7458842714886
3442,4515.6,3654.8255494796867
3443,4584.2,3655.9052199567673
3444,4610.4,3656.9848957012255
3445,4605.0,3658.064576711559
3446,4642.0,3659.1442629862636
3447,4603.4,3660.2239545238376
3448,4549.2,3661.3036513227803
3449,4603.4,3662.3833533815905
3450,4536.8,3663.46306069877
3451,4515.4,3664.542773272819
3452,4477.2,3665.6224911022405
3453,4414.6,3666.7022141855373
3454,4398.4,3667.7819425212138
3455,4455.4,3668.8616761077747
3456,4369.2,3669.9414149437257
3457,4337.0,3671.021159027573
3458,4374.8,3672.100908357825
3459,4364.2,3673.1806629329894
3460,4390.0,3674.260422751575
3461,4449.0,3675.3401878120926
3462,4510.0,3676.4199581130524
3463,4461.0,3677.499733652967
3464,4500.8,3678.579514430348
3465,4549.8,3679.659300443709
3466,4526.0,3680.7390916915647
3467,4497.0,3681.81888817243
3468,4536.4,3682.8986898848207
3469,4529.0,3683.978496827254
3470,4542.0,3685.058308998247
3471,4489.8,3686.138126396319
3472,4466.8,3687.2179490199887
3473,4491.4,3688.2977768677765
3474,4478.4,3689.3776099382035
3475,4433.0,3690.4574482297917
3476,4391.6,3691.5372917410637
3477,4410.6,3692.617140470543
3478,4394.8,3693.6969944167545
3479,4387.4,3694.776853578223
3480,4343.2,3695.8567179534743
3481,4359.4,3696.9365875410363
3482,4402.4,3698.016462339436
3483,4434.6,3699.0963423472026
3484,4463.6,3700.1762275628653
3485,4389.8,3701.256117984954
3486,4355.2,3702.3360136120004
3487,4405.8,3703.415914442536
3488,4386.0,3704.495820475094
3489,4326.6,3705.575731708208
3490,4254.8,3706.6556481404123
3491,4300.2,3707.7355697702424
3492,4246.0,3708.815496596234
3493,4310.6,3709.895428616925
3494,4353.6,3710.9753658308523
3495,4327.4,3712.055308236555
3496,4311.6,3713.1352558325725
3497,4350.6,3714.2152086174447
3498,4405.6,3715.295166589713
3499,4346.6,3716.37512974792
3500,4400.0,3717.4550980906074
3501,4367.4,3718.535071616319
3502,4361.6,3719.6150503235995
3503,4281.0,3720.695034210994
3504,4284.0,3721.775023277049
3505,4205.0,3722.8550175203113
3506,4171.2,3723.9350169393283
3507,4222.6,3725.015021532648
3508,4170.8,3726.095031298821
3509,4186.6,3727.1750462363966
3510,4205.6,3728.2550663439265
3511,4145.0,3729.3350916199615
3512,4123.2,3730.415122063055
3513,4114.6,3731.495157671761
3514,4168.0,3732.575198444632
3515,4109.8,3733.6552443802243
3516,4052.4,3734.735295477094
3517,4120.2,3735.815351733797
3518,4138.4,3736.8954131488913
3519,4156.2,3737.9754797209353
3520,4128.8,3739.055551448488
3521,4209.8,3740.1356283301097
3522,4266.4,3741.215710364361
3523,4258.6,3742.295797549803
3524,4200.4,3743.3758898849983
3525,4123.4,3744.4559873685107
3526,4160.0,3745.5360899989037
3527,4149.0,3746.6161977747424
3528,4141.2,3747.696310694592
3529,4153.0,3748.776428757019
3530,4132.4,3749.856551960591
3531,4192.2,3750.936680303876
3532,4185.6,3752.0168137854425
3533,4216.2,3753.0969524038605
3534,4172.0,3754.1770961577
3535,4184.2,3755.257245045533
3536,4199.6,3756.337399065931
3537,4149.8,3757.4175582174676
3538,4139.2,3758.497722498715
3539,4157.8,3759.577891908249
3540,4178.4,3760.658066444644
3541,4112.2,3761.7382461064767
3542,4172.4,3762.8184308923232
3543,4149.0,3763.8986208007627
3544,4184.0,3764.9788158303713
3545,4206.6,3766.0590159797302
3546,4213.2,3767.1392212474193
3547,4183.4,3768.2194316320183
3548,4108.0,3769.2996471321094
3549,4057.8,3770.379867746275
3550,4064.8,3771.4600934730993
3551,4075.4,3772.5403243111646
3552,4133.6,3773.620560259056
3553,4109.8,3774.7008013153604
3554,4143.2,3775.781047478663
3555,4115.4,3776.8612987475512
3556,4081.2,3777.941555120613
3557,4022.6,3779.0218165964375
3558,4077.2,3780.1020831736137
3559,4045.8,3781.182354850732
3560,4104.8,3782.2626316263836
3561,4077.0,3783.3429134991607
3562,4136.8,3784.423200467655
3563,4103.4,3785.5034925304612
3564,4134.4,3786.5837896861726
3565,4167.4,3787.664091933385
3566,4218.0,3788.744399270693
3567,4167.4,3789.8247116966945
3568,4253.6,3790.905029209986
3569,4219.4,3791.985351809166
3570,4164.0,3793.065679492833
3571,4167.4,3794.1460122595877
3572,4229.2,3795.2263501080297
3573,4289.0,3796.30669303676
3574,4338.0,3797.3870410443815
3575,4348.2,3798.467394129497
3576,4328.4,3799.547752290708
3577,4339.4,3800.6281155266224
3578,4319.2,3801.7084838358423
3579,4380.2,3802.7888572169745
3580,4330.4,3803.8692356686265
3581,4322.6,3804.9496191894045
3582,4296.4,3806.030007777918
3583,4290.6,3807.110401432775
3584,4330.0,3808.1908001525862
3585,4271.4,3809.2712039359603
3586,4269.2,3810.3516127815105
3587,4309.8,3811.4320266878485
3588,4367.2,3812.512445653586
3589,4426.6,3813.592869677338
3590,4490.0,3814.673298757718
3591,4485.8,3815.7537328933413
3592,4509.2,3816.8341720828234
3593,4536.2,3817.9146163247815
3594,4564.4,3818.995065617833
3595,4582.6,3820.0755199605965
3596,4581.6,3821.15597935169
3597,4631.4,3822.2364437897336
3598,4655.2,3823.316913273348
3599,4613.8,3824.3973878011543
3600,4585.6,3825.4778673717738
3601,4628.2,3826.55835198383
3602,4578.4,3827.6388416359473
3603,4549.8,3828.7193363267484
3604,4478.0,3829.7998360548577
3605,4505.0,3830.880340818903
3606,4567.6,3831.9608506175105
3607,4599.4,3833.041365449306
3608,4551.2,3834.1218853129194
3609,4538.6,3835.2024102069777
3610,4603.2,3836.2829401301115
3611,4641.0,3837.3634750809506
3612,4622.4,3838.4440150581268
3613,4620.2,3839.524560060271
3614,4659.2,3840.605110086017
3615,4637.8,3841.685665133997
3616,4686.0,3842.7662252028454
3617,4657.8,3843.8467902911966
3618,4594.0,3844.9273603976876
3619,4556.2,3846.0079355209523
3620,4536.0,3847.08851565963
3621,4618.6,3848.1691008123576
3622,4703.2,3849.2496909777733
3623,4675.4,3850.3302861545167
3624,4646.4,3851.410886341228
3625,4599.4,3852.4914915365475
3626,4590.0,3853.5721017391174
3627,4611.4,3854.65271694758
3628,4548.4,3855.7333371605773
3629,4597.0,3856.8139623767543
3630,4619.2,3857.8945925947546
3631,4659.4,3858.975227813223
3632,4746.8,3860.0558680308063
3633,4789.0,3861.136513246152
3634,4856.0,3862.217163457906
3635,4885.0,3863.297818664717
3636,4898.4,3864.378478865234
3637,4836.2,3865.459144058107
3638,4821.2,3866.5398142419863
3639,4769.8,3867.620489415522
3640,4728.8,3868.701169577367
3641,4760.2,3869.781854726174
3642,4753.6,3870.8625448605962
3643,4677.8,3871.943239979287
3644,4700.4,3873.023940080902
3645,4725.0,3874.1046451640964
3646,4750.8,3875.185355227526
3647,4785.0,3876.266070269849
3648,4726.4,3877.346790289722
3649,4689.8,3878.4275152858036
3650,4753.6,3879.5082452567535
3651,4770.6,3880.588980201231
3652,4802.8,3881.669720117898
3653,4831.4,3882.7504650054148
3654,4778.0,3883.831214862443
3655,4713.8,3884.911969687647
3656,4695.6,3885.9927294796885
3657,4633.0,3887.0734942372333
3658,4652.0,3888.154263958945
3659,4703.4,3889.2350386434914
3660,4699.2,3890.3158182895368
3661,4703.4,3891.3966028957498
3662,4716.8,3892.477392460797
3663,4657.8,3893.558186983348
3664,4722.0,3894.6389864620724
3665,4740.2,3895.719790895639
3666,4742.4,3896.8006002827196
3667,4747.4,3897.8814146219847
3668,4807.2,3898.962233912108
3669,4772.2,3900.0430581517617
3670,4720.8,3901.123887339619
3671,4701.0,3902.2047214743548
3672,4776.8,3903.2855605546442
3673,4844.2,3904.366404579162
3674,4776.8,3905.447253546586
3675,4829.0,3906.528107455593
3676,4870.8,3907.6089663048606
3677,4868.2,3908.689830093068
3678,4913.6,3909.7706988188934
3679,4859.4,3910.8515724810186
3680,4896.8,3911.9324510781234
3681,4887.4,3913.0133346088887
3682,4839.6,3914.0942230719984
3683,4811.4,3915.1751164661337
3684,4874.8,3916.256014789979
3685,4849.8,3917.3369180422196
3686,4844.8,3918.4178262215382
3687,4879.4,3919.4987393266224
3688,4877.2,3920.579657356158
3689,4897.8,3921.660580308833
3690,4942.8,3922.7415081833337
3691,4911.4,3923.82244097835
3692,4842.4,3924.9033786925706
3693,4916.2,3925.9843213246854
3694,4887.2,3927.065268873386
3695,4934.6,3928.146221337362
3696,4977.2,3929.2271787153068
3697,4957.0,3930.308141005913
3698,4923.6,3931.3891082078744
3699,4948.2,3932.4700803198853
3700,4968.8,3933.5510573406395
3701,4967.4,3934.632039268833
3702,4989.6,3935.7130261031625
3703,4993.8,3936.794017842325
3704,5049.2,3937.875014485018
3705,5050.6,3938.9560160299393
3706,5032.4,3940.0370224757894
3707,4974.6,3941.118033821267
3708,5018.4,3942.1990500650727
3709,5000.2,3943.280071205908
3710,4933.6,3944.3610972424744
3711,4955.4,3945.442128173475
3712,5023.2,3946.5231639976123
3713,5056.2,3947.60420471359
3714,5001.2,3948.685250320114
3715,5024.2,3949.766300815889
3716,4984.4,3950.847356199621
3717,5050.6,3951.9284164700166
3718,5080.4,3953.0094816257833
3719,5062.6,3954.0905516656294
3720,4996.0,3955.1716265882633
3721,4997.8,3956.2527063923953
3722,4936.8,3957.3337910767336
3723,4933.8,3958.4148806399917
3724,4937.2,3959.495975080879
3725,4900.2,3960.5770743981084
3726,4835.6,3961.658178590393
3727,4860.2,3962.7392876564472
3728,4863.2,3963.820401594983
3729,4800.2,3964.901520404718
3730,4753.2,3965.9826440843663
3731,4692.2,3967.0637726326436
3732,4641.2,3968.1449060482682
3733,4641.0,3969.226044329957
3734,4624.0,3970.3071874764296
3735,4565.0,3971.3883354864033
3736,4634.0,3972.4694883585994
3737,4570.6,3973.5506460917372
3738,4516.8,3974.631808684538
3739,4577.8,3975.712976135724
3740,4576.8,3976.7941484440175
3741,4547.4,3977.875325608142
3742,4508.4,3978.9565076268195
3743,4501.8,3980.037694498776
3744,4516.4,3981.1188862227377
3745,4477.0,3982.2000827974275
3746,4446.4,3983.281284221575
3747,4472.2,3984.3624904939056
3748,4454.4,3985.443701613147
3749,4471.4,3986.524917578028
3750,4471.2,3987.606138387279
3751,4514.6,3988.6873640396284
3752,4517.2,3989.7685945338067
3753,4485.8,3990.8498298685463
3754,4541.2,3991.931070042578
3755,4581.0,3993.012315054635
3756,4594.4,3994.0935649034495
3757,4634.6,3995.1748195877567
3758,4684.0,3996.2560791062906
3759,4742.6,3997.3373434577866
3760,4784.8,3998.41861264098
3761,4795.4,3999.4998866546075
3762,4812.8,4000.5811654974073
3763,4785.0,4001.662449168116
3764,4830.8,4002.743737665473
3765,4863.4,4003.825030988217
3766,4905.2,4004.906329135088
3767,4861.8,4005.987632104827
3768,4814.8,4007.068939896175
3769,4789.8,4008.1502525078736
3770,4843.6,4009.231569938665
3771,4856.2,4010.312892187293
3772,4799.2,4011.394219252502
3773,4788.2,4012.4755511330354
3774,4709.2,4013.5568878276385
3775,4692.2,4014.638229335058
3776,4679.6,4015.719575654039
3777,4730.6,4016.8009267833304
3778,4790.4,4017.882282721679
3779,4823.4,4018.9636434678328
3780,4776.4,4020.0450090205422
3781,4752.2,4021.126379378556
3782,4692.8,4022.2077545406246
3783,4627.4,4023.2891345054995
3784,4627.6,4024.370519271932
3785,4622.6,4025.4519088386755
3786,4629.2,4026.5333032044823
3787,4572.2,4027.614702368106
3788,4493.2,4028.696106328301
3789,4509.0,4029.7775150838233
3790,4531.6,4030.8589286334272
3791,4564.2,4031.9403469758695
3792,4590.8,4033.0217701099077
3793,4585.8,4034.103198034298
3794,4662.8,4035.184630747801
3795,4627.4,4036.2660682491733
3796,4592.0,4037.3475105371754
3797,4651.4,4038.428957610567
3798,4585.2,4039.5104094681105
3799,4548.2,4040.591866108566
3800,4504.0,4041.673327530696
3801,4592.2,4042.7547937332633
3802,4567.2,4043.836264715031
3803,4549.8,4044.9177404747647
3804,4575.2,4045.999221011227
3805,4526.6,4047.0807063231846
3806,4551.2,4048.1621964094034
3807,4563.4,4049.243691268649
3808,4517.2,4050.3251908996895
3809,4459.4,4051.406695301294
3810,4447.2,4052.488204472229
3811,4543.4,4053.569718411266
3812,4518.8,4054.6512371171725
3813,4589.8,4055.73276058872
3814,4564.0,4056.8142888246807
3815,4557.0,4057.8958218238245
3816,4547.2,4058.977359584925
3817,4573.0,4060.058902106756
3818,4589.6,4061.140449388089
3819,4605.8,4062.2220014277
3820,4633.6,4063.3035582243633
3821,4584.2,4064.3851197768554
3822,4590.4,4065.4666860839516
3823,4673.0,4066.548257144429
3824,4619.6,4067.6298329570654
3825,4659.4,4068.711413520639
3826,4702.8,4069.792998833928
3827,4780.2,4070.8745888957123
3828,4736.4,4071.956183704772
3829,4829.0,4073.037783259887
3830,4795.2,4074.11938755984
3831,4811.4,4075.2009966034116
3832,4908.4,4076.2826103893854
3833,4899.4,4077.3642289165437
3834,4854.8,4078.4458521836714
3835,4838.6,4079.5274801895516
3836,4822.0,4080.60911293297
3837,4774.6,4081.690750412714
3838,4742.8,4082.7723926275676
3839,4705.0,4083.854039576318
3840,4722.0,4084.935691257754
3841,4705.0,4086.0173476706627
3842,4643.6,4087.0990088138337
3843,4731.4,4088.180674686057
3844,4696.4,4089.262345286121
3845,4697.8,4090.3440206128184
3846,4636.4,4091.425700664939
3847,4539.4,4092.507385441276
3848,4570.0,4093.58907494062
3849,4586.6,4094.6707691617667
3850,4578.0,4095.752468103508
3851,4555.4,4096.83417176464
3852,4525.6,4097.915880143956
3853,4499.4,4098.997593240253
3854,4561.6,4100.079311052328
3855,4525.8,4101.161033578976
3856,4462.0,4102.2427608189955
3857,4372.2,4103.324492771185
3858,4392.0,4104.406229434342
3859,4433.0,4105.487970807268
3860,4452.8,4106.569716888762
3861,4477.8,4107.651467677623
3862,4428.0,4108.733223172655
3863,4448.2,4109.814983372658
3864,4460.8,4110.896748276437
3865,4484.2,4111.978517882792
3866,4447.6,4113.060292190528
3867,4477.0,4114.14207119845
3868,4533.6,4115.223854905363
3869,4605.8,4116.30564331007
3870,4651.2,4117.38743641138
3871,4698.6,4118.469234208099
3872,4744.0,4119.551036699034
3873,4781.0,4120.632843882993
3874,4684.4,4121.714655758786
3875,4663.4,4122.796472325221
3876,4603.6,4123.878293581107
3877,4581.8,4124.960119525256
3878,4579.2,4126.041950156478
3879,4601.0,4127.123785473587
3880,4622.0,4128.205625475392
3881,4617.8,4129.287470160707
3882,4671.6,4130.369319528347
3883,4590.6,4131.451173577124
3884,4612.8,4132.533032305854
3885,4586.6,4133.614895713353
3886,4534.4,4134.696763798434
3887,4553.0,4135.778636559916
3888,4502.8,4136.860513996615
3889,4449.8,4137.94239610735
3890,4438.4,4139.024282890939
3891,4429.8,4140.106174346199
3892,4460.8,4141.1880704719515
3893,4470.6,4142.269971267016
3894,4481.6,4143.351876730214
3895,4454.6,4144.433786860365
3896,4482.0,4145.5157016562935
3897,4525.0,4146.59762111682
3898,4459.2,4147.679545240768
3899,4407.4,4148.761474026962
3900,4446.4,4149.843407474225
3901,4492.2,4150.925345581384
3902,4504.4,4152.007288347262
3903,4451.4,4153.089235770687
3904,4443.2,4154.171187850486
3905,4494.6,4155.253144585484
3906,4476.4,4156.335105974511
3907,4480.2,4157.417072016395
3908,4452.0,4158.499042709964
3909,4433.8,4159.581018054049
3910,4390.4,4160.66299804748
3911,4439.4,4161.744982689089
3912,4490.4,4162.8269719777045
3913,4508.2,4163.908965912162
3914,4490.4,4164.990964491291
3915,4515.4,4166.072967713927
3916,4590.8,4167.154975578902
3917,4571.4,4168.236988085053
3918,4662.8,4169.319005231213
3919,4629.8,4170.401027016218
3920,4620.4,4171.483053438905
3921,4602.6,4172.565084498109
3922,4589.2,4173.64712019267
3923,4560.2,4174.729160521422
3924,4533.2,4175.811205483208
3925,4560.2,4176.893255076865
3926,4593.6,4177.975309301232
3927,4540.2,4179.057368155151
3928,4477.2,4180.139431637463
3929,4563.4,4181.221499747007
3930,4592.8,4182.303572482628
3931,4589.0,4183.385649843166
3932,4548.4,4184.467731827465
3933,4624.2,4185.549818434371
3934,4636.8,4186.631909662726
3935,4638.6,4187.714005511376
3936,4617.6,4188.796105979166
3937,4595.4,4189.878211064943
3938,4588.8,4190.960320767552
3939,4560.2,4192.042435085842
3940,4546.8,4193.124554018661
3941,4521.0,4194.206677564856
3942,4583.2,4195.288805723278
3943,4612.2,4196.370938492774
3944,4569.2,4197.453075872197
3945,4646.6,4198.535217860396
3946,4593.6,4199.617364456223
3947,4605.0,4200.69951565853
3948,4618.4,4201.781671466169
3949,4571.4,4202.863831877994
3950,4584.8,4203.945996892858
3951,4583.4,4205.0281665096145
3952,4584.8,4206.11034072712
3953,4527.4,4207.192519544229
3954,4557.2,4208.274702959798
3955,4596.2,4209.356890972682
3956,4566.4,4210.439083581739
3957,4579.4,4211.521280785828
3958,4579.6,4212.603482583806
3959,4609.0,4213.685688974532
3960,4648.0,4214.767899956865
3961,4627.4,4215.850115529665
3962,4644.8,4216.932335691793
3963,4647.4,4218.01456044211
3964,4629.6,4219.096789779479
3965,4581.8,4220.179023702761
3966,4545.2,4221.261262210817
3967,4577.0,4222.343505302513
3968,4557.2,4223.425752976713
3969,4602.6,4224.508005232279
3970,4586.4,4225.59026206808
3971,4560.2,4226.672523482978
3972,4616.8,4227.75478947584
3973,4592.2,4228.837060045535
3974,4607.6,4229.919335190928
3975,4590.6,4231.001614910888
3976,4622.0,4232.083899204284
3977,4635.4,4233.166188069984
3978,4639.6,4234.248481506857
3979,4731.4,4235.330779513775
3980,4792.8,4236.413082089607
3981,4824.2,4237.495389233227
3982,4825.6,4238.577700943504
3983,4862.6,4239.660017219311
3984,4823.6,4240.742338059522
3985,4877.8,4241.82466346301
3986,4914.0,4242.90699342865
3987,4922.6,4243.989327955315
3988,4879.2,4245.0716670418815
3989,4881.0,4246.154010687224
3990,4852.8,4247.236358890221
3991,4893.0,4248.3187116497475
3992,4929.6,4249.401068964682
3993,4969.8,4250.483430833901
3994,4930.0,4251.565797256286
3995,4922.6,4252.648168230713
3996,4965.6,4253.730543756064
3997,4992.2,4254.812923831219
3998,4958.8,4255.895308455057
3999,4934.6,4256.977697626461
4000,4948.0,4258.060091344312
4001,4922.6,4259.142489607493
4002,4939.2,4260.224892414888
4003,5001.8,4261.30729976538
4004,5041.2,4262.389711657851
4005,4987.4,4263.472128091188
4006,5040.8,4264.554549064276
4007,5094.6,4265.636974576
4008,5060.8,4266.719404625247
4009,5029.8,4267.801839210904
4010,4990.8,4268.884278331858
4011,4900.2,4269.966721986996
4012,4846.0,4271.04917017521
4013,4741.8,4272.131622895385
4014,4762.4,4273.214080146413
4015,4817.0,4274.296541927183
4016,4774.8,4275.379008236587
4017,4805.8,4276.461479073516
4018,4744.8,4277.543954436861
4019,4776.2,4278.626434325514
4020,4771.2,4279.708918738371
4021,4802.6,4280.791407674322
4022,4793.2,4281.873901132262
4023,4837.8,4282.956399111086
4024,4895.2,4284.03890160969
4025,4951.4,4285.121408626967
4026,4984.4,4286.203920161816
4027,5005.8,4287.286436213133
4028,5079.2,4288.368956779815
4029,5184.2,4289.451481860759
4030,5151.2,4290.5340114548635
4031,5201.8,4291.616545561029
4032,5269.2,4292.6990841781535
4033,5213.8,4293.781627305138
4034,5155.2,4294.864174940883
4035,5210.6,4295.946727084288
4036,5174.4,4297.029283734255
4037,5126.6,4298.111844889689
4038,5185.2,4299.1944105494895
4039,5240.2,4300.2769807125605
4040,5247.2,4301.359555377807
4041,5223.4,4302.4421345441315
4042,5208.4,4303.524718210441
4043,5285.0,4304.6073063756385
4044,5293.6,4305.689899038632
4045,5230.6,4306.772496198326
4046,5264.4,4307.85509785363
4047,5298.6,4308.93770400345
4048,5290.8,4310.020314646693
4049,5229.0,4311.102929782269
4050,5300.8,4312.185549409087
4051,5268.2,4313.268173526058
4052,5292.8,4314.3508021320895
4053,5302.6,4315.433435226094
4054,5230.8,4316.516072806982
4055,5244.2,4317.598714873666
4056,5284.4,4318.681361425058
4057,5290.6,4319.764012460069
4058,5326.0,4320.846667977617
4059,5277.8,4321.9293279766125
4060,5303.6,4323.01199245597
4061,5361.8,4324.094661414605
4062,5405.6,4325.177334851434
4063,5420.2,4326.260012765372
4064,5469.2,4327.3426951553365
4065,5473.8,4328.425382020243
4066,5524.4,4329.50807335901
4067,5469.0,4330.590769170556
4068,5532.0,4331.6734694538
4069,5540.2,4332.7561742076605
4070,5624.4,4333.838883431057
4071,5605.0,4334.921597122911
4072,5640.8,4336.004315282142
4073,5541.8,4337.087037907671
4074,5521.2,4338.169764998423
4075,5579.4,4339.252496553316
4076,5687.2,4340.335232571276
4077,5760.2,4341.417973051225
4078,5843.6,4342.500717992087
4079,5801.0,4343.5834673927875
4080,5775.6,4344.666221252251
4081,5841.0,4345.748979569402
4082,5799.6,4346.831742343168
4083,5864.2,4347.914509572474
4084,5922.0,4348.99728125625
4085,5978.6,4350.08005739342
4086,5911.2,4351.162837982914
4087,5946.6,4352.245623023661
4088,5940.0,4353.32841251459
4089,5874.6,4354.411206454629
4090,5911.6,4355.49400484271
4091,5885.0,4356.576807677763
4092,5916.4,4357.65961495872
4093,5992.2,4358.742426684513
4094,6072.8,4359.825242854072
4095,6094.6,4360.908063466332
4096,6087.2,4361.990888520226
4097,6127.4,4363.073718014686
4098,6071.2,4364.156551948649
4099,6013.0,4365.2393903210495
4100,5950.4,4366.322233130821
4101,5860.2,4367.4050803769
4102,5893.6,4368.487932058223
4103,5854.6,4369.570788173729
4104,5887.2,4370.653648722352
4105,5956.2,4371.736513703032
4106,5992.4,4372.819383114707
4107,5937.8,4373.902256956317
4108,5884.4,4374.9851352268
4109,5893.0,4376.068017925097
4110,5910.8,4377.150905050146
4111,5940.2,4378.233796600892
4112,5978.8,4379.316692576274
4113,5968.2,4380.399592975235
4114,5981.2,4381.482497796717
4115,5943.4,4382.565407039664
4116,5873.2,4383.648320703018
4117,5832.2,4384.731238785724
4118,5829.2,4385.814161286727
4119,5799.4,4386.897088204971
4120,5830.4,4387.980019539402
4121,5901.0,4389.062955288966
4122,5864.4,4390.145895452611
4123,5953.8,4391.228840029283
4124,6042.8,4392.311789017929
4125,6133.8,4393.3947424174985
4126,6084.8,4394.477700226939
4127,6041.8,4395.5606624452
4128,6021.6,4396.643629071232
4129,6066.6,4397.726600103983
4130,6086.8,4398.8095755424065
4131,6080.2,4399.892555385452
4132,6075.6,4400.975539632072
4133,6098.6,4402.058528281217
4134,6065.2,4403.141521331841
4135,6009.0,4404.224518782897
4136,6096.8,4405.307520633339
4137,6137.8,4406.390526882121
4138,6188.0,4407.473537528197
4139,6190.6,4408.556552570523
4140,6267.6,4409.6395720080545
4141,6296.2,4410.722595839748
4142,6256.4,4411.805624064558
4143,6296.2,4412.888656681445
4144,6256.4,4413.971693689365
4145,6319.4,4415.054735087277
4146,6290.0,4416.137780874137
4147,6243.4,4417.220831048908
4148,6246.0,4418.303885610547
4149,6317.8,4419.386944558015
4150,6343.6,4420.470007890273
4151,6257.8,4421.553075606282
4152,6240.0,4422.636147705004
4153,6211.4,4423.7192241854
4154,6266.0,4424.8023050464335
4155,6203.4,4425.885390287068
4156,6275.2,4426.968479906265
4157,6256.2,4428.0515739029925
4158,6260.4,4429.134672276212
4159,6233.8,4430.21777502489
4160,6272.4,4431.300882147991
4161,6386.6,4432.383993644482
4162,6392.0,4433.467109513329
4163,6326.6,4434.550229753501
4164,6290.8,4435.633354363963
4165,6363.4,4436.716483343685
4166,6424.8,4437.799616691635
4167,6461.8,4438.88275440678
4168,6496.8,4439.965896488093
4169,6440.2,4441.049042934542
4170,6435.6,4442.1321937450975
4171,6473.8,4443.215348918731
4172,6500.8,4444.298508454415
4173,6473.8,4445.381672351121
4174,6430.0,4446.4648406078195
4175,6388.2,4447.548013223486
4176,6459.6,4448.631190197093
4177,6424.2,4449.714371527614
4178,6454.0,4450.797557214025
4179,6413.0,4451.880747255298
4180,6389.6,4452.9639416504115
4181,6453.0,4454.04714039834
4182,6524.8,4455.13034349806
4183,6616.2,4456.213550948549
4184,6650.8,4457.296762748782
4185,6702.6,4458.379978897741
4186,6581.2,4459.4631993944
4187,6545.0,4460.546424237742
4188,6567.6,4461.629653426742
4189,6624.2,4462.712886960384
4190,6621.6,4463.796124837644
4191,6549.0,4464.879367057506
4192,6525.2,4465.962613618949
4193,6533.8,4467.045864520957
4194,6575.2,4468.129119762511
4195,6566.6,4469.2123793425935
4196,6600.8,4470.295643260188
4197,6651.4,4471.378911514277
4198,6599.2,4472.462184103847
4199,6554.6,4473.54546102788
4200,6524.0,4474.628742285363
4201,6557.8,4475.712027875281
4202,6616.0,4476.79531779662
4203,6622.6,4477.878612048366
4204,6635.6,4478.961910629506
4205,6670.6,4480.045213539028
4206,6608.4,4481.12852077592
4207,6650.6,4482.2118323391705
4208,6686.4,4483.295148227768
4209,6677.8,4484.378468440702
4210,6738.8,4485.461792976962
4211,6770.6,4486.545121835538
4212,6733.2,4487.628455015422
4213,6703.4,4488.711792515605
4214,6685.6,4489.795134335079
4215,6613.0,4490.878480472836
4216,6611.2,4491.961830927867
4217,6547.4,4493.045185699168
4218,6557.2,4494.128544785731
4219,6512.2,4495.211908186549
4220,6429.6,4496.295275900619
4221,6341.8,4497.378647926936
4222,6298.0,4498.462024264493
4223,6369.8,4499.545404912288
4224,6349.2,4500.628789869318
4225,6369.8,4501.712179134578
4226,6401.6,4502.795572707068
4227,6431.4,4503.878970585783
4228,6411.6,4504.962372769723
4229,6420.2,4506.045779257886
4230,6373.2,4507.129190049273
4231,6321.0,4508.212605142882
4232,6222.4,4509.296024537714
4233,6266.6,4510.37944823277
4234,6192.4,4511.46287622705
4235,6225.8,4512.546308519558
4236,6129.6,4513.629745109293
4237,6098.6,4514.713185995261
4238,6048.4,4515.79663117646
4239,6084.2,4516.8800806519
4240,6052.8,4517.963534420581
4241,5990.6,4519.046992481506
4242,5985.2,4520.130454833684
4243,5951.4,4521.213921476118
4244,6001.6,4522.297392407815
4245,6055.4,4523.3808676277795
4246,6128.4,4524.46434713502
4247,6145.8,4525.547830928543
4248,6126.8,4526.631319007356
4249,6080.2,4527.714811370468
4250,6075.2,4528.798308016886
4251,6045.8,4529.881808945622
4252,6030.4,4530.965314155683
4253,5949.8,4532.048823646079
4254,5904.4,4533.132337415822
4255,5986.6,4534.215855463922
4256,5955.6,4535.29937778939
4257,6002.6,4536.382904391239
4258,6034.0,4537.46643526848
4259,5968.2,4538.5499704201275
4260,5942.8,4539.633509845194
4261,5911.4,4540.717053542692
4262,5852.8,4541.800601511638
4263,5891.4,4542.884153751044
4264,5996.0,4543.967710259927
4265,6052.2,4545.051271037301
4266,6130.4,4546.134836082183
4267,6057.0,4547.21840539359
4268,6023.2,4548.301978970539
4269,5999.4,4549.385556812044
4270,5946.0,4550.469138917128
4271,5916.2,4551.552725284804
4272,5848.4,4552.636315914096
4273,5881.0,4553.7199108040195
4274,5848.4,4554.803509953595
4275,5778.6,4555.887113361842
4276,5788.4,4556.970721027783
4277,5735.4,4558.054332950437
4278,5767.6,4559.137949128828
4279,5730.6,4560.221569561975
4280,5734.8,4561.305194248902
4281,5704.2,4562.388823188631
4282,5675.6,4563.472456380186
4283,5670.6,4564.55609382259
4284,5757.2,4565.639735514867
4285,5762.6,4566.723381456044
4286,5691.6,4567.807031645143
4287,5655.4,4568.890686081191
4288,5612.8,4569.974344763214
4289,5693.0,4571.058007690238
4290,5782.0,4572.14167486129
4291,5743.4,4573.225346275398
4292,5781.2,4574.309021931589
4293,5747.4,4575.392701828891
4294,5771.2,4576.4763859663335
4295,5765.8,4577.560074342946
4296,5764.8,4578.643766957757
4297,5727.4,4579.727463809796
4298,5659.2,4580.811164898095
4299,5629.0,4581.894870221684
4300,5602.0,4582.978579779595
4301,5588.2,4584.062293570859
4302,5639.6,4585.146011594509
4303,5708.2,4586.229733849577
4304,5727.2,4587.313460335097
4305,5671.4,4588.397191050101
4306,5677.2,4589.480925993626
4307,5684.2,4590.564665164703
4308,5641.6,4591.648408562371
4309,5749.8,4592.732156185661
4310,5812.0,4593.815908033611
4311,5806.6,4594.899664105256
4312,5881.6,4595.983424399636
4313,5910.6,4597.067188915785
4314,5922.4,4598.150957652741
4315,5980.2,4599.234730609543
4316,6040.0,4600.3185077852295
4317,5980.2,4601.402289178838
4318,6063.2,4602.486074789409
4319,6137.8,4603.569864615983
4320,6137.2,4604.6536586575985
4321,6081.8,4605.737456913297
4322,6028.8,4606.82125938212
4323,6058.6,4607.905066063108
4324,6028.8,4608.988876955305
4325,6129.0,4610.072692057752
4326,6140.0,4611.156511369491
4327,6151.4,4612.240334889568
4328,6141.2,4613.324162617024
4329,6156.2,4614.407994550904
4330,6090.4,4615.491830690254
4331,6115.4,4616.575671034117
4332,6100.0,4617.659515581539
4333,6131.4,4618.743364331568
4334,6082.8,4619.8272172832485
4335,6097.8,4620.911074435627
4336,6152.4,4621.994935787751
4337,6177.0,4623.078801338671
4338,6072.8,4624.162671087431
4339,6145.0,4625.246545033081
4340,6058.8,4626.3304231746715
4341,6018.6,4627.41430551125
4342,6054.8,4628.498192041868
4343,6097.8,4629.582082765573
4344,6128.4,4630.6659776814195
4345,6189.0,4631.749876788455
4346,6158.0,4632.833780085735
4347,6199.4,4633.917687572308
4348,6173.2,4635.001599247229
4349,6132.2,4636.085515109549
4350,6178.4,4637.169435158323
4351,6218.6,4638.253359392603
4352,6152.8,4639.337287811444
4353,6057.0,4640.421220413901
4354,6108.4,4641.505157199029
4355,6141.8,4642.589098165884
4356,6132.8,4643.67304331352
4357,6102.6,4644.756992640995
4358,6120.8,4645.840946147365
4359,6097.8,4646.9249038316875
4360,6115.2,4648.00886569302
4361,6033.0,4649.0928317304215
4362,6005.6,4650.176801942949
4363,6057.0,4651.260776329662
4364,5998.4,4652.34475488962
4365,6022.6,4653.428737621884
4366,6054.0,4654.512724525511
4367,6069.0,4655.596715599564
4368,6049.2,4656.680710843105
4369,6041.0,4657.764710255192
4370,6047.2,4658.84871383489
4371,6073.8,4659.93272158126
4372,6030.4,4661.016733493365
4373,6149.8,4662.100749570269
4374,6160.4,4663.184769811034
4375,6218.6,4664.268794214726
4376,6286.0,4665.352822780407
4377,6369.8,4666.436855507144
4378,6340.0,4667.520892394001
4379,6374.6,4668.604933440045
4380,6357.2,4669.688978644341
4381,6385.0,4670.773028005956
4382,6367.6,4671.857081523957
4383,6439.4,4672.941139197411
4384,6437.2,4674.025201025387
4385,6365.0,4675.109267006951
4386,6404.8,4676.193337141175
4387,6451.4,4677.277411427125
4388,6382.4,4678.3614898638725
4389,6415.4,4679.445572450487
4390,6479.6,4680.529659186037
4391,6545.8,4681.613750069596
4392,6518.0,4682.697845100234
4393,6442.6,4683.781944277023
4394,6492.0,4684.866047599035
4395,6433.8,4685.950155065341
4396,6349.6,4687.034266675016
4397,6418.6,4688.118382427132
4398,6444.8,4689.2025023207625
4399,6425.0,4690.286626354984
4400,6382.4,4691.370754528868
4401,6317.8,4692.454886841491
4402,6358.4,4693.539023291928
4403,6302.6,4694.623163879255
4404,6348.8,4695.707308602548
4405,6349.8,4696.791457460885
4406,6397.6,4697.875610453341
4407,6365.8,4698.959767578995
4408,6336.0,4700.043928836923
4409,6384.2,4701.128094226205
4410,6407.6,4702.212263745919
4411,6465.8,4703.2964373951445
4412,6538.4,4704.3806151729605
4413,6470.6,4705.464797078448
4414,6448.8,4706.548983110687
4415,6437.8,4707.633173268758
4416,6510.8,4708.717367551741
4417,6518.6,4709.801565958719
4418,6574.8,4710.885768488774
4419,6628.2,4711.969975140989
4420,6657.6,4713.054185914446
4421,6628.2,4714.138400808227
4422,6649.6,4715.2226198214175
4423,6672.2,4716.306842953101
4424,6688.0,4717.391070202363
4425,6708.2,4718.475301568286
4426,6740.0,4719.559537049959
4427,6809.8,4720.643776646463
4428,6835.2,4721.728020356887
4429,6865.8,4722.812268180318
4430,6820.8,4723.896520115842
4431,6832.2,4724.980776162545
4432,6916.4,4726.065036319518
4433,6838.6,4727.1493005858465
4434,6913.6,4728.23356896062
4435,6957.0,4729.317841442928
4436,6981.6,4730.402118031858
4437,6938.6,4731.486398726502
4438,6919.2,4732.57068352595
4439,6917.8,4733.65497242929
4440,7035.2,4734.739265435616
4441,7065.8,4735.823562544018
4442,7027.2,4736.907863753589
4443,7022.6,4737.992169063419
4444,7053.2,4739.076478472603
4445,7076.2,4740.160791980233
4446,7131.6,4741.245109585403
4447,7185.8,4742.329431287206
4448,7160.4,4743.413757084737
4449,7121.8,4744.49808697709
4450,7012.0,4745.582420963359
4451,7023.4,4746.666759042643
4452,7062.8,4747.751101214036
4453,7096.2,4748.835447476632
4454,7131.6,4749.9197978295315
4455,7072.2,4751.004152271828
4456,7067.2,4752.088510802622
4457,7102.6,4753.172873421011
4458,7091.2,4754.25724012609
4459,7152.2,4755.341610916962
4460,7101.2,4756.425985792724
4461,7171.4,4757.510364752476
4462,7220.4,4758.594747795316
4463,7310.6,4759.679134920347
4464,7269.2,4760.763526126668
4465,7231.4,4761.847921413381
4466,7174.0,4762.932320779587
4467,7218.6,4764.016724224388
4468,7168.0,4765.101131746887
4469,7144.2,4766.185543346185
4470,7090.8,4767.269959021387
4471,7156.2,4768.354378771595
4472,7154.4,4769.438802595913
4473,7201.0,4770.523230493446
4474,7271.2,4771.607662463299
4475,7369.0,4772.692098504576
4476,7299.2,4773.776538616383
4477,7292.2,4774.860982797826
4478,7366.4,4775.9454310480105
4479,7329.0,4777.0298833660445
4480,7350.8,4778.114339751033
4481,7320.2,4779.198800202086
4482,7363.2,4780.283264718309
4483,7343.4,4781.367733298812
4484,7307.6,4782.452205942702
4485,7343.4,4783.536682649089
4486,7292.4,4784.621163417083
4487,7198.6,4785.705648245793
4488,7233.2,4786.79013713433
4489,7198.6,4787.874630081802
4490,7192.4,4788.959127087323
4491,7243.4,4790.043628150003
4492,7336.8,4791.128133268954
4493,7415.4,4792.212642443289
4494,7381.6,4793.2971556721195
4495,7389.0,4794.381672954559
4496,7318.8,4795.46619428972
4497,7361.0,4796.550719676717
4498,7412.4,4797.635249114664
4499,7364.2,4798.719782602675
4500,7413.6,4799.804320139866
4501,7437.0,4800.8888617253515
4502,7379.2,4801.973407358248
4503,7303.4,4803.05795703767
4504,7189.6,4804.142510762735
4505,7123.4,4805.22706853256
4506,7128.8,4806.311630346262
4507,7220.2,4807.396196202958
4508,7260.4,4808.480766101767
4509,7298.6,4809.565340041808
4510,7260.4,4810.649918022198
4511,7260.2,4811.734500042056
4512,7230.0,4812.819086100504
4513,7172.2,4813.903676196661
4514,7163.6,4814.988270329646
4515,7119.4,4816.072868498581
4516,7004.8,4817.157470702585
4517,6993.8,4818.242076940784
4518,7020.0,4819.326687212295
4519,7002.6,4820.411301516243
4520,7010.8,4821.495919851751
4521,6972.2,4822.580542217939
4522,6979.2,4823.665168613934
4523,6885.0,4824.749799038858
4524,6998.4,4825.8344334918365
4525,7010.6,4826.919071971992
4526,6993.2,4828.003714478451
4527,7045.0,4829.088361010337
4528,7062.0,4830.173011566779
4529,7093.0,4831.257666146901
4530,7100.8,4832.3423247498295
4531,7071.4,4833.426987374691
4532,7030.4,4834.5116540206145
4533,7106.6,4835.596324686726
4534,7134.8,4836.680999372154
4535,7098.6,4837.765678076027
4536,7052.8,4838.8503607974735
4537,7122.6,4839.935047535623
4538,7146.8,4841.019738289605
4539,7241.8,4842.104433058549
4540,7198.4,4843.1891318415865
4541,7171.4,4844.273834637846
4542,7225.2,4845.358541446462
4543,7173.0,4846.443252266563
4544,7144.4,4847.527967097282
4545,7171.4,4848.612685937751
4546,7090.8,4849.697408787101
4547,7041.0,4850.782135644468
4548,7092.4,4851.866866508984
4549,7090.6,4852.951601379782
4550,7021.2,4854.036340255996
4551,7014.6,4855.1210831367625
4552,7051.2,4856.205830021214
4553,7081.0,4857.290580908487
4554,7028.4,4858.375335797717
4555,6994.6,4859.460094688039
4556,7068.0,4860.54485757859
4557,7097.0,4861.629624468508
4558,7214.4,4862.714395356928
4559,7196.2,4863.79917024299
4560,7269.6,4864.8839491258295
4561,7328.2,4865.968732004585
4562,7302.0,4867.053518878395
4563,7338.6,4868.138309746401
4564,7318.8,4869.2231046077395
4565,7325.8,4870.307903461551
4566,7309.6,4871.392706306977
4567,7405.8,4872.477513143156
4568,7407.2,4873.5623239692295
4569,7393.0,4874.647138784339
4570,7411.2,4875.731957587627
4571,7360.2,4876.8167803782335
4572,7387.6,4877.901607155302
4573,7388.2,4878.986437917975
4574,7376.4,4880.071272665396
4575,7343.4,4881.156111396707
4576,7306.4,4882.240954111054
4577,7326.6,4883.32580080758
4578,7354.4,4884.410651485429
4579,7392.2,4885.495506143748
4580,7464.4,4886.580364781678
4581,7504.2,4887.665227398371
4582,7439.6,4888.750093992968
4583,7525.0,4889.834964564617
4584,7512.8,4890.9198391124655
4585,7522.6,4892.00471763566
4586,7453.2,4893.089600133348
4587,7409.0,4894.1744866046765
4588,7381.6,4895.2593770487965
4589,7383.4,4896.344271464853
4590,7307.6,4897.429169851998
4591,7335.4,4898.514072209379
4592,7224.8,4899.598978536148
4593,7245.0,4900.683888831451
4594,7344.8,4901.768803094443
4595,7389.8,4902.8537213242735
4596,7358.4,4903.938643520091
4597,7269.8,4905.0235696810505
4598,7241.6,4906.1084998063025
4599,7291.4,4907.1934338949995
4600,7356.8,4908.278371946294
4601,7368.2,4909.363313959339
4602,7309.6,4910.448259933288
4603,7281.8,4911.533209867294
4604,7412.4,4912.618163760513
4605,7381.8,4913.703121612099
4606,7416.4,4914.788083421205
4607,7338.6,4915.873049186987
4608,7332.0,4916.958018908603
4609,7257.8,4918.042992585205
4610,7292.4,4919.127970215953
4611,7341.8,4920.212951800001
4612,7273.2,4921.297937336507
4613,7301.8,4922.382926824629
4614,7352.8,4923.467920263523
4615,7377.8,4924.55291765235
4616,7280.4,4925.6379189902655
4617,7287.4,4926.72292427643
4618,7336.8,4927.807933510003
4619,7380.2,4928.892946690143
4620,7354.4,4929.977963816009
4621,7431.4,4931.062984886765
4622,7470.8,4932.148009901567
4623,7457.0,4933.23303885958
4624,7413.6,4934.3180717599635
4625,7421.0,4935.403108601879
4626,7350.4,4936.488149384489
4627,7317.8,4937.573194106955
4628,7302.8,4938.6582427684425
4629,7289.8,4939.743295368113
4630,7228.4,4940.828351905127
4631,7164.2,4941.913412378654
4632,7194.0,4942.998476787856
4633,7226.6,4944.083545131896
4634,7321.6,4945.16861740994
4635,7334.6,4946.253693621154
4636,7266.4,4947.338773764704
4637,7185.0,4948.4238578397535
4638,7225.2,4949.50894584547
4639,7289.8,4950.594037781023
4640,7238.4,4951.679133645576
4641,7270.6,4952.764233438298
4642,7236.4,4953.849337158356
4643,7192.2,4954.93444480492
4644,7289.2,4956.019556377157
4645,7317.0,4957.1046718742355
4646,7388.4,4958.189791295326
4647,7441.8,4959.274914639598
4648,7466.4,4960.36004190622
4649,7467.4,4961.445173094364
4650,7466.4,4962.5303082032
4651,7433.8,4963.6154472318985
4652,7467.6,4964.700590179631
4653,7497.0,4965.78573704557
4654,7419.2,4966.870887828886
4655,7349.8,4967.956042528755
4656,7433.2,4969.041201144344
4657,7380.2,4970.126363674831
4658,7315.2,4971.211530119388
4659,7278.6,4972.296700477187
4660,7306.0,4973.381874747406
4661,7285.0,4974.467052929216
4662,7272.8,4975.552235021793
4663,7305.8,4976.637421024314
4664,7300.4,4977.722610935951
4665,7329.0,4978.807804755884
4666,7257.6,4979.893002483285
4667,7323.4,4980.978204117335
4668,7346.8,4982.063409657208
4669,7281.0,4983.148619102081
4670,7313.2,4984.233832451134
4671,7301.8,4985.319049703544
4672,7242.0,4986.404270858488
4673,7293.0,4987.489495915147
4674,7258.4,4988.574724872699
4675,7328.2,4989.659957730323
4676,7360.4,4990.7451944872
4677,7354.6,4991.8304351425095
4678,7431.6,4992.915679695431
4679,7409.8,4994.000928145147
4680,7465.2,4995.086180490837
4681,7476.2,4996.171436731684
4682,7565.6,4997.256696866869
4683,7553.0,4998.341960895574
4684,7467.2,4999.427228816981
4685,7526.6,5000.512500630276
4686,7580.0,5001.597776334638
4687,7714.6,5002.683055929254
4688,7702.0,5003.768339413306
4689,7691.4,5004.853626785979
4690,7661.2,5005.938918046458
4691,7758.6,5007.024213193926
4692,7774.0,5008.109512227571
4693,7825.8,5009.194815146577
4694,7898.8,5010.280121950131
4695,7979.4,5011.365432637418
4696,8035.6,5012.450747207626
4697,7897.8,5013.5360656599405
4698,7823.2,5014.62138799355
4699,7880.2,5015.706714207643
4700,7813.2,5016.792044301406
4701,7748.2,5017.877378274028
4702,7700.0,5018.962716124698
4703,7773.0,5020.048057852605
4704,7775.2,5021.133403456937
4705,7816.2,5022.218752936887
4706,7758.4,5023.304106291643
4707,7738.6,5024.389463520393
4708,7740.8,5025.474824622333
4709,7796.2,5026.560189596651
4710,7817.2,5027.645558442538
4711,7877.0,5028.730931159188
4712,7836.0,5029.816307745792
4713,7873.0,5030.901688201541
4714,7855.2,5031.987072525631
4715,7788.2,5033.072460717253
4716,7864.4,5034.157852775601
4717,7863.4,5035.243248699869
4718,7816.8,5036.328648489251
4719,7743.4,5037.414052142941
4720,7652.8,5038.499459660135
4721,7617.8,5039.584871040028
4722,7650.4,5040.670286281814
4723,7610.6,5041.755705384691
4724,7649.2,5042.8411283478545
4725,7649.0,5043.9265551705
4726,7657.6,5045.0119858518265
4727,7797.8,5046.097420391029
4728,7775.6,5047.182858787307
4729,7760.2,5048.268301039857
4730,7717.6,5049.353747147877
4731,7842.6,5050.439197110567
4732,7937.2,5051.524650927126
4733,8033.8,5052.610108596751
4734,7993.2,5053.695570118643
4735,8099.4,5054.781035492004
4736,8072.8,5055.866504716031
4737,8103.4,5056.951977789926
4738,8101.2,5058.0374547128895
4739,8102.6,5059.122935484124
4740,8168.8,5060.208420102829
4741,8146.6,5061.293908568207
4742,8208.4,5062.379400879463
4743,8222.6,5063.464897035797
4744,8152.0,5064.550397036411
4745,8221.8,5065.635900880509
4746,8183.6,5066.721408567297
4747,8089.8,5067.806920095977
4748,8127.2,5068.892435465753
4749,8117.0,5069.97795467583
4750,8065.6,5071.063477725413
4751,8161.8,5072.149004613707
4752,8133.2,5073.234535339918
4753,8194.6,5074.32006990325
4754,8100.8,5075.4056083029145
4755,8131.4,5076.491150538112
4756,8116.4,5077.576696608053
4757,8152.2,5078.662246511943
4758,8074.4,5079.747800248991
4759,8126.6,5080.833357818403
4760,7998.4,5081.918919219389
4761,8012.2,5083.004484451158
4762,8038.8,5084.090053512917
4763,8039.4,5085.175626403876
4764,7972.4,5086.261203123245
4765,7965.0,5087.346783670233
4766,7993.2,5088.432368044051
4767,7981.8,5089.51795624391
4768,7968.4,5090.6035482690195
4769,7939.4,5091.689144118592
4770,7856.8,5092.774743791838
4771,7821.8,5093.860347287969
4772,7752.4,5094.945954606198
4773,7749.0,5096.031565745739
4774,7684.0,5097.117180705803
4775,7695.4,5098.202799485603
4776,7672.4,5099.288422084352
4777,7693.0,5100.374048501266
4778,7672.4,5101.459678735558
4779,7613.8,5102.545312786441
4780,7588.4,5103.6309506531325
4781,7629.8,5104.716592334846
4782,7651.6,5105.802237830797
4783,7681.8,5106.887887140201
4784,7660.4,5107.973540262276
4785,7711.4,5109.059197196236
4786,7717.6,5110.144857941299
4787,7594.6,5111.230522496682
4788,7516.8,5112.316190861602
4789,7556.2,5113.401863035277
4790,7433.2,5114.487539016925
4791,7465.0,5115.573218805765
4792,7530.0,5116.6589024010145
4793,7524.2,5117.744589801893
4794,7485.6,5118.83028100762
4795,7561.8,5119.915976017416
4796,7556.0,5121.0016748305
4797,7489.8,5122.087377446091
4798,7430.4,5123.173083863412
4799,7392.2,5124.258794081682
4800,7394.0,5125.344508100124
4801,7426.6,5126.4302259179585
4802,7469.2,5127.515947534408
4803,7480.2,5128.6016729486955
4804,7478.0,5129.687402160041
4805,7450.6,5130.773135167669
4806,7384.8,5131.858871970804
4807,7448.2,5132.944612568667
4808,7412.4,5134.030356960483
4809,7454.6,5135.1161051454765
4810,7452.8,5136.201857122872
4811,7537.8,5137.287612891893
4812,7484.0,5138.373372451766
4813,7425.0,5139.459135801716
4814,7459.2,5140.544902940968
4815,7524.2,5141.63067386875
4816,7569.6,5142.716448584287
4817,7572.2,5143.802227086805
4818,7569.6,5144.888009375533
4819,7565.0,5145.973795449697
4820,7566.8,5147.059585308525
4821,7533.0,5148.145378951245
4822,7610.0,5149.231176377086
4823,7497.0,5150.316977585275
4824,7543.2,5151.402782575042
4825,7632.2,5152.4885913456155
4826,7533.2,5153.574403896227
4827,7466.6,5154.660220226104
4828,7472.0,5155.7460403344785
4829,7562.6,5156.83186422058
4830,7593.6,5157.917691883639
4831,7639.4,5159.003523322889
4832,7620.8,5160.089358537558
4833,7578.6,5161.175197526881
4834,7589.2,5162.261040290088
4835,7622.6,5163.346886826412
4836,7622.4,5164.4327371350855
4837,7610.6,5165.518591215342
4838,7536.4,5166.604449066415
4839,7618.6,5167.690310687538
4840,7555.6,5168.776176077944
4841,7510.6,5169.86204523687
4842,7467.2,5170.947918163547
4843,7446.6,5172.033794857212
4844,7444.8,5173.119675317101
4845,7412.2,5174.205559542447
4846,7358.4,5175.291447532489
4847,7374.6,5176.3773392864605
4848,7326.4,5177.463234803599
4849,7386.6,5178.549134083141
4850,7390.4,5179.635037124326
4851,7396.2,5180.720943926388
4852,7310.8,5181.806854488566
4853,7273.8,5182.8927688100985
4854,7347.2,5183.978686890224
4855,7383.4,5185.064608728179
4856,7292.8,5186.150534323207
4857,7374.6,5187.236463674542
4858,7368.8,5188.322396781428
4859,7326.6,5189.408333643102
4860,7306.8,5190.494274258806
4861,7345.0,5191.58021862778
4862,7352.0,5192.6661667492635
4863,7413.8,5193.752118622499
4864,7478.0,5194.83807424673
4865,7474.6,5195.924033621193
4866,7454.8,5197.009996745135
4867,7453.8,5198.095963617796
4868,7542.8,5199.18193423842
4869,7509.0,5200.267908606248
4870,7483.2,5201.353886720525
4871,7546.6,5202.439868580495
4872,7526.4,5203.525854185402
4873,7527.4,5204.611843534487
4874,7479.2,5205.697836626999
4875,7473.8,5206.78383346218
4876,7436.8,5207.869834039276
4877,7453.8,5208.955838357532
4878,7514.8,5210.041846416195
4879,7460.2,5211.1278582145105
4880,7477.2,5212.213873751724
4881,7421.0,5213.299893027083
4882,7465.2,5214.385916039835
4883,7469.8,5215.471942789227
4884,7534.4,5216.557973274506
4885,7401.8,5217.64400749492
4886,7342.0,5218.730045449717
4887,7306.6,5219.816087138148
4888,7258.4,5220.902132559459
4889,7286.6,5221.988181712899
4890,7284.4,5223.074234597719
4891,7238.6,5224.160291213168
4892,7264.4,5225.246351558498
4893,7162.6,5226.332415632956
4894,7204.4,5227.418483435796
4895,7291.4,5228.5045549662655
4896,7418.8,5229.590630223618
4897,7382.6,5230.676709207105
4898,7420.4,5231.762791915979
4899,7379.4,5232.8488783494895
4900,7349.2,5233.934968506891
4901,7386.6,5235.021062387436
4902,7426.4,5236.107159990379
4903,7397.0,5237.19326131497
4904,7326.4,5238.279366360466
4905,7198.6,5239.365475126119
4906,7250.0,5240.451587611184
4907,7353.0,5241.537703814915
4908,7266.0,5242.623823736569
4909,7172.2,5243.709947375399
4910,7171.2,5244.79607473066
4911,7143.4,5245.882205801609
4912,7014.0,5246.968340587504
4913,7073.0,5248.054479087598
4914,7022.4,5249.14062130115
4915,7051.4,5250.226767227416
4916,7028.0,5251.312916865652
4917,6944.2,5252.399070215119
4918,6963.2,5253.485227275072
4919,6929.0,5254.571388044769
4920,6953.6,5255.657552523471
4921,7014.6,5256.743720710436
4922,7109.2,5257.829892604923
4923,7113.8,5258.916068206189
4924,7085.6,5260.0022475134965
4925,7107.4,5261.088430526105
4926,7116.0,5262.174617243274
4927,7093.8,5263.2608076642655
4928,7087.6,5264.347001788338
4929,7042.6,5265.433199614755
4930,7116.8,5266.519401142777
4931,7069.8,5267.605606371666
4932,7072.8,5268.691815300683
4933,7026.6,5269.778027929092
4934,6998.4,5270.864244256154
4935,6987.4,5271.950464281135
4936,6941.2,5273.036688003294
4937,6897.0,5274.122915421898
4938,6854.8,5275.209146536209
4939,6733.0,5276.295381345492
4940,6766.8,5277.381619849012
4941,6760.2,5278.467862046033
4942,6784.8,5279.554107935818
4943,6791.4,5280.640357517636
4944,6696.4,5281.72661079075
4945,6659.4,5282.812867754427
4946,6679.6,5283.899128407934
4947,6637.8,5284.9853927505355
4948,6630.8,5286.0716607815
4949,6675.4,5287.157932500093
4950,6677.6,5288.244207905584
4951,6701.8,5289.33048699724
4952,6796.8,5290.416769774327
4953,6736.2,5291.503056236115
4954,6786.0,5292.589346381873
4955,6740.2,5293.675640210869
4956,6748.4,5294.761937722372
4957,6825.0,5295.848238915652
4958,6846.4,5296.934543789978
4959,6756.2,5298.020852344622
4960,6690.8,5299.107164578852
4961,6681.0,5300.193480491938
4962,6714.8,5301.2798000831535
4963,6692.2,5302.36612335177
4964,6723.6,5303.452450297056
4965,6713.0,5304.538780918284
4966,6757.2,5305.625115214728
4967,6778.6,5306.71145318566
4968,6751.2,5307.7977948303505
4969,6807.4,5308.884140148075
4970,6884.8,5309.970489138104
4971,6869.8,5311.056841799714
4972,6806.8,5312.143198132177
4973,6749.0,5313.229558134766
4974,6648.0,5314.3159218067585
4975,6572.2,5315.402289147427
4976,6571.2,5316.4886601560465
4977,6531.4,5317.575034831893
4978,6463.6,5318.661413174243
4979,6497.0,5319.747795182369
4980,6488.0,5320.834180855551
4981,6459.4,5321.920570193062
4982,6448.0,5323.0069631941815
4983,6475.4,5324.093359858185
4984,6473.2,5325.179760184349
4985,6427.4,5326.266164171953
4986,6370.0,5327.3525718202745
4987,6377.8,5328.438983128591
4988,6442.4,5329.52539809618
4989,6478.6,5330.611816722322
4990,6537.2,5331.698239006295
4991,6566.6,5332.784664947379
4992,6562.8,5333.871094544852
4993,6485.0,5334.957527797996
4994,6542.0,5336.043964706088
4995,6512.2,5337.130405268413
4996,6443.2,5338.216849484248
4997,6456.2,5339.303297352875
4998,6473.6,5340.3897488735765
4999,6453.0,5341.476204045632
5000,6422.4,5342.562662868325
5001,6400.2,5343.649125340936
5002,6421.2,5344.735591462749
5003,6398.6,5345.822061233047
5004,6378.4,5346.908534651111
5005,6433.8,5347.995011716225
5006,6377.2,5349.081492427674
5007,6480.2,5350.16797678474
5008,6530.4,5351.254464786709
5009,6595.4,5352.340956432864
5010,6620.0,5353.4274517224885
5011,6669.8,5354.513950654871
5012,6670.4,5355.600453229294
5013,6621.0,5356.686959445044
5014,6595.2,5357.773469301406
5015,6522.6,5358.859982797667
5016,6492.4,5359.946499933113
5017,6498.6,5361.033020707031
5018,6571.2,5362.119545118708
5019,6533.0,5363.206073167431
5020,6508.0,5364.292604852487
5021,6453.8,5365.379140173163
5022,6484.0,5366.465679128751
5023,6504.2,5367.552221718535
5024,6510.0,5368.638767941805
5025,6481.0,5369.725317797852
5026,6426.8,5370.811871285962
5027,6397.8,5371.898428405427
5028,6426.4,5372.984989155535
5029,6332.2,5374.071553535577
5030,6304.4,5375.158121544843
5031,6357.8,5376.244693182623
5032,6232.8,5377.33126844821
5033,6290.6,5378.417847340892
5034,6377.2,5379.504429859964
5035,6426.6,5380.591016004715
5036,6354.4,5381.677605774437
5037,6377.0,5382.764199168425
5038,6331.6,5383.850796185969
5039,6399.4,5384.937396826363
5040,6440.4,5386.024001088898
5041,6507.4,5387.110608972871
5042,6518.0,5388.197220477572
5043,6424.2,5389.283835602298
5044,6369.6,5390.370454346342
5045,6395.4,5391.457076708997
5046,6462.8,5392.543702689561
5047,6505.0,5393.630332287326
5048,6533.2,5394.716965501589
5049,6445.0,5395.8036023316445
5050,6345.6,5396.890242776791
5051,6389.8,5397.976886836321
5052,6433.2,5399.0635345095325
5053,6433.0,5400.150185795723
5054,6483.6,5401.236840694189
5055,6536.2,5402.323499204227
5056,6526.4,5403.410161325136
5057,6470.6,5404.496827056213
5058,6497.2,5405.583496396756
5059,6393.0,5406.670169346064
5060,6326.8,5407.756845903434
5061,6261.0,5408.843526068167
5062,6313.6,5409.930209839561
5063,6254.6,5411.016897216916
5064,6301.6,5412.10358819953
5065,6359.4,5413.190282786706
5066,6480.4,5414.276980977742
5067,6415.4,5415.36368277194
5068,6360.0,5416.4503881686
5069,6353.8,5417.537097167023
5070,6346.4,5418.623809766511
5071,6355.4,5419.710525966365
5072,6322.0,5420.797245765887
5073,6389.8,5421.883969164381
5074,6340.8,5422.970696161146
5075,6269.8,5424.0574267554875
5076,6299.6,5425.144160946708
5077,6241.0,5426.23089873411
5078,6240.4,5427.3176401169985
5079,6153.0,5428.404385094676
5080,6078.0,5429.491133666447
5081,6184.2,5430.577885831616
5082,6134.4,5431.6646415894875
5083,6109.8,5432.751400939366
5084,6193.6,5433.838163880559
5085,6139.4,5434.924930412368
5086,6094.4,5436.011700534102
5087,6176.2,5437.0984742450655
5088,6194.8,5438.185251544566
5089,6173.8,5439.272032431909
5090,6093.2,5440.3588169064005
5091,6046.6,5441.44560496735
5092,5945.2,5442.532396614063
5093,6003.4,5443.619191845848
5094,5958.8,5444.7059906620125
5095,5967.4,5445.792793061865
5096,6003.2,5446.879599044713
5097,5987.4,5447.966408609866
5098,6006.4,5449.053221756633
5099,6077.0,5450.140038484324
5100,6125.2,5451.226858792246
5101,6095.4,5452.313682679712
5102,6020.8,5453.40051014603
5103,6029.8,5454.48734119051
5104,6092.4,5455.574175812465
5105,6046.6,5456.661014011203
5106,6078.8,5457.747855786036
5107,6035.4,5458.8347011362775
5108,6023.2,5459.921550061236
5109,6052.2,5461.0084025602255
5110,6034.4,5462.095258632557
5111,6069.8,5463.182118277544
5112,6055.2,5464.268981494498
5113,6119.4,5465.355848282734
5114,6158.8,5466.442718641562
5115,6167.4,5467.529592570299
5116,6182.8,5468.6164700682575
5117,6127.4,5469.703351134751
5118,6127.6,5470.790235769094
5119,6127.4,5471.877123970602
5120,6147.2,5472.964015738588
5121,6225.8,5474.050911072368
5122,6209.6,5475.137809971259
5123,6113.8,5476.224712434574
5124,6033.2,5477.311618461632
5125,6049.0,5478.398528051746
5126,6103.6,5479.485441204234
5127,6095.4,5480.572357918413
5128,6101.6,5481.6592781936
5129,6095.4,5482.7462020291105
5130,6145.2,5483.8331294242635
5131,6060.2,5484.9200603783775
5132,6034.0,5486.0069948907685
5133,6145.8,5487.093932960756
5134,6186.8,5488.180874587659
5135,6246.6,5489.2678197707955
5136,6184.8,5490.3547685094845
5137,6217.8,5491.441720803046
5138,6242.0,5492.5286766508
5139,6188.2,5493.615636052064
5140,6233.6,5494.702599006161
5141,6261.0,5495.78956551241
5142,6240.8,5496.876535570132
5143,6350.6,5497.963509178647
5144,6398.8,5499.050486337277
5145,6405.0,5500.137467045344
5146,6402.0,5501.224451302169
5147,6321.8,5502.311439107074
5148,6316.0,5503.398430459381
5149,6333.8,5504.4854253584135
5150,6391.6,5505.572423803493
5151,6453.8,5506.659425793943
5152,6464.0,5507.7464313290875
5153,6511.4,5508.833440408248
5154,6599.2,5509.920453030751
5155,6549.8,5511.007469195918
5156,6492.0,5512.094488903075
5157,6430.6,5513.1815121515465
5158,6425.6,5514.268538940657
5159,6310.6,5515.355569269731
5160,6372.0,5516.442603138095
5161,6342.6,5517.529640545074
5162,6296.0,5518.6166814899925
5163,6293.0,5519.703725972179
5164,6222.8,5520.790773990959
5165,6303.4,5521.877825545659
5166,6204.8,5522.964880635605
5167,6262.6,5524.051939260125
5168,6285.6,5525.139001418548
5169,6286.6,5526.226067110199
5170,6327.6,5527.313136334408
5171,6258.6,5528.400209090501
5172,6242.8,5529.48728537781
5173,6277.8,5530.57436519566
5174,6334.4,5531.661448543381
5175,6302.6,5532.748535420304
5176,6357.6,5533.835625825756
5177,6305.0,5534.922719759069
5178,6274.4,5536.009817219571
5179,6313.8,5537.096918206594
5180,6359.6,5538.184022719466
5181,6341.0,5539.271130757521
5182,6315.2,5540.358242320088
5183,6265.8,5541.445357406499
5184,6238.0,5542.532476016085
5185,6190.6,5543.619598148177
5186,6159.2,5544.706723802109
5187,6129.8,5545.793852977213
5188,6181.2,5546.88098567282
5189,6185.8,5547.968121888265
5190,6220.8,5549.055261622879
5191,6288.2,5550.142404875996
5192,6401.2,5551.22955164695
5193,6377.0,5552.316701935074
5194,6355.6,5553.403855739703
5195,6338.6,5554.491013060171
5196,6293.2,5555.578173895813
5197,6224.2,5556.6653382459635
5198,6127.6,5557.752506109958
5199,6044.2,5558.83967748713
5200,6112.8,5559.926852376817
5201,6181.8,5561.014030778355
5202,6135.6,5562.101212691078
5203,6206.6,5563.1883981143255
5204,6279.6,5564.275587047431
5205,6261.0,5565.362779489734
5206,6188.4,5566.44997544057
5207,6268.2,5567.537174899277
5208,6375.6,5568.6243778651915
5209,6489.0,5569.711584337653
5210,6422.0,5570.798794316
5211,6429.8,5571.886007799569
5212,6465.6,5572.973224787699
5213,6352.2,5574.06044527973
5214,6330.8,5575.147669275
5215,6311.4,5576.234896772849
5216,6267.2,5577.322127772618
5217,6210.6,5578.409362273645
5218,6152.8,5579.496600275269
5219,6100.2,5580.583841776834
5220,6128.4,5581.671086777677
5221,6054.6,5582.758335277141
5222,6002.8,5583.845587274568
5223,6021.8,5584.932842769297
5224,5944.4,5586.0201017606705
5225,5997.0,5587.107364248031
5226,5982.8,5588.1946302307215
5227,5929.0,5589.281899708082
5228,5925.2,5590.369172679456
5229,5943.4,5591.456449144187
5230,5942.0,5592.543729101619
5231,5990.6,5593.631012551094
5232,6015.6,5594.718299491955
5233,6073.0,5595.805589923548
5234,6063.6,5596.892883845215
5235,6063.4,5597.980181256301
5236,6038.0,5599.067482156152
5237,5993.0,5600.154786544112
5238,5984.4,5601.2420944195255
5239,5899.4,5602.329405781738
5240,5944.4,5603.416720630096
5241,5995.4,5604.504038963946
5242,6104.8,5605.591360782632
5243,6122.6,5606.678686085502
5244,6177.2,5607.7660148719015
5245,6121.8,5608.853347141178
5246,6116.8,5609.940682892679
5247,6187.4,5611.028022125752
5248,6188.4,5612.115364839742
5249,6151.4,5613.2027110340005
5250,6198.0,5614.290060707874
5251,6261.0,5615.37741386071
5252,6282.0,5616.464770491858
5253,6235.4,5617.552130600668
5254,6258.0,5618.639494186486
5255,6289.0,5619.726861248664
5256,6249.6,5620.81423178655
5257,6265.8,5621.901605799496
5258,6317.2,5622.98898328685
5259,6421.0,5624.076364247963
5260,6409.6,5625.1637486821855
5261,6475.4,5626.251136588869
5262,6409.6,5627.338527967362
5263,6356.2,5628.425922817019
5264,6409.6,5629.51332113719
5265,6401.0,5630.600722927227
5266,6358.4,5631.688128186483
5267,6418.6,5632.775536914308
5268,6456.8,5633.862949110056
5269,6435.4,5634.950364773079
5270,6554.8,5636.0377839027315
5271,6547.4,5637.1252064983655
5272,6601.6,5638.212632559335
5273,6700.2,5639.300062084993
5274,6656.4,5640.387495074694
5275,6615.4,5641.474931527792
5276,6616.0,5642.562371443643
5277,6589.8,5643.649814821599
5278,6654.4,5644.737261661016
5279,6597.0,5645.824711961251
5280,6636.8,5646.912165721657
5281,6638.6,5647.999622941591
5282,6636.8,5649.0870836204085
5283,6655.4,5650.174547757465
5284,6629.2,5651.262015352118
5285,6629.0,5652.349486403724
5286,6552.4,5653.436960911638
5287,6500.2,5654.524438875221
5288,6435.2,5655.611920293827
5289,6434.6,5656.699405166814
5290,6472.0,5657.78689349354
5291,6395.4,5658.874385273366
5292,6449.2,5659.961880505646
5293,6525.8,5661.049379189741
5294,6411.6,5662.136881325009
5295,6416.2,5663.224386910811
5296,6434.0,5664.311895946503
5297,6437.8,5665.399408431446
5298,6544.4,5666.486924365001
5299,6554.6,5667.5744437465255
5300,6494.0,5668.661966575382
5301,6520.2,5669.74949285093
5302,6505.2,5670.83702257253
5303,6559.4,5671.924555739543
5304,6559.2,5673.012092351332
5305,6605.8,5674.099632407258
5306,6608.0,5675.187175906679
5307,6605.8,5676.27472284896
5308,6611.6,5677.362273233463
5309,6551.4,5678.44982705955
5310,6553.2,5679.537384326585
5311,6586.6,5680.624945033929
5312,6682.0,5681.712509180945
5313,6619.4,5682.800076766997
5314,6540.8,5683.88764779145
5315,6493.8,5684.975222253665
5316,6572.8,5686.0628001530085
5317,6519.4,5687.150381488844
5318,6517.6,5688.237966260535
5319,6533.8,5689.325554467448
5320,6596.4,5690.413146108947
5321,6533.8,5691.500741184397
5322,6614.8,5692.588339693165
5323,6566.6,5693.675941634614
5324,6568.0,5694.763547008112
5325,6631.4,5695.851155813025
5326,6714.4,5696.93876804872
5327,6766.6,5698.026383714562
5328,6829.2,5699.114002809918
5329,6851.4,5700.201625334157
5330,6889.2,5701.289251286645
5331,6972.2,5702.3768806667495
5332,6996.4,5703.464513473839
5333,6949.0,5704.552149707281
5334,7016.8,5705.639789366444
5335,7024.2,5706.727432450697
5336,7081.6,5707.815078959408
5337,7034.6,5708.902728891947
5338,7124.4,5709.990382247682
5339,7055.4,5711.078039025983
5340,7036.0,5712.165699226221
5341,7071.4,5713.253362847764
5342,6977.2,5714.341029889983
5343,6949.8,5715.428700352248
5344,6956.8,5716.51637423393
5345,6945.0,5717.604051534401
5346,7011.6,5718.691732253031
5347,7068.2,5719.77941638919
5348,7068.4,5720.867103942252
5349,7064.2,5721.954794911588
5350,7154.8,5723.042489296569
5351,7129.8,5724.130187096569
5352,7152.4,5725.217888310959
5353,7215.4,5726.305592939113
5354,7252.0,5727.393300980403
5355,7279.4,5728.481012434203
5356,7308.0,5729.568727299887
5357,7313.8,5730.656445576826
5358,7316.4,5731.744167264396
5359,7293.8,5732.831892361971
5360,7307.6,5733.919620868926
5361,7312.2,5735.007352784634
5362,7253.6,5736.09508810847
5363,7282.6,5737.18282683981
5364,7291.2,5738.2705689780305
5365,7175.4,5739.358314522504
5366,7232.4,5740.446063472608
5367,7228.2,5741.533815827718
5368,7171.6,5742.621571587211
5369,7144.2,5743.709330750463
5370,7152.0,5744.79709331685
5371,7126.6,5745.88485928575
5372,7192.8,5746.972628656539
5373,7102.6,5748.060401428596
5374,7020.0,5749.148177601297
5375,7117.8,5750.235957174021
5376,7233.2,5751.323740146146
5377,7174.6,5752.4115265170485
5378,7208.4,5753.499316286109
5379,7202.6,5754.587109452706
5380,7197.2,5755.674906016218
5381,7136.2,5756.762705976023
5382,7068.8,5757.8505093315025
5383,7073.0,5758.938316082036
5384,7106.0,5760.026126227002
5385,7158.6,5761.113939765783
5386,7165.6,5762.201756697756
5387,7221.8,5763.289577022304
5388,7287.2,5764.3774007388065
5389,7279.4,5765.4652278466465
5390,7284.4,5766.553058345203
5391,7217.8,5767.640892233859
5392,7212.4,5768.728729511994
5393,7175.4,5769.816570178994
5394,7119.6,5770.904414234237
5395,7117.8,5771.992261677108
5396,7163.2,5773.080112506988
5397,7165.0,5774.167966723262
5398,7186.8,5775.255824325311
5399,7222.6,5776.343685312519
5400,7104.8,5777.431549684269
5401,7026.6,5778.519417439947
5402,7042.8,5779.607288578934
5403,7038.6,5780.695163100615
5404,7020.0,5781.783041004375
5405,6988.2,5782.8709222896005
5406,6986.0,5783.958806955674
5407,6971.4,5785.04669500198
5408,6987.2,5786.134586427905
5409,7047.4,5787.222481232835
5410,7084.0,5788.310379416155
5411,7090.6,5789.398280977252
5412,7208.4,5790.486185915512
5413,7149.0,5791.57409423032
5414,7234.0,5792.662005921064
5415,7321.8,5793.749920987131
5416,7319.2,5794.837839427907
5417,7381.8,5795.925761242781
5418,7417.6,5797.01368643114
5419,7425.8,5798.101614992372
5420,7367.2,5799.189546925863
5421,7385.0,5800.277482231004
5422,7391.6,5801.365420907181
5423,7357.0,5802.4533629537855
5424,7404.0,5803.541308370205
5425,7403.4,5804.629257155828
5426,7315.2,5805.717209310044
5427,7258.6,5806.805164832244
5428,7259.2,5807.893123721818
5429,7277.0,5808.981085978154
5430,7224.4,5810.0690516006425
5431,7297.0,5811.157020588676
5432,7278.0,5812.244992941643
5433,7272.2,5813.332968658936
5434,7332.4,5814.420947739945
5435,7363.4,5815.5089301840635
5436,7444.8,5816.596915990681
5437,7433.0,5817.684905159189
5438,7414.8,5818.772897688981
5439,7430.6,5819.860893579449
5440,7403.2,5820.948892829985
5441,7349.0,5822.036895439982
5442,7304.0,5823.124901408833
5443,7365.8,5824.212910735931
5444,7420.0,5825.300923420669
5445,7425.0,5826.388939462442
5446,7428.8,5827.476958860642
5447,7382.6,5828.564981614663
5448,7326.8,5829.653007723902
5449,7326.6,5830.741037187751
5450,7280.8,5831.829070005605
5451,7316.2,5832.917106176859
5452,7238.8,5834.005145700909
5453,7239.4,5835.09318857715
5454,7250.4,5836.181234804977
5455,7220.2,5837.269284383786
5456,7165.6,5838.357337312973
5457,7154.6,5839.445393591935
5458,7218.8,5840.533453220067
5459,7101.8,5841.6215161967675
5460,7112.8,5842.709582521432
5461,7108.2,5843.797652193457
5462,7195.6,5844.8857252122425
5463,7200.2,5845.973801577184
5464,7142.4,5847.06188128768
5465,7111.4,5848.149964343127
5466,7110.4,5849.238050742926
5467,6994.6,5850.326140486473
5468,7028.4,5851.414233573168
5469,7004.2,5852.502330002409
5470,6970.0,5853.590429773595
5471,7014.6,5854.678532886126
5472,7020.0,5855.766639339402
5473,6999.4,5856.854749132822
5474,7039.2,5857.942862265786
5475,7077.0,5859.030978737694
5476,7078.0,5860.119098547945
5477,7064.2,5861.207221695943
5478,7052.0,5862.2953481810855
5479,6963.4,5863.383478002777
5480,7022.4,5864.471611160416
5481,6935.4,5865.559747653404
5482,6966.4,5866.647887481144
5483,6855.4,5867.736030643037
5484,6772.4,5868.824177138486
5485,6691.4,5869.912326966893
5486,6739.6,5871.000480127659
5487,6683.4,5872.088636620189
5488,6660.4,5873.176796443886
5489,6660.2,5874.264959598151
5490,6640.4,5875.353126082389
5491,6685.0,5876.441295896004
5492,6680.4,5877.529469038399
5493,6629.0,5878.617645508979
5494,6556.4,5879.705825307146
5495,6607.4,5880.794008432307
5496,6696.0,5881.882194883866
5497,6780.2,5882.970384661228
5498,6768.8,5884.058577763797
5499,6859.4,5885.146774190979
5500,6874.4,5886.234973942181
5501,6829.0,5887.323177016807
5502,6841.6,5888.411383414264
5503,6889.0,5889.499593133956
5504,6809.2,5890.587806175293
5505,6796.2,5891.676022537679
5506,6738.0,5892.764242220523
5507,6765.0,5893.852465223228
5508,6750.8,5894.940691545207
5509,6705.0,5896.0289211858635
5510,6707.2,5897.117154144606
5511,6642.6,5898.205390420842
5512,6648.8,5899.293630013981
5513,6597.8,5900.381872923432
5514,6610.8,5901.4701191486
5515,6554.6,5902.558368688898
5516,6557.6,5903.64662154373
5517,6525.8,5904.734877712512
5518,6540.4,5905.823137194647
5519,6494.6,5906.911399989547
5520,6551.6,5907.9996660966235
5521,6454.6,5909.087935515285
5522,6434.0,5910.17620824494
5523,6459.4,5911.264484285002
5524,6484.0,5912.352763634882
5525,6488.2,5913.441046293988
5526,6570.8,5914.529332261732
5527,6538.6,5915.617621537526
5528,6512.0,5916.705914120781
5529,6493.0,5917.79421001091
5530,6589.6,5918.882509207324
5531,6624.2,5919.970811709434
5532,6611.2,5921.0591175166555
5533,6542.6,5922.147426628398
5534,6512.8,5923.235739044075
5535,6521.8,5924.3240547631
5536,6532.8,5925.412373784887
5537,6547.4,5926.500696108848
5538,6631.6,5927.589021734398
5539,6586.6,5928.677350660949
5540,6564.0,5929.765682887916
5541,6640.2,5930.854018414714
5542,6637.6,5931.942357240757
5543,6553.0,5933.0306993654585
5544,6568.8,5934.119044788235
5545,6593.8,5935.207393508502
5546,6594.8,5936.295745525672
5547,6653.0,5937.384100839164
5548,6652.4,5938.4724594483905
5549,6737.0,5939.560821352769
5550,6681.2,5940.649186551716
5551,6683.4,5941.7375550446495
5552,6698.8,5942.825926830982
5553,6697.8,5943.914301910132
5554,6756.0,5945.002680281518
5555,6697.8,5946.091061944556
5556,6702.4,5947.179446898663
5557,6684.2,5948.267835143257
5558,6692.4,5949.356226677755
5559,6647.4,5950.444621501577
5560,6705.2,5951.533019614139
5561,6623.4,5952.621421014862
5562,6602.8,5953.709825703162
5563,6581.0,5954.798233678459
5564,6467.2,5955.886644940172
5565,6498.6,5956.975059487721
5566,6540.8,5958.063477320525
5567,6516.2,5959.151898438002
5568,6527.6,5960.240322839574
5569,6553.8,5961.328750524661
5570,6619.6,5962.417181492682
5571,6566.6,5963.505615743058
5572,6499.6,5964.594053275211
5573,6466.6,5965.682494088561
5574,6439.2,5966.770938182528
5575,6355.4,5967.859385556534
5576,6372.4,5968.947836210002
5577,6362.6,5970.036290142351
5578,6353.6,5971.124747353007
5579,6322.6,5972.213207841388
5580,6273.6,5973.301671606918
5581,6185.8,5974.39013864902
5582,6238.8,5975.478608967116
5583,6245.0,5976.5670825606285
5584,6192.4,5977.655559428983
5585,6136.2,5978.744039571601
5586,6195.2,5979.8325229879065
5587,6173.8,5980.921009677323
5588,6090.0,5982.009499639275
5589,6030.6,5983.097992873186
5590,6113.6,5984.186489378481
5591,6169.0,5985.2749891545855
5592,6143.2,5986.363492200921
5593,6186.6,5987.451998516917
5594,6169.6,5988.540508101996
5595,6161.8,5989.629020955584
5596,6176.0,5990.717537077106
5597,6193.0,5991.806056465989
5598,6141.6,5992.894579121658
5599,6077.8,5993.9831050435405
5600,6105.6,5995.071634231061
5601,6061.0,5996.160166683648
5602,6120.4,5997.248702400726
5603,6225.8,5998.337241381726
5604,6250.4,5999.425783626072
5605,6338.6,6000.514329133192
5606,6404.0,6001.602877902514
5607,6393.8,6002.691429933467
5608,6426.0,6003.779985225477
5609,6436.2,6004.868543777973
5610,6456.0,6005.957105590383
5611,6562.6,6007.045670662138
5612,6545.6,6008.134238992665
5613,6562.6,6009.222810581393
5614,6636.8,6010.311385427752
5615,6646.6,6011.39996353117
5616,6554.8,6012.488544891078
5617,6503.4,6013.577129506906
5618,6458.8,6014.665717378084
5619,6569.8,6015.754308504042
5620,6654.8,6016.842902884209
5621,6630.6,6017.931500518019
5622,6621.2,6019.0201014049
5623,6697.0,6020.108705544285
5624,6703.2,6021.197312935603
5625,6810.6,6022.285923578288
5626,6738.4,6023.37453747177
5627,6685.8,6024.463154615482
5628,6716.0,6025.551775008855
5629,6704.2,6026.640398651322
5630,6731.6,6027.729025542316
5631,6819.4,6028.817655681268
5632,6888.8,6029.906289067612
5633,6957.8,6030.994925700781
5634,7006.0,6032.083565580209
5635,7033.0,6033.172208705329
5636,7005.6,6034.260855075574
5637,7068.2,6035.349504690378
5638,7123.6,6036.438157549175
5639,7134.6,6037.5268136514005
5640,7170.0,6038.615472996488
5641,7202.6,6039.704135583873
5642,7156.4,6040.792801412988
5643,7085.0,6041.881470483272
5644,7015.6,6042.970142794157
5645,6927.4,6044.05881834508
5646,6912.4,6045.1474971354755
5647,6965.0,6046.236179164781
5648,6950.0,6047.324864432431
5649,6936.2,6048.413552937863
5650,6884.0,6049.502244680513
5651,6812.2,6050.590939659817
5652,6825.2,6051.679637875212
5653,6856.2,6052.768339326138
5654,6853.6,6053.8570440120275
5655,6897.0,6054.945751932321
5656,6891.6,6056.034463086456
5657,6865.8,6057.123177473868
5658,6868.8,6058.211895093998
5659,6957.8,6059.300615946283
5660,6977.2,6060.389340030161
5661,6945.8,6061.478067345071
5662,6927.2,6062.566797890453
5663,6882.6,6063.655531665744
5664,6870.0,6064.744268670384
5665,6962.6,6065.8330089038145
5666,7007.6,6066.921752365472
5667,6913.0,6068.010499054796
5668,6924.8,6069.09924897123
5669,6997.8,6070.188002114212
5670,6998.4,6071.276758483183
5671,6990.6,6072.365518077581
5672,7004.0,6073.454280896852
5673,7057.0,6074.543046940433
5674,7046.0,6075.631816207766
5675,7000.2,6076.720588698292
5676,6912.0,6077.809364411454
5677,6916.2,6078.898143346693
5678,6882.4,6079.986925503451
5679,6841.8,6081.07571088117
5680,6910.0,6082.164499479292
5681,6986.6,6083.25329129726
5682,7082.0,6084.342086334518
5683,7086.6,6085.430884590507
5684,7197.2,6086.51968606467
5685,7236.2,6087.608490756452
5686,7203.2,6088.697298665295
5687,7194.6,6089.786109790644
5688,7162.8,6090.874924131942
5689,7203.4,6091.9637416886335
5690,7106.8,6093.052562460163
5691,7147.4,6094.141386445975
5692,7139.6,6095.230213645512
5693,7133.8,6096.319044058222
5694,7139.6,6097.4078776835495
5695,7188.2,6098.496714520938
5696,7228.0,6099.585554569835
5697,7221.0,6100.674397829685
5698,7107.6,6101.763244299933
5699,7116.2,6102.852093980027
5700,7187.6,6103.940946869413
5701,7311.4,6105.029802967535
5702,7278.8,6106.118662273842
5703,7269.8,6107.207524787782
5704,7234.8,6108.296390508797
5705,7187.4,6109.38525943634
5706,7098.4,6110.474131569854
5707,7181.0,6111.563006908789
5708,7179.2,6112.651885452592
5709,7213.8,6113.740767200712
5710,7281.6,6114.829652152595
5711,7158.6,6115.918540307691
5712,7071.6,6117.007431665447
5713,7095.4,6118.096326225314
5714,7032.0,6119.18522398674
5715,7132.2,6120.274124949174
5716,7073.6,6121.363029112064
5717,7089.8,6122.451936474861
5718,7100.4,6123.540847037015
5719,7130.6,6124.629760797974
5720,7092.0,6125.718677757191
5721,7093.0,6126.807597914112
5722,7106.4,6127.8965212681915
5723,7139.4,6128.985447818878
5724,7092.8,6130.074377565625
5725,7127.4,6131.163310507879
5726,7215.2,6132.252246645095
5727,7302.6,6133.341185976722
5728,7405.6,6134.430128502213
5729,7370.6,6135.519074221019
5730,7296.0,6136.608023132593
5731,7384.2,6137.696975236387
5732,7272.8,6138.785930531852
5733,7311.4,6139.874889018441
5734,7251.6,6140.963850695608
5735,7245.0,6142.052815562805
5736,7332.8,6143.141783619485
5737,7294.6,6144.2307548651015
5738,7346.8,6145.319729299108
5739,7345.8,6146.408706920958
5740,7350.8,6147.497687730105
5741,7440.2,6148.586671726004
5742,7387.6,6149.675658908109
5743,7457.8,6150.764649275874
5744,7412.4,6151.853642828753
5745,7339.4,6152.942639566202
5746,7235.6,6154.031639487676
5747,7318.6,6155.12064259263
5748,7301.2,6156.209648880519
5749,7282.6,6157.298658350798
5750,7241.6,6158.3876710029235
5751,7228.2,6159.476686836351
5752,7312.0,6160.5657058505385
5753,7309.8,6161.6547280449395
5754,7314.0,6162.743753419012
5755,7308.2,6163.832781972213
5756,7376.0,6164.921813703998
5757,7341.8,6166.010848613825
5758,7402.4,6167.099886701151
5759,7357.0,6168.188927965433
5760,7378.8,6169.277972406131
5761,7396.2,6170.3670200227
5762,7393.6,6171.456070814598
5763,7302.6,6172.545124781285
5764,7243.6,6173.634181922219
5765,7234.6,6174.723242236857
5766,7270.0,6175.8123057246585
5767,7317.8,6176.901372385084
5768,7356.8,6177.9904422175905
5769,7267.4,6179.079515221639
5770,7216.4,6180.168591396686
5771,7173.8,6181.257670742194
5772,7114.8,6182.346753257623
5773,7025.8,6183.4358389424315
5774,7083.6,6184.52492779608
5775,6986.6,6185.61401981803
5776,6986.0,6186.703115007741
5777,6941.0,6187.792213364673
5778,6986.0,6188.881314888289
5779,7006.6,6189.97041957805
5780,6992.4,6191.0595274334155
5781,7031.4,6192.148638453848
5782,7030.0,6193.23775263881
5783,7129.8,6194.326869987762
5784,7062.8,6195.415990500166
5785,7101.0,6196.505114175487
5786,7054.4,6197.594241013183
5787,7025.0,6198.68337101272
5788,6935.2,6199.77250417356
5789,6908.2,6200.861640495166
5790,6911.6,6201.950779977001
5791,6905.8,6203.039922618528
5792,7000.8,6204.129068419211
5793,7063.4,6205.218217378513
5794,7024.0,6206.3073694959
5795,6976.2,6207.396524770833
5796,6978.4,6208.485683202779
5797,6933.0,6209.574844791201
5798,6965.2,6210.664009535564
5799,6933.0,6211.753177435333
5800,7007.2,6212.842348489972
5801,6993.0,6213.931522698948
5802,6994.4,6215.020700061726
5803,6985.0,6216.109880577769
5804,6965.6,6217.199064246546
5805,6987.4,6218.288251067522
5806,7030.0,6219.377441040161
5807,7042.6,6220.466634163932
5808,7044.0,6221.555830438301
5809,6945.8,6222.645029862734
5810,6873.2,6223.734232436698
5811,6836.2,6224.82343815966
5812,6873.2,6225.912647031087
5813,6879.4,6227.001859050446
5814,6817.6,6228.0910742172055
5815,6850.6,6229.180292530834
5816,6851.6,6230.269513990796
5817,6941.8,6231.358738596564
5818,7034.0,6232.447966347604
5819,6973.0,6233.537197243383
5820,6974.8,6234.626431283374
5821,6932.2,6235.715668467041
5822,6901.6,6236.804908793855
5823,6946.6,6237.894152263287
5824,6881.6,6238.983398874804
5825,6881.0,6240.072648627875
5826,6784.4,6241.161901521973
5827,6744.2,6242.251157556565
5828,6760.8,6243.340416731123
5829,6766.6,6244.429679045115
5830,6690.0,6245.518944498013
5831,6599.4,6246.608213089288
5832,6597.2,6247.697484818411
5833,6597.0,6248.786759684851
5834,6568.0,6249.87603768808
5835,6585.8,6250.96531882757
5836,6683.6,6252.054603102793
5837,6684.2,6253.14389051322
5838,6682.4,6254.233181058322
5839,6776.2,6255.3224747375725
5840,6846.8,6256.4117715504435
5841,6849.0,6257.501071496407
5842,6802.0,6258.590374574936
5843,6732.2,6259.679680785503
5844,6747.6,6260.76899012758
5845,6650.6,6261.858302600642
5846,6646.0,6262.947618204162
5847,6697.8,6264.036936937612
5848,6739.2,6265.126258800467
5849,6758.6,6266.215583792201
5850,6719.2,6267.304911912288
5851,6809.0,6268.394243160202
5852,6809.6,6269.483577535416
5853,6813.0,6270.572915037405
5854,6805.2,6271.662255665647
5855,6788.2,6272.751599419613
5856,6879.6,6273.84094629878
5857,6887.4,6274.930296302624
5858,6927.2,6276.019649430618
5859,6934.6,6277.1090056822395
5860,6962.4,6278.198365056964
5861,7007.4,6279.287727554266
5862,6995.6,6280.377093173624
5863,6997.8,6281.466461914514
5864,6874.8,6282.555833776411
5865,6952.2,6283.645208758793
5866,6957.6,6284.734586861136
5867,6962.6,6285.823968082918
5868,6925.6,6286.913352423616
5869,6835.4,6288.002739882707
5870,6834.4,6289.0921304596695
5871,6859.4,6290.181524153979
5872,6824.8,6291.270920965116
5873,6730.6,6292.360320892558
5874,6793.6,6293.449723935782
5875,6794.6,6294.539130094267
5876,6771.6,6295.628539367493
5877,6803.4,6296.7179517549375
5878,6809.2,6297.80736725608
5879,6819.4,6298.8967858704
5880,6850.0,6299.986207597376
5881,6893.8,6301.0756324364875
5882,6929.2,6302.165060387215
5883,7017.8,6303.254491449038
5884,6966.4,6304.343925621436
5885,6930.6,6305.433362903891
5886,6965.2,6306.522803295881
5887,6929.8,6307.612246796889
5888,6934.0,6308.701693406394
5889,6946.6,6309.791143123877
5890,6952.8,6310.880595948819
5891,7078.6,6311.970051880703
5892,7078.4,6313.05951091901
5893,7074.6,6314.148973063219
5894,7093.6,6315.238438312816
5895,7081.0,6316.327906667278
5896,7132.4,6317.4173781260915
5897,7141.0,6318.506852688736
5898,7198.0,6319.596330354697
5899,7288.2,6320.685811123454
5900,7270.0,6321.775294994492
5901,7291.4,6322.864781967292
5902,7229.2,6323.954272041339
5903,7220.2,6325.043765216117
5904,7270.0,6326.133261491107
5905,7374.6,6327.222760865795
5906,7420.8,6328.312263339662
5907,7371.4,6329.401768912196
5908,7375.2,6330.491277582879
5909,7466.6,6331.580789351195
5910,7507.6,6332.670304216629
5911,7497.0,6333.759822178667
5912,7544.4,6334.849343236791
5913,7639.4,6335.93886739049
5914,7659.6,6337.0283946392465
5915,7715.4,6338.117924982547
5916,7764.0,6339.207458419876
5917,7718.6,6340.2969949507215
5918,7782.4,6341.386534574567
5919,7807.4,6342.476077290899
5920,7796.0,6343.565623099206
5921,7727.4,6344.655171998973
5922,7716.8,6345.7447239896865
5923,7727.4,6346.834279070833
5924,7740.8,6347.9238372419
5925,7674.6,6349.013398502375
5926,7598.4,6350.102962851744
5927,7657.8,6351.192530289498
5928,7665.2,6352.2821008151195
5929,7573.0,6353.3716744281
5930,7483.2,6354.461251127927
5931,7489.8,6355.550830914088
5932,7470.8,6356.640413786072
5933,7482.6,6357.729999743366
5934,7572.8,6358.819588785461
5935,7575.4,6359.9091809118445
5936,7574.8,6360.998776122005
5937,7526.6,6362.0883744154335
5938,7486.0,6363.177975791618
5939,7425.0,6364.267580250049
5940,7439.2,6365.357187790215
5941,7446.6,6366.446798411607
5942,7460.4,6367.536412113714
5943,7460.2,6368.6260288960275
5944,7446.4,6369.715648758038
5945,7359.4,6370.805271699233
5946,7347.2,6371.8948977191085
5947,7257.0,6372.984526817151
5948,7264.0,6374.074158992854
5949,7249.8,6375.163794245707
5950,7272.0,6376.253432575204
5951,7289.0,6377.343073980834
5952,7292.4,6378.43271846209
5953,7269.8,6379.522366018463
5954,7246.0,6380.612016649446
5955,7306.6,6381.701670354532
5956,7251.6,6382.791327133212
5957,7370.6,6383.880986984979
5958,7280.8,6384.970649909325
5959,7227.4,6386.060315905746
5960,7140.0,6387.149984973732
5961,7123.4,6388.239657112777
5962,7204.8,6389.329332322375
5963,7224.2,6390.41901060202
5964,7204.8,6391.508691951205
5965,7215.4,6392.598376369423
5966,7204.4,6393.688063856171
5967,7173.0,6394.77775441094
5968,7136.8,6395.867448033227
5969,7118.6,6396.957144722526
5970,7114.8,6398.046844478331
5971,7052.2,6399.136547300138
5972,7091.2,6400.226253187441
5973,7093.0,6401.315962139736
5974,7177.6,6402.405674156519
5975,7145.8,6403.495389237285
5976,7061.6,6404.585107381529
5977,7026.6,6405.674828588749
5978,6944.4,6406.76455285844
5979,6911.4,6407.854280190098
5980,6944.4,6408.944010583219
5981,6941.8,6410.033744037301
5982,6897.2,6411.123480551841
5983,6921.8,6412.213220126334
5984,6899.6,6413.30296276028
5985,6805.8,6414.392708453172
5986,6794.8,6415.482457204514
5987,6790.6,6416.572209013797
5988,6758.0,6417.661963880522
5989,6806.6,6418.751721804188
5990,6804.0,6419.841482784291
5991,6830.6,6420.93124682033
5992,6842.4,6422.0210139118035
5993,6761.8,6423.11078405821
5994,6710.8,6424.200557259049
5995,6708.2,6425.29033351382
5996,6758.4,6426.380112822019
5997,6679.4,6427.46989518315
5998,6683.2,6428.559680596708
5999,6688.2,6429.649469062195
6000,6687.2,6430.73926057911
6001,6584.2,6431.829055146954
6002,6591.2,6432.918852765227
6003,6579.4,6434.008653433428
6004,6668.8,6435.098457151058
6005,6679.4,6436.188263917618
6006,6716.8,6437.27807373261
6007,6699.4,6438.367886595532
6008,6643.6,6439.457702505887
6009,6581.0,6440.547521463177
6010,6550.0,6441.637343466902
6011,6447.4,6442.727168516564
6012,6459.2,6443.816996611666
6013,6457.8,6444.906827751708
6014,6422.0,6445.996661936193
6015,6433.8,6447.086499164623
6016,6392.0,6448.176339436501
6017,6391.4,6449.266182751329
6018,6366.0,6450.3560291086105
6019,6290.6,6451.445878507848
6020,6395.2,6452.535730948545
6021,6405.0,6453.625586430204
6022,6406.0,6454.715444952328
6023,6393.0,6455.805306514422
6024,6411.6,6456.895171115989
6025,6469.8,6457.985038756534
6026,6486.4,6459.074909435559
6027,6568.2,6460.16478315257
6028,6576.0,6461.25465990707
6029,6553.8,6462.344539698565
6030,6510.8,6463.434422526559
6031,6594.6,6464.524308390556
6032,6715.2,6465.614197290063
6033,6708.2,6466.704089224585
6034,6708.0,6467.793984193625
6035,6725.8,6468.883882196691
6036,6808.4,6469.973783233288
6037,6817.8,6471.063687302921
6038,6723.2,6472.153594405097
6039,6724.2,6473.243504539322
6040,6707.2,6474.333417705102
6041,6729.8,6475.423333901945
6042,6707.2,6476.513253129355
6043,6721.0,6477.603175386841
6044,6657.2,6478.69310067391
6045,6621.0,6479.783028990068
6046,6625.2,6480.872960334822
6047,6627.4,6481.962894707682
6048,6676.4,6483.052832108152
6049,6673.8,6484.142772535743
6050,6701.2,6485.232715989961
6051,6658.6,6486.322662470316
6052,6676.8,6487.412611976315
6053,6713.8,6488.502564507466
6054,6752.8,6489.592520063278
6055,6765.8,6490.682478643261
6056,6864.8,6491.772440246922
6057,6847.4,6492.862404873772
6058,6870.8,6493.952372523318
6059,6965.8,6495.042343195073
6060,6962.8,6496.132316888542
6061,6990.6,6497.2222936032385
6062,6915.6,6498.312273338671
6063,6897.0,6499.402256094349
6064,6830.8,6500.492241869783
6065,6883.4,6501.582230664484
6066,6796.4,6502.672222477961
6067,6819.4,6503.762217309728
6068,6719.6,6504.852215159292
6069,6776.2,6505.9422160261665
6070,6728.0,6507.032219909863
6071,6665.8,6508.12222680989
6072,6663.2,6509.212236725762
6073,6620.2,6510.302249656989
6074,6660.0,6511.392265603084
6075,6655.4,6512.482284563557
6076,6766.8,6513.5723065379225
6077,6756.2,6514.662331525691
6078,6746.8,6515.7523595263765
6079,6757.8,6516.842390539489
6080,6815.2,6517.932424564546
6081,6797.0,6519.022461601055
6082,6684.8,6520.112501648532
6083,6751.4,6521.202544706491
6084,6634.8,6522.292590774443
6085,6637.8,6523.382639851903
6086,6563.2,6524.472691938385
6087,6625.8,6525.562747033402
6088,6624.8,6526.652805136469
6089,6659.4,6527.7428662471
6090,6692.0,6528.832930364808
6091,6693.0,6529.922997489109
6092,6730.4,6531.013067619518
6093,6663.4,6532.103140755548
6094,6654.4,6533.193216896715
6095,6705.0,6534.283296042535
6096,6623.6,6535.373378192523
6097,6705.0,6536.463463346193
6098,6615.2,6537.553551503062
6099,6601.8,6538.643642662645
6100,6556.8,6539.733736824459
6101,6645.8,6540.823833988019
6102,6646.8,6541.913934152842
6103,6730.6,6543.004037318444
6104,6727.2,6544.094143484342
6105,6724.2,6545.184252650051
6106,6684.8,6546.274364815091
6107,6645.0,6547.364479978976
6108,6674.4,6548.454598141226
6109,6729.0,6549.544719301356
6110,6762.8,6550.6348434588845
6111,6721.0,6551.724970613329
6112,6665.6,6552.815100764208
6113,6751.4,6553.905233911038
6114,6741.2,6554.995370053338
6115,6829.0,6556.085509190628
6116,6848.4,6557.175651322423
6117,6882.6,6558.265796448243
6118,6972.8,6559.355944567608
6119,6889.8,6560.446095680037
6120,6886.0,6561.5362497850465
6121,6793.0,6562.626406882158
6122,6715.6,6563.71656697089
6123,6675.4,6564.806730050763
6124,6619.6,6565.896896121294
6125,6711.4,6566.987065182007
6126,6676.4,6568.077237232419
6127,6769.0,6569.167412272051
6128,6831.2,6570.257590300423
6129,6765.0,6571.347771317056
6130,6733.2,6572.43795532147
6131,6734.6,6573.528142313187
6132,6756.0,6574.618332291727
6133,6781.0,6575.708525256611
6134,6778.0,6576.79872120736
6135,6765.0,6577.888920143497
6136,6699.6,6578.979122064541
6137,6698.6,6580.069326970016
6138,6707.6,6581.159534859443
6139,6709.0,6582.249745732344
6140,6718.4,6583.339959588241
6141,6717.0,6584.4301764266565
6142,6796.4,6585.520396247113
6143,6861.8,6586.610619049134
6144,6886.4,6587.700844832239
6145,6794.6,6588.791073595957
6146,6797.2,6589.881305339804
6147,6735.4,6590.971540063309
6148,6785.6,6592.061777765993
6149,6718.6,6593.152018447378
6150,6658.0,6594.242262106991
6151,6609.0,6595.332508744354
6152,6544.4,6596.422758358991
6153,6610.6,6597.513010950427
6154,6649.6,6598.603266518186
6155,6591.4,6599.693525061792
6156,6546.0,6600.78378658077
6157,6553.0,6601.874051074644
6158,6516.0,6602.9643185429395
6159,6525.0,6604.054588985183
6160,6433.6,6605.144862400898
6161,6342.6,6606.235138789611
6162,6336.4,6607.3254181508455
6163,6389.8,6608.41570048413
6164,6304.4,6609.505985788988
6165,6304.2,6610.5962740649475
6166,6397.2,6611.686565311534
6167,6355.4,6612.776859528273
6168,6426.0,6613.867156714691
6169,6429.8,6614.957456870316
6170,6369.2,6616.0477599946735
6171,6402.6,6617.13806608729
6172,6407.6,6618.228375147694
6173,6471.4,6619.318687175413
6174,6562.8,6620.409002169973
6175,6497.8,6621.499320130901
6176,6434.8,6622.589641057727
6177,6442.6,6623.679964949977
6178,6381.2,6624.77029180718
6179,6293.8,6625.860621628864
6180,6247.6,6626.950954414556
6181,6248.2,6628.041290163786
6182,6222.8,6629.131628876081
6183,6216.2,6630.2219705509715
6184,6154.0,6631.312315187986
6185,6095.4,6632.402662786653
6186,6049.2,6633.493013346501
6187,6089.0,6634.583366867062
6188,6103.6,6635.673723347863
6189,6042.6,6636.764082788434
6190,6054.4,6637.854445188305
6191,5999.4,6638.944810547007
6192,5976.8,6640.035178864069
6193,5894.6,6641.1255501390215
6194,5894.4,6642.215924371395
6195,5996.2,6643.3063015607195
6196,5976.0,6644.396681706527
6197,5948.2,6645.487064808347
6198,5944.4,6646.577450865711
6199,5908.2,6647.66783987815
6200,5961.6,6648.758231845196
6201,5993.0,6649.84862676638
6202,5991.2,6650.939024641233
6203,6014.6,6652.029425469287
6204,6044.0,6653.119829250076
6205,6088.2,6654.210235983129
6206,6054.0,6655.300645667979
6207,6082.6,6656.39105830416
6208,6034.4,6657.481473891202
6209,6012.2,6658.571892428639
6210,5985.6,6659.662313916005
6211,5957.8,6660.752738352831
6212,5964.8,6661.843165738651
6213,5953.8,6662.933596072999
6214,5968.8,6664.024029355405
6215,5967.4,6665.114465585407
6216,6088.8,6666.204904762537
6217,6123.4,6667.295346886327
6218,6192.8,6668.385791956314
6219,6189.0,6669.47623997203
6220,6236.0,6670.56669093301
6221,6254.6,6671.657144838789
6222,6263.2,6672.7476016888995
6223,6248.2,6673.838061482879
6224,6343.2,6674.92852422026
6225,6325.8,6676.018989900581
6226,6330.0,6677.109458523372
6227,6329.0,6678.1999300881735
6228,6325.2,6679.290404594517
6229,6308.2,6680.380882041941
6230,6308.4,6681.471362429978
6231,6346.6,6682.561845758169
6232,6378.0,6683.652332026045
6233,6414.6,6684.742821233144
6234,6479.6,6685.833313379004
6235,6458.6,6686.923808463159
6236,6428.8,6688.014306485147
6237,6380.2,6689.104807444504
6238,6408.4,6690.195311340769
6239,6360.2,6691.285818173476
6240,6350.4,6692.376327942165
6241,6341.8,6693.4668406463725
6242,6305.6,6694.557356285634
6243,6322.6,6695.647874859491
6244,6285.2,6696.738396367478
6245,6367.4,6697.828920809135
6246,6451.6,6698.919448183999
6247,6501.0,6700.009978491609
6248,6444.8,6701.100511731503
6249,6464.2,6702.191047903219
6250,6410.0,6703.281587006297
6251,6282.6,6704.372129040276
6252,6222.8,6705.462674004693
6253,6277.0,6706.553221899088
6254,6222.8,6707.643772723003
6255,6167.4,6708.734326475974
6256,6211.2,6709.824883157541
6257,6196.2,6710.915442767246
6258,6120.0,6712.006005304625
6259,6157.8,6713.096570769222
6260,6158.8,6714.1871391605755
6261,6205.0,6715.277710478226
6262,6254.0,6716.368284721713
6263,6353.0,6717.45886189058
6264,6391.2,6718.5494419843635
6265,6292.2,6719.640025002608
6266,6315.6,6720.730610944853
6267,6288.2,6721.821199810638
6268,6274.0,6722.911791599508
6269,6264.2,6724.002386311002
6270,6362.8,6725.0929839446635
6271,6349.0,6726.183584500031
6272,6284.8,6727.274187976651
6273,6293.8,6728.364794374062
6274,6279.2,6729.455403691806
6275,6271.4,6730.546015929428
6276,6259.2,6731.63663108647
6277,6281.0,6732.727249162472
6278,6270.8,6733.817870156979
6279,6232.2,6734.908494069533
6280,6264.0,6735.999120899678
6281,6278.6,6737.089750646957
6282,6253.6,6738.180383310913
6283,6157.0,6739.27101889109
6284,6168.0,6740.361657387031
6285,6205.8,6741.45229879828
6286,6212.0,6742.542943124381
6287,6188.2,6743.633590364878
6288,6164.8,6744.724240519316
6289,6249.0,6745.814893587238
6290,6172.8,6746.90554956819
6291,6201.8,6747.996208461715
6292,6193.6,6749.086870267358
6293,6146.6,6750.177534984666
6294,6194.0,6751.268202613182
6295,6189.8,6752.358873152451
6296,6194.0,6753.449546602022
6297,6161.0,6754.5402229614365
6298,6164.4,6755.630902230241
6299,6287.4,6756.721584407982
6300,6380.8,6757.812269494205
6301,6417.8,6758.902957488457
6302,6440.0,6759.993648390283
6303,6438.6,6761.084342199231
6304,6445.2,6762.175038914846
6305,6453.8,6763.265738536675
6306,6444.0,6764.356441064265
6307,6462.6,6765.447146497162
6308,6366.4,6766.537854834914
6309,6430.6,6767.628566077069
6310,6384.0,6768.719280223173
6311,6481.0,6769.809997272775
6312,6490.8,6770.900717225421
6313,6506.6,6771.99144008066
6314,6539.2,6773.082165838039
6315,6629.8,6774.172894497107
6316,6675.2,6775.263626057411
6317,6668.2,6776.354360518501
6318,6669.2,6777.445097879925
6319,6633.0,6778.535838141231
6320,6640.4,6779.626581301967
6321,6594.6,6780.7173273616845
6322,6539.2,6781.8080763199305
6323,6518.6,6782.898828176255
6324,6618.8,6783.989582930207
6325,6721.0,6785.080340581336
6326,6730.4,6786.171101129193
6327,6719.4,6787.261864573325
6328,6730.4,6788.352630913284
6329,6726.6,6789.44340014862
6330,6748.0,6790.5341722788835
6331,6663.4,6791.624947303623
6332,6647.2,6792.715725222391
6333,6663.4,6793.806506034736
6334,6694.4,6794.897289740212
6335,6787.4,6795.988076338367
6336,6804.8,6797.078865828753
6337,6712.2,6798.169658210921
6338,6804.8,6799.260453484422
6339,6765.8,6800.351251648809
6340,6776.4,6801.442052703633
6341,6764.2,6802.532856648444
6342,6744.8,6803.6236634827965
6343,6793.0,6804.714473206241
6344,6844.4,6805.805285818329
6345,6835.4,6806.8961013186145
6346,6732.0,6807.98691970665
6347,6717.8,6809.077740981987
6348,6736.0,6810.168565144178
6349,6634.6,6811.259392192776
6350,6648.4,6812.350222127336
6351,6613.0,6813.441054947408
6352,6628.4,6814.531890652548
6353,6663.4,6815.622729242307
6354,6672.0,6816.7135707162415
6355,6658.6,6817.804415073902
6356,6626.4,6818.895262314846
6357,6627.4,6819.986112438624
6358,6666.0,6821.076965444792
6359,6709.8,6822.167821332904
6360,6731.2,6823.2586801025145
6361,6685.0,6824.349541753177
6362,6716.0,6825.440406284447
6363,6635.4,6826.5312736958795
6364,6639.6,6827.62214398703
6365,6653.8,6828.713017157451
6366,6666.0,6829.803893206701
6367,6645.8,6830.894772134334
6368,6643.2,6831.985653939904
6369,6657.8,6833.0765386229705
6370,6535.2,6834.167426183086
6371,6606.6,6835.2583166198065
6372,6575.6,6836.3492099326895
6373,6490.6,6837.44010612129
6374,6540.0,6838.531005185167
6375,6519.4,6839.621907123872
6376,6576.4,6840.712811936967
6377,6621.0,6841.803719624006
6378,6617.2,6842.894630184544
6379,6584.2,6843.985543618142
6380,6656.0,6845.076459924356
6381,6637.8,6846.1673791027415
6382,6616.4,6847.258301152858
6383,6653.8,6848.349226074262
6384,6692.4,6849.4401538665115
6385,6686.6,6850.531084529164
6386,6692.4,6851.622018061779
6387,6765.8,6852.712954463912
6388,6869.2,6853.803893735124
6389,6748.2,6854.894835874971
6390,6736.4,6855.985780883014
6391,6713.0,6857.07672875881
6392,6660.0,6858.1676795019175
6393,6708.2,6859.258633111896
6394,6836.4,6860.349589588306
6395,6797.8,6861.440548930705
6396,6815.2,6862.531511138653
6397,6793.0,6863.622476211708
6398,6685.2,6864.713444149433
6399,6633.0,6865.804414951384
6400,6682.0,6866.895388617124
6401,6577.0,6867.986365146211
6402,6638.8,6869.077344538206
6403,6682.6,6870.16832679267
6404,6688.4,6871.259311909162
6405,6726.6,6872.350299887243
6406,6753.2,6873.441290726474
6407,6766.6,6874.532284426417
6408,6745.2,6875.623280986631
6409,6832.2,6876.714280406678
6410,6782.8,6877.805282686119
6411,6871.4,6878.896287824517
6412,6833.6,6879.987295821432
6413,6799.4,6881.078306676424
6414,6814.8,6882.169320389059
6415,6748.2,6883.260336958896
6416,6711.6,6884.351356385498
6417,6605.0,6885.4423786684265
6418,6646.8,6886.533403807244
6419,6673.8,6887.624431801513
6420,6638.8,6888.715462650798
6421,6624.2,6889.806496354659
6422,6583.2,6890.8975329126615
6423,6604.2,6891.988572324367
6424,6696.0,6893.079614589337
6425,6701.0,6894.170659707138
6426,6721.2,6895.261707677333
6427,6827.4,6896.352758499484
6428,6806.4,6897.443812173155
6429,6749.0,6898.53486869791
6430,6783.6,6899.625928073314
6431,6677.8,6900.716990298929
6432,6643.2,6901.808055374322
6433,6649.8,6902.899123299055
6434,6671.6,6903.990194072693
6435,6601.8,6905.081267694802
6436,6606.4,6906.172344164946
6437,6515.4,6907.263423482688
6438,6548.0,6908.354505647597
6439,6668.2,6909.445590659236
6440,6743.2,6910.536678517168
6441,6661.8,6911.627769220963
6442,6771.6,6912.718862770184
6443,6672.2,6913.809959164397
6444,6674.8,6914.901058403168
6445,6751.4,6915.992160486062
6446,6728.0,6917.083265412647
6447,6741.8,6918.174373182488
6448,6738.0,6919.265483795152
6449,6671.4,6920.356597250205
6450,6567.6,6921.447713547213
6451,6499.4,6922.538832685745
6452,6430.4,6923.629954665366
6453,6469.0,6924.721079485644
6454,6446.8,6925.812207146146
6455,6437.0,6926.903337646439
6456,6487.2,6927.994470986089
6457,6427.4,6929.085607164667
6458,6427.6,6930.176746181738
6459,6417.8,6931.267888036871
6460,6397.2,6932.359032729634
6461,6502.6,6933.450180259594
6462,6483.2,6934.541330626321
6463,6568.2,6935.632483829382
6464,6614.4,6936.723639868346
6465,6584.2,6937.814798742783
6466,6606.8,6938.905960452258
6467,6650.6,6939.997124996344
6468,6634.0,6941.088292374608
6469,6617.8,6942.17946258662
6470,6602.8,6943.270635631948
6471,6598.6,6944.361811510163
6472,6668.4,6945.452990220832
6473,6758.6,6946.5441717635285
6474,6774.0,6947.63535613782
6475,6812.2,6948.726543343277
6476,6815.6,6949.817733379468
6477,6808.2,6950.9089262459665
6478,6766.0,6952.000121942341
6479,6783.4,6953.091320468161
6480,6726.4,6954.182521822999
6481,6728.2,6955.273726006424
6482,6784.8,6956.364933018009
6483,6790.6,6957.456142857323
6484,6751.2,6958.547355523938
6485,6710.6,6959.638571017425
6486,6588.8,6960.729789337357
6487,6489.0,6961.821010483304
6488,6447.2,6962.912234454836
6489,6546.6,6964.003461251529
6490,6561.2,6965.094690872951
6491,6471.4,6966.185923318676
6492,6383.6,6967.2771585882765
6493,6265.8,6968.368396681324
6494,6250.4,6969.4596375973915
6495,6265.8,6970.55088133605
6496,6229.2,6971.6421278968755
6497,6205.8,6972.733377279437
6498,6191.6,6973.82462948331
6499,6195.4,6974.9158845080665
6500,6185.6,6976.007142353282
6501,6168.2,6977.098403018526
6502,6148.0,6978.1896665033755
6503,6135.4,6979.280932807402
6504,6111.6,6980.372201930179
6505,6089.8,6981.463473871283
6506,6157.2,6982.554748630285
6507,6149.8,6983.646026206761
6508,6170.0,6984.737306600285
6509,6268.2,6985.828589810431
6510,6223.2,6986.919875836774
6511,6235.4,6988.011164678888
6512,6232.8,6989.102456336349
6513,6252.2,6990.19375080873
6514,6278.8,6991.2850480956085
6515,6245.8,6992.376348196557
6516,6254.0,6993.467651111153
6517,6276.2,6994.558956838971
6518,6256.4,6995.650265379587
6519,6245.0,6996.7415767325765
6520,6233.2,6997.832890897515
6521,6219.4,6998.924207873979
6522,6209.2,7000.015527661544
6523,6309.8,7001.1068502597855
6524,6269.6,7002.198175668283
6525,6173.0,7003.289503886609
6526,6187.2,7004.380834914343
6527,6169.8,7005.472168751061
6528,6180.0,7006.56350539634
6529,6201.0,7007.654844849755
6530,6302.8,7008.746187110885
6531,6268.2,7009.837532179308
6532,6240.4,7010.928880054599
6533,6237.0,7012.020230736338
6534,6253.2,7013.1115842241015
6535,6233.8,7014.202940517466
6536,6300.0,7015.294299616012
6537,6317.0,7016.385661519315
6538,6307.2,7017.477026226955
6539,6276.2,7018.568393738509
6540,6308.8,7019.6597640535565
6541,6313.8,7020.7511371716755
6542,6321.2,7021.842513092444
6543,6357.8,7022.933891815443
6544,6458.8,7024.025273340248
6545,6413.8,7025.116657666441
6546,6372.0,7026.2080447936
6547,6352.2,7027.299434721303
6548,6347.6,7028.390827449132
6549,6274.6,7029.482222976666
6550,6234.8,7030.573621303483
6551,6217.8,7031.665022429165
6552,6133.2,7032.7564263532895
6553,6080.2,7033.847833075439
6554,6120.0,7034.939242595191
6555,6054.6,7036.030654912129
6556,6086.0,7037.12207002583
6557,6117.0,7038.213487935877
6558,6150.0,7039.3049086418505
6559,6182.6,7040.39633214333
6560,6114.4,7041.487758439898
6561,6073.0,7042.579187531136
6562,6058.4,7043.670619416622
6563,6013.0,7044.762054095941
6564,6025.2,7045.853491568672
6565,5993.0,7046.944931834398
6566,5890.0,7048.036374892699
6567,5789.0,7049.127820743159
6568,5790.0,7050.2192693853585
6569,5778.6,7051.31072081888
6570,5766.8,7052.402175043307
6571,5746.6,7053.493632058219
6572,5726.8,7054.585091863201
6573,5819.4,7055.676554457835
6574,5840.4,7056.768019841702
6575,5829.8,7057.859488014387
6576,5832.4,7058.9509589754725
6577,5821.8,7060.042432724541
6578,5921.2,7061.133909261176
6579,5987.4,7062.2253885849605
6580,5977.2,7063.316870695478
6581,5957.8,7064.408355592314
6582,5981.2,7065.49984327505
6583,6012.2,7066.59133374327
6584,5981.2,7067.682826996558
6585,5965.0,7068.7743230344995
6586,6031.6,7069.865821856678
6587,6072.2,7070.957323462677
6588,6088.0,7072.048827852082
6589,6071.4,7073.140335024476
6590,6060.4,7074.231844979447
6591,6093.0,7075.323357716576
6592,6054.8,7076.414873235451
6593,6075.4,7077.506391535655
6594,6032.0,7078.597912616774
6595,6016.2,7079.689436478395
6596,6040.4,7080.7809631201
6597,6106.6,7081.872492541477
6598,6056.4,7082.964024742112
6599,6069.0,7084.05555972159
6600,5972.8,7085.147097479496
6601,5899.4,7086.238638015418
6602,5886.8,7087.330181328942
6603,5894.6,7088.421727419652
6604,5860.8,7089.513276287137
6605,5841.8,7090.6048279309825
6606,5841.2,7091.696382350777
6607,5838.6,7092.787939546104
6608,5845.6,7093.879499516554
6609,5939.4,7094.97106226171
6610,5883.6,7096.062627781163
6611,5955.4,7097.154196074499
6612,5951.6,7098.245767141306
6613,5940.2,7099.33734098117
6614,5950.0,7100.42891759368
6615,5928.2,7101.520496978424
6616,5918.8,7102.612079134989
6617,5961.8,7103.703664062963
6618,5944.0,7104.795251761936
6619,5966.6,7105.8868422314945
6620,5963.2,7106.978435471227
6621,5854.6,7108.070031480724
6622,5910.0,7109.161630259572
6623,5853.8,7110.253231807361
6624,5870.4,7111.344836123679
6625,5791.4,7112.436443208116
6626,5825.2,7113.52805306026
6627,5839.4,7114.619665679703
6628,5868.0,7115.711281066031
6629,5877.0,7116.802899218835
6630,5876.0,7117.8945201377055
6631,5838.6,7118.9861438222315
6632,5874.8,7120.077770272003
6633,5852.2,7121.169399486611
6634,5819.2,7122.261031465643
6635,5841.8,7123.352666208692
6636,5797.2,7124.444303715348
6637,5794.6,7125.5359439852
6638,5819.2,7126.627587017841
6639,5883.4,7127.719232812859
6640,5838.0,7128.810881369847
6641,5837.0,7129.902532688396
6642,5758.0,7130.9941867680955
6643,5716.2,7132.085843608537
6644,5697.2,7133.177503209315
6645,5673.0,7134.269165570018
6646,5695.6,7135.360830690237
6647,5720.2,7136.452498569567
6648,5720.8,7137.5441692075965
6649,5747.4,7138.63584260392
6650,5812.8,7139.727518758127
6651,5803.4,7140.819197669814
6652,5828.0,7141.9108793385685
6653,5737.0,7143.0025637639865
6654,5776.0,7144.094250945658
6655,5761.8,7145.185940883179
6656,5762.0,7146.277633576139
6657,5779.4,7147.369329024133
6658,5667.6,7148.461027226753
6659,5713.8,7149.552728183593
6660,5813.2,7150.644431894246
6661,5757.0,7151.736138358306
6662,5822.4,7152.827847575365
6663,5801.0,7153.919559545018
6664,5827.2,7155.011274266859
6665,5812.2,7156.102991740482
6666,5845.2,7157.194711965481
6667,5845.0,7158.2864349414485
6668,5871.2,7159.37816066798
6669,5807.4,7160.469889144671
6670,5851.6,7161.561620371115
6671,5850.6,7162.653354346907
6672,5813.6,7163.74509107164
6673,5776.2,7164.836830544911
6674,5750.8,7165.9285727663155
6675,5805.0,7167.020317735447
6676,5778.8,7168.112065451902
6677,5717.0,7169.203815915274
6678,5772.0,7170.295569125161
6679,5750.6,7171.387325081157
6680,5760.4,7172.479083782858
6681,5778.6,7173.57084522986
6682,5785.2,7174.662609421759
6683,5744.2,7175.7543763581525
6684,5643.6,7176.846146038633
6685,5744.2,7177.9379184628015
6686,5782.0,7179.02969363025
6687,5885.0,7180.121471540579
6688,5865.6,7181.213252193383
6689,5790.6,7182.305035588259
6690,5807.2,7183.396821724805
6691,5833.8,7184.488610602616
6692,5830.0,7185.5804022212915
6693,5935.4,7186.672196580428
6694,5945.2,7187.763993679623
6695,5985.0,7188.855793518473
6696,5929.2,7189.9475960965765
6697,5912.2,7191.039401413531
6698,5886.0,7192.131209468936
6699,5882.6,7193.223020262386
6700,5902.4,7194.314833793484
6701,5938.6,7195.406650061823
6702,5972.8,7196.498469067005
6703,5972.2,7197.590290808627
6704,6002.4,7198.682115286289
6705,6109.8,7199.773942499589
6706,6168.0,7200.8657724481245
6707,6178.6,7201.957605131496
6708,6204.8,7203.049440549303
6709,6239.4,7204.141278701143
6710,6204.0,7205.233119586616
6711,6189.0,7206.324963205323
6712,6248.8,7207.416809556861
6713,6242.6,7208.508658640831
6714,6304.0,7209.600510456833
6715,6388.2,7210.692365004467
6716,6341.6,7211.784222283332
6717,6297.0,7212.87608229303
6718,6235.6,7213.967945033159
6719,6129.0,7215.0598105033205
6720,6102.0,7216.151678703116
6721,5997.8,7217.243549632144
6722,5992.0,7218.335423290007
6723,6096.2,7219.427299676306
6724,6094.4,7220.51917879064
6725,6096.2,7221.611060632611
6726,6064.0,7222.702945201822
6727,6055.4,7223.794832497872
6728,6075.6,7224.886722520364
6729,6053.0,7225.9786152688985
6730,6020.8,7227.070510743078
6731,5986.6,7228.162408942502
6732,5999.6,7229.254309866777
6733,5986.6,7230.3462135155005
6734,5986.4,7231.4381198882775
6735,5961.0,7232.530028984708
6736,5945.2,7233.621940804397
6737,5918.6,7234.713855346945
6738,5826.0,7235.805772611956
6739,5881.0,7236.897692599032
6740,5859.2,7237.989615307775
6741,5926.6,7239.081540737789
6742,5914.0,7240.173468888678
6743,5873.8,7241.265399760043
6744,5888.8,7242.357333351489
6745,5857.8,7243.449269662619
6746,5881.2,7244.541208693036
6747,5873.0,7245.633150442344
6748,5897.6,7246.725094910148
6749,5818.6,7247.8170420960505
6750,5835.6,7248.908991999655
6751,5888.2,7250.000944620568
6752,5948.0,7251.092899958391
6753,5922.6,7252.18485801273
6754,5860.8,7253.276818783189
6755,5878.6,7254.368782269374
6756,5880.8,7255.460748470887
6757,5889.8,7256.552717387334
6758,5993.6,7257.644689018322
6759,6017.0,7258.736663363453
6760,5968.8,7259.828640422334
6761,5935.4,7260.92062019457
6762,5913.6,7262.012602679766
6763,5962.6,7263.104587877528
6764,5917.6,7264.196575787461
6765,5865.0,7265.288566409172
6766,5836.8,7266.380559742264
6767,5818.6,7267.472555786347
6768,5771.6,7268.564554541024
6769,5795.4,7269.656556005903
6770,5769.6,7270.74856018059
6771,5685.8,7271.84056706469
6772,5623.6,7272.932576657811
6773,5641.8,7274.024588959562
6774,5721.2,7275.116603969544
6775,5677.0,7276.208621687369
6776,5740.0,7277.30064211264
6777,5710.6,7278.392665244968
6778,5706.8,7279.484691083959
6779,5760.2,7280.57671962922
6780,5734.0,7281.668750880357
6781,5710.6,7282.760784836981
6782,5733.6,7283.852821498695
6783,5837.8,7284.944860865113
6784,5880.0,7286.036902935837
6785,5853.0,7287.128947710478
6786,5748.4,7288.220995188645
6787,5645.8,7289.313045369945
6788,5694.8,7290.405098253986
6789,5665.0,7291.497153840377
6790,5686.8,7292.589212128726
6791,5716.2,7293.681273118643
6792,5690.4,7294.773336809737
6793,5678.6,7295.865403201616
6794,5709.6,7296.957472293888
6795,5695.4,7298.049544086165
6796,5688.8,7299.1416185780545
6797,5713.8,7300.233695769166
6798,5758.0,7301.32577565911
6799,5703.4,7302.417858247495
6800,5790.4,7303.5099435339325
6801,5848.2,7304.60203151803
6802,5835.2,7305.694122199399
6803,5777.0,7306.78621557765
6804,5753.2,7307.878311652392
6805,5787.4,7308.970410423235
6806,5826.0,7310.062511889792
6807,5825.0,7311.154616051672
6808,5778.8,7312.246722908484
6809,5804.2,7313.338832459841
6810,5773.2,7314.430944705355
6811,5684.2,7315.523059644634
6812,5663.2,7316.61517727729
6813,5590.6,7317.707297602936
6814,5616.8,7318.799420621181
6815,5613.0,7319.891546331638
6816,5638.8,7320.9836747339195
6817,5586.6,7322.075805827634
6818,5600.0,7323.167939612396
6819,5632.2,7324.260076087817
6820,5534.8,7325.352215253509
6821,5519.4,7326.444357109083
6822,5471.2,7327.536501654153
6823,5434.6,7328.62864888833
6824,5471.2,7329.720798811228
6825,5477.8,7330.812951422457
6826,5488.8,7331.905106721632
6827,5570.6,7332.997264708366
6828,5572.0,7334.08942538227
6829,5580.2,7335.181588742959
6830,5554.4,7336.273754790044
6831,5614.6,7337.365923523142
6832,5603.2,7338.458094941862
6833,5629.8,7339.550269045821
6834,5534.0,7340.642445834631
6835,5513.0,7341.734625307905
6836,5474.4,7342.826807465258
6837,5496.2,7343.918992306304
6838,5417.2,7345.011179830656
6839,5352.2,7346.10337003793
6840,5342.0,7347.195562927739
6841,5306.6,7348.287758499698
6842,5291.2,7349.37995675342
6843,5240.2,7350.472157688521
6844,5240.8,7351.564361304617
6845,5234.6,7352.656567601321
6846,5184.8,7353.748776578247
6847,5134.6,7354.8409882350115
6848,5144.4,7355.933202571231
6849,5186.6,7357.025419586519
6850,5108.4,7358.117639280491
6851,5077.0,7359.209861652763
6852,5100.0,7360.30208670295
6853,5129.0,7361.394314430669
6854,5108.4,7362.486544835533
6855,5115.4,7363.578777917162
6856,5156.8,7364.67101367517
6857,5130.6,7365.763252109173
6858,5144.4,7366.855493218787
6859,5146.6,7367.947737003629
6860,5130.0,7369.039983463317
6861,5113.8,7370.132232597465
6862,5130.0,7371.224484405691
6863,5129.0,7372.316738887612
6864,5078.4,7373.408996042845
6865,5063.4,7374.501255871005
6866,5106.8,7375.593518371713
6867,5147.4,7376.685783544583
6868,5098.0,7377.778051389234
6869,5177.0,7378.870321905283
6870,5129.6,7379.962595092348
6871,5215.4,7381.054870950046
6872,5202.4,7382.147149477996
6873,5281.8,7383.239430675816
6874,5331.2,7384.331714543123
6875,5325.8,7385.424001079535
6876,5286.4,7386.5162902846705
6877,5325.8,7387.608582158148
6878,5276.0,7388.700876699588
6879,5342.6,7389.793173908606
6880,5397.2,7390.885473784822
6881,5376.2,7391.977776327856
6882,5330.8,7393.070081537326
6883,5300.2,7394.16238941285
6884,5360.0,7395.254699954048
6885,5361.0,7396.34701316054
6886,5339.6,7397.439329031944
6887,5344.2,7398.531647567882
6888,5340.0,7399.62396876797
6889,5289.0,7400.716292631831
6890,5365.2,7401.808619159082
6891,5293.0,7402.9009483493455
6892,5308.4,7403.9932802022395
6893,5293.0,7405.085614717386
6894,5245.6,7406.177951894404
6895,5199.4,7407.270291732913
6896,5238.8,7408.362634232537
6897,5297.0,7409.454979392893
6898,5291.6,7410.547327213602
6899,5333.0,7411.639677694287
6900,5369.6,7412.732030834567
6901,5357.8,7413.8243866340645
6902,5316.8,7414.9167450924
6903,5415.4,7416.009106209192
6904,5357.6,7417.101469984068
6905,5369.0,7418.1938364166435
6906,5348.4,7419.286205506543
6907,5328.2,7420.378577253387
6908,5428.0,7421.4709516568
6909,5430.6,7422.563328716401
6910,5497.6,7423.655708431812
6911,5552.2,7424.7480908026555
6912,5531.6,7425.840475828555
6913,5576.2,7426.932863509132
6914,5648.0,7428.025253844009
6915,5576.2,7429.117646832809
6916,5556.4,7430.210042475153
6917,5593.8,7431.302440770665
6918,5627.6,7432.394841718969
6919,5618.6,7433.487245319685
6920,5544.4,7434.579651572439
6921,5475.4,7435.6720604768525
6922,5413.2,7436.76447203255
6923,5300.2,7437.856886239153
6924,5331.2,7438.949303096287
6925,5232.2,7440.041722603575
6926,5281.6,7441.13414476064
6927,5300.2,7442.226569567107
6928,5318.8,7443.318997022599
6929,5220.2,7444.411427126741
6930,5213.6,7445.503859879156
6931,5212.2,7446.59629527947
6932,5290.8,7447.688733327305
6933,5236.2,7448.781174022288
6934,5258.0,7449.873617364041
6935,5253.0,7450.96606335219
6936,5257.2,7452.058511986361
6937,5248.2,7453.150963266177
6938,5216.8,7454.243417191264
6939,5248.2,7455.335873761247
6940,5214.0,7456.428332975752
6941,5201.8,7457.520794834402
6942,5135.6,7458.613259336826
6943,5141.8,7459.705726482644
6944,5135.6,7460.798196271488
6945,5145.8,7461.89066870298
6946,5135.6,7462.983143776748
6947,5215.4,7464.075621492416
6948,5293.2,7465.168101849611
6949,5285.8,7466.260584847959
6950,5294.4,7467.353070487086
6951,5252.2,7468.44555876662
6952,5278.0,7469.538049686186
6953,5302.6,7470.630543245411
6954,5309.6,7471.723039443921
6955,5417.0,7472.815538281344
6956,5504.0,7473.908039757307
6957,5443.4,7475.000543871436
6958,5344.8,7476.093050623359
6959,5369.0,7477.185560012703
6960,5411.6,7478.278072039096
6961,5465.8,7479.370586702164
6962,5543.2,7480.463104001535
6963,5551.4,7481.555623936837
6964,5523.2,7482.648146507699
6965,5514.6,7483.740671713747
6966,5441.6,7484.8331995546105
6967,5434.6,7485.925730029917
6968,5491.6,7487.0182631392945
6969,5487.4,7488.110798882371
6970,5403.6,7489.203337258776
6971,5411.4,7490.295878268137
6972,5374.0,7491.388421910083
6973,5377.8,7492.480968184243
6974,5457.2,7493.573517090245
6975,5393.0,7494.66606862772
6976,5387.6,7495.758622796295
6977,5389.0,7496.8511795956
6978,5360.0,7497.943739025264
6979,5378.6,7499.036301084917
6980,5478.0,7500.128865774188
6981,5441.0,7501.221433092706
6982,5415.2,7502.314003040102
6983,5416.2,7503.406575616004
6984,5373.6,7504.499150820045
6985,5326.6,7505.591728651852
6986,5338.4,7506.684309111055
6987,5306.6,7507.7768921972865
6988,5304.4,7508.869477910176
6989,5262.6,7509.9620662493535
6990,5214.4,7511.0546572144485
6991,5145.0,7512.147250805094
6992,5154.0,7513.23984702092
6993,5145.0,7514.332445861555
6994,5167.6,7515.425047326634
6995,5221.8,7516.517651415786
6996,5275.6,7517.61025812864
6997,5281.0,7518.702867464831
6998,5319.2,7519.795479423989
6999,5421.8,7520.888094005743
7000,5394.4,7521.980711209729
7001,5384.2,7523.073331035575
7002,5282.4,7524.165953482916
7003,5272.2,7525.258578551381
7004,5228.0,7526.351206240603
7005,5157.8,7527.443836550216
7006,5144.4,7528.536469479848
7007,5149.0,7529.629105029135
7008,5074.8,7530.721743197709
7009,5136.2,7531.8143839852
7010,5143.2,7532.907027391244
7011,5159.4,7533.99967341547
7012,5175.2,7535.092322057515
7013,5169.8,7536.184973317009
7014,5195.2,7537.277627193587
7015,5162.6,7538.37028368688
7016,5215.2,7539.462942796522
7017,5191.4,7540.555604522147
7018,5172.4,7541.648268863389
7019,5205.8,7542.74093581988
7020,5225.6,7543.8336053912535
7021,5258.6,7544.926277577146
7022,5293.2,7546.018952377187
7023,5341.0,7547.111629791015
7024,5343.6,7548.204309818261
7025,5416.2,7549.29699245856
7026,5457.6,7550.389677711547
7027,5501.0,7551.482365576857
7028,5522.4,7552.575056054122
7029,5519.4,7553.667749142977
7030,5568.8,7554.760444843059
7031,5669.8,7555.853143154001
7032,5688.0,7556.945844075439
7033,5645.8,7558.038547607007
7034,5596.8,7559.13125374834
7035,5603.4,7560.223962499074
7036,5658.4,7561.316673858843
7037,5646.6,7562.409387827285
7038,5581.6,7563.502104404034
7039,5628.2,7564.5948235887245
7040,5690.0,7565.6875453809935
7041,5687.4,7566.780269780476
7042,5788.8,7567.872996786809
7043,5674.6,7568.965726399629
7044,5694.0,7570.05845861857
7045,5753.8,7571.151193443269
7046,5784.0,7572.243930873364
7047,5697.8,7573.336670908489
7048,5700.0,7574.429413548283
7049,5680.2,7575.522158792381
7050,5633.6,7576.6149066404205
7051,5661.0,7577.707657092036
7052,5695.2,7578.800410146869
7053,5650.6,7579.893165804552
7054,5682.0,7580.985924064725
7055,5669.8,7582.078684927024
7056,5659.6,7583.171448391087
7057,5699.4,7584.264214456552
7058,5598.4,7585.356983123055
7059,5622.6,7586.449754390234
7060,5724.0,7587.542528257729
7061,5773.0,7588.635304725175
7062,5762.0,7589.728083792211
7063,5785.8,7590.820865458474
7064,5729.6,7591.913649723605
7065,5745.0,7593.006436587241
7066,5740.4,7594.099226049018
7067,5818.6,7595.192018108577
7068,5768.4,7596.284812765557
7069,5782.6,7597.3776100195955
7070,5845.2,7598.4704098703305
7071,5832.2,7599.563212317402
7072,5835.6,7600.656017360451
7073,5801.8,7601.748824999113
7074,5892.4,7602.841635233028
7075,5937.0,7603.934448061836
7076,5972.0,7605.027263485176
7077,5981.8,7606.12008150269
7078,5919.2,7607.212902114013
7079,6021.8,7608.305725318789
7080,6032.8,7609.398551116655
7081,6025.8,7610.491379507252
7082,6012.8,7611.584210490218
7083,6018.6,7612.677044065198
7084,5996.8,7613.769880231827
7085,5965.8,7614.862718989748
7086,6009.6,7615.955560338601
7087,6009.8,7617.048404278025
7088,5990.4,7618.141250807662
7089,5992.2,7619.2340999271555
7090,5988.4,7620.326951636141
7091,5941.8,7621.419805934262
7092,5914.8,7622.512662821159
7093,5918.6,7623.605522296473
7094,5968.8,7624.698384359848
7095,5997.8,7625.79124901092
7096,5901.2,7626.884116249335
7097,5803.4,7627.976986074732
7098,5852.4,7629.069858486755
7099,5873.0,7630.162733485043
7100,5856.8,7631.255611069238
7101,5779.4,7632.348491238984
7102,5706.0,7633.441373993922
7103,5613.0,7634.534259333693
7104,5616.0,7635.62714725794
7105,5663.4,7636.7200377663075
7106,5712.8,7637.812930858435
7107,5721.0,7638.905826533964
7108,5725.2,7639.99872479254
7109,5719.4,7641.091625633806
7110,5815.6,7642.184529057403
7111,5778.6,7643.277435062973
7112,5826.4,7644.370343650161
7113,5835.4,7645.46325481861
7114,5801.2,7646.556168567963
7115,5779.4,7647.649084897862
7116,5834.4,7648.742003807952
7117,5903.4,7649.834925297874
7118,5942.4,7650.927849367276
7119,5983.4,7652.020776015798
7120,5917.6,7653.113705243086
7121,5872.2,7654.206637048782
7122,5900.4,7655.299571432531
7123,5906.6,7656.392508393977
7124,5854.4,7657.485447932764
7125,5816.2,7658.578390048537
7126,5876.0,7659.671334740939
7127,5875.4,7660.764282009615
7128,5907.2,7661.857231854213
7129,5977.0,7662.950184274372
7130,5957.6,7664.04313926974
7131,6033.8,7665.1360968399595
7132,5956.8,7666.229056984679
7133,6028.2,7667.3220197035425
7134,6014.4,7668.414984996193
7135,6039.4,7669.507952862279
7136,6069.2,7670.600923301443
7137,5989.8,7671.6938963133325
7138,5995.2,7672.7868718975915
7139,5989.0,7673.879850053867
7140,5996.8,7674.972830781804
7141,6043.4,7676.065814081049
7142,6099.2,7677.158799951247
7143,6085.8,7678.2517883920455
7144,5997.2,7679.344779403089
7145,5999.4,7680.437772984024
7146,5964.4,7681.530769134499
7147,5941.8,7682.6237678541565
7148,5971.2,7683.7167691426475
7149,5873.8,7684.809772999617
7150,5914.8,7685.902779424709
7151,5922.6,7686.995788417576
7152,5860.8,7688.088799977859
7153,5823.4,7689.181814105208
7154,5835.6,7690.274830799271
7155,5832.2,7691.367850059693
7156,5865.2,7692.460871886124
7157,5894.6,7693.553896278208
7158,5924.4,7694.646923235595
7159,5936.2,7695.739952757934
7160,5932.8,7696.832984844868
7161,5837.8,7697.92601949605
7162,5870.8,7699.019056711125
7163,5896.2,7700.112096489741
7164,5883.6,7701.205138831546
7165,5944.2,7702.2981837361895
7166,5990.4,7703.391231203321
7167,5936.2,7704.484281232586
7168,5950.0,7705.577333823634
7169,5944.2,7706.670388976113
7170,5960.0,7707.763446689674
7171,5929.8,7708.856506963963
7172,5875.2,7709.949569798631
7173,5823.4,7711.042635193326
7174,5754.0,7712.135703147698
7175,5829.8,7713.228773661395
7176,5884.0,7714.321846734067
7177,5925.0,7715.414922365362
7178,5919.2,7716.508000554932
7179,5915.4,7717.601081302426
7180,5915.6,7718.694164607491
7181,6014.6,7719.78725046978
7182,6030.4,7720.880338888942
7183,6091.4,7721.973429864625
7184,6110.0,7723.066523396482
7185,6022.6,7724.159619484161
7186,5990.8,7725.2527181273135
7187,6025.0,7726.345819325588
7188,6086.8,7727.438923078638
7189,6081.8,7728.532029386112
7190,5994.0,7729.625138247661
7191,5953.0,7730.718249662936
7192,6050.8,7731.8113636315875
7193,5953.0,7732.904480153267
7194,6007.6,7733.997599227624
7195,6050.6,7735.090720854311
7196,5972.4,7736.183845032979
7197,5916.2,7737.276971763279
7198,5935.2,7738.370101044863
7199,5940.2,7739.463232877383
7200,5992.4,7740.556367260488
7201,6046.6,7741.649504193833
7202,6028.8,7742.7426436770675
7203,6033.0,7743.835785709845
7204,5937.2,7744.928930291816
7205,5901.0,7746.022077422633
7206,5996.8,7747.11522710195
7207,6094.6,7748.208379329416
7208,6178.8,7749.301534104685
7209,6211.4,7750.39469142741
7210,6112.8,7751.487851297244
7211,6149.8,7752.581013713837
7212,6212.0,7753.674178676844
7213,6185.0,7754.7673461859185
7214,6188.4,7755.860516240712
7215,6149.0,7756.9536888408775
7216,6156.8,7758.046863986067
7217,6186.6,7759.140041675937
7218,6136.0,7760.233221910139
7219,6040.2,7761.326404688327
7220,6064.8,7762.419590010153
7221,6016.2,7763.512777875272
7222,6070.0,7764.6059682833375
7223,6165.0,7765.699161234002
7224,6158.0,7766.792356726922
7225,6063.4,7767.8855547617495
7226,6127.6,7768.978755338138
7227,6194.6,7770.071958455744
7228,6160.8,7771.16516411422
7229,6174.6,7772.258372313222
7230,6197.2,7773.351583052402
7231,6217.0,7774.444796331418
7232,6242.0,7775.538012149919
7233,6236.2,7776.631230507566
7234,6179.2,7777.724451404011
7235,6213.0,7778.817674838909
7236,6241.2,7779.910900811915
7237,6243.4,7781.004129322685
7238,6180.8,7782.097360370873
7239,6201.0,7783.190593956134
7240,6142.8,7784.283830078125
7241,6197.8,7785.377068736501
7242,6292.0,7786.470309930917
7243,6274.6,7787.56355366103
7244,6274.4,7788.656799926495
7245,6285.0,7789.750048726966
7246,6348.4,7790.843300062102
7247,6285.0,7791.936553931558
7248,6293.6,7793.029810334989
7249,6283.4,7794.123069272053
7250,6282.0,7795.216330742404
7251,6265.0,7796.309594745702
7252,6275.2,7797.402861281602
7253,6273.0,7798.4961303497585
7254,6280.0,7799.589401949832
7255,6215.4,7800.682676081475
7256,6162.0,7801.775952744349
7257,6127.4,7802.869231938106
7258,6118.0,7803.962513662407
7259,6045.8,7805.055797916908
7260,6048.8,7806.149084701267
7261,6145.8,7807.242374015142
7262,6148.8,7808.335665858186
7263,6085.8,7809.428960230063
7264,6038.0,7810.522257130425
7265,6136.2,7811.615556558933
7266,6236.4,7812.708858515243
7267,6183.4,7813.802162999015
7268,6156.4,7814.8954700099075
7269,6245.0,7815.988779547576
7270,6239.6,7817.082091611679
7271,6237.8,7818.175406201876
7272,6200.4,7819.268723317826
7273,6189.8,7820.362042959185
7274,6118.0,7821.455365125615
7275,6040.2,7822.548689816773
7276,6021.2,7823.642017032316
7277,5985.0,7824.735346771906
7278,5993.2,7825.8286790352
7279,6112.2,7826.922013821859
7280,6118.8,7828.01535113154
7281,6036.2,7829.1086909639025
7282,6044.8,7830.202033318606
7283,6058.6,7831.295378195312
7284,5982.0,7832.388725593677
7285,5953.8,7833.482075513362
7286,5920.0,7834.575427954027
7287,5973.0,7835.668782915332
7288,5955.6,7836.762140396935
7289,6005.8,7837.855500398499
7290,5993.6,7838.948862919683
7291,5943.4,7840.042227960145
7292,5863.6,7841.135595519549
7293,5916.2,7842.228965597551
7294,5914.0,7843.322338193815
7295,5985.8,7844.415713308001
7296,5968.4,7845.509090939767
7297,5981.0,7846.602471088777
7298,5920.4,7847.69585375469
7299,5865.8,7848.789238937167
7300,5969.6,7849.882626635871
7301,5995.4,7850.97601685046
7302,6050.4,7852.0694095805975
7303,6093.8,7853.1628048259445
7304,6111.2,7854.256202586162
7305,6097.0,7855.34960286091
7306,6105.2,7856.443005649851
7307,6105.8,7857.53641095265
7308,6062.8,7858.629818768964
7309,6008.2,7859.723229098456
7310,6072.4,7860.81664194079
7311,6058.6,7861.910057295625
7312,6062.0,7863.003475162626
7313,6126.6,7864.096895541454
7314,6187.6,7865.190318431771
7315,6133.0,7866.283743833238
7316,6089.6,7867.377171745521
7317,6077.0,7868.47060216828
7318,6108.0,7869.564035101178
7319,6215.4,7870.65747054388
7320,6277.2,7871.750908496045
7321,6246.6,7872.844348957337
7322,6231.6,7873.937791927422
7323,6176.2,7875.03123740596
7324,6096.0,7876.124685392616
7325,6047.4,7877.21813588705
7326,6119.6,7878.311588888931
7327,6222.6,7879.405044397918
7328,6240.8,7880.498502413676
7329,6197.8,7881.591962935868
7330,6278.0,7882.68542596416
7331,6281.8,7883.778891498213
7332,6336.8,7884.872359537693
7333,6348.2,7885.965830082261
7334,6321.2,7887.059303131585
7335,6301.8,7888.152778685328
7336,6244.0,7889.246256743153
7337,6241.0,7890.339737304726
7338,6285.2,7891.43322036971
7339,6291.4,7892.52670593777
7340,6272.8,7893.620194008571
7341,6213.8,7894.713684581778
7342,6273.6,7895.807177657056
7343,6261.8,7896.900673234069
7344,6213.2,7897.994171312481
7345,6215.4,7899.08767189196
7346,6227.6,7900.18117497217
7347,6289.8,7901.274680552776
7348,6310.8,7902.368188633443
7349,6375.4,7903.461699213838
7350,6407.6,7904.555212293625
7351,6289.0,7905.64872787247
7352,6256.8,7906.742245950039
7353,6253.8,7907.835766525996
7354,6199.2,7908.9292896000115
7355,6135.4,7910.022815171747
7356,6118.0,7911.116343240871
7357,6076.2,7912.20987380705
7358,6022.4,7913.303406869948
7359,6028.2,7914.396942429233
7360,6088.8,7915.490480484571
7361,6153.8,7916.584021035628
7362,6168.0,7917.677564082073
7363,6256.2,7918.771109623571
7364,6192.4,7919.864657659788
7365,6207.4,7920.958208190393
7366,6099.2,7922.05176121505
7367,6129.0,7923.14531673343
7368,6116.4,7924.238874745197
7369,6137.0,7925.3324352500185
7370,6256.4,7926.425998247564
7371,6341.0,7927.519563737501
7372,6310.4,7928.613131719494
7373,6304.2,7929.7067021932135
7374,6291.2,7930.800275158324
7375,6276.2,7931.893850614499
7376,6197.6,7932.9874285614
7377,6180.2,7934.081008998698
7378,6196.4,7935.174591926062
7379,6204.2,7936.26817734316
7380,6209.2,7937.361765249658
7381,6154.6,7938.455355645225
7382,6110.4,7939.54894852953
7383,6044.2,7940.642543902243
7384,6061.2,7941.736141763031
7385,6045.0,7942.829742111564
7386,5987.6,7943.923344947508
7387,5965.8,7945.016950270535
7388,5955.6,7946.110558080312
7389,6029.8,7947.204168376508
7390,6020.4,7948.297781158794
7391,6007.4,7949.391396426837
7392,6063.2,7950.485014180308
7393,6065.8,7951.578634418876
7394,6087.2,7952.672257142211
7395,6076.2,7953.765882349982
7396,6118.4,7954.859510041858
7397,6098.6,7955.953140217508
7398,6062.4,7957.046772876605
7399,6143.4,7958.140408018816
7400,6140.0,7959.234045643814
7401,6105.0,7960.3276857512665
7402,6059.6,7961.4213283408435
7403,6101.0,7962.514973412217
7404,6055.6,7963.6086209650575
7405,6105.8,7964.702270999034
7406,5999.6,7965.795923513819
7407,5945.8,7966.889578509079
7408,5828.4,7967.98323598449
7409,5827.4,7969.07689593972
7410,5821.2,7970.1705583744415
7411,5829.0,7971.264223288322
7412,5794.4,7972.357890681037
7413,5801.0,7973.451560552255
7414,5819.2,7974.545232901649
7415,5805.8,7975.638907728889
7416,5758.4,7976.732585033646
7417,5864.2,7977.8262648155915
7418,5864.0,7978.9199470744
7419,5871.4,7980.01363180974
7420,5816.0,7981.107319021285
7421,5761.8,7982.201008708706
7422,5650.0,7983.294700871676
7423,5755.4,7984.388395509865
7424,5862.8,7985.482092622948
7425,5866.6,7986.575792210595
7426,5889.2,7987.669494272478
7427,5885.0,7988.763198808272
7428,5865.6,7989.856905817648
7429,5883.4,7990.9506153002785
7430,5951.2,7992.044327255835
7431,5972.2,7993.138041683993
7432,6025.6,7994.231758584424
7433,6028.2,7995.3254779568
7434,5966.8,7996.419199800794
7435,5984.2,7997.512924116081
7436,5957.6,7998.606650902332
7437,5954.6,7999.700380159222
7438,6000.4,8000.7941118864255
7439,5988.2,8001.887846083612
7440,6006.4,8002.981582750458
7441,6016.2,8004.0753218866375
7442,6012.0,8005.169063491822
7443,6012.2,8006.262807565686
7444,5962.0,8007.356554107905
7445,5974.6,8008.450303118151
7446,5946.8,8009.544054596098
7447,5901.8,8010.637808541423
7448,5856.8,8011.731564953797
7449,5749.8,8012.825323832896
7450,5728.4,8013.919085178393
7451,5669.0,8015.012848989964
7452,5734.8,8016.106615267284
7453,5727.4,8017.200384010027
7454,5795.2,8018.294155217866
7455,5795.4,8019.387928890479
7456,5878.8,8020.481705027538
7457,5934.6,8021.57548362872
7458,5952.4,8022.669264693699
7459,5913.8,8023.763048222151
7460,5877.2,8024.856834213751
7461,5887.4,8025.950622668173
7462,5909.2,8027.044413585095
7463,5864.2,8028.138206964191
7464,5805.6,8029.232002805137
7465,5695.4,8030.325801107609
7466,5589.6,8031.419601871281
7467,5625.0,8032.513405095831
7468,5670.4,8033.607210780934
7469,5565.8,8034.701018926267
7470,5579.6,8035.7948295315055
7471,5646.6,8036.888642596325
7472,5672.8,8037.982458120402
7473,5685.8,8039.076276103416
7474,5700.8,8040.170096545037
7475,5653.0,8041.263919444948
7476,5690.4,8042.357744802824
7477,5685.8,8043.451572618338
7478,5705.6,8044.545402891172
7479,5697.8,8045.639235620999
7480,5637.2,8046.733070807497
7481,5653.0,8047.826908450345
7482,5570.0,8048.920748549219
7483,5592.2,8050.014591103795
7484,5595.6,8051.108436113753
7485,5640.2,8052.2022835787675
7486,5630.8,8053.296133498517
7487,5571.4,8054.38998587268
7488,5512.4,8055.483840700935
7489,5541.0,8056.577697982955
7490,5590.4,8057.671557718424
7491,5636.2,8058.765419907017
7492,5678.8,8059.859284548411
7493,5693.8,8060.953151642288
7494,5810.4,8062.047021188319
7495,5742.6,8063.140893186191
7496,5743.2,8064.234767635577
7497,5811.4,8065.328644536155
7498,5809.6,8066.422523887607
7499,5753.8,8067.516405689608
7500,5707.6,8068.61028994184
7501,5673.0,8069.70417664398
7502,5740.8,8070.798065795708
7503,5798.6,8071.891957396699
7504,5740.0,8072.985851446638
7505,5688.2,8074.0797479452
7506,5682.0,8075.173646892066
7507,5670.6,8076.267548286915
7508,5614.4,8077.361452129427
7509,5533.0,8078.455358419279
7510,5587.2,8079.5492671561515
7511,5603.4,8080.643178339727
7512,5562.4,8081.737091969682
7513,5588.2,8082.831008045698
7514,5620.0,8083.9249265674525
7515,5613.8,8085.0188475346295
7516,5723.6,8086.112770946906
7517,5792.2,8087.206696803963
7518,5809.6,8088.300625105479
7519,5794.6,8089.394555851137
7520,5805.2,8090.488489040617
7521,5744.2,8091.582424673599
7522,5796.8,8092.676362749763
7523,5685.8,8093.77030326879
7524,5706.4,8094.864246230361
7525,5633.0,8095.958191634156
7526,5608.8,8097.052139479856
7527,5720.2,8098.146089767144
7528,5686.0,8099.2400424956995
7529,5669.8,8100.333997665203
7530,5622.8,8101.427955275336
7531,5736.2,8102.521915325781
7532,5739.2,8103.615877816219
7533,5780.2,8104.709842746332
7534,5783.2,8105.803810115799
7535,5669.8,8106.897779924304
7536,5783.2,8107.991752171528
7537,5730.6,8109.0857268571535
7538,5794.4,8110.1797039808625
7539,5728.2,8111.273683542335
7540,5675.2,8112.3676655412555
7541,5561.8,8113.461649977305
7542,5577.6,8114.555636850167
7543,5631.4,8115.64962615952
7544,5745.2,8116.74361790505
7545,5812.2,8117.83761208644
7546,5808.0,8118.93160870337
7547,5857.0,8120.025607755524
7548,5872.8,8121.119609242585
7549,5909.8,8122.2136131642355
7550,5871.6,8123.3076195201575
7551,5869.0,8124.401628310036
7552,5863.2,8125.495639533553
7553,5847.4,8126.589653190391
7554,5843.2,8127.683669280233
7555,5893.8,8128.7776878027635
7556,5910.8,8129.871708757665
7557,5934.6,8130.965732144624
7558,5989.2,8132.0597579633195
7559,6049.0,8133.153786213439
7560,6096.8,8134.247816894663
7561,6130.6,8135.341850006677
7562,6113.2,8136.4358855491655
7563,6097.8,8137.529923521811
7564,6156.4,8138.6239639242995
7565,6122.6,8139.718006756314
7566,6157.6,8140.812052017538
7567,6153.0,8141.906099707657
7568,6140.8,8143.000149826353
7569,6067.4,8144.094202373315
7570,6114.0,8145.1882573482235
7571,6230.6,8146.282314750764
7572,6285.6,8147.376374580625
7573,6374.6,8148.470436837485
7574,6459.2,8149.564501521035
7575,6461.0,8150.658568630955
7576,6464.0,8151.752638166933
7577,6468.2,8152.846710128654
7578,6502.0,8153.940784515801
7579,6465.0,8155.034861328062
7580,6470.8,8156.128940565121
7581,6513.8,8157.223022226665
7582,6571.6,8158.317106312376
7583,6565.8,8159.411192821943
7584,6565.6,8160.505281755051
7585,6618.6,8161.599373111386
7586,6674.0,8162.693466890632
7587,6665.8,8163.787563092477
7588,6612.4,8164.881661716608
7589,6577.0,8165.975762762708
7590,6533.2,8167.069866230464
7591,6501.8,8168.163972119564
7592,6454.4,8169.258080429692
7593,6415.4,8170.3521911605385
7594,6360.4,8171.446304311786
7595,6396.2,8172.540419883123
7596,6517.2,8173.634537874235
7597,6501.8,8174.728658284811
7598,6436.0,8175.822781114536
7599,6420.2,8176.916906363097
7600,6457.2,8178.011034030181
7601,6429.8,8179.105164115476
7602,6472.4,8180.19929661867
7603,6445.0,8181.293431539447
7604,6412.4,8182.387568877498
7605,6426.6,8183.481708632508
7606,6452.8,8184.575850804166
7607,6505.8,8185.669995392159
7608,6521.2,8186.764142396175
7609,6522.6,8187.858291815901
7610,6558.8,8188.952443651025
7611,6514.6,8190.046597901236
7612,6529.6,8191.1407545662205
7613,6587.4,8192.234913645667
7614,6529.6,8193.329075139265
7615,6579.4,8194.4232390467
7616,6703.2,8195.517405367666
7617,6765.0,8196.611574101844
7618,6758.0,8197.705745248926
7619,6759.4,8198.799918808603
7620,6740.8,8199.89409478056
7621,6691.4,8200.988273164487
7622,6696.8,8202.082453960073
7623,6685.8,8203.176637167007
7624,6702.4,8204.270822784976
7625,6754.6,8205.365010813674
7626,6755.6,8206.459201252785
7627,6706.6,8207.553394102002
7628,6703.6,8208.647589361011
7629,6652.2,8209.741787029501
7630,6606.4,8210.835987107166
7631,6591.4,8211.930189593693
7632,6724.0,8213.024394488772
7633,6720.2,8214.11860179209
7634,6701.2,8215.212811503341
7635,6717.8,8216.30702362221
7636,6672.8,8217.401238148394
7637,6600.2,8218.495455081578
7638,6560.8,8219.589674421451
7639,6492.2,8220.683896167708
7640,6434.0,8221.778120320034
7641,6393.0,8222.872346878123
7642,6411.2,8223.966575841665
7643,6468.2,8225.060807210348
7644,6593.2,8226.155040983866
7645,6583.4,8227.249277161907
7646,6586.8,8228.343515744164
7647,6582.6,8229.437756730327
7648,6625.6,8230.532000120085
7649,6501.8,8231.626245913134
7650,6521.6,8232.720494109159
7651,6493.0,8233.814744707855
7652,6536.0,8234.90899770891
7653,6510.6,8236.003253112021
7654,6388.8,8237.097510916872
7655,6343.4,8238.191771123162
7656,6326.0,8239.286033730577
7657,6291.4,8240.38029873881
7658,6294.4,8241.474566147555
7659,6174.6,8242.568835956501
7660,6220.0,8243.663108165341
7661,6295.4,8244.757382773767
7662,6328.4,8245.85165978147
7663,6449.0,8246.945939188145
7664,6497.2,8248.040220993482
7665,6522.6,8249.134505197173
7666,6518.4,8250.22879179891
7667,6513.8,8251.323080798387
7668,6404.4,8252.417372195296
7669,6386.6,8253.51166598933
7670,6311.6,8254.605962180181
7671,6286.6,8255.700260767542
7672,6224.4,8256.794561751105
7673,6220.2,8257.888865130564
7674,6180.4,8258.983170905612
7675,6074.6,8260.07747907594
7676,6116.4,8261.171789641245
7677,6138.6,8262.266102601217
7678,6117.2,8263.360417955551
7679,6115.4,8264.454735703941
7680,6046.8,8265.549055846079
7681,6049.8,8266.643378381656
7682,6102.0,8267.737703310371
7683,6120.2,8268.832030631913
7684,6124.8,8269.92636034598
7685,6166.6,8271.020692452263
7686,6220.4,8272.115026950456
7687,6260.2,8273.209363840257
7688,6301.6,8274.303703121353
7689,6345.0,8275.398044793445
7690,6372.8,8276.492388856223
7691,6493.8,8277.586735309382
7692,6372.8,8278.681084152617
7693,6305.0,8279.775435385623
7694,6289.6,8280.869789008095
7695,6334.6,8281.964145019727
7696,6309.2,8283.058503420212
7697,6331.4,8284.152864209249
7698,6378.8,8285.247227386526
7699,6381.8,8286.341592951745
7700,6351.2,8287.435960904599
7701,6329.0,8288.530331244781
7702,6277.6,8289.624703971987
7703,6374.6,8290.719079085915
7704,6277.6,8291.813456586257
7705,6253.8,8292.907836472708
7706,6229.6,8294.002218744969
7707,6160.2,8295.096603402728
7708,6110.8,8296.190990445688
7709,6179.4,8297.285379873538
7710,6222.0,8298.379771685979
7711,6223.4,8299.474165882704
7712,6189.6,8300.56856246341
7713,6221.8,8301.662961427795
7714,6241.2,8302.75736277555
7715,6361.8,8303.851766506377
7716,6336.0,8304.946172619968
7717,6268.2,8306.040581116022
7718,6197.2,8307.134991994235
7719,6221.8,8308.229405254302
7720,6247.2,8309.32382089592
7721,6245.8,8310.418238918786
7722,6198.4,8311.5126593226
7723,6208.2,8312.607082107053
7724,6186.4,8313.701507271848
7725,6218.6,8314.795934816675
7726,6206.8,8315.890364741239
7727,6262.6,8316.98479704523
7728,6298.4,8318.079231728349
7729,6262.6,8319.173668790294
7730,6218.0,8320.26810823076
7731,6193.8,8321.362550049447
7732,6173.2,8322.45699424605
7733,6211.4,8323.551440820267
7734,6214.4,8324.645889771797
7735,6211.4,8325.740341100338
7736,6332.8,8326.834794805585
7737,6361.0,8327.92925088724
7738,6362.0,8329.023709344998
7739,6366.6,8330.118170178559
7740,6401.2,8331.212633387619
7741,6505.8,8332.307098971876
7742,6536.8,8333.401566931034
7743,6605.0,8334.496037264784
7744,6480.0,8335.590509972828
7745,6605.0,8336.684985054866
7746,6561.2,8337.779462510593
7747,6545.8,8338.873942339711
7748,6545.6,8339.968424541918
7749,6517.8,8341.06290911691
7750,6519.2,8342.157396064387
7751,6561.8,8343.251885384052
7752,6632.0,8344.3463770756
7753,6611.4,8345.440871138733
7754,6569.6,8346.535367573148
7755,6643.4,8347.629866378544
7756,6563.2,8348.724367554621
7757,6545.8,8349.81887110108
7758,6548.0,8350.91337701762
7759,6554.6,8352.00788530394
7760,6560.8,8353.102395959739
7761,6582.6,8354.196908984715
7762,6524.8,8355.291424378574
7763,6484.2,8356.385942141012
7764,6443.6,8357.480462271727
7765,6481.0,8358.574984770425
7766,6608.8,8359.669509636798
7767,6649.0,8360.764036870554
7768,6672.4,8361.85856647139
7769,6641.8,8362.953098439006
7770,6602.8,8364.047632773103
7771,6684.2,8365.142169473382
7772,6726.8,8366.236708539544
7773,6715.4,8367.331249971287
7774,6824.4,8368.425793768314
7775,6825.0,8369.520339930326
7776,6870.4,8370.614888457023
7777,6842.6,8371.70943934811
7778,6870.8,8372.80399260328
7779,6809.0,8373.898548222242
7780,6757.2,8374.99310620469
7781,6784.2,8376.087666550331
7782,6787.6,8377.182229258868
7783,6839.4,8378.276794329993
7784,6875.6,8379.371361763418
7785,6877.0,8380.46593155884
7786,6838.0,8381.56050371596
7787,6841.0,8382.65507823448
7788,6910.8,8383.749655114105
7789,6981.8,8384.844234354532
7790,6946.4,8385.938815955467
7791,6895.4,8387.03339991661
7792,6836.4,8388.127986237663
7793,6838.6,8389.22257491833
7794,6924.0,8390.317165958313
7795,6871.4,8391.411759357312
7796,6840.8,8392.506355115032
7797,6837.8,8393.600953231175
7798,6804.8,8394.695553705442
7799,6818.6,8395.790156537538
7800,6820.0,8396.884761727164
7801,6849.8,8397.979369274024
7802,6976.8,8399.073979177818
7803,7013.0,8400.168591438254
7804,7039.2,8401.263206055031
7805,7071.4,8402.357823027854
7806,7201.6,8403.452442356427
7807,7278.6,8404.547064040451
7808,7147.2,8405.64168807963
7809,7135.4,8406.736314473668
7810,7170.4,8407.830943222269
7811,7149.0,8408.925574325134
7812,7120.8,8410.02020778197
7813,7117.8,8411.114843592479
7814,7205.6,8412.209481756365
7815,7311.4,8413.304122273334
7816,7316.4,8414.398765143085
7817,7356.2,8415.493410365327
7818,7314.4,8416.58805793976
7819,7288.2,8417.682707866092
7820,7329.6,8418.777360144026
7821,7360.2,8419.872014773264
7822,7311.6,8420.966671753515
7823,7294.6,8422.061331084476
7824,7348.0,8423.15599276586
7825,7315.4,8424.250656797367
7826,7182.4,8425.345323178704
7827,7198.6,8426.439991909574
7828,7109.6,8427.53466298968
7829,7067.4,8428.629336418731
7830,7115.2,8429.724012196431
7831,7155.4,8430.818690322483
7832,7026.4,8431.913370796594
7833,7094.6,8433.008053618469
7834,7224.8,8434.102738787813
7835,7201.0,8435.19742630433
7836,7070.8,8436.292116167728
7837,7123.4,8437.38680837771
7838,7114.8,8438.481502933986
7839,7122.6,8439.576199836258
7840,7165.2,8440.67089908423
7841,7134.6,8441.765600677612
7842,7092.4,8442.860304616108
7843,7114.6,8443.955010899424
7844,7094.0,8445.049719527267
7845,7161.0,8446.144430499342
7846,7112.4,8447.239143815355
7847,7072.2,8448.333859475013
7848,7203.2,8449.428577478022
7849,7126.6,8450.52329782409
7850,7087.6,8451.618020512919
7851,7048.2,8452.71274554422
7852,7092.4,8453.807472917699
7853,7079.4,8454.902202633062
7854,7144.4,8455.996934690016
7855,7185.0,8457.091669088268
7856,7217.6,8458.186405827522
7857,7189.8,8459.281144907489
7858,7144.4,8460.375886327876
7859,7171.4,8461.470630088386
7860,7214.4,8462.565376188733
7861,7166.6,8463.660124628619
7862,7035.6,8464.75487540775
7863,6985.8,8465.849628525839
7864,7055.2,8466.94438398259
7865,7059.4,8468.039141777714
7866,7081.6,8469.133901910913
7867,7088.2,8470.228664381899
7868,7099.6,8471.323429190377
7869,7093.0,8472.418196336059
7870,7223.2,8473.51296581865
7871,7185.8,8474.607737637858
7872,7144.8,8475.702511793392
7873,7214.6,8476.797288284959
7874,7219.2,8477.89206711227
7875,7253.8,8478.98684827503
7876,7317.2,8480.08163177295
7877,7288.2,8481.176417605737
7878,7284.8,8482.271205773099
7879,7321.8,8483.365996274746
7880,7250.0,8484.460789110388
7881,7185.8,8485.55558427973
7882,7162.8,8486.650381782483
7883,7233.8,8487.745181618358
7884,7274.0,8488.83998378706
7885,7313.0,8489.934788288301
7886,7369.6,8491.029595121789
7887,7313.0,8492.124404287233
7888,7354.0,8493.219215784342
7889,7410.6,8494.314029612828
7890,7416.8,8495.408845772397
7891,7436.2,8496.50366426276
7892,7379.6,8497.598485083627
7893,7373.0,8498.693308234708
7894,7307.6,8499.78813371571
7895,7277.8,8500.882961526346
7896,7229.6,8501.977791666324
7897,7209.8,8503.072624135357
7898,7258.0,8504.167458933149
7899,7303.4,8505.262296059416
7900,7284.4,8506.357135513867
7901,7421.0,8507.451977296207
7902,7419.2,8508.546821406155
7903,7464.2,8509.641667843413
7904,7436.8,8510.736516607696
7905,7429.0,8511.831367698716
7906,7522.0,8512.92622111618
7907,7405.8,8514.0210768598
7908,7362.0,8515.115934929288
7909,7404.2,8516.210795324354
7910,7358.0,8517.305658044706
7911,7424.2,8518.40052309006
7912,7462.8,8519.495390460123
7913,7414.6,8520.59026015461
7914,7432.4,8521.685132173227
7915,7414.6,8522.78000651569
7916,7368.4,8523.874883181708
7917,7234.6,8524.969762170993
7918,7170.0,8526.064643483256
7919,7153.8,8527.159527118209
7920,7202.0,8528.254413075563
7921,7150.6,8529.349301355032
7922,7283.6,8530.444191956325
7923,7418.6,8531.539084879156
7924,7349.6,8532.633980123233
7925,7325.8,8533.728877688272
7926,7462.4,8534.823777573984
7927,7528.2,8535.918679780081
7928,7534.0,8537.013584306274
7929,7583.4,8538.108491152278
7930,7630.0,8539.203400317803
7931,7638.6,8540.298311802564
7932,7648.0,8541.393225606269
7933,7601.0,8542.488141728634
7934,7642.4,8543.58306016937
7935,7592.2,8544.677980928192
7936,7615.6,8545.77290400481
7937,7620.2,8546.867829398941
7938,7638.4,8547.962757110292
7939,7634.6,8549.05768713858
7940,7617.6,8550.152619483515
7941,7623.4,8551.247554144815
7942,7673.2,8552.34249112219
7943,7623.4,8553.437430415353
7944,7576.8,8554.532372024018
7945,7578.6,8555.627315947899
7946,7612.0,8556.722262186708
7947,7752.2,8557.81721074016
7948,7824.0,8558.91216160797
7949,7844.2,8560.007114789847
7950,7794.0,8561.10207028551
7951,7655.4,8562.197028094668
7952,7619.6,8563.291988217039
7953,7661.0,8564.386950652333
7954,7622.4,8565.48191540027
7955,7578.6,8566.576882460558
7956,7594.4,8567.671851832916
7957,7573.8,8568.766823517053
7958,7591.6,8569.861797512689
7959,7623.4,8570.956773819535
7960,7618.8,8572.051752437306
7961,7561.0,8573.146733365716
7962,7558.4,8574.241716604482
7963,7606.6,8575.336702153318
7964,7589.2,8576.431690011936
7965,7602.6,8577.526680180054
7966,7706.0,8578.621672657384
7967,7685.0,8579.716667443645
7968,7732.0,8580.811664538547
7969,7789.8,8581.90666394181
7970,7837.6,8583.001665653148
7971,7769.0,8584.096669672273
7972,7762.0,8585.191675998904
7973,7841.0,8586.286684632754
7974,7822.0,8587.38169557354
7975,7748.2,8588.476708820977
7976,7715.2,8589.571724374782
7977,7730.6,8590.666742234667
7978,7682.4,8591.761762400352
7979,7691.4,8592.856784871552
7980,7700.4,8593.95180964798
7981,7683.4,8595.046836729354
7982,7617.6,8596.141866115391
7983,7762.6,8597.236897805806
7984,7784.8,8598.331931800314
7985,7785.0,8599.426968098634
7986,7714.0,8600.522006700481
7987,7652.2,8601.61704760557
7988,7546.8,8602.71209081362
7989,7501.0,8603.807136324345
7990,7483.2,8604.902184137463
7991,7439.4,8605.99723425269
7992,7499.2,8607.092286669747
7993,7565.0,8608.187341388342
7994,7550.4,8609.2823984082
7995,7579.4,8610.377457729035
7996,7639.2,8611.472519350564
7997,7583.4,8612.567583272503
7998,7600.4,8613.662649494572
7999,7617.8,8614.757718016486
8000,7662.0,8615.852788837961
8001,7665.0,8616.947861958719
8002,7620.8,8618.042937378472
8003,7663.4,8619.138015096942
8004,7682.4,8620.233095113845
8005,7658.6,8621.328177428897
8006,7714.4,8622.423262041819
8007,7794.6,8623.518348952324
8008,7940.0,8624.613438160135
8009,7956.2,8625.708529664968
8010,7968.8,8626.80362346654
8011,7957.8,8627.89871956457
8012,7944.0,8628.993817958777
8013,8011.4,8630.088918648877
8014,7980.4,8631.18402163459
8015,7994.6,8632.279126915635
8016,7850.0,8633.374234491728
8017,7869.8,8634.46934436259
8018,7816.8,8635.564456527938
8019,7832.2,8636.659570987491
8020,7784.0,8637.754687740966
8021,7813.8,8638.849806788086
8022,7848.8,8639.944928128567
8023,7791.4,8641.040051762127
8024,7814.0,8642.135177688488
8025,7855.4,8643.230305907367
8026,7898.8,8644.325436418483
8027,7779.4,8645.420569221555
8028,7802.4,8646.515704316304
8029,7819.4,8647.61084170245
8030,7819.2,8648.705981379706
8031,7838.6,8649.801123347801
8032,7823.6,8650.896267606448
8033,7845.0,8651.991414155367
8034,7852.0,8653.086562994278
8035,7897.8,8654.181714122906
8036,7874.8,8655.276867540964
8037,7929.8,8656.372023248174
8038,7915.6,8657.467181244258
8039,7773.8,8658.562341528932
8040,7915.6,8659.65750410192
8041,7893.8,8660.752668962941
8042,7926.4,8661.847836111714
8043,7914.6,8662.943005547962
8044,8058.4,8664.038177271403
8045,8125.0,8665.133351281758
8046,8118.0,8666.228527578747
8047,8134.6,8667.323706162091
8048,8114.8,8668.418887031512
8049,8152.2,8669.514070186728
8050,8152.0,8670.609255627462
8051,8205.0,8671.704443353434
8052,8228.0,8672.799633364366
8053,8211.4,8673.894825659976
8054,8146.0,8674.99002023999
8055,8129.0,8676.085217104124
8056,8078.4,8677.180416252102
8057,8082.6,8678.275617683645
8058,8141.6,8679.370821398472
8059,8151.4,8680.466027396309
8060,8201.6,8681.561235676872
8061,8057.8,8682.65644623989
8062,8036.4,8683.751659085077
8063,7986.6,8684.846874212159
8064,7924.8,8685.942091620855
8065,7924.2,8687.037311310889
8066,7915.6,8688.132533281983
8067,7961.0,8689.227757533858
8068,8004.8,8690.322984066235
8069,7862.6,8691.418212878838
8070,7847.6,8692.513443971387
8071,7837.8,8693.608677343607
8072,7770.0,8694.703912995219
8073,7821.8,8695.799150925945
8074,7807.6,8696.894391135507
8075,7925.8,8697.989633623629
8076,7943.6,8699.084878390033
8077,7933.0,8700.180125434441
8078,7934.8,8701.275374756575
8079,7921.0,8702.370626356162
8080,7961.2,8703.465880232918
8081,8013.0,8704.561136386572
8082,8106.0,8705.656394816844
8083,8201.0,8706.751655523458
8084,8233.6,8707.846918506137
8085,8380.2,8708.9421837646
8086,8371.6,8710.03745129858
8087,8314.6,8711.13272110779
8088,8232.0,8712.22799319196
8089,8258.6,8713.323267550812
8090,8200.8,8714.418544184067
8091,8207.4,8715.51382309145
8092,8175.6,8716.609104272686
8093,8226.6,8717.7043877275
8094,8230.8,8718.799673455609
8095,8185.0,8719.894961456745
8096,8333.2,8720.990251730627
8097,8295.4,8722.08554427698
8098,8375.2,8723.180839095528
8099,8399.4,8724.276136185998
8100,8415.6,8725.37143554811
8101,8565.8,8726.46673718159
8102,8634.4,8727.562041086163
8103,8786.6,8728.657347261551
8104,8702.8,8729.752655707482
8105,8657.0,8730.847966423677
8106,8578.0,8731.943279409865
8107,8604.2,8733.038594665764
8108,8578.4,8734.133912191106
8109,8569.0,8735.22923198561
8110,8545.2,8736.324554049004
8111,8491.4,8737.419878381013
8112,8432.0,8738.515204981362
8113,8418.6,8739.610533849775
8114,8353.2,8740.705864985975
8115,8251.4,8741.801198389694
8116,8236.8,8742.89653406065
8117,8211.4,8743.991871998573
8118,8251.6,8745.087212203183
8119,8102.6,8746.182554674213
8120,7964.0,8747.277899411383
8121,7959.4,8748.373246414421
8122,7968.0,8749.468595683053
8123,8026.6,8750.563947217
8124,7971.2,8751.659301015996
8125,7966.6,8752.75465707976
8126,8006.8,8753.850015408021
8127,8084.2,8754.945376000504
8128,8119.2,8756.040738856935
8129,8181.0,8757.136103977042
8130,8122.8,8758.231471360548
8131,8141.0,8759.326841007181
8132,8102.8,8760.422212916668
8133,8154.6,8761.517587088736
8134,8176.8,8762.61296352311
8135,8189.8,8763.708342219516
8136,8111.6,8764.803723177683
8137,8178.6,8765.899106397335
8138,8188.0,8766.994491878198
8139,8231.4,8768.089879620004
8140,8250.0,8769.185269622474
8141,8237.8,8770.280661885337
8142,8188.4,8771.376056408324
8143,8246.6,8772.471453191156
8144,8264.0,8773.566852233564
8145,8117.0,8774.66225353527
8146,8166.0,8775.75765709601
8147,8186.6,8776.853062915503
8148,8213.6,8777.948470993482
8149,8257.8,8779.043881329673
8150,8192.0,8780.139293923801
8151,8047.4,8781.234708775597
8152,7910.0,8782.330125884788
8153,8053.0,8783.4255452511
8154,8066.4,8784.520966874261
8155,8110.6,8785.616390754
8156,8113.2,8786.711816890043
8157,8069.8,8787.807245282122
8158,8048.0,8788.902675929961
8159,8029.8,8789.998108833292
8160,8050.0,8791.09354399184
8161,8067.4,8792.188981405334
8162,8085.6,8793.284421073502
8163,8134.6,8794.379862996073
8164,8101.2,8795.475307172776
8165,8138.6,8796.570753603339
8166,8176.4,8797.66620228749
8167,8056.2,8798.761653224958
8168,8068.0,8799.857106415473
8169,8052.2,8800.952561858761
8170,8162.4,8802.048019554555
8171,8162.6,8803.143479502582
8172,8193.6,8804.238941702568
8173,8222.6,8805.334406154245
8174,8195.2,8806.429872857343
8175,8221.0,8807.52534181159
8176,8115.2,8808.620813016712
8177,8082.6,8809.716286472445
8178,8229.6,8810.811762178515
8179,8171.4,8811.90724013465
8180,8178.4,8813.00272034058
8181,8233.0,8814.098202796036
8182,8295.6,8815.193687500749
8183,8357.8,8816.289174454445
8184,8336.8,8817.384663656856
8185,8358.6,8818.48015510771
8186,8282.4,8819.57564880674
8187,8260.2,8820.671144753673
8188,8198.0,8821.766642948243
8189,8165.0,8822.862143390175
8190,8180.0,8823.957646079201
8191,8202.6,8825.053151015054
8192,8260.0,8826.148658197462
8193,8253.8,8827.244167626155
8194,8234.4,8828.339679300863
8195,8186.6,8829.43519322132
8196,8200.4,8830.53070938725
8197,8316.2,8831.626227798391
8198,8428.4,8832.721748454469
8199,8397.8,8833.817271355216
8200,8419.6,8834.912796500363
8201,8397.8,8836.00832388964
8202,8406.8,8837.103853522782
8203,8393.8,8838.199385399515
8204,8370.4,8839.294919519572
8205,8362.6,8840.390455882683
8206,8356.4,8841.485994488581
8207,8330.6,8842.581535336996
8208,8255.2,8843.677078427661
8209,8228.2,8844.772623760304
8210,8217.6,8845.868171334661
8211,8248.2,8846.963721150461
8212,8311.2,8848.059273207436
8213,8463.4,8849.154827505317
8214,8437.6,8850.250384043837
8215,8517.8,8851.345942822727
8216,8531.2,8852.441503841717
8217,8686.6,8853.537067100544
8218,8624.4,8854.632632598934
8219,8469.0,8855.728200336624
8220,8406.0,8856.823770313344
8221,8333.0,8857.919342528825
8222,8315.6,8859.014916982802
8223,8340.2,8860.110493675005
8224,8363.6,8861.206072605166
8225,8368.2,8862.30165377302
8226,8358.0,8863.397237178298
8227,8366.6,8864.492822820732
8228,8362.0,8865.588410700057
8229,8359.4,8866.684000816003
8230,8336.8,8867.779593168305
8231,8315.4,8868.875187756694
8232,8315.2,8869.970784580903
8233,8341.0,8871.066383640666
8234,8315.2,8872.161984935714
8235,8337.8,8873.257588465784
8236,8412.4,8874.353194230605
8237,8423.4,8875.448802229914
8238,8356.4,8876.544412463441
8239,8351.4,8877.64002493092
8240,8291.2,8878.735639632087
8241,8245.8,8879.831256566673
8242,8230.8,8880.92687573441
8243,8177.0,8882.022497135036
8244,8181.2,8883.11812076828
8245,8201.8,8884.21374663388
8246,8179.6,8885.309374731569
8247,8244.2,8886.405005061079
8248,8304.8,8887.500637622143
8249,8355.4,8888.596272414497
8250,8342.8,8889.691909437875
8251,8382.6,8890.787548692011
8252,8364.0,8891.88319017664
8253,8357.0,8892.978833891493
8254,8409.2,8894.074479836308
8255,8392.2,8895.17012801082
8256,8433.6,8896.26577841476
8257,8488.2,8897.36143104786
8258,8495.2,8898.457085909862
8259,8485.0,8899.552743000497
8260,8542.0,8900.648402319499
8261,8601.0,8901.744063866603
8262,8603.2,8902.839727641545
8263,8601.8,8903.93539364406
8264,8556.4,8905.03106187388
8265,8555.4,8906.126732330742
8266,8573.2,8907.222405014383
8267,8530.6,8908.318079924535
8268,8537.2,8909.413757060936
8269,8553.0,8910.50943642332
8270,8578.8,8911.605118011421
8271,8555.4,8912.700801824976
8272,8512.8,8913.79648786372
8273,8536.2,8914.892176127389
8274,8536.4,8915.987866615715
8275,8573.0,8917.08355932844
8276,8549.6,8918.179254265295
8277,8525.8,8919.274951426018
8278,8524.4,8920.370650810342
8279,8463.4,8921.466352418007
8280,8511.6,8922.562056248746
8281,8565.0,8923.657762302297
8282,8448.4,8924.753470578393
8283,8469.8,8925.849181076774
8284,8542.8,8926.944893797172
8285,8592.2,8928.040608739326
8286,8560.4,8929.136325902973
8287,8583.4,8930.232045287848
8288,8518.8,8931.327766893688
8289,8465.0,8932.42349072023
8290,8426.0,8933.51921676721
8291,8483.4,8934.614945034364
8292,8387.2,8935.710675521428
8293,8345.0,8936.806408228143
8294,8401.6,8937.90214315424
8295,8376.2,8938.99788029946
8296,8358.4,8940.09361966354
8297,8282.6,8941.189361246214
8298,8291.2,8942.28510504722
8299,8269.0,8943.380851066298
8300,8310.8,8944.476599303183
8301,8293.0,8945.572349757611
8302,8281.2,8946.668102429323
8303,8257.8,8947.763857318054
8304,8247.2,8948.859614423542
8305,8269.0,8949.955373745523
8306,8262.0,8951.051135283737
8307,8322.6,8952.14689903792
8308,8396.8,8953.24266500781
8309,8333.8,8954.338433193147
8310,8279.2,8955.434203593664
8311,8300.2,8956.529976209104
8312,8284.4,8957.625751039202
8313,8400.2,8958.721528083697
8314,8358.4,8959.817307342326
8315,8377.8,8960.91308881483
8316,8328.8,8962.008872500945
8317,8293.8,8963.104658400409
8318,8286.8,8964.20044651296
8319,8265.0,8965.29623683834
8320,8298.0,8966.39202937628
8321,8243.4,8967.487824126529
8322,8300.8,8968.583621088816
8323,8239.4,8969.679420262886
8324,8255.6,8970.775221648473
8325,8410.6,8971.87102524532
8326,8472.8,8972.966831053163
8327,8489.0,8974.062639071743
8328,8501.6,8975.158449300798
8329,8450.6,8976.254261740065
8330,8494.4,8977.350076389286
8331,8431.4,8978.4458932482
8332,8442.0,8979.541712316544
8333,8423.4,8980.63753359406
8334,8346.0,8981.733357080484
8335,8417.8,8982.82918277556
8336,8393.2,8983.925010679022
8337,8433.0,8985.020840790614
8338,8454.4,8986.116673110073
8339,8468.2,8987.212507637141
8340,8439.2,8988.308344371555
8341,8491.4,8989.404183313056
8342,8498.4,8990.500024461386
8343,8564.2,8991.59586781628
8344,8538.0,8992.691713377484
8345,8541.8,8993.787561144733
8346,8549.2,8994.883411117768
8347,8622.6,8995.97926329633
8348,8684.0,8997.07511768016
8349,8725.8,8998.170974268998
8350,8691.2,8999.266833062584
8351,8670.6,9000.362694060657
8352,8659.6,9001.45855726296
8353,8662.6,9002.554422669233
8354,8738.4,9003.650290279213
8355,8754.6,9004.746160092644
8356,8650.8,9005.842032109267
8357,8741.8,9006.937906328822
8358,8751.2,9008.03378275105
8359,8725.8,9009.129661375691
8360,8704.8,9010.225542202486
8361,8656.2,9011.32142523118
8362,8636.8,9012.417310461507
8363,8653.8,9013.513197893211
8364,8598.0,9014.609087526036
8365,8587.4,9015.704979359722
8366,8565.6,9016.800873394008
8367,8503.4,9017.896769628638
8368,8574.8,9018.99266806335
8369,8417.0,9020.08856869789
8370,8483.6,9021.184471531997
8371,8504.2,9022.280376565415
8372,8456.8,9023.37628379788
8373,8518.6,9024.47219322914
8374,8524.4,9025.568104858934
8375,8436.2,9026.664018687003
8376,8479.6,9027.75993471309
8377,8519.4,9028.855852936938
8378,8534.0,9029.951773358289
8379,8559.4,9031.047695976882
8380,8671.2,9032.143620792462
8381,8684.2,9033.239547804771
8382,8736.4,9034.335477013552
8383,8713.8,9035.431408418544
8384,8693.2,9036.527342019494
8385,8685.0,9037.62327781614
8386,8654.4,9038.719215808227
8387,8637.0,9039.815155995499
8388,8794.8,9040.911098377695
8389,8775.4,9042.007042954561
8390,8815.6,9043.102989725838
8391,8657.8,9044.19893869127
8392,8678.8,9045.294889850597
8393,8829.0,9046.390843203566
8394,8888.0,9047.486798749918
8395,8952.2,9048.582756489397
8396,9005.2,9049.678716421742
8397,9057.0,9050.774678546704
8398,9028.0,9051.87064286402
8399,9058.6,9052.966609373436
8400,9127.2,9054.062578074692
8401,9146.6,9055.158548967536
8402,9189.6,9056.254522051711
8403,9152.2,9057.350497326957
8404,9168.8,9058.44647479302
8405,9093.8,9059.542454449644
8406,9052.0,9060.638436296573
8407,9081.0,9061.734420333549
8408,9153.2,9062.830406560317
8409,9176.2,9063.92639497662
8410,9150.8,9065.022385582204
8411,9226.6,9066.11837837681
8412,9180.0,9067.214373360186
8413,9175.4,9068.310370532074
8414,9182.0,9069.406369892218
8415,9254.6,9070.502371440363
8416,9280.4,9071.598375176252
8417,9215.4,9072.694381099633
8418,9282.0,9073.790389210246
8419,9309.0,9074.886399507837
8420,9373.2,9075.982411992152
8421,9398.6,9077.078426662934
8422,9478.0,9078.174443519929
8423,9523.4,9079.270462562881
8424,9527.6,9080.366483791537
8425,9545.8,9081.462507205637
8426,9530.8,9082.558532804931
8427,9505.0,9083.65456058916
8428,9552.0,9084.750590558073
8429,9513.8,9085.846622711411
8430,9498.8,9086.942657048923
8431,9406.6,9088.038693570354
8432,9386.8,9089.134732275445
8433,9393.0,9090.230773163945
8434,9393.2,9091.326816235598
8435,9481.0,9092.422861490151
8436,9463.6,9093.51890892735
8437,9477.8,9094.61495854694
8438,9548.4,9095.711010348663
8439,9607.4,9096.80706433227
8440,9554.4,9097.903120497504
8441,9503.4,9098.999178844111
8442,9489.6,9100.095239371838
8443,9533.0,9101.19130208043
8444,9521.2,9102.287366969633
8445,9447.4,9103.383434039193
8446,9378.8,9104.479503288858
8447,9336.2,9105.575574718372
8448,9419.2,9106.671648327483
8449,9464.2,9107.767724115936
8450,9476.4,9108.863802083477
8451,9429.8,9109.959882229854
8452,9473.2,9111.055964554813
8453,9509.8,9112.1520490581
8454,9497.6,9113.248135739463
8455,9515.4,9114.344224598648
8456,9532.8,9115.4403156354
8457,9525.0,9116.536408849466
8458,9480.4,9117.632504240595
8459,9504.2,9118.728601808536
8460,9575.2,9119.824701553029
8461,9735.4,9120.920803473828
8462,9717.6,9122.016907570674
8463,9760.2,9123.11301384332
8464,9759.2,9124.20912229151
8465,9761.8,9125.305232914992
8466,9758.4,9126.401345713513
8467,9798.6,9127.49746068682
8468,9875.6,9128.593577834663
8469,9849.0,9129.689697156786
8470,9843.2,9130.785818652937
8471,9706.6,9131.881942322865
8472,9769.6,9132.97806816632
8473,9721.0,9134.074196183044
8474,9719.2,9135.17032637279
8475,9654.6,9136.266458735305
8476,9745.2,9137.362593270334
8477,9811.4,9138.458729977629
8478,9818.4,9139.554868856932
8479,9841.0,9140.651009907999
8480,9913.2,9141.747153130571
8481,9956.2,9142.8432985244
8482,9936.0,9143.939446089234
8483,10009.8,9145.035595824822
8484,10174.4,9146.131747730911
8485,10186.6,9147.22790180725
8486,10326.0,9148.324058053588
8487,10161.0,9149.420216469673
8488,10118.0,9150.516377055252
8489,10148.2,9151.612539810076
8490,10109.2,9152.708704733892
8491,10107.4,9153.80487182645
8492,10085.6,9154.9010410875
8493,9947.4,9155.99721251679
8494,9967.2,9157.09338611407
8495,10008.2,9158.189561879084
8496,9952.4,9159.285739811587
8497,9959.4,9160.381919911326
8498,9981.6,9161.47810217805
8499,10057.0,9162.574286611509
8500,10010.4,9163.670473211452
8501,10061.8,9164.766661977626
8502,9898.8,9165.862852909786
8503,9955.4,9166.959046007676
8504,9939.2,9168.05524127105
8505,9970.6,9169.151438699651
8506,9972.4,9170.247638293238
8507,10002.6,9171.343840051553
8508,9982.0,9172.440043974351
8509,9893.0,9173.536250061377
8510,9869.6,9174.632458312386
8511,9842.6,9175.728668727124
8512,9922.0,9176.824881305341
8513,10085.8,9177.921096046792
8514,10152.4,9179.017312951222
8515,10141.8,9180.113532018384
8516,10078.4,9181.209753248026
8517,10073.8,9182.3059766399
8518,9967.6,9183.402202193756
8519,9906.6,9184.498429909345
8520,9982.8,9185.594659786417
8521,9953.8,9186.69089182472
8522,9951.2,9187.787126024012
8523,10040.2,9188.883362384035
8524,10037.2,9189.979600904544
8525,10026.6,9191.07584158529
8526,9952.8,9192.172084426024
8527,9893.8,9193.268329426495
8528,9850.4,9194.364576586455
8529,9931.4,9195.460825905657
8530,9959.6,9196.557077383848
8531,9934.6,9197.653331020783
8532,10098.0,9198.749586816211
8533,10189.0,9199.845844769883
8534,10224.0,9200.942104881553
8535,10132.2,9202.038367150968
8536,10131.2,9203.134631577885
8537,10131.4,9204.230898162048
8538,10090.0,9205.327166903218
8539,10031.4,9206.423437801139
8540,10025.2,9207.519710855566
8541,9946.6,9208.61598606625
8542,9946.4,9209.712263432943
8543,9903.4,9210.808542955396
8544,9980.4,9211.90482463336
8545,9983.4,9213.001108466591
8546,9966.4,9214.097394454839
8547,9967.4,9215.193682597854
8548,10001.6,9216.28997289539
8549,10031.4,9217.386265347199
8550,10050.0,9218.482559953032
8551,9889.8,9219.578856712644
8552,9893.6,9220.675155625784
8553,9869.8,9221.771456692208
8554,9960.0,9222.867759911665
8555,9962.6,9223.96406528391
8556,9894.4,9225.060372808697
8557,9853.8,9226.156682485773
8558,9850.0,9227.252994314897
8559,9881.8,9228.349308295816
8560,9850.0,9229.445624428286
8561,9853.8,9230.541942712061
8562,9894.4,9231.638263146891
8563,9842.6,9232.734585732533
8564,9752.4,9233.830910468738
8565,9781.0,9234.927237355254
8566,9821.2,9236.023566391843
8567,9669.0,9237.119897578252
8568,9597.6,9238.216230914237
8569,9541.0,9239.31256639955
8570,9497.6,9240.408904033946
8571,9558.6,9241.505243817175
8572,9600.0,9242.601585748997
8573,9532.2,9243.697929829157
8574,9606.8,9244.794276057415
8575,9681.8,9245.890624433525
8576,9532.8,9246.986974957235
8577,9416.2,9248.083327628303
8578,9453.6,9249.179682446484
8579,9479.4,9250.276039411528
8580,9441.2,9251.372398523194
8581,9399.4,9252.46875978123
8582,9369.6,9253.565123185394
8583,9349.8,9254.661488735439
8584,9392.0,9255.75785643112
8585,9374.6,9256.85422627219
8586,9432.8,9257.950598258403
8587,9450.6,9259.046972389515
8588,9514.8,9260.143348665282
8589,9473.8,9261.239727085453
8590,9471.2,9262.336107649786
8591,9474.6,9263.432490358036
8592,9543.2,9264.528875209959
8593,9521.0,9265.625262205305
8594,9551.2,9266.72165134383
8595,9561.8,9267.818042625293
8596,9650.4,9268.914436049447
8597,9634.6,9270.010831616044
8598,9619.6,9271.10722932484
8599,9649.8,9272.203629175592
8600,9617.2,9273.300031168053
8601,9755.4,9274.396435301982
8602,9852.8,9275.49284157713
8603,9874.6,9276.58924999325
8604,9883.2,9277.685660550107
8605,9897.0,9278.782073247447
8606,9939.2,9279.878488085029
8607,10027.4,9280.974905062609
8608,10017.6,9282.07132417994
8609,10059.4,9283.167745436782
8610,9978.8,9284.264168832886
8611,9887.4,9285.36059436801
8612,9840.4,9286.45702204191
8613,9997.0,9287.553451854343
8614,9961.6,9288.64988380506
8615,9998.6,9289.746317893823
8616,10001.2,9290.842754120384
8617,10010.6,9291.939192484499
8618,10008.4,9293.035632985926
8619,9959.4,9294.132075624422
8620,9946.0,9295.22852039974
8621,9996.2,9296.324967311639
8622,9970.4,9297.421416359872
8623,9946.6,9298.5178675442
8624,9945.6,9299.614320864377
8625,10104.2,9300.71077632016
8626,10094.8,9301.807233911304
8627,10097.8,9302.903693637567
8628,10258.4,9304.000155498705
8629,10421.0,9305.096619494476
8630,10440.8,9306.193085624634
8631,10442.6,9307.28955388894
8632,10404.0,9308.386024287149
8633,10417.8,9309.482496819015
8634,10254.4,9310.5789714843
8635,10335.4,9311.675448282756
8636,10254.4,9312.771927214146
8637,10218.6,9313.868408278224
8638,10185.6,9314.964891474743
8639,10153.0,9316.061376803467
8640,9991.6,9317.157864264153
8641,9939.4,9318.254353856553
8642,9923.6,9319.350845580428
8643,9909.0,9320.447339435535
8644,9918.0,9321.543835421631
8645,9758.6,9322.640333538477
8646,9740.4,9323.736833785828
8647,9750.6,9324.83333616344
8648,9776.0,9325.929840671071
8649,9750.6,9327.026347308481
8650,9748.8,9328.12285607543
8651,9751.4,9329.219366971669
8652,9794.0,9330.315879996964
8653,9778.6,9331.412395151066
8654,9818.4,9332.508912433737
8655,9739.4,9333.605431844735
8656,9734.8,9334.701953383817
8657,9721.8,9335.798477050743
8658,9658.8,9336.895002845271
8659,9685.0,9337.991530767156
8660,9804.8,9339.08806081616
8661,9872.2,9340.184592992044
8662,9960.0,9341.28112729456
8663,9949.0,9342.37766372347
8664,9938.0,9343.474202278532
8665,9860.2,9344.570742959508
8666,9925.2,9345.66728576615
8667,10085.0,9346.763830698223
8668,10246.8,9347.860377755484
8669,10218.6,9348.95692693769
8670,10297.6,9350.053478244601
8671,10286.6,9351.15003167598
8672,10278.0,9352.24658723158
8673,10198.6,9353.343144911163
8674,10270.0,9354.43970471449
8675,10242.6,9355.536266641317
8676,10292.8,9356.632830691404
8677,10282.6,9357.729396864514
8678,10282.8,9358.8259651604
8679,10120.2,9359.922535578828
8680,10079.2,9361.019108119552
8681,10093.8,9362.115682782334
8682,10062.4,9363.212259566937
8683,10038.6,9364.308838473116
8684,9889.2,9365.405419500632
8685,9897.8,9366.502002649248
8686,9810.8,9367.598587918716
8687,9861.8,9368.695175308805
8688,9941.2,9369.791764819269
8689,9920.2,9370.88835644987
8690,9956.4,9371.984950200369
8691,9916.2,9373.081546070523
8692,9883.6,9374.178144060097
8693,9924.2,9375.274744168848
8694,9926.0,9376.371346396538
8695,10004.2,9377.467950742923
8696,10070.8,9378.56455720777
8697,10102.6,9379.661165790836
8698,10120.4,9380.75777649188
8699,10197.0,9381.854389310665
8700,10038.0,9382.951004246954
8701,10029.8,9384.047621300502
8702,10038.0,9385.144240471072
8703,10137.0,9386.240861758426
8704,10146.4,9387.337485162325
8705,10121.8,9388.434110682529
8706,10113.2,9389.530738318797
8707,10076.2,9390.627368070895
8708,10058.4,9391.723999938578
8709,10050.6,9392.820633921614
8710,10210.0,9393.917270019758
8711,10198.6,9395.013908232775
8712,10039.2,9396.110548560424
8713,10021.8,9397.207191002468
8714,9954.8,9398.303835558667
8715,9963.4,9399.400482228782
8716,10051.6,9400.497131012578
8717,10063.4,9401.593781909814
8718,9974.0,9402.690434920252
8719,9965.8,9403.787090043654
8720,9979.6,9404.88374727978
8721,9989.8,9405.980406628392
8722,9950.8,9407.077068089256
8723,9989.8,9408.17373166213
8724,9996.4,9409.270397346776
8725,9905.0,9410.367065142957
8726,9953.6,9411.463735050436
8727,9897.0,9412.560407068973
8728,9842.4,9413.65708119833
8729,9744.2,9414.753757438273
8730,9588.4,9415.85043578856
8731,9595.4,9416.947116248955
8732,9673.6,9418.043798819219
8733,9636.2,9419.140483499117
8734,9612.4,9420.237170288412
8735,9535.4,9421.333859186861
8736,9559.6,9422.430550194233
8737,9494.6,9423.527243310287
8738,9464.8,9424.623938534789
8739,9531.4,9425.720635867498
8740,9502.8,9426.817335308178
8741,9429.0,9427.914036856593
8742,9403.2,9429.010740512504
8743,9389.8,9430.107446275675
8744,9486.4,9431.20415414587
8745,9479.4,9432.30086412285
8746,9459.6,9433.39757620638
8747,9408.2,9434.494290396222
8748,9319.6,9435.59100669214
8749,9361.0,9436.687725093898
8750,9434.0,9437.784445601257
8751,9529.0,9438.881168213982
8752,9684.0,9439.977892931836
8753,9667.4,9441.074619754583
8754,9661.6,9442.171348681988
8755,9689.0,9443.268079713813
8756,9686.8,9444.364812849819
8757,9658.6,9445.461548089772
8758,9668.0,9446.558285433437
8759,9655.4,9447.65502488058
8760,9677.2,9448.751766430958
8761,9683.4,9449.848510084339
8762,9676.8,9450.945255840488
8763,9626.6,9452.042003699167
8764,9632.8,9453.138753660141
8765,9601.8,9454.235505723176
8766,9608.4,9455.332259888033
8767,9558.6,9456.429016154476
8768,9540.4,9457.525774522272
8769,9504.2,9458.622534991184
8770,9532.0,9459.719297560976
8771,9688.2,9460.816062231414
8772,9651.6,9461.91282900226
8773,9710.6,9463.00959787328
8774,9707.2,9464.106368844241
8775,9759.4,9465.203141914904
8776,9820.4,9466.299917085034
8777,9734.6,9467.3966943544
8778,9727.6,9468.493473722761
8779,9713.8,9469.590255189889
8780,9752.4,9470.687038755541
8781,9781.0,9471.783824419485
8782,9735.6,9472.880612181489
8783,9696.2,9473.977402041315
8784,9657.2,9475.074193998727
8785,9626.6,9476.170988053496
8786,9613.6,9477.267784205382
8787,9668.2,9478.36458245415
8788,9580.0,9479.461382799569
8789,9424.2,9480.558185241402
8790,9270.4,9481.654989779416
8791,9264.2,9482.751796413375
8792,9253.6,9483.848605143045
8793,9269.0,9484.945415968192
8794,9264.8,9486.042228888582
8795,9271.4,9487.139043903979
8796,9245.2,9488.23586101415
8797,9397.8,9489.33268021886
8798,9396.0,9490.429501517878
8799,9243.4,9491.526324910967
8800,9248.4,9492.623150397896
8801,9237.0,9493.719977978426
8802,9256.0,9494.816807652327
8803,9337.8,9495.913639419365
8804,9333.6,9497.010473279302
8805,9195.4,9498.107309231911
8806,9108.4,9499.204147276952
8807,9103.4,9500.300987414197
8808,9130.8,9501.397829643409
8809,9122.6,9502.494673964355
8810,9095.2,9503.591520376802
8811,9024.2,9504.688368880516
8812,9016.8,9505.785219475263
8813,9093.8,9506.882072160812
8814,8954.0,9507.978926936928
8815,8949.8,9509.075783803379
8816,9036.8,9510.17264275993
8817,9188.2,9511.26950380635
8818,9260.0,9512.366366942404
8819,9270.6,9513.463232167858
8820,9306.4,9514.560099482485
8821,9314.6,9515.656968886045
8822,9376.8,9516.753840378311
8823,9426.6,9517.850713959046
8824,9464.4,9518.947589628018
8825,9369.0,9520.044467384996
8826,9370.0,9521.141347229746
8827,9409.8,9522.238229162036
8828,9361.6,9523.335113181633
8829,9311.4,9524.431999288305
8830,9390.4,9525.52888748182
8831,9334.6,9526.625777761945
8832,9375.6,9527.722670128445
8833,9415.4,9528.819564581094
8834,9444.4,9529.916461119656
8835,9402.6,9531.013359743898
8836,9307.6,9532.11026045359
8837,9305.0,9533.207163248497
8838,9332.4,9534.304068128391
8839,9366.6,9535.400975093038
8840,9397.6,9536.497884142205
8841,9421.0,9537.594795275661
8842,9424.0,9538.691708493176
8843,9396.2,9539.788623794517
8844,9382.0,9540.88554117945
8845,9466.6,9541.982460647747
8846,9448.8,9543.079382199176
8847,9450.6,9544.176305833502
8848,9606.8,9545.273231550496
8849,9603.4,9546.370159349926
8850,9698.0,9547.467089231563
8851,9713.8,9548.564021195172
8852,9702.0,9549.660955240524
8853,9750.6,9550.757891367388
8854,9611.2,9551.854829575532
8855,9605.0,9552.951769864723
8856,9607.6,9554.048712234733
8857,9624.2,9555.145656685329
8858,9781.6,9556.242603216282
8859,9765.0,9557.339551827361
8860,9760.8,9558.43650251833
8861,9753.0,9559.533455288965
8862,9697.2,9560.630410139034
8863,9660.2,9561.727367068303
8864,9553.2,9562.824326076543
8865,9527.4,9563.921287163525
8866,9583.6,9565.018250329014
8867,9682.6,9566.115215572787
8868,9654.8,9567.212182894606
8869,9707.4,9568.309152294245
8870,9652.4,9569.406123771472
8871,9665.0,9570.503097326056
8872,9708.0,9571.60007295777
8873,9621.0,9572.697050666378
8874,9617.6,9573.794030451658
8875,9704.2,9574.891012313372
8876,9661.6,9575.987996251295
8877,9600.2,9577.084982265194
8878,9578.4,9578.18197035484
8879,9479.4,9579.278960520005
8880,9484.0,9580.375952760458
8881,9541.0,9581.47294707597
8882,9456.8,9582.569943466307
8883,9396.2,9583.666941931246
8884,9360.4,9584.76394247055
8885,9363.4,9585.860945083998
8886,9364.4,9586.957949771351
8887,9286.6,9588.054956532389
8888,9309.2,9589.151965366875
8889,9449.0,9590.248976274583
8890,9437.2,9591.345989255282
8891,9353.8,9592.443004308745
8892,9348.8,9593.540021434743
8893,9418.6,9594.637040633046
8894,9387.6,9595.734061903422
8895,9384.2,9596.831085245645
8896,9374.4,9597.928110659488
8897,9354.6,9599.025138144716
8898,9354.8,9600.122167701107
8899,9407.4,9601.219199328427
8900,9491.2,9602.316233026448
8901,9569.0,9603.413268794942
8902,9547.2,9604.510306633681
8903,9568.2,9605.607346542436
8904,9648.4,9606.704388520979
8905,9618.6,9607.80143256908
8906,9516.4,9608.898478686511
8907,9560.2,9609.995526873043
8908,9713.6,9611.092577128451
8909,9706.6,9612.1896294525
8910,9687.6,9613.286683844968
8911,9837.0,9614.383740305624
8912,9900.0,9615.48079883424
8913,9982.6,9616.577859430588
8914,9976.0,9617.67492209444
8915,9963.4,9618.771986825568
8916,10012.8,9619.869053623745
8917,10017.0,9620.96612248874
8918,10055.2,9622.063193420328
8919,9975.4,9623.160266418281
8920,10006.4,9624.25734148237
8921,9969.0,9625.354418612367
8922,9917.6,9626.451497808044
8923,10070.6,9627.548579069176
8924,10161.2,9628.645662395536
8925,10106.6,9629.742747786891
8926,10016.8,9630.839835243018
8927,10038.6,9631.936924763688
8928,10020.4,9633.034016348673
8929,10048.2,9634.131109997748
8930,9994.0,9635.228205710684
8931,9939.4,9636.325303487252
8932,9893.6,9637.422403327231
8933,9891.4,9638.519505230386
8934,9930.0,9639.616609196497
8935,9913.0,9640.71371522533
8936,9916.0,9641.810823316666
8937,9809.0,9642.907933470271
8938,9966.4,9644.005045685923
8939,9809.0,9645.10215996339
8940,9888.0,9646.19927630245
8941,9891.4,9647.296394702873
8942,9735.6,9648.393515164436
8943,9656.2,9649.49063768691
8944,9502.8,9650.587762270068
8945,9448.2,9651.684888913684
8946,9494.4,9652.782017617532
8947,9434.6,9653.879148381386
8948,9488.0,9654.976281205018
8949,9410.6,9656.073416088202
8950,9446.4,9657.170553030712
8951,9415.4,9658.267692032321
8952,9362.8,9659.364833092806
8953,9273.0,9660.461976211938
8954,9266.0,9661.559121389493
8955,9273.0,9662.656268625242
8956,9307.2,9663.75341791896
8957,9157.0,9664.850569270424
8958,9235.2,9665.947722679404
8959,9231.4,9667.044878145676
8960,9189.2,9668.142035669016
8961,9169.8,9669.239195249194
8962,9143.2,9670.33635688599
8963,9201.0,9671.43352057917
8964,9250.4,9672.530686328519
8965,9213.0,9673.627854133803
8966,9334.8,9674.7250239948
8967,9408.2,9675.822195911285
8968,9358.4,9676.919369883033
8969,9400.2,9678.016545909815
8970,9402.4,9679.11372399141
8971,9342.6,9680.210904127589
8972,9415.6,9681.30808631813
8973,9413.8,9682.405270562806
8974,9474.0,9683.502456861394
8975,9481.8,9684.599645213664
8976,9512.8,9685.696835619397
8977,9466.6,9686.794028078368
8978,9460.0,9687.891222590346
8979,9457.0,9688.988419155112
8980,9463.2,9690.085617772438
8981,9554.6,9691.182818442103
8982,9558.4,9692.280021163877
8983,9593.0,9693.377225937538
8984,9593.6,9694.474432762861
8985,9637.8,9695.571641639624
8986,9689.6,9696.668852567602
8987,9693.0,9697.766065546566
8988,9539.6,9698.863280576295
8989,9588.2,9699.960497656564
8990,9633.2,9701.05771678715
8991,9721.0,9702.154937967829
8992,9683.6,9703.252161198374
8993,9737.8,9704.349386478563
8994,9749.6,9705.446613808172
8995,9813.0,9706.543843186975
8996,9765.6,9707.64107461475
8997,9841.8,9708.738308091271
8998,9842.0,9709.83554361632
8999,9784.2,9710.932781189666
9000,9733.6,9712.030020811088
9001,9750.6,9713.12726248036
9002,9756.8,9714.224506197263
9003,9805.8,9715.32175196157
9004,9710.8,9716.41899977306
9005,9865.8,9717.516249631504
9006,9851.2,9718.613501536685
9007,9750.6,9719.710755488377
9008,9829.2,9720.808011486357
9009,9831.4,9721.905269530398
9010,9941.2,9723.002529620282
9011,10021.0,9724.099791755782
9012,10044.4,9725.197055936678
9013,10105.0,9726.294322162743
9014,10114.4,9727.391590433757
9015,10090.6,9728.488860749496
9016,10152.8,9729.586133109739
9017,10185.0,9730.68340751426
9018,10138.0,9731.780683962834
9019,10113.8,9732.877962455244
9020,10214.0,9733.975242991264
9021,10301.8,9735.072525570673
9022,10256.0,9736.169810193245
9023,10097.0,9737.26709685876
9024,10098.8,9738.364385566994
9025,10249.0,9739.461676317727
9026,10409.6,9740.558969110734
9027,10413.8,9741.656263945792
9028,10331.6,9742.75356082268
9029,10328.2,9743.850859741176
9030,10264.0,9744.948160701057
9031,10297.0,9746.045463702101
9032,10387.6,9747.142768744085
9033,10413.0,9748.240075826787
9034,10503.2,9749.337384949986
9035,10414.6,9750.43469611346
9036,10254.8,9751.532009316985
9037,10262.6,9752.62932456034
9038,10161.2,9753.726641843303
9039,10206.6,9754.823961165654
9040,10216.0,9755.921282527168
9041,10219.4,9757.018605927624
9042,10158.8,9758.115931366805
9043,10189.0,9759.213258844482
9044,10136.4,9760.310588360437
9045,10296.2,9761.407919914449
9046,10458.0,9762.505253506295
9047,10505.8,9763.602589135753
9048,10551.6,9764.699926802603
9049,10545.0,9765.797266506625
9050,10626.4,9766.894608247596
9051,10587.4,9767.991952025293
9052,10524.0,9769.089297839497
9053,10565.0,9770.186645689986
9054,10528.0,9771.28399557654
9055,10427.4,9772.381347498937
9056,10456.0,9773.478701456954
9057,10483.4,9774.576057450373
9058,10482.4,9775.673415478972
9059,10422.6,9776.770775542529
9060,10419.2,9777.868137640824
9061,10375.4,9778.965501773637
9062,10370.4,9780.06286794075
9063,10403.4,9781.160236141934
9064,10396.0,9782.257606376974
9065,10347.4,9783.35497864565
9066,10409.6,9784.452352947737
9067,10376.2,9785.54972928302
9068,10370.8,9786.647107651277
9069,10351.4,9787.744488052285
9070,10357.6,9788.841870485825
9071,10446.6,9789.939254951678
9072,10442.4,9791.036641449622
9073,10492.2,9792.134029979436
9074,10476.4,9793.231420540902
9075,10432.2,9794.328813133801
9076,10476.8,9795.426207757908
9077,10474.6,9796.523604413007
9078,10569.6,9797.621003098877
9079,10569.0,9798.7184038153
9080,10481.6,9799.81580656205
9081,10445.0,9800.913211338913
9082,10290.8,9802.010618145667
9083,10259.4,9803.108026982092
9084,10281.2,9804.205437847972
9085,10311.4,9805.302850743083
9086,10264.4,9806.400265667206
9087,10242.6,9807.49768262012
9088,10256.8,9808.59510160161
9089,10259.4,9809.692522611454
9090,10290.8,9810.789945649432
9091,10341.0,9811.887370715325
9092,10305.2,9812.984797808916
9093,10336.2,9814.082226929982
9094,10329.2,9815.179658078307
9095,10233.0,9816.277091253669
9096,10306.0,9817.374526455851
9097,10283.4,9818.471963684633
9098,10224.8,9819.569402939796
9099,10136.2,9820.666844221121
9100,10130.8,9821.76428752839
9101,10281.0,9822.861732861382
9102,10320.0,9823.95918021988
9103,10169.8,9825.056629603665
9104,10151.2,9826.154081012515
9105,10057.8,9827.251534446217
9106,10076.0,9828.348989904549
9107,10036.2,9829.446447387292
9108,9965.2,9830.54390689423
9109,9964.2,9831.641368425142
9110,9986.0,9832.738831979812
9111,9987.4,9833.836297558018
9112,10000.0,9834.933765159543
9113,10057.0,9836.031234784172
9114,10025.2,9837.128706431684
9115,9969.0,9838.226180101858
9116,9924.8,9839.32365579448
9117,10063.4,9840.42113350933
9118,10073.6,9841.518613246191
9119,10077.8,9842.616095004843
9120,9981.6,9843.713578785071
9121,10011.4,9844.811064586655
9122,9929.2,9845.908552409379
9123,9939.4,9847.00604225302
9124,9938.0,9848.103534117368
9125,9915.4,9849.201028002197
9126,9916.4,9850.298523907297
9127,9916.2,9851.396021832445
9128,9755.2,9852.493521777425
9129,9744.2,9853.591023742021
9130,9792.4,9854.688527726013
9131,9737.8,9855.786033729186
9132,9738.0,9856.88354175132
9133,9694.6,9857.9810517922
9134,9654.8,9859.078563851604
9135,9701.0,9860.176077929322
9136,9648.8,9861.273594025131
9137,9606.6,9862.371112138815
9138,9606.4,9863.46863227016
9139,9591.4,9864.566154418946
9140,9560.0,9865.663678584957
9141,9546.6,9866.761204767974
9142,9576.8,9867.858732967783
9143,9608.2,9868.956263184165
9144,9450.4,9870.053795416905
9145,9382.6,9871.151329665785
9146,9227.2,9872.248865930585
9147,9211.4,9873.346404211095
9148,9264.0,9874.443944507095
9149,9409.0,9875.541486818367
9150,9376.4,9876.639031144694
9151,9345.8,9877.736577485863
9152,9383.2,9878.834125841655
9153,9422.6,9879.931676211856
9154,9462.8,9881.029228596248
9155,9461.0,9882.126782994612
9156,9425.6,9883.224339406735
9157,9429.0,9884.321897832402
9158,9320.0,9885.419458271392
9159,9349.8,9886.517020723495
9160,9257.2,9887.614585188488
9161,9222.6,9888.712151666161
9162,9256.8,9889.809720156294
9163,9253.8,9890.907290658673
9164,9318.4,9892.00486317308
9165,9367.4,9893.102437699305
9166,9404.0,9894.200014237125
9167,9250.6,9895.297592786326
9168,9303.6,9896.395173346697
9169,9266.6,9897.492755918018
9170,9127.2,9898.59034050007
9171,9157.8,9899.687927092646
9172,9155.2,9900.785515695525
9173,9161.0,9901.88310630849
9174,9180.8,9902.980698931331
9175,9129.0,9904.078293563827
9176,9214.0,9905.175890205766
9177,9213.8,9906.273488856932
9178,9210.0,9907.371089517112
9179,9168.2,9908.468692186085
9180,9140.4,9909.56629686364
9181,9104.2,9910.663903549563
9182,9137.6,9911.761512243636
9183,9159.4,9912.859122945645
9184,9246.8,9913.956735655376
9185,9191.4,9915.054350372611
9186,9163.6,9916.15196709714
9187,9123.4,9917.249585828744
9188,9070.0,9918.347206567209
9189,9035.4,9919.44482931232
9190,9004.0,9920.542454063867
9191,9009.0,9921.640080821628
9192,9047.2,9922.737709585392
9193,9053.0,9923.835340354946
9194,9052.8,9924.932973130073
9195,9029.0,9926.030607910558
9196,8990.8,9927.12824469619
9197,8910.6,9928.225883486752
9198,8826.4,9929.323524282028
9199,8761.8,9930.421167081808
9200,8680.0,9931.518811885873
9201,8662.6,9932.616458694014
9202,8710.0,9933.714107506014
9203,8678.6,9934.811758321659
9204,8650.8,9935.909411140736
9205,8650.6,9937.00706596303
9206,8664.8,9938.104722788325
9207,8639.4,9939.20238161641
9208,8726.4,9940.30004244707
9209,8777.8,9941.397705280093
9210,8742.4,9942.49537011526
9211,8753.8,9943.593036952367
9212,8789.2,9944.690705791189
9213,8768.2,9945.788376631519
9214,8740.8,9946.886049473143
9215,8668.2,9947.983724315847
9216,8679.2,9949.081401159414
9217,8700.2,9950.179080003636
9218,8689.2,9951.276760848297
9219,8639.4,9952.374443693185
9220,8657.2,9953.472128538082
9221,8667.4,9954.56981538278
9222,8682.8,9955.667504227064
9223,8634.6,9956.76519507072
9224,8616.0,9957.862887913536
9225,8693.0,9958.960582755299
9226,8701.2,9960.058279595793
9227,8733.8,9961.15597843481
9228,8801.6,9962.253679272133
9229,8822.6,9963.351382107552
9230,8822.4,9964.449086940851
9231,8824.2,9965.54679377182
9232,8816.0,9966.644502600246
9233,8671.4,9967.742213425914
9234,8674.0,9968.839926248613
9235,8594.6,9969.937641068129
9236,8573.2,9971.035357884251
9237,8645.8,9972.133076696766
9238,8645.6,9973.230797505463
9239,8726.6,9974.328520310126
9240,8669.2,9975.426245110546
9241,8585.0,9976.523971906507
9242,8567.2,9977.6217006978
9243,8546.6,9978.719431484213
9244,8536.0,9979.81716426553
9245,8589.8,9980.914899041543
9246,8590.4,9982.012635812038
9247,8576.2,9983.1103745768
9248,8574.0,9984.208115335623
9249,8542.6,9985.305858088292
9250,8534.8,9986.403602834593
9251,8505.8,9987.501349574317
9252,8524.0,9988.599098307252
9253,8505.8,9989.696849033184
9254,8534.0,9990.794601751903
9255,8516.2,9991.892356463197
9256,8568.4,9992.990113166856
9257,8537.8,9994.087871862663
9258,8512.4,9995.185632550414
9259,8607.4,9996.28339522989
9260,8632.8,9997.381159900884
9261,8661.8,9998.478926563183
9262,8678.0,9999.576695216578
9263,8549.8,10000.674465860853
9264,8406.8,10001.772238495802
9265,8549.8,10002.87001312121
9266,8470.4,10003.967789736867
9267,8528.2,10005.06556834256
9268,8537.2,10006.163348938082
9269,8531.4,10007.261131523217
9270,8488.0,10008.358916097759
9271,8497.8,10009.456702661493
9272,8630.4,10010.554491214209
9273,8617.8,10011.652281755698
9274,8574.8,10012.750074285748
9275,8565.8,10013.847868804145
9276,8543.2,10014.945665310684
9277,8537.8,10016.04346380515
9278,8577.2,10017.141264287333
9279,8485.0,10018.239066757025
9280,8515.2,10019.336871214013
9281,8490.6,10020.434677658084
9282,8484.8,10021.532486089034
9283,8413.8,10022.630296506648
9284,8368.0,10023.728108910716
9285,8348.2,10024.825923301027
9286,8424.4,10025.923739677373
9287,8493.8,10027.021558039542
9288,8620.0,10028.119378387326
9289,8661.8,10029.217200720512
9290,8693.2,10030.315025038888
9291,8634.6,10031.412851342251
9292,8643.6,10032.510679630384
9293,8500.2,10033.608509903082
9294,8465.2,10034.706342160132
9295,8510.6,10035.804176401323
9296,8501.6,10036.902012626451
9297,8477.8,10037.9998508353
9298,8487.2,10039.097691027662
9299,8506.6,10040.195533203327
9300,8483.2,10041.293377362088
9301,8512.2,10042.39122350373
9302,8488.8,10043.48907162805
9303,8481.8,10044.586921734834
9304,8502.4,10045.684773823872
9305,8518.6,10046.782627894958
9306,8512.8,10047.88048394788
9307,8592.2,10048.978341982429
9308,8673.6,10050.076201998396
9309,8641.8,10051.174063995571
9310,8551.6,10052.271927973748
9311,8545.8,10053.369793932714
9312,8483.2,10054.46766187226
9313,8461.0,10055.56553179218
9314,8423.6,10056.663403692259
9315,8410.6,10057.761277572296
9316,8490.4,10058.859153432075
9317,8478.6,10059.95703127139
9318,8507.2,10061.054911090034
9319,8529.0,10062.152792887795
9320,8507.2,10063.250676664464
9321,8582.6,10064.348562419837
9322,8636.4,10065.446450153697
9323,8559.4,10066.544339865843
9324,8506.8,10067.642231556065
9325,8562.6,10068.74012522415
9326,8589.2,10069.838020869895
9327,8581.8,10070.935918493087
9328,8493.2,10072.03381809352
9329,8569.0,10073.131719670984
9330,8568.4,10074.229623225272
9331,8514.6,10075.327528756177
9332,8490.0,10076.425436263487
9333,8546.6,10077.523345746999
9334,8539.6,10078.6212572065
9335,8488.2,10079.719170641782
9336,8483.2,10080.81708605264
9337,8441.8,10081.915003438864
9338,8466.0,10083.012922800246
9339,8420.2,10084.11084413658
9340,8486.8,10085.208767447655
9341,8490.6,10086.306692733266
9342,8479.6,10087.404619993202
9343,8453.0,10088.502549227256
9344,8546.4,10089.600480435223
9345,8652.2,10090.698413616896
9346,8796.4,10091.79634877206
9347,8794.6,10092.894285900515
9348,8738.0,10093.99222500205
9349,8775.4,10095.09016607646
9350,8799.2,10096.188109123534
9351,8725.8,10097.286054143065
9352,8798.8,10098.38400113485
9353,8893.8,10099.481950098676
9354,8897.6,10100.57990103434
9355,8905.8,10101.677853941632
9356,8882.0,10102.775808820345
9357,8873.8,10103.873765670272
9358,8876.8,10104.971724491208
9359,8836.2,10106.069685282944
9360,8879.2,10107.167648045273
9361,8979.4,10108.26561277799
9362,9063.2,10109.363579480883
9363,8993.8,10110.461548153753
9364,9014.0,10111.559518796385
9365,9097.8,10112.657491408576
9366,9094.0,10113.75546599012
9367,9164.2,10114.85344254081
9368,9145.6,10115.951421060437
9369,9144.2,10117.049401548797
9370,9214.8,10118.14738400568
9371,9184.2,10119.245368430884
9372,9192.8,10120.343354824201
9373,9261.0,10121.441343185421
9374,9282.8,10122.539333514342
9375,9299.4,10123.637325810756
9376,9293.2,10124.735320074456
9377,9213.8,10125.833316305238
9378,9213.2,10126.931314502894
9379,9297.0,10128.029314667216
9380,9382.8,10129.127316797998
9381,9334.6,10130.225320895039
9382,9326.0,10131.323326958129
9383,9343.4,10132.42133498706
9384,9352.4,10133.51934498163
9385,9440.2,10134.617356941631
9386,9451.6,10135.715370866861
9387,9453.0,10136.813386757107
9388,9607.2,10137.911404612169
9389,9529.0,10139.009424431837
9390,9685.2,10140.107446215909
9391,9843.4,10141.205469964176
9392,9797.2,10142.303495676437
9393,9786.6,10143.40152335248
9394,9730.8,10144.499552992105
9395,9711.4,10145.597584595103
9396,9670.8,10146.695618161271
9397,9739.4,10147.793653690404
9398,9759.6,10148.891691182293
9399,9724.2,10149.989730636735
9400,9710.4,10151.087772053525
9401,9777.8,10152.185815432456
9402,9846.0,10153.283860773325
9403,9777.8,10154.381908075926
9404,9621.2,10155.479957340054
9405,9628.2,10156.578008565504
9406,9697.6,10157.67606175207
9407,9710.6,10158.774116899547
9408,9740.0,10159.87217400773
9409,9801.8,10160.970233076418
9410,9808.4,10162.0682941054
9411,9860.2,10163.166357094475
9412,9867.6,10164.264422043438
9413,9941.8,10165.362488952082
9414,9935.6,10166.460557820206
9415,9930.6,10167.558628647601
9416,9792.0,10168.656701434065
9417,9799.4,10169.754776179394
9418,9819.6,10170.852852883381
9419,9905.0,10171.950931545824
9420,9907.2,10173.049012166519
9421,9922.6,10174.147094745258
9422,9866.8,10175.24517928184
9423,9830.6,10176.34326577606
9424,9756.0,10177.441354227713
9425,9718.6,10178.539444636594
9426,9563.2,10179.6375370025
9427,9653.8,10180.73563132523
9428,9582.0,10181.833727604571
9429,9458.6,10182.93182584033
9430,9449.6,10184.029926032295
9431,9453.8,10185.128028180265
9432,9485.2,10186.226132284037
9433,9510.6,10187.324238343404
9434,9498.8,10188.422346358164
9435,9460.2,10189.520456328115
9436,9391.6,10190.618568253049
9437,9237.8,10191.716682132766
9438,9172.0,10192.814797967063
9439,9325.8,10193.912915755735
9440,9292.0,10195.011035498574
9441,9330.6,10196.109157195384
9442,9330.0,10197.207280845956
9443,9213.0,10198.305406450088
9444,9164.4,10199.403534007579
9445,9160.2,10200.501663518222
9446,9170.4,10201.599794981816
9447,9246.6,10202.697928398158
9448,9214.0,10203.796063767042
9449,9270.6,10204.894201088267
9450,9276.8,10205.992340361632
9451,9308.2,10207.090481586929
9452,9463.6,10208.18862476396
9453,9425.0,10209.286769892517
9454,9340.0,10210.384916972402
9455,9345.0,10211.483066003406
9456,9360.4,10212.58121698533
9457,9357.8,10213.679369917973
9458,9389.6,10214.77752480113
9459,9368.2,10215.875681634596
9460,9311.6,10216.97384041817
9461,9250.6,10218.072001151653
9462,9149.6,10219.170163834835
9463,9067.4,10220.26832846752
9464,9060.0,10221.366495049504
9465,9025.8,10222.464663580582
9466,9016.0,10223.562834060553
9467,8922.6,10224.661006489214
9468,8859.6,10225.759180866364
9469,8881.0,10226.857357191799
9470,8898.0,10227.955535465318
9471,8921.0,10229.05371568672
9472,8911.6,10230.151897855798
9473,8899.4,10231.250081972355
9474,8822.8,10232.348268036185
9475,8842.6,10233.44645604709
9476,8843.2,10234.544646004864
9477,8836.2,10235.642837909307
9478,8872.4,10236.741031760217
9479,8774.6,10237.839227557391
9480,8852.4,10238.93742530063
9481,8874.6,10240.035624989727
9482,8854.8,10241.133826624484
9483,8849.0,10242.2320302047
9484,8833.2,10243.33023573017
9485,8834.6,10244.428443200695
9486,8926.4,10245.526652616072
9487,8900.2,10246.624863976102
9488,8886.8,10247.72307728058
9489,8889.8,10248.821292529306
9490,8932.0,10249.919509722078
9491,8950.6,10251.017728858695
9492,9006.8,10252.115949938954
9493,9015.4,10253.214172962658
9494,8996.4,10254.312397929602
9495,8988.2,10255.410624839586
9496,9017.6,10256.508853692409
9497,8999.4,10257.60708448787
9498,8959.6,10258.705317225767
9499,8942.6,10259.803551905898
9500,8904.8,10260.901788528063
9501,8753.8,10262.000027092063
9502,8838.8,10263.098267597694
9503,8894.6,10264.196510044758
9504,8956.8,10265.294754433051
9505,8958.6,10266.393000762373
9506,9035.6,10267.491249032526
9507,9043.4,10268.589499243306
9508,9000.8,10269.687751394513
9509,8916.2,10270.786005485947
9510,8918.0,10271.884261517409
9511,8925.0,10272.982519488696
9512,8864.0,10274.080779399606
9513,8922.6,10275.179041249941
9514,8886.8,10276.277305039503
9515,8977.0,10277.375570768087
9516,8993.2,10278.473838435493
9517,9011.4,10279.572108041522
9518,9030.0,10280.670379585978
9519,9097.8,10281.768653068651
9520,9102.0,10282.86692848935
9521,9091.4,10283.96520584787
9522,9104.4,10285.063485144014
9523,9098.6,10286.161766377578
9524,9139.2,10287.260049548362
9525,9126.6,10288.358334656172
9526,9166.8,10289.456621700801
9527,9177.8,10290.554910682056
9528,9085.6,10291.653201599729
9529,9167.4,10292.751494453627
9530,9214.8,10293.849789243546
9531,9116.2,10294.94808596929
9532,9270.8,10296.046384630656
9533,9293.8,10297.144685227446
9534,9386.4,10298.242987759459
9535,9543.4,10299.341292226498
9536,9411.6,10300.439598628362
9537,9393.8,10301.53790696485
9538,9341.6,10302.636217235764
9539,9233.8,10303.734529440904
9540,9220.4,10304.832843580074
9541,9262.6,10305.93115965307
9542,9419.6,10307.029477659693
9543,9409.0,10308.127797599747
9544,9408.8,10309.22611947303
9545,9376.2,10310.324443279347
9546,9368.4,10311.422769018493
9547,9285.0,10312.521096690272
9548,9328.4,10313.619426294486
9549,9271.4,10314.717757830935
9550,9324.8,10315.816091299419
9551,9311.4,10316.91442669974
9552,9317.6,10318.012764031699
9553,9354.6,10319.111103295096
9554,9454.8,10320.209444489734
9555,9448.2,10321.307787615413
9556,9290.8,10322.406132671938
9557,9319.4,10323.504479659105
9558,9267.6,10324.602828576717
9559,9244.2,10325.701179424577
9560,9294.8,10326.799532202487
9561,9361.0,10327.897886910245
9562,9386.0,10328.996243547655
9563,9428.2,10330.09460211452
9564,9436.0,10331.192962610638
9565,9593.8,10332.291325035812
9566,9609.2,10333.389689389845
9567,9621.0,10334.488055672538
9568,9780.8,10335.586423883695
9569,9769.8,10336.684794023115
9570,9931.2,10337.783166090598
9571,9937.0,10338.881540085948
9572,9946.8,10339.97991600897
9573,9943.4,10341.078293859462
9574,9954.4,10342.176673637226
9575,9913.8,10343.275055342066
9576,9917.6,10344.373438973786
9577,9995.4,10345.471824532184
9578,9912.4,10346.570212017063
9579,9881.0,10347.668601428228
9580,9944.8,10348.766992765477
9581,10010.6,10349.865386028618
9582,9847.6,10350.963781217448
9583,9857.0,10352.062178331773
9584,9912.8,10353.160577371393
9585,9925.0,10354.25897833611
9586,10019.6,10355.35738122573
9587,10050.6,10356.455786040053
9588,10113.6,10357.554192778882
9589,10117.8,10358.65260144202
9590,10131.6,10359.75101202927
9591,10167.4,10360.849424540434
9592,10150.8,10361.947838975313
9593,10255.4,10363.046255333715
9594,10201.2,10364.14467361544
9595,10256.2,10365.243093820287
9596,10238.4,10366.341515948065
9597,10349.0,10367.439939998574
9598,10276.4,10368.538365971617
9599,10320.2,10369.636793866997
9600,10366.8,10370.73522368452
9601,10403.4,10371.833655423985
9602,10400.4,10372.932089085198
9603,10334.6,10374.030524667962
9604,10258.8,10375.128962172077
9605,10200.2,10376.227401597349
9606,10152.0,10377.325842943583
9607,10164.2,10378.42428621058
9608,10212.8,10379.522731398145
9609,10213.0,10380.621178506077
9610,10271.6,10381.719627534187
9611,10258.6,10382.81807848227
9612,10316.4,10383.916531350136
9613,10304.2,10385.014986137588
9614,10317.6,10386.113442844427
9615,10331.4,10387.211901470459
9616,10334.4,10388.310362015487
9617,10499.4,10389.408824479315
9618,10545.6,10390.507288861743
9619,10565.8,10391.605755162582
9620,10518.8,10392.70422338163
9621,10454.6,10393.802693518694
9622,10321.2,10394.901165573578
9623,10332.2,10395.999639546084
9624,10212.4,10397.098115436018
9625,10049.8,10398.196593243183
9626,10094.0,10399.295072967383
9627,10181.8,10400.393554608423
9628,10246.0,10401.492038166107
9629,10203.4,10402.590523640238
9630,10174.0,10403.689011030623
9631,10179.4,10404.787500337065
9632,10149.6,10405.885991559368
9633,10157.0,10406.984484697337
9634,10203.6,10408.082979750774
9635,10228.2,10409.18147671949
9636,10291.6,10410.279975603282
9637,10369.8,10411.378476401958
9638,10206.8,10412.476979115323
9639,10106.6,10413.575483743181
9640,10036.8,10414.673990285339
9641,10045.0,10415.772498741597
9642,10032.8,10416.871009111763
9643,10073.8,10417.96952139564
9644,10044.8,10419.068035593036
9645,10093.8,10420.166551703753
9646,10002.0,10421.265069727599
9647,10065.8,10422.363589664374
9648,10089.2,10423.462111513889
9649,10082.6,10424.560635275944
9650,10096.0,10425.659160950347
9651,10157.8,10426.757688536904
9652,10194.0,10427.856218035417
9653,10173.8,10428.954749445693
9654,10013.2,10430.053282767536
9655,9938.6,10431.151818000753
9656,10006.4,10432.25035514515
9657,10069.8,10433.348894200532
9658,10088.8,10434.447435166701
9659,10117.0,10435.545978043467
9660,10048.8,10436.644522830633
9661,10154.6,10437.743069528004
9662,10256.8,10438.841618135388
9663,10267.4,10439.940168652589
9664,10296.8,10441.038721079414
9665,10335.4,10442.137275415665
9666,10388.0,10443.235831661155
9667,10405.8,10444.334389815682
9668,10370.0,10445.432949879056
9669,10321.8,10446.531511851083
9670,10264.0,10447.630075731568
9671,10253.0,10448.728641520316
9672,10179.2,10449.827209217136
9673,10339.4,10450.92577882183
9674,10364.8,10452.024350334204
9675,10358.6,10453.122923754068
9676,10330.8,10454.221499081228
9677,10333.8,10455.320076315487
9678,10332.8,10456.418655456655
9679,10360.2,10457.517236504535
9680,10356.0,10458.615819458932
9681,10357.8,10459.714404319657
9682,10407.6,10460.812991086512
9683,10385.0,10461.91157975931
9684,10370.4,10463.010170337848
9685,10433.0,10464.10876282194
9686,10544.4,10465.20735721139
9687,10545.8,10466.305953506004
9688,10480.4,10467.404551705587
9689,10550.6,10468.503151809951
9690,10501.6,10469.6017538189
9691,10402.6,10470.70035773224
9692,10420.4,10471.798963549778
9693,10440.2,10472.89757127132
9694,10388.0,10473.996180896675
9695,10332.2,10475.094792425647
9696,10284.8,10476.193405858048
9697,10177.0,10477.29202119368
9698,10205.6,10478.39063843235
9699,10196.2,10479.48925757387
9700,10152.4,10480.587878618044
9701,10107.4,10481.686501564678
9702,10092.4,10482.785126413579
9703,10105.0,10483.883753164557
9704,9976.8,10484.982381817417
9705,9997.8,10486.081012371966
9706,10092.8,10487.179644828015
9707,10123.4,10488.278279185368
9708,10125.2,10489.37691544383
9709,10103.4,10490.475553603217
9710,10032.4,10491.57419366333
9711,10037.8,10492.672835623975
9712,10080.8,10493.771479484963
9713,10181.0,10494.870125246101
9714,10192.4,10495.968772907197
9715,10269.8,10497.067422468059
9716,10161.6,10498.166073928494
9717,10189.8,10499.264727288308
9718,10286.8,10500.363382547312
9719,10238.6,10501.462039705311
9720,10170.8,10502.560698762116
9721,10175.4,10503.659359717532
9722,10114.4,10504.75802257137
9723,10136.2,10505.856687323436
9724,10114.4,10506.955353973537
9725,10096.2,10508.054022521483
9726,10081.2,10509.15269296708
9727,10072.2,10510.251365310138
9728,10153.6,10511.350039550467
9729,10309.8,10512.448715687871
9730,10283.6,10513.547393722161
9731,10305.8,10514.646073653146
9732,10327.6,10515.744755480633
9733,10302.6,10516.84343920443
9734,10332.8,10517.942124824343
9735,10312.2,10519.040812340187
9736,10300.4,10520.139501751766
9737,10281.8,10521.238193058889
9738,10358.8,10522.336886261366
9739,10353.8,10523.435581359003
9740,10443.6,10524.534278351612
9741,10465.0,10525.632977239
9742,10393.6,10526.731678020975
9743,10553.0,10527.830380697347
9744,10620.8,10528.929085267924
9745,10553.0,10530.027791732515
9746,10618.8,10531.12650009093
9747,10613.8,10532.225210342976
9748,10580.8,10533.323922488466
9749,10642.6,10534.422636527204
9750,10685.6,10535.521352459002
9751,10692.2,10536.620070283667
9752,10715.2,10537.71879000101
9753,10662.6,10538.817511610843
9754,10692.8,10539.916235112967
9755,10678.6,10541.014960507198
9756,10841.2,10542.113687793344
9757,10786.6,10543.212416971215
9758,10686.8,10544.311148040617
9759,10677.0,10545.409881001362
9760,10657.6,10546.50861585326
9761,10577.8,10547.607352596116
9762,10549.6,10548.706091229747
9763,10389.0,10549.804831753958
9764,10394.0,10550.903574168558
9765,10378.6,10552.002318473356
9766,10339.6,10553.101064668168
9767,10339.4,10554.199812752797
9768,10318.8,10555.298562727055
9769,10338.6,10556.397314590751
9770,10306.8,10557.496068343697
9771,10303.4,10558.5948239857
9772,10272.0,10559.693581516573
9773,10172.2,10560.792340936125
9774,10169.6,10561.891102244164
9775,10145.8,10562.989865440502
9776,10083.6,10564.088630524946
9777,10242.6,10565.187397497311
9778,10245.6,10566.286166357404
9779,10192.2,10567.384937105038
9780,10268.8,10568.483709740018
9781,10229.8,10569.582484262159
9782,10276.4,10570.68126067127
9783,10205.8,10571.780038967161
9784,10207.2,10572.87881914964
9785,10161.0,10573.977601218523
9786,10106.4,10575.076385173616
9787,10088.2,10576.175171014731
9788,10197.2,10577.273958741676
9789,10217.8,10578.372748354266
9790,10237.6,10579.47153985231
9791,10279.4,10580.570333235617
9792,10269.6,10581.669128504
9793,10369.8,10582.767925657268
9794,10317.2,10583.86672469523
9795,10305.0,10584.965525617703
9796,10203.6,10586.06432842449
9797,10104.2,10587.16313311541
9798,10086.4,10588.261939690266
9799,10137.0,10589.360748148876
9800,10220.8,10590.459558491046
9801,10177.0,10591.558370716586
9802,10184.4,10592.657184825312
9803,10182.6,10593.756000817033
9804,10188.8,10594.854818691561
9805,10235.4,10595.953638448706
9806,10256.4,10597.052460088278
9807,10206.6,10598.15128361009
9808,10211.2,10599.250109013954
9809,10324.2,10600.348936299679
9810,10380.0,10601.447765467077
9811,10400.2,10602.546596515962
9812,10438.0,10603.645429446142
9813,10418.6,10604.74426425743
9814,10486.0,10605.843100949638
9815,10423.4,10606.941939522578
9816,10470.0,10608.040779976058
9817,10441.8,10609.139622309895
9818,10378.8,10610.238466523897
9819,10475.4,10611.337312617876
9820,10463.6,10612.436160591646
9821,10492.2,10613.535010445017
9822,10418.0,10614.6338621778
9823,10506.6,10615.732715789809
9824,10515.2,10616.831571280854
9825,10524.2,10617.930428650749
9826,10466.0,10619.029287899304
9827,10506.6,10620.12814902633
9828,10434.8,10621.227012031644
9829,10371.4,10622.325876915053
9830,10430.8,10623.42474367637
9831,10494.6,10624.52361231541
9832,10448.0,10625.622482831985
9833,10504.2,10626.721355225904
9834,10516.8,10627.820229496981
9835,10508.2,10628.919105645027
9836,10494.8,10630.017983669857
9837,10476.2,10631.116863571282
9838,10641.2,10632.215745349115
9839,10657.8,10633.314629003167
9840,10628.4,10634.413514533253
9841,10597.8,10635.51240193918
9842,10580.8,10636.61129122077
9843,10505.0,10637.710182377827
9844,10495.6,10638.809075410167
9845,10430.6,10639.907970317603
9846,10358.8,10641.006867099948
9847,10259.4,10642.105765757013
9848,10184.8,10643.204666288613
9849,10305.0,10644.30356869456
9850,10292.4,10645.402472974665
9851,10357.0,10646.501379128744
9852,10368.0,10647.600287156607
9853,10377.0,10648.699197058071
9854,10375.6,10649.798108832945
9855,10471.4,10650.897022481044
9856,10460.0,10651.995938002181
9857,10479.4,10653.094855396168
9858,10536.0,10654.193774662821
9859,10532.2,10655.29269580195
9860,10547.2,10656.39161881337
9861,10439.4,10657.490543696893
9862,10440.4,10658.589470452334
9863,10429.8,10659.688399079505
9864,10422.0,10660.787329578221
9865,10441.0,10661.886261948293
9866,10408.4,10662.985196189538
9867,10429.0,10664.084132301768
9868,10483.6,10665.183070284793
9869,10503.4,10666.282010138431
9870,10475.2,10667.380951862497
9871,10460.2,10668.479895456798
9872,10561.2,10669.578840921153
9873,10554.6,10670.677788255376
9874,10522.4,10671.776737459279
9875,10502.6,10672.875688532675
9876,10396.8,10673.974641475379
9877,10233.0,10675.073596287202
9878,10252.4,10676.172552967966
9879,10258.6,10677.271511517478
9880,10272.0,10678.370471935552
9881,10288.2,10679.469434222005
9882,10328.4,10680.568398376652
9883,10350.6,10681.6673643993
9884,10453.2,10682.766332289772
9885,10463.4,10683.865302047878
9886,10510.4,10684.964273673431
9887,10501.8,10686.06324716625
9888,10431.6,10687.162222526144
9889,10525.8,10688.261199752931
9890,10582.0,10689.360178846422
9891,10531.4,10690.459159806434
9892,10530.4,10691.558142632783
9893,10475.4,10692.657127325278
9894,10537.6,10693.756113883739
9895,10549.0,10694.855102307978
9896,10562.4,10695.954092597809
9897,10545.0,10697.053084753048
9898,10580.4,10698.152078773512
9899,10566.6,10699.25107465901
9900,10584.4,10700.350072409361
9901,10541.0,10701.449072024378
9902,10487.6,10702.548073503876
9903,10493.8,10703.647076847672
9904,10466.0,10704.74608205558
9905,10629.8,10705.845089127413
9906,10609.6,10706.944098062986
9907,10614.6,10708.043108862117
9908,10603.2,10709.14212152462
9909,10555.4,10710.241136050307
9910,10620.4,10711.340152438997
9911,10639.4,10712.439170690503
9912,10637.2,10713.53819080464
9913,10653.8,10714.637212781225
9914,10676.0,10715.736236620072
9915,10653.8,10716.835262320998
9916,10609.6,10717.934289883815
9917,10566.6,10719.033319308342
9918,10546.4,10720.132350594393
9919,10560.2,10721.231383741782
9920,10544.4,10722.330418750327
9921,10522.6,10723.429455619842
9922,10500.4,10724.528494350143
9923,10404.2,10725.627534941044
9924,10420.8,10726.726577392363
9925,10585.8,10727.825621703916
9926,10588.4,10728.924667875517
9927,10566.6,10730.023715906984
9928,10550.8,10731.122765798127
9929,10508.2,10732.221817548769
9930,10573.2,10733.320871158721
9931,10639.4,10734.419926627803
9932,10626.4,10735.518983955828
9933,10753.0,10736.618043142611
9934,10773.2,10737.71710418797
9935,10832.2,10738.816167091722
9936,11000.8,10739.915231853682
9937,10985.8,10741.014298473665
9938,11083.6,10742.113366951487
9939,10985.8,10743.212437286968
9940,11058.0,10744.31150947992
9941,10978.6,10745.410583530158
9942,11046.4,10746.509659437505
9943,11060.2,10747.608737201772
9944,11031.2,10748.707816822776
9945,10953.0,10749.806898300336
9946,11016.0,10750.905981634265
9947,10943.4,10752.005066824384
9948,10877.2,10753.104153870503
9949,10929.0,10754.203242772444
9950,10911.2,10755.302333530022
9951,10931.4,10756.401426143053
9952,10878.0,10757.500520611353
9953,10957.0,10758.599616934742
9954,11128.0,10759.698715113034
9955,11033.8,10760.797815146047
9956,11035.2,10761.896917033597
9957,11048.2,10762.9960207755
9958,11035.2,10764.095126371574
9959,10997.0,10765.194233821638
9960,10932.8,10766.293343125502
9961,10914.6,10767.392454282992
9962,10976.8,10768.49156729392
9963,11081.0,10769.590682158105
9964,11132.8,10770.68979887536
9965,11037.0,10771.788917445509
9966,10991.6,10772.888037868363
9967,10929.8,10773.987160143743
9968,10914.0,10775.086284271463
9969,10851.4,10776.185410251343
9970,10844.0,10777.2845380832
9971,10900.2,10778.38366776685
9972,10833.6,10779.482799302114
9973,10790.6,10780.581932688803
9974,10963.2,10781.68106792674
9975,10913.0,10782.78020501574
9976,10854.0,10783.879343955621
9977,10870.6,10784.978484746203
9978,10854.0,10786.0776273873
9979,10681.8,10787.17677187873
9980,10677.6,10788.275918220314
9981,10738.6,10789.375066411867
9982,10801.6,10790.474216453205
9983,10700.2,10791.57336834415
9984,10608.8,10792.672522084518
9985,10610.6,10793.771677674125
9986,10696.4,10794.870835112793
9987,10652.2,10795.969994400337
9988,10650.8,10797.069155536576
9989,10697.8,10798.168318521326
9990,10713.2,10799.26748335441
9991,10812.2,10800.36665003564
9992,10821.2,10801.465818564835
9993,10753.0,10802.564988941818
9994,10826.8,10803.664161166405
9995,10762.6,10804.763335238413
9996,10795.2,10805.862511157658
9997,10693.8,10806.961688923964
9998,10626.4,10808.060868537146
9999,10678.6,10809.160049997023
10000,10851.2,10810.259233303412
