tempo,msd,msd_ajuste_potencia
0,0.0,nan
1,1.0,3.2155057089521986
2,2.0,5.563967817732587
3,3.4,7.66804837800087
4,2.4,9.627642019286535
5,3.4,11.486358978989031
6,5.2,13.268449277272813
7,5.0,14.989241607974572
8,5.2,16.65924280800479
9,4.2,18.286071072323466
10,6.8,19.875483823303263
11,8.2,21.43197310452528
12,7.6,22.95913347764503
13,8.2,24.45990114760189
14,10.4,25.936715859902893
15,9.8,27.391634259195133
16,10.0,28.826411532553642
17,13.0,30.242561640400005
18,15.2,31.641402680741162
19,17.8,33.0240916784675
20,17.6,34.39165169162757
21,18.6,35.74499323061262
22,16.8,37.08493139729074
23,18.6,38.41219975487918
24,16.4,39.72746166707018
25,16.2,41.03131965428687
26,18.0,42.32432317917569
27,24.2,43.606975175245466
28,25.2,44.87973756053418
29,27.4,46.14303592466517
30,28.0,47.39726353741292
31,35.4,48.64278479630885
32,39.2,49.87993820732734
33,37.8,51.10903897448387
34,40.4,52.3303812599392
35,47.4,53.54424016497812
36,43.6,54.75087347331424
37,54.6,55.95052319103757
38,58.0,57.143416911773635
39,59.4,58.32976903096474
40,54.4,59.50978182938408
41,45.0,60.68364644287766
42,50.4,61.85154373276045
43,49.0,63.01364506916391
44,54.0,64.17011303785992
45,55.4,65.32110207960346
46,64.0,66.46675906979101
47,69.0,67.60722384518081
48,68.0,68.74262968353183
49,70.6,69.87310374126169
50,65.2,70.99876745357834
51,65.0,72.11973690098897
52,72.0,73.23612314561365
53,80.2,74.34803254032416
54,82.0,75.45556701337411
55,81.8,76.5588243308807
56,87.2,77.65789833925272
57,80.2,78.75287918942682
58,85.6,79.84385354457235
59,93.8,80.93090477274689
60,89.6,82.01411312582934
61,96.2,83.09355590592013
62,100.4,84.16930762027698
63,101.8,85.24144012574844
64,94.8,86.31002276357182
65,82.6,87.3751224853191
66,83.2,88.4368039706989
67,87.4,89.49512973785671
68,77.2,90.55016024675534
69,82.6,91.60195399616546
70,77.6,92.65056761474767
71,77.8,93.69605594666535
72,80.0,94.73847213212889
73,89.0,95.77786768323772
74,80.4,96.81429255545497
75,85.0,97.84779521502224
76,95.2,98.87842270259551
77,90.6,99.90622069336153
78,87.6,100.93123355387189
79,87.4,101.95350439581419
80,98.8,102.97307512692174
81,89.8,103.98998649920794
82,92.8,105.00427815469733
83,94.6,106.01598866881193
84,96.8,107.02515559156011
85,104.2,108.03181548666377
86,105.6,109.03600396875048
87,99.4,110.0377557387271
88,106.8,111.03710461744436
89,113.0,112.03408357775258
90,103.6,113.02872477504341
91,96.2,114.02105957636465
92,105.6,115.01111858818983
93,101.0,115.9989316829188
94,96.4,116.98452802417998
95,96.2,117.96793609100112
96,101.2,118.94918370091004
97,102.6,119.9282980320237
98,95.6,120.90530564417973
99,99.4,121.88023249916125
100,98.0,122.85310398006273
101,98.6,123.82394490984143
102,94.4,124.79277956909678
103,101.8,125.75963171311632
104,95.2,126.72452458822632
105,89.0,127.68748094748075
106,80.0,128.64852306572234
107,73.8,129.60767275404598
108,77.2,130.56495137369365
109,73.8,131.5203798494085
110,80.4,132.47397868227364
111,83.4,133.42576796206012
112,81.6,134.37576737910695
113,83.4,135.32399623575552
114,91.6,136.27047345735787
115,89.0,137.21521760287936
116,85.2,138.15824687511343
117,88.2,139.09957913052605
118,83.2,140.03923188874623
119,73.0,140.97722234171857
120,74.0,141.91356736253204
121,68.2,142.84828351393955
122,64.8,143.78138705658137
123,68.2,144.71289395692494
124,66.0,145.64281989493347
125,64.2,146.5711802714742
126,68.0,147.49799021547756
127,73.0,148.42326459085723
128,67.2,149.34701800320133
129,79.4,150.26926480624323
130,85.6,151.19001910812202
131,85.8,152.10929477744
132,80.8,153.02710544912583
133,79.4,153.9434645301109
134,76.4,154.85838520482622
135,77.0,155.77188044052662
136,77.6,156.6839629924492
137,81.8,157.5946454088124
138,82.4,158.5039400356612
139,71.4,159.4118590215651
140,77.6,160.3184143221736
141,83.4,161.22361770463493
142,82.4,162.12748075188316
143,81.8,163.03001486679798
144,86.4,163.93123127624244
145,99.4,164.8311410349825
146,99.6,165.7297550294932
147,99.4,166.6270839816547
148,98.8,167.52313845234318
149,101.0,168.41792884491915
150,102.0,169.31146540861752
151,99.4,170.20375824184268
152,108.8,171.0948172953716
153,95.4,171.9846523754684
154,101.2,172.87327314691345
155,108.2,173.76068913594935
156,106.8,174.64690973314737
157,101.8,175.53194419619632
158,106.8,176.41580165261684
159,93.8,177.29849110240335
160,100.0,178.18002142059632
161,103.4,179.06040135978657
162,102.4,179.9396395525543
163,89.0,180.81774451384504
164,97.2,181.69472464328382
165,94.6,182.57058822743033
166,106.4,183.4453434419765
167,102.6,184.3189983538883
168,104.4,185.1915609234938
169,109.8,186.06303900651866
170,110.4,186.93344035607117
171,114.6,187.80277262457818
172,117.2,188.67104336567328
173,116.2,189.53826003603888
174,118.4,190.40442999720347
175,109.8,191.26956051729547
176,109.2,192.13365877275484
177,103.4,192.996731850004
178,116.4,193.85878674707868
179,121.8,194.71983037522048
180,122.0,195.57986956043203
181,121.8,196.43891104499565
182,126.0,197.29696148895687
183,125.0,198.1540274715735
184,131.6,199.01011549273147
185,126.6,199.8652319743284
186,126.8,200.7193832616255
187,124.2,201.5725756245691
188,136.8,202.42481525908235
189,132.2,203.2761082883279
190,136.8,204.12646076394273
191,143.4,204.97587866724555
192,149.2,205.82436791041744
193,141.0,206.67193433765684
194,134.8,207.51858372630926
195,136.2,208.36432178797244
196,133.2,209.20915416957783
197,148.2,210.0530864544488
198,155.2,210.89612416333597
199,165.8,211.73827275543127
200,169.6,212.5795376293595
201,159.4,213.41992412415007
202,167.2,214.25943752018773
203,179.4,215.09808304014382
204,172.0,215.93586584988807
205,190.6,216.7727910593816
206,196.8,217.60886372355176
207,207.4,218.444088843149
208,193.6,219.27847136558606
209,200.2,220.1120161857608
210,213.6,220.94472814686185
211,209.8,221.77661204115847
212,217.6,222.60767261077459
213,210.6,223.43791454844734
214,217.6,224.267342498271
215,217.0,225.09596105642578
216,224.8,225.92377477189265
217,233.8,226.75078814715442
218,250.4,227.5770056388828
219,239.4,228.4024316586125
220,228.8,229.22707057340227
221,232.2,230.05092670648335
222,223.6,230.87400433789568
223,233.8,231.69630770511162
224,217.6,232.51784100364858
225,225.8,233.33860838766944
226,234.4,234.15861397057236
227,226.6,234.97786182556914
228,239.2,235.79635598625313
229,246.6,236.61410044715655
230,238.0,237.43109916429768
231,238.6,238.24735605571783
232,228.4,239.06287500200875
233,237.8,239.87765984683043
234,219.2,240.69171439741945
235,229.0,241.5050424250882
236,228.4,242.31764766571533
237,237.0,243.1295338202273
238,244.8,243.94070455507136
239,257.8,244.75116350268033
240,248.4,245.56091426192899
241,266.6,246.3699603985826
242,261.6,247.17830544573778
243,264.2,247.98595290425524
244,243.6,248.7929062431853
245,254.6,249.59916890018636
246,268.4,250.4047442819355
247,249.0,251.20963576453275
248,254.4,252.013846693898
249,250.6,252.8173803861615
250,241.2,253.6202401280474
251,239.4,254.42242917725125
252,226.8,255.22395076281086
253,240.2,256.024808085471
254,226.8,256.82500431804243
255,234.6,257.62454260575413
256,218.8,258.4234260666008
257,214.6,259.2216577916839
258,224.0,260.0192408455471
259,213.0,260.8161782665067
260,216.8,261.6124730669764
261,221.0,262.40812823378684
262,215.6,263.2031467285002
263,231.4,263.9975314877192
264,237.6,264.7912854233917
265,255.4,265.58441142311045
266,255.2,266.3769123504077
267,269.0,267.1687910450451
268,278.4,267.9600503232999
269,277.0,268.75069297824564
270,293.2,269.54072178002866
271,294.6,270.3301394761409
272,290.4,271.11894879168784
273,304.2,271.9071524296525
274,296.0,272.69475307115556
275,277.0,273.4817533757109
276,281.2,274.26815598147806
277,287.4,275.05396350551024
278,270.4,275.8391785439986
279,257.8,276.6238036725134
280,270.4,277.40784144624064
281,277.8,278.1912944002155
282,279.2,278.97416504955305
283,283.4,279.75645588967404
284,303.6,280.5381693965288
285,301.8,281.31930802681677
286,311.2,282.0998742182031
287,322.6,282.8798703895325
288,308.8,283.6592989410394
289,297.8,284.43816225455515
290,290.0,285.21646269371234
291,311.4,285.9942026041463
292,322.0,286.77138431369315
293,322.6,287.54801013258566
294,337.6,288.32408235364574
295,321.0,289.09960325247454
296,328.0,289.8745750876396
297,335.4,290.64900010085967
298,330.8,291.4228805171863
299,357.0,292.1962185451837
300,359.6,292.9690163771052
301,351.4,293.74127618906823
302,375.6,294.5130001412255
303,393.8,295.28419037793526
304,399.2,296.0548490279282
305,380.2,296.82497820447236
306,356.0,297.59458000553593
307,361.8,298.3636565139474
308,353.6,299.13220979755397
309,345.0,299.90024190937737
310,328.4,300.6677548877681
311,317.8,301.4347507565568
312,296.8,302.2012315252045
313,317.8,302.96719918894985
314,336.4,303.73265572895536
315,357.0,304.4976031124509
316,364.0,305.2620432928758
317,371.4,306.02597821001854
318,394.8,306.7894097901553
319,398.6,307.5523399461857
320,391.6,308.3147705777682
321,376.2,309.07670357145184
322,378.0,309.8381408008079
323,392.2,310.5990841265589
324,384.4,311.3595353967065
325,392.2,312.1194964466571
326,394.8,312.8789690993464
327,404.2,313.637955165362
328,396.8,314.39645644306455
329,420.2,315.1544747187074
330,404.8,315.91201176655454
331,413.8,316.6690693489974
332,421.2,317.42564921666957
333,411.4,318.1817531085606
334,404.0,318.9373827521281
335,391.4,319.6925398634087
336,377.6,320.4472261471271
337,374.6,321.2014432968043
338,377.6,321.95519299486426
339,373.0,322.70847691273894
340,380.4,323.4612967109728
341,393.8,324.213654039325
342,411.6,324.9655505368712
343,416.2,325.7169878321037
344,425.6,326.46796754303045
345,434.6,327.2184912772727
346,409.6,327.96856063216154
347,405.8,328.7181771948338
348,398.0,329.4673425423255
349,393.8,330.2160582416657
350,408.0,330.96432584996785
351,415.4,331.7121469145214
352,428.8,332.4595229728807
353,451.4,333.20645555295454
354,459.2,333.95294617309344
355,451.4,334.6989963421761
356,459.2,335.4446075596954
357,435.4,336.1897813158426
358,436.0,336.9345190915912
359,448.2,337.67882235877937
360,465.6,338.4226925801916
361,440.2,339.1661312096396
362,424.0,339.90913969204166
363,413.0,340.65171946350176
364,412.4,341.39387195138727
365,429.8,342.13559857440623
366,412.0,342.8769007426831
367,416.2,343.6177798578343
368,438.8,344.35823731304225
369,442.6,345.0982744931293
370,452.4,345.83789277463006
371,477.0,346.5770935258636
372,451.2,347.315878107004
373,441.8,348.05424787015113
374,449.2,348.7922041593998
375,457.0,349.5297483109083
376,448.8,350.2668816529667
377,441.0,351.0036055060636
378,442.0,351.7399211829527
379,415.4,352.47582998871843
380,411.6,353.2113332208408
381,409.0,353.94643216925977
382,417.6,354.6811281164384
383,419.4,355.41542233742604
384,434.8,356.14931609992016
385,461.8,356.88281066432796
386,463.2,357.6159072838268
387,466.6,358.3486072044247
388,468.8,359.08091166501947
389,477.8,359.8128218974576
390,454.0,360.54433912659243
391,481.8,361.27546457034174
392,472.4,362.0061994397444
393,474.6,362.736544939017
394,471.2,363.4665022656093
395,483.4,364.1960726102593
396,494.8,364.92525715704807
397,473.0,365.6540570834534
398,445.6,366.3824735604031
399,454.6,367.11050775232815
400,432.4,367.8381608172144
401,432.2,368.56543390665485
402,443.6,369.2923281659004
403,471.4,370.01884473391067
404,462.8,370.74498474340373
405,453.8,371.47074932090635
406,472.8,372.19613958680225
407,473.0,372.9211566553811
408,482.4,373.64580163488654
409,488.2,374.37007562756366
410,517.6,375.0939797297059
411,506.6,375.8175150317019
412,497.2,376.5406826180813
413,477.8,377.2634835675607
414,488.8,377.98591895308846
415,469.0,378.7079898418897
416,465.6,379.42969729551015
417,436.2,380.15104236986053
418,439.6,380.8720261152594
419,437.8,381.5926495764763
420,456.8,382.31291379277405
421,454.6,383.0328197979512
422,452.8,383.7523686203833
423,445.8,384.4715612830643
424,427.2,385.1903988036472
425,442.6,385.90888219448465
426,438.0,386.627012462669
427,412.2,387.3447906100716
428,398.0,388.06221763338243
429,401.8,388.77929452414855
430,407.6,389.49602226881296
431,384.2,390.2124018487523
432,378.0,390.92843424031474
433,381.0,391.6441204148574
434,390.0,392.3594613387833
435,383.4,393.0744579735777
436,380.0,393.7891112758448
437,380.2,394.50342219734335
438,371.6,395.21739168502233
439,373.8,395.9310206810563
440,363.6,396.6443101228799
441,352.2,397.35726094322297
442,356.8,398.06987407014424
443,354.6,398.78215042706563
444,381.6,399.4940909328056
445,378.6,400.2056965016125
446,385.2,400.9169680431976
447,382.6,401.6279064627674
448,364.8,402.3385126610564
449,389.0,403.04878753435884
450,381.2,403.75873197456053
451,357.0,404.4683468691702
452,372.8,405.1776331013508
453,371.4,405.88659154995014
454,373.2,406.59522308953154
455,385.0,407.30352859040414
456,370.4,408.01150891865285
457,381.8,408.71916493616817
458,379.2,409.42649750067545
459,368.2,410.1335074657642
460,364.0,410.84019568091696
461,365.8,411.546562991538
462,353.6,412.2526102389816
463,351.4,412.9583382605803
464,335.2,413.66374788967244
465,361.0,414.3688399556305
466,354.0,415.0736152838876
467,349.8,415.7780746959651
468,363.2,416.4822190094994
469,381.8,417.1860490382685
470,410.0,417.88956559221884
471,408.2,418.5927694774905
472,420.4,419.295661496444
473,450.6,419.99824244768564
474,465.2,420.70051312609297
475,460.2,421.4024743228402
476,465.2,422.10412682542295
477,464.2,422.80547141768307
478,464.8,423.50650887983363
479,496.2,424.20723998848257
480,464.8,424.90766551665763
481,468.2,425.6077862338296
482,438.8,426.30760290593645
483,435.4,427.00711629540683
484,408.4,427.70632716118297
485,418.6,428.4052362587444
486,418.4,429.1038443401305
487,421.8,429.8021521539631
488,438.0,430.5001604454693
489,412.2,431.1978699565036
490,413.6,431.89528142557015
491,401.0,432.5923955878445
492,403.2,433.28921317519547
493,408.2,433.98573491620675
494,409.6,434.6819615361981
495,411.4,435.37789375724714
496,389.6,436.0735322982091
497,404.2,436.76887787473925
498,402.0,437.46393119931224
499,405.8,438.1586929812434
500,416.0,438.85316392670865
501,432.2,439.5473447387648
502,454.8,440.2412361173695
503,473.8,440.93483875940103
504,472.8,441.62815335867793
505,478.6,442.3211806059786
506,468.8,443.0139211890603
507,448.2,443.70637579267867
508,484.0,444.39854509860663
509,475.4,445.09042978565304
510,483.2,445.7820305296814
511,495.4,446.47334800362876
512,503.6,447.1643828775236
513,541.8,447.8551358185043
514,522.8,448.5456074908372
515,544.2,449.23579855593465
516,545.2,449.92570967237236
517,554.6,450.6153414959075
518,557.6,451.3046946794961
519,570.6,451.9937698733101
520,570.8,452.68256772475496
521,550.6,453.37108887848643
522,590.8,454.05933397642764
523,584.2,454.74730365778595
524,563.6,455.43499855906924
525,577.8,456.12241931410296
526,580.8,456.8095665540462
527,558.6,457.49644090740804
528,578.0,458.18304300006366
529,597.8,458.8693734552703
530,609.2,459.55543289368325
531,593.8,460.24122193337155
532,582.0,460.9267411898336
533,566.6,461.6119912760125
534,577.6,462.29697280231187
535,566.6,462.9816863766107
536,564.0,463.66613260427874
537,568.2,464.3503120881912
538,578.4,465.034225428744
539,605.0,465.7178732238683
540,619.6,466.4012560690456
541,609.0,467.08437455732167
542,611.6,467.7672292793213
543,589.8,468.44982082326277
544,592.4,469.1321497749721
545,596.2,469.81421671789656
546,613.6,470.49602223311933
547,635.4,471.17756689937346
548,641.6,471.8588512930547
549,658.6,472.53987598823664
550,662.8,473.22064155668284
551,645.0,473.9011485678613
552,650.8,474.58139758895726
553,649.0,475.2613891848869
554,626.0,475.9411239183102
555,622.6,476.6206023496441
556,631.6,477.2998250370755
557,653.8,477.97879253657396
558,656.0,478.6575054019047
559,663.4,479.3359641846413
560,677.2,480.01416943417786
561,661.8,480.6921216977422
562,645.2,481.3698215204073
563,651.4,482.0472694451047
564,676.4,482.72446601263584
565,679.4,483.4014117616843
566,685.6,484.07810722882846
567,695.4,484.7545529485526
568,711.2,485.43074945325924
569,694.6,486.10669727328076
570,684.8,486.7823969368913
571,665.8,487.4578489703178
572,646.4,488.13305389775206
573,656.2,488.8080122413619
574,651.6,489.4827245213025
575,669.8,490.1571912557278
576,654.0,490.83141296080134
577,673.0,491.5053901507077
578,708.4,492.1791233376634
579,745.8,492.8526130319276
580,749.6,493.5258597418133
581,765.0,494.1988639736979
582,750.4,494.87162623203386
583,733.0,495.54414701935934
584,713.6,496.21642683630904
585,701.8,496.8884661816239
586,696.0,497.5602655521625
587,700.2,498.2318254429106
588,713.6,498.90314634699143
589,737.0,499.5742287556763
590,713.6,500.24507315839446
591,716.2,500.9156800427428
592,691.2,501.5860498944963
593,701.8,502.25618319761764
594,724.8,502.92608043426713
595,710.6,503.5957420848122
596,734.8,504.2651686278371
597,729.8,504.93436054015325
598,735.6,505.6033182968074
599,761.0,506.2720423710923
600,738.4,506.94053323455546
601,765.8,507.6087913570088
602,764.8,508.2768172065377
603,753.0,508.9446112495102
604,755.6,509.61217395058645
605,739.4,510.2795057727272
606,697.2,510.94660717720353
607,678.6,511.6134786236051
608,652.0,512.2801205698496
609,663.4,512.9465334721913
610,684.4,513.6127177852298
611,672.2,514.2786739619187
612,647.2,514.9444024535745
613,671.4,515.609903709885
614,673.6,516.2751781789176
615,671.4,516.9402263071283
616,670.4,517.6050485393696
617,658.6,518.269645318899
618,671.6,518.9340170873878
619,683.4,519.5981642849284
620,673.2,520.2620873500432
621,637.0,520.9257867196924
622,647.2,521.5892628292822
623,637.8,522.2525161126729
624,662.8,522.9155470021865
625,653.0,523.578355928615
626,653.6,524.2409433212282
627,655.4,524.9033096077814
628,647.6,525.5654552145228
629,642.6,526.227380566202
630,645.6,526.889086086077
631,653.8,527.5505721959221
632,666.0,528.2118393160353
633,657.8,528.8728878652457
634,698.0,529.5337182609212
635,712.2,530.1943309189759
636,698.0,530.8547262538771
637,677.8,531.5149046786531
638,665.6,532.1748666048998
639,652.2,532.8346124427885
640,672.8,533.4941426010729
641,653.0,534.1534574870959
642,679.6,534.8125575067972
643,657.8,535.4714430647198
644,648.4,536.1301145640169
645,643.4,536.7885724064599
646,664.4,537.4468169924437
647,677.0,538.1048487209946
648,678.4,538.7626679897769
649,687.4,539.4202751950992
650,666.0,540.077670731922
651,631.4,540.7348549938632
652,628.8,541.3918283732057
653,628.2,542.0485912609037
654,654.4,542.7051440465883
655,678.6,543.361487118576
656,666.4,544.0176208638729
657,641.0,544.6735456681829
658,641.2,545.3292619159126
659,651.4,545.9847699901792
660,643.2,546.6400702728151
661,655.4,547.2951631443755
662,664.0,547.9500489841436
663,657.8,548.6047281701376
664,648.0,549.2592010791166
665,640.2,549.9134680865858
666,650.8,550.567529566804
667,631.4,551.2213858927886
668,593.6,551.8750374363218
669,582.6,552.5284845679568
670,583.6,553.1817276570231
671,607.4,553.8347670716332
672,612.8,554.4876031786877
673,618.6,555.1402363438814
674,591.2,555.7926669317088
675,585.8,556.4448953054705
676,588.4,557.0969218272778
677,576.2,557.7487468580596
678,572.4,558.4003707575664
679,559.4,559.0517938843778
680,548.4,559.7030165959064
681,575.4,560.3540392484042
682,583.2,561.0048621969677
683,570.6,561.6554857955435
684,554.8,562.3059103969338
685,583.4,562.9561363528013
686,569.6,563.6061640136752
687,561.0,564.255993728956
688,580.4,564.9056258469207
689,565.8,565.5550607147288
690,604.4,566.2042986784267
691,597.8,566.8533400829527
692,624.8,567.5021852721435
693,639.4,568.1508345887378
694,634.4,568.7992883743821
695,612.2,569.4475469696355
696,609.2,570.0956107139754
697,611.4,570.743479945801
698,639.6,571.3911550024403
699,608.2,572.0386362201532
700,625.6,572.6859239341372
701,612.2,573.3330184785325
702,622.8,573.9799201864262
703,637.8,574.6266293898577
704,666.4,575.2731464198233
705,637.8,575.9194716062806
706,650.0,576.5656052781536
707,635.4,577.2115477633375
708,646.4,577.8572993887032
709,631.4,578.5028604801015
710,602.4,579.1482313623686
711,640.2,579.79341235933
712,643.2,580.4384037938053
713,658.6,581.0832059876129
714,629.6,581.7278192615742
715,605.8,582.372243935518
716,623.6,583.0164803282855
717,651.4,583.6605287577344
718,664.4,584.3043895407427
719,680.2,584.9480629932144
720,686.8,585.5915494300829
721,671.4,586.2348491653152
722,676.8,586.8779625119167
723,651.4,587.5208897819358
724,636.4,588.163631286467
725,613.0,588.8061873356557
726,612.8,589.4485582387034
727,617.0,590.0907443038701
728,624.4,590.7327458384794
729,638.6,591.374563148923
730,640.8,592.0161965406639
731,629.8,592.6576463182412
732,667.2,593.2989127852735
733,645.8,593.9399962444638
734,654.0,594.5808969976027
735,629.8,595.2216153455729
736,638.0,595.8621515883525
737,668.2,596.5025060250201
738,689.6,597.1426789537578
739,689.0,597.7826706718548
740,681.6,598.4224814757125
741,689.0,599.0621116608474
742,692.4,599.7015615218952
743,715.4,600.3408313526143
744,726.8,600.9799214458905
745,753.0,601.6188320937393
746,744.8,602.2575635873114
747,729.8,602.8961162168952
748,730.0,603.5344902719203
749,705.8,604.1726860409622
750,696.8,604.8107038117455
751,709.0,605.4485438711473
752,711.2,606.0862065052012
753,726.6,606.7236919991004
754,725.2,607.3610006372019
755,703.4,607.9981327030297
756,688.0,608.6350884792781
757,681.0,609.2718682478162
758,660.0,609.90847228969
759,647.4,610.5449008851269
760,672.0,611.1811543135391
761,673.8,611.8172328535261
762,700.4,612.4531367828797
763,692.2,613.0888663785859
764,680.8,613.7244219168291
765,674.6,614.3598036729956
766,640.4,614.9950119216759
767,613.0,615.6300469366695
768,596.4,616.2649089909872
769,621.8,616.8995983568545
770,654.4,617.5341153057153
771,658.6,618.1684601082349
772,653.2,618.8026330343029
773,627.4,619.436634353037
774,646.8,620.0704643327863
775,663.4,620.7041232411335
776,670.8,621.3376113448994
777,685.0,621.9709289101446
778,669.2,622.6040762021743
779,674.6,623.2370534855398
780,672.8,623.8698610240428
781,677.0,624.5024990807378
782,702.4,625.1349679179355
783,697.8,625.7672677972056
784,693.2,626.39939897938
785,701.8,627.0313617245562
786,718.4,627.6631562920992
787,737.8,628.2947829406457
788,757.2,628.9262419281066
789,793.8,629.5575335116696
790,812.4,630.1886579478025
791,821.0,630.8196154922564
792,825.2,631.4504064000679
793,798.6,632.0810309255626
794,805.6,632.7114893223577
795,809.0,633.341781843365
796,805.2,633.9719087407934
797,825.0,634.6018702661524
798,828.8,635.2316666702544
799,790.6,635.8612982032174
800,781.6,636.490765114468
801,802.6,637.1200676527446
802,832.8,637.7492060660993
803,871.4,638.3781806019014
804,900.0,639.0069915068394
805,932.2,639.6356390269248
806,915.6,640.2641234074933
807,924.2,640.892444893209
808,915.6,641.5206037280661
809,896.2,642.1486001553918
810,912.0,642.7764344178491
811,892.2,643.4041067574393
812,896.4,644.0316174155047
813,913.0,644.6589666327309
814,873.2,645.2861546491499
815,848.2,645.9131817041425
816,821.6,646.5400480364403
817,833.0,647.1667538841294
818,833.2,647.7932994846517
819,802.6,648.4196850748082
820,787.2,649.0459108907613
821,791.4,649.6719771680373
822,765.6,650.297884141529
823,762.6,650.9236320454979
824,783.6,651.5492211135768
825,817.0,652.1746515787725
826,821.6,652.7999236734677
827,825.8,653.4250376294237
828,806.4,654.0499936777835
829,822.6,654.6747920490727
830,827.2,655.2994329732032
831,797.0,655.923916679475
832,775.6,656.5482433965785
833,789.0,657.1724133525972
834,785.2,657.7964267750099
835,813.0,658.4202838906928
836,818.4,659.0439849259219
837,793.8,659.6675301063759
838,822.8,660.2909196571372
839,841.0,660.9141538026959
840,866.8,661.5372327669502
841,865.8,662.1601567732101
842,850.4,662.7829260441994
843,860.2,663.405540802057
844,869.6,664.0280012683402
845,860.2,664.6503076640264
846,890.4,665.2724602095157
847,900.2,665.8944591246321
848,922.0,666.5163046286273
849,918.6,667.1379969401812
850,902.8,667.7595362774051
851,889.0,668.3809228578436
852,876.4,669.0021568984766
853,845.0,669.6232386157216
854,836.0,670.2441682254356
855,857.8,670.8649459429175
856,872.0,671.4855719829098
857,868.2,672.1060465596013
858,872.0,672.7263698866283
859,884.2,673.3465421770776
860,857.2,673.9665636434878
861,845.0,674.586434497852
862,815.6,675.206154951619
863,845.0,675.8257252156963
864,834.4,676.4451455004511
865,845.0,677.0644160157135
866,854.4,677.6835369707774
867,865.0,678.3025085744029
868,835.6,678.9213310348182
869,849.0,679.5400045597222
870,887.2,680.1585293562853
871,909.8,680.7769056311521
872,899.6,681.3951335904435
873,931.4,682.013213439758
874,936.4,682.631145384174
875,929.8,683.2489296282519
876,907.2,683.8665663760353
877,896.2,684.4840558310536
878,906.0,685.1013981963238
879,905.0,685.7185936743518
880,923.2,686.335642467135
881,931.4,686.9525447761637
882,940.8,687.569300802423
883,931.4,688.1859107463947
884,917.2,688.8023748080592
885,924.2,689.4186931868973
886,938.0,690.0348660818918
887,949.0,690.6508936915295
888,935.6,691.2667762138033
889,969.0,691.8825138462131
890,982.8,692.4981067857684
891,989.0,693.1135552289896
892,979.6,693.7288593719106
893,996.2,694.344019410079
894,998.8,694.9590355385594
895,1011.4,695.5739079519341
896,981.6,696.1886368443054
897,953.0,696.8032224092971
898,929.6,697.4176648400562
899,901.8,698.0319643292548
900,919.2,698.6461210690914
901,909.8,699.2601352512929
902,939.6,699.8740070671164
903,959.4,700.4877367073506
904,939.6,701.1013243623172
905,943.4,701.7147702218733
906,980.0,702.3280744754126
907,976.2,702.941237311867
908,945.6,703.5542589197082
909,974.6,704.1671394869498
910,957.2,704.7798792011483
911,929.0,705.3924782494049
912,936.8,706.0049368183675
913,953.8,706.6172550942316
914,962.0,707.2294332627428
915,971.4,707.8414715091969
916,999.6,708.4533700184436
917,985.8,709.065128974886
918,979.2,709.6767485624836
919,991.4,710.2882289647526
920,985.2,710.8995703647693
921,1001.8,711.5107729451692
922,1011.6,712.1218368881506
923,985.8,712.7327623754751
924,958.4,713.3435495884694
925,987.4,713.9541987080269
926,1015.6,714.5647099146088
927,1054.6,715.175083388246
928,1032.0,715.7853193085405
929,1054.6,716.3954178546667
930,1086.4,717.0053792053731
931,1061.8,717.6152035389838
932,1047.2,718.2248910333997
933,1053.8,718.8344418661001
934,1025.2,719.4438562141441
935,1053.8,720.0531342541725
936,1081.6,720.6622761624081
937,1058.6,721.2712821146588
938,1057.2,721.8801522863172
939,1047.4,722.4888868523633
940,1027.2,723.0974859873656
941,1044.2,723.7059498654824
942,1022.8,724.3142786604631
943,1033.8,724.9224725456497
944,1038.0,725.5305316939782
945,1057.0,726.1384562779803
946,1064.0,726.7462464697838
947,1065.0,727.3539024411153
948,1026.8,727.9614243633007
949,1023.4,728.5688124072663
950,1014.4,729.1760667435411
951,993.0,729.7831875422576
952,1014.8,730.3901749731527
953,993.8,730.99702920557
954,967.2,731.6037504084604
955,988.2,732.2103387503838
956,1008.8,732.8167943995102
957,992.2,733.4231175236207
958,1028.0,734.0293082901098
959,1053.0,734.6353668659856
960,1075.6,735.2412934178719
961,1099.4,735.8470881120089
962,1131.2,736.4527511142546
963,1153.0,737.0582825900867
964,1187.2,737.6636827046029
965,1153.0,738.2689516225229
966,1193.2,738.8740895081891
967,1217.8,739.4790965255685
968,1193.6,740.0839728382533
969,1205.0,740.6887186094626
970,1211.2,741.2933340020435
971,1189.8,741.8978191784721
972,1208.4,742.502174300855
973,1240.2,743.1063995309305
974,1243.2,743.7104950300699
975,1289.8,744.3144609592781
976,1268.0,744.9182974791959
977,1235.4,745.5220047500999
978,1246.4,746.1255829319049
979,1237.8,746.7290321841643
980,1250.0,747.3323526660716
981,1233.0,747.9355445364615
982,1266.4,748.538607953811
983,1278.6,749.141543076241
984,1309.6,749.7443500615165
985,1308.2,750.347029067049
986,1316.8,750.9495802498966
987,1329.0,751.552003766766
988,1350.4,752.1542997740127
989,1337.0,752.7564684276431
990,1350.8,753.3585098833148
991,1356.2,753.9604242963388
992,1374.8,754.5622118216792
993,1397.8,755.1638726139554
994,1436.0,755.765406827443
995,1440.2,756.3668146160745
996,1436.0,756.968096133441
997,1413.0,757.5692515327927
998,1436.0,758.1702809670405
999,1441.0,758.7711845887571
1000,1395.6,759.3719625501774
1001,1384.2,759.9726150032002
1002,1361.6,760.5731420993894
1003,1365.8,761.1735439899745
1004,1380.4,761.7738208258521
1005,1390.6,762.3739727575871
1006,1369.2,762.9739999354128
1007,1409.8,763.5739025092337
1008,1406.4,764.1736806286243
1009,1396.2,764.7733344428324
1010,1381.6,765.3728641007784
1011,1405.0,765.9722697510574
1012,1430.4,766.5715515419398
1013,1410.6,767.1707096213723
1014,1375.2,767.7697441369793
1015,1381.8,768.3686552360632
1016,1400.8,768.9674430656061
1017,1429.0,769.5661077722706
1018,1465.2,770.164649502401
1019,1429.0,770.7630684020232
1020,1431.2,771.3613646168479
1021,1441.0,771.9595382922693
1022,1434.4,772.5575895733673
1023,1427.4,773.1555186049085
1024,1394.4,773.7533255313466
1025,1363.4,774.351010496824
1026,1357.2,774.9485736451722
1027,1388.2,775.5460151199136
1028,1429.2,776.1433350642612
1029,1460.2,776.740533621121
1030,1505.2,777.3376109330919
1031,1533.0,777.9345671424668
1032,1568.8,778.5314023912342
1033,1528.2,779.1281168210787
1034,1561.2,779.7247105733816
1035,1557.0,780.3211837892223
1036,1577.2,780.9175366093796
1037,1610.6,781.5137691743314
1038,1560.4,782.109881624257
1039,1568.2,782.7058740990371
1040,1535.6,783.3017467382552
1041,1538.6,783.8974996811984
1042,1528.4,784.493133066858
1043,1516.2,785.0886470339311
1044,1485.6,785.6840417208207
1045,1465.8,786.279317265637
1046,1478.0,786.8744738061987
1047,1505.8,787.469511480033
1048,1518.8,788.0644304243774
1049,1548.2,788.6592307761798
1050,1518.8,789.2539126721
1051,1542.6,789.8484762485101
1052,1534.8,790.442921641496
1053,1525.8,791.0372489868573
1054,1555.6,791.6314584201094
1055,1526.6,792.2255500764833
1056,1504.0,792.8195240909268
1057,1479.4,793.413380598106
1058,1494.8,794.0071197324049
1059,1478.6,794.6007416279276
1060,1493.6,795.194246418498
1061,1490.6,795.7876342376612
1062,1517.2,796.3809052186848
1063,1545.8,796.9740594945587
1064,1548.0,797.5670971979966
1065,1544.2,798.1600184614368
1066,1516.4,798.752823417043
1067,1484.2,799.3455121967048
1068,1481.6,799.9380849320391
1069,1498.6,800.5305417543902
1070,1515.6,801.1228827948315
1071,1471.4,801.7151081841655
1072,1516.0,802.3072180529251
1073,1489.8,802.8992125313741
1074,1517.2,803.4910917495083
1075,1482.6,804.0828558370562
1076,1517.6,804.6745049234795
1077,1521.0,805.2660391379745
1078,1547.6,805.8574586094724
1079,1571.4,806.44876346664
1080,1608.0,807.0399538378811
1081,1637.0,807.6310298513365
1082,1660.8,808.2219916348857
1083,1652.2,808.8128393161467
1084,1691.6,809.4035730224774
1085,1711.4,809.9941928809762
1086,1715.2,810.5846990184828
1087,1686.6,811.1750915615788
1088,1686.4,811.7653706365887
1089,1703.4,812.3555363695806
1090,1705.2,812.9455888863667
1091,1706.6,813.5355283125047
1092,1671.2,814.1253547732974
1093,1641.8,814.7150683937949
1094,1622.8,815.3046692987941
1095,1597.0,815.8941576128402
1096,1572.0,816.483533460227
1097,1590.6,817.072796964998
1098,1569.6,817.6619482509468
1099,1598.6,818.250987441618
1100,1624.4,818.8399146603081
1101,1635.4,819.4287300300657
1102,1663.2,820.0174336736927
1103,1694.6,820.606025713745
1104,1724.4,821.194506272533
1105,1748.2,821.7828754721223
1106,1774.4,822.3711334343346
1107,1801.8,822.9592802807483
1108,1831.2,823.5473161326993
1109,1820.2,824.1352411112813
1110,1821.6,824.7230553373474
1111,1795.4,825.3107589315099
1112,1766.0,825.8983520141409
1113,1756.2,826.4858347053743
1114,1782.0,827.0732071251047
1115,1813.0,827.6604693929896
1116,1796.0,828.2476216284496
1117,1833.8,828.834663950668
1118,1866.4,829.4215964785934
1119,1836.2,830.0084193309391
1120,1848.8,830.595132626184
1121,1878.6,831.1817364825732
1122,1883.6,831.7682310181192
1123,1878.6,832.3546163506021
1124,1827.6,832.9408925975698
1125,1855.4,833.5270598763401
1126,1838.8,834.1131183039998
1127,1798.6,834.6990679974064
1128,1779.6,835.2849090731879
1129,1764.2,835.8706416477446
1130,1798.0,836.4562658372486
1131,1844.2,837.0417817576451
1132,1834.0,837.6271895246527
1133,1837.0,838.2124892537646
1134,1804.8,838.7976810602484
1135,1781.8,839.3827650591475
1136,1797.2,839.9677413652811
1137,1774.6,840.5526100932457
1138,1786.8,841.1373713574145
1139,1769.0,841.7220252719392
1140,1773.2,842.3065719507501
1141,1791.4,842.8910115075568
1142,1782.8,843.4753440558483
1143,1809.8,844.0595697088946
1144,1833.2,844.6436885797468
1145,1821.8,845.2277007812374
1146,1774.4,845.8116064259816
1147,1735.4,846.3954056263774
1148,1742.0,846.9790984946062
1149,1757.8,847.5626851426339
1150,1772.8,848.1461656822107
1151,1752.2,848.7295402248728
1152,1785.2,849.312808881942
1153,1797.8,849.8959717645265
1154,1826.0,850.4790289835219
1155,1827.4,851.0619806496115
1156,1812.0,851.644826873267
1157,1785.8,852.2275677647489
1158,1809.6,852.8102034341073
1159,1797.0,853.3927339911821
1160,1769.2,853.9751595456045
1161,1773.0,854.5574802067965
1162,1738.0,855.1396960839718
1163,1765.0,855.721807286137
1164,1745.6,856.3038139220913
1165,1700.2,856.8857161004277
1166,1700.4,857.4675139295327
1167,1714.6,858.0492075175883
1168,1750.4,858.6307969725717
1169,1735.4,859.212282402255
1170,1706.0,859.7936639142077
1171,1677.8,860.3749416157957
1172,1666.4,860.9561156141823
1173,1642.6,861.5371860163294
1174,1671.6,862.118152928997
1175,1673.0,862.6990164587443
1176,1649.2,863.2797767119304
1177,1618.6,863.8604337947145
1178,1596.0,864.4409878130564
1179,1616.2,865.0214388727177
1180,1589.2,865.6017870792614
1181,1569.0,866.1820325380531
1182,1544.4,866.7621753542616
1183,1537.8,867.3422156328585
1184,1520.4,867.9221534786201
1185,1507.4,868.5019889961269
1186,1528.8,869.0817222897647
1187,1560.2,869.6613534637244
1188,1558.0,870.2408826220036
1189,1580.2,870.8203098684063
1190,1554.0,871.3996353065437
1191,1541.0,871.9788590398344
1192,1552.0,872.557981171506
1193,1529.8,873.1370018045938
1194,1506.0,873.7159210419429
1195,1507.4,874.2947389862082
1196,1517.2,874.873455739855
1197,1529.0,875.4520714051586
1198,1530.4,876.0305860842063
1199,1521.8,876.6089998788974
1200,1522.0,877.1873128909425
1201,1549.8,877.7655252218656
1202,1569.2,878.3436369730042
1203,1559.4,878.9216482455092
1204,1592.4,879.499559140346
1205,1601.0,880.0773697582948
1206,1606.8,880.6550801999506
1207,1585.0,881.2326905657249
1208,1558.8,881.8102009558447
1209,1525.8,882.3876114703544
1210,1576.4,882.9649222091152
1211,1592.2,883.5421332718065
1212,1613.6,884.1192447579252
1213,1633.8,884.6962567667873
1214,1586.4,885.2731693975278
1215,1575.4,885.8499827491017
1216,1596.4,886.4266969202839
1217,1565.0,887.0033120096695
1218,1520.4,887.5798281156749
1219,1529.8,888.1562453365385
1220,1523.2,888.7325637703201
1221,1501.8,889.3087835149022
1222,1523.2,889.8849046679903
1223,1513.8,890.4609273271129
1224,1492.8,891.0368515896232
1225,1465.8,891.6126775526978
1226,1447.6,892.1884053133385
1227,1453.0,892.7640349683725
1228,1464.4,893.3395666144525
1229,1516.2,893.9150003480571
1230,1487.6,894.4903362654923
1231,1503.4,895.0655744628903
1232,1541.2,895.6407150362111
1233,1503.4,896.2157580812428
1234,1533.6,896.790703693602
1235,1533.8,897.3655519687339
1236,1515.6,897.9403030019131
1237,1517.0,898.5149568882439
1238,1501.2,899.0895137226607
1239,1517.0,899.6639735999289
1240,1487.2,900.2383366146446
1241,1466.6,900.8126028612354
1242,1510.0,901.3867724339613
1243,1529.0,901.9608454269136
1244,1562.0,902.5348219340179
1245,1582.6,903.1087020490318
1246,1530.4,903.6824858655473
1247,1526.6,904.2561734769897
1248,1537.2,904.8297649766199
1249,1533.8,905.403260457533
1250,1504.4,905.9766600126595
1251,1509.0,906.549963734766
1252,1557.6,907.1231717164551
1253,1578.6,907.6962840501661
1254,1556.4,908.2693008281752
1255,1549.0,908.8422221425964
1256,1568.4,909.4150480853813
1257,1548.2,909.9877787483199
1258,1578.4,910.5604142230409
1259,1577.0,911.1329546010119
1260,1598.8,911.7053999735405
1261,1571.4,912.2777504317739
1262,1594.4,912.8500060666998
1263,1564.2,913.4221669691466
1264,1541.6,913.9942332297837
1265,1521.0,914.5662049391223
1266,1540.4,915.1380821875154
1267,1555.4,915.7098650651586
1268,1582.8,916.28155366209
1269,1626.6,916.8531480681909
1270,1614.8,917.4246483731862
1271,1661.0,917.9960546666449
1272,1688.8,918.5673670379801
1273,1661.0,919.1385855764498
1274,1682.4,919.7097103711573
1275,1689.0,920.2807415110509
1276,1718.8,920.8516790849253
1277,1711.4,921.422523181421
1278,1693.2,921.9932738890259
1279,1723.4,922.5639312960743
1280,1700.4,923.1344954907485
1281,1723.4,923.7049665610781
1282,1727.2,924.2753445949412
1283,1745.8,924.8456296800643
1284,1768.8,925.4158219040236
1285,1743.4,925.9859213542435
1286,1722.4,926.5559281179989
1287,1699.4,927.1258422824145
1288,1724.4,927.695663934466
1289,1745.0,928.2653931609792
1290,1738.8,928.8350300486317
1291,1689.0,929.404574683952
1292,1705.6,929.9740271533215
1293,1677.8,930.5433875429732
1294,1672.4,931.112655938993
1295,1649.0,931.68183242732
1296,1641.6,932.2509170937467
1297,1646.6,932.819910023919
1298,1653.6,933.3888113033374
1299,1652.2,933.9576210173568
1300,1678.8,934.5263392511869
1301,1652.2,935.0949660898926
1302,1669.6,935.6635016183944
1303,1688.2,936.231945921469
1304,1723.6,936.8002990837488
1305,1701.8,937.3685611897232
1306,1682.4,937.936732323739
1307,1708.2,938.5048125699997
1308,1737.6,939.0728020125665
1309,1737.8,939.6407007353595
1310,1785.2,940.2085088221561
1311,1768.2,940.776226356593
1312,1718.0,941.3438534221661
1313,1698.6,941.9113901022306
1314,1703.6,942.4788364800014
1315,1705.8,943.0461926385533
1316,1681.6,943.6134586608222
1317,1688.2,944.1806346296042
1318,1714.4,944.7477206275569
1319,1721.8,945.3147167371991
1320,1706.0,945.8816230409118
1321,1681.0,946.4484396209376
1322,1696.4,947.0151665593824
1323,1681.0,947.5818039382136
1324,1697.6,948.1483518392635
1325,1716.2,948.7148103442264
1326,1742.4,949.2811795346612
1327,1762.6,949.8474594919907
1328,1736.0,950.413650297502
1329,1755.4,950.9797520323474
1330,1711.2,951.5457647775442
1331,1714.6,952.1116886139749
1332,1736.8,952.6775236223881
1333,1761.0,953.2432698833983
1334,1751.6,953.8089274774865
1335,1761.0,954.3744964850003
1336,1717.6,954.9399769861546
1337,1747.4,955.5053690610317
1338,1778.8,956.0706727895811
1339,1758.6,956.6358882516213
1340,1760.4,957.201015526838
1341,1781.0,957.766054694786
1342,1765.6,958.3310058348898
1343,1766.6,958.8958690264419
1344,1783.6,959.4606443486055
1345,1810.6,960.0253318804128
1346,1834.0,960.5899317007668
1347,1859.4,961.1544438884409
1348,1877.2,961.7188685220793
1349,1891.4,962.2832056801972
1350,1869.2,962.8474554411815
1351,1897.8,963.4116178832905
1352,1898.4,963.9756930846553
1353,1930.6,964.539681123278
1354,1919.2,965.103582077035
1355,1921.8,965.6673960236743
1356,1910.4,966.231123040818
1357,1901.0,966.7947632059614
1358,1936.0,967.3583165964737
1359,1934.6,967.9217832895985
1360,1962.0,968.4851633624534
1361,1934.6,969.048456892031
1362,1945.6,969.6116639551993
1363,1909.0,970.174784628701
1364,1885.6,970.7378189891548
1365,1928.2,971.3007671130553
1366,1921.6,971.8636290767733
1367,1917.0,972.4264049565561
1368,1928.8,972.9890948285279
1369,1952.2,973.5516987686897
1370,1926.0,974.1142168529201
1371,1921.8,974.6766491569757
1372,1919.6,975.2389957564901
1373,1881.8,975.8012567269761
1374,1889.6,976.3634321438249
1375,1933.0,976.9255220823057
1376,1908.0,977.4875266175676
1377,1870.6,978.049445824639
1378,1893.6,978.6112797784275
1379,1892.2,979.1730285537209
1380,1894.8,979.7346922251872
1381,1889.8,980.2962708673754
1382,1882.4,980.8577645547141
1383,1858.6,981.419173361514
1384,1860.8,981.9804973619666
1385,1873.0,982.5417366301451
1386,1852.4,983.1028912400047
1387,1853.8,983.6639612653826
1388,1892.0,984.2249467799986
1389,1916.2,984.7858478574547
1390,1954.4,985.3466645712365
1391,1951.4,985.9073969947125
1392,1970.8,986.4680452011345
1393,1945.8,987.0286092636387
1394,1924.8,987.5890892552446
1395,1948.2,988.1494852488565
1396,1973.2,988.7097973172631
1397,1998.6,989.2700255331378
1398,1973.2,989.8301699690393
1399,1937.8,990.3902306974117
1400,1940.0,990.9502077905845
1401,1914.6,991.5101013207733
1402,1889.6,992.0699113600796
1403,1922.6,992.6296379804915
1404,1938.8,993.1892812538838
1405,1890.6,993.7488412520181
1406,1856.0,994.3083180465434
1407,1890.6,994.8677117089959
1408,1848.0,995.4270223107994
1409,1829.8,995.9862499232661
1410,1797.2,996.545394617596
1411,1795.4,997.1044564648777
1412,1762.8,997.6634355360886
1413,1732.2,998.222331902095
1414,1714.8,998.7811456336523
1415,1723.4,999.3398768014057
1416,1742.8,999.8985254758896
1417,1777.0,1000.4570917275294
1418,1748.4,1001.0155756266392
1419,1743.4,1001.5739772434249
1420,1728.0,1002.1322966479822
1421,1765.8,1002.6905339102988
1422,1734.8,1003.2486891002525
1423,1708.2,1003.8067622876132
1424,1698.8,1004.3647535420424
1425,1665.0,1004.9226629330935
1426,1670.8,1005.4804905302123
1427,1702.6,1006.0382364027363
1428,1700.0,1006.5959006198966
1429,1701.0,1007.153483250817
1430,1727.6,1007.7109843645139
1431,1681.8,1008.2684040298976
1432,1710.0,1008.825742315772
1433,1679.4,1009.382999290835
1434,1644.0,1009.9401750236779
1435,1623.4,1010.4972695827872
1436,1610.8,1011.0542830365436
1437,1628.2,1011.6112154532224
1438,1633.2,1012.1680669009947
1439,1621.8,1012.724837447926
1440,1656.4,1013.281527161978
1441,1685.8,1013.8381361110078
1442,1692.8,1014.3946643627684
1443,1717.0,1014.9511119849092
1444,1741.6,1015.5074790449764
1445,1722.6,1016.0637656104122
1446,1732.4,1016.6199717485562
1447,1699.4,1017.1760975266448
1448,1690.0,1017.7321430118121
1449,1645.8,1018.2881082710895
1450,1674.8,1018.8439933714064
1451,1696.2,1019.3997983795904
1452,1688.0,1019.955523362367
1453,1721.0,1020.5111683863602
1454,1723.6,1021.0667335180933
1455,1693.8,1021.6222188239877
1456,1726.0,1022.1776243703647
1457,1753.0,1022.7329502234445
1458,1732.0,1023.2881964493473
1459,1689.8,1023.8433631140929
1460,1684.8,1024.3984502836013
1461,1682.6,1024.9534580236923
1462,1710.4,1025.5083864000865
1463,1676.2,1026.063235478406
1464,1667.2,1026.6180053241724
1465,1661.0,1027.1726960028093
1466,1634.8,1027.7273075796418
1467,1606.6,1028.281840119896
1468,1571.2,1028.8362936887002
1469,1561.0,1029.3906683510843
1470,1571.2,1029.944964171981
1471,1589.0,1030.499181216225
1472,1568.0,1031.0533195485536
1473,1555.4,1031.6073792336076
1474,1561.6,1032.1613603359303
1475,1594.6,1032.7152629199682
1476,1616.0,1033.2690870500712
1477,1583.4,1033.8228327904937
1478,1607.2,1034.3765002053935
1479,1634.6,1034.9300893588322
1480,1607.2,1035.4836003147764
1481,1577.0,1036.0370331370964
1482,1578.0,1036.5903878895683
1483,1553.0,1037.1436646358723
1484,1524.4,1037.696863439594
1485,1557.8,1038.249984364224
1486,1518.0,1038.8030274731598
1487,1561.8,1039.355992829703
1488,1518.0,1039.908880497062
1489,1512.2,1040.4616905383514
1490,1486.8,1041.014423016592
1491,1499.4,1041.5670779947113
1492,1532.4,1042.1196555355434
1493,1496.2,1042.6721557018295
1494,1521.6,1043.224578556218
1495,1537.0,1043.7769241612646
1496,1511.2,1044.3291925794326
1497,1537.0,1044.881383873093
1498,1526.4,1045.4334981045251
1499,1521.8,1045.9855353359162
1500,1545.2,1046.5374956293613
1501,1573.8,1047.0893790468651
1502,1602.4,1047.6411856503405
1503,1606.6,1048.1929155016094
1504,1620.4,1048.7445686624026
1505,1619.4,1049.2961451943604
1506,1603.2,1049.8476451590332
1507,1589.0,1050.39906861788
1508,1580.0,1050.950415632271
1509,1550.6,1051.5016862634852
1510,1573.2,1052.0528805727129
1511,1561.0,1052.6039986210544
1512,1521.2,1053.1550404695215
1513,1547.4,1053.7060061790353
1514,1596.8,1054.2568958104293
1515,1580.2,1054.8077094244477
1516,1558.4,1055.3584470817466
1517,1579.4,1055.909108842893
1518,1558.4,1056.4596947683663
1519,1536.2,1057.0102049185575
1520,1511.2,1057.56063935377
1521,1511.4,1058.1109981342202
1522,1527.6,1058.6612813200356
1523,1509.8,1059.2114889712575
1524,1500.8,1059.76162114784
1525,1522.6,1060.3116779096501
1526,1520.4,1060.8616593164684
1527,1529.8,1061.4115654279883
1528,1553.6,1061.9613963038175
1529,1553.8,1062.5111520034775
1530,1580.4,1063.0608325864034
1531,1582.6,1063.6104381119449
1532,1613.6,1064.1599686393658
1533,1589.0,1064.7094242278447
1534,1590.4,1065.258804936475
1535,1593.8,1065.808110824264
1536,1566.0,1066.357341950136
1537,1561.0,1066.906498372929
1538,1579.2,1067.4555801513968
1539,1607.4,1068.0045873442089
1540,1612.8,1068.553520009951
1541,1609.0,1069.102378207124
1542,1609.6,1069.651161994146
1543,1633.0,1070.1998714293502
1544,1656.0,1070.7485065709868
1545,1627.4,1071.2970674772232
1546,1653.2,1071.845554206143
1547,1621.0,1072.393966815747
1548,1664.0,1072.9423053639532
1549,1637.8,1073.490569908597
1550,1649.2,1074.0387605074313
1551,1632.2,1074.5868772181266
1552,1658.8,1075.1349200982716
1553,1681.8,1075.6828892053722
1554,1670.0,1076.230784596854
1555,1693.8,1076.7786063300593
1556,1713.6,1077.32635446225
1557,1707.4,1077.8740290506069
1558,1680.4,1078.4216301522285
1559,1689.8,1078.9691578241334
1560,1717.2,1079.5166121232592
1561,1706.6,1080.0639931064627
1562,1740.8,1080.6113008305203
1563,1714.6,1081.1585353521284
1564,1756.4,1081.7056967279025
1565,1782.6,1082.2527850143792
1566,1792.4,1082.7998002680145
1567,1757.8,1083.3467425451852
1568,1763.6,1083.8936119021885
1569,1782.6,1084.4404083952418
1570,1819.2,1084.9871320804846
1571,1843.4,1085.5337830139758
1572,1816.4,1086.0803612516975
1573,1838.6,1086.6268668495507
1574,1859.2,1087.17329986336
1575,1814.6,1087.7196603488705
1576,1794.0,1088.2659483617497
1577,1769.8,1088.8121639575866
1578,1784.8,1089.358307191893
1579,1782.6,1089.904378120102
1580,1796.4,1090.4503767975702
1581,1829.0,1090.996303279576
1582,1844.4,1091.5421576213214
1583,1822.6,1092.0879398779305
1584,1837.6,1092.633650104451
1585,1797.0,1093.1792883558535
1586,1824.8,1093.7248546870323
1587,1848.2,1094.2703491528052
1588,1856.4,1094.8157718079135
1589,1872.2,1095.3611227070228
1590,1818.4,1095.9064019047219
1591,1805.0,1096.4516094555245
1592,1788.4,1096.9967454138684
1593,1785.0,1097.541809834116
1594,1781.2,1098.086802770554
1595,1765.0,1098.631724277394
1596,1799.6,1099.1765744087727
1597,1793.0,1099.7213532187518
1598,1742.8,1100.2660607613182
1599,1715.4,1100.8106970903839
1600,1694.0,1101.3552622597872
1601,1675.4,1101.899756323291
1602,1696.8,1102.444179334585
1603,1650.6,1102.9885313472844
1604,1674.0,1103.5328124149305
1605,1708.2,1104.077022590991
1606,1676.0,1104.6211619288601
1607,1693.0,1105.1652304818583
1608,1658.4,1105.709228303233
1609,1658.6,1106.2531554461584
1610,1657.6,1106.7970119637357
1611,1682.6,1107.3407979089936
1612,1663.2,1107.8845133348873
1613,1638.6,1108.4281582943004
1614,1647.2,1108.971732840043
1615,1645.0,1109.5152370248538
1616,1639.6,1110.0586709013994
1617,1618.6,1110.6020345222737
1618,1635.6,1111.1453279399993
1619,1621.8,1111.688551207027
1620,1570.8,1112.231704375736
1621,1544.2,1112.774787498434
1622,1568.8,1113.3178006273577
1623,1561.8,1113.860743814672
1624,1574.0,1114.403617112472
1625,1544.2,1114.9464205727807
1626,1533.2,1115.4891542475511
1627,1497.8,1116.0318181886655
1628,1514.4,1116.5744124479354
1629,1491.4,1117.1169370771029
1630,1507.6,1117.6593921278388
1631,1492.2,1118.2017776517448
1632,1512.4,1118.744093700352
1633,1535.4,1119.2863403251226
1634,1503.6,1119.828517577448
1635,1521.8,1120.3706255086518
1636,1487.6,1120.9126641699863
1637,1501.8,1121.4546336126364
1638,1526.8,1121.9965338877166
1639,1493.0,1122.5383650462734
1640,1496.0,1123.0801271392838
1641,1529.8,1123.621820217657
1642,1507.6,1124.1634443322323
1643,1478.6,1124.7049995337823
1644,1480.8,1125.2464858730098
1645,1501.8,1125.7879034005505
1646,1452.4,1126.329252166972
1647,1458.6,1126.8705322227734
1648,1437.2,1127.4117436183867
1649,1417.0,1127.9528864041763
1650,1418.8,1128.4939606304386
1651,1432.2,1129.0349663474033
1652,1399.6,1129.5759036052323
1653,1445.8,1130.1167724540212
1654,1445.2,1130.6575729437977
1655,1420.2,1131.1983051245238
1656,1419.6,1131.7389690460936
1657,1417.0,1132.2795647583357
1658,1442.0,1132.8200923110116
1659,1452.2,1133.3605517538172
1660,1434.4,1133.900943136381
1661,1433.8,1134.441266508267
1662,1404.4,1134.9815219189722
1663,1405.0,1135.5217094179282
1664,1430.4,1136.0618290545008
1665,1409.0,1136.6018808779909
1666,1445.2,1137.1418649376328
1667,1448.2,1137.6817812825966
1668,1437.6,1138.2216299619868
1669,1433.8,1138.7614110248428
1670,1483.6,1139.3011245201396
1671,1517.0,1139.8407704967867
1672,1504.0,1140.3803490036291
1673,1523.4,1140.9198600894479
1674,1544.0,1141.4593038029593
1675,1541.8,1141.998680192815
1676,1563.2,1142.5379893076035
1677,1568.2,1143.0772311958478
1678,1558.8,1143.6164059060084
1679,1581.8,1144.1555134864811
1680,1632.8,1144.6945539855983
1681,1625.0,1145.233527451629
1682,1656.0,1145.7724339327788
1683,1641.0,1146.3112734771896
1684,1600.8,1146.8500461329406
1685,1596.2,1147.3887519480477
1686,1629.6,1147.9273909704634
1687,1607.4,1148.4659632480784
1688,1616.8,1149.00446882872
1689,1641.8,1149.5429077601532
1690,1646.8,1150.0812800900803
1691,1622.6,1150.6195858661413
1692,1633.2,1151.157825135914
1693,1613.8,1151.695997946914
1694,1603.2,1152.2341043465954
1695,1622.6,1152.77214438235
1696,1642.8,1153.3101181015074
1697,1636.2,1153.8480255513366
1698,1658.8,1154.3858667790444
1699,1647.4,1154.9236418317762
1700,1633.6,1155.4613507566162
1701,1645.8,1155.9989936005877
1702,1627.2,1156.5365704106523
1703,1604.2,1157.0740812337115
1704,1610.4,1157.611526116605
1705,1622.6,1158.148905106113
1706,1650.0,1158.6862182489538
1707,1629.8,1159.223465591786
1708,1580.0,1159.7606471812078
1709,1572.2,1160.2977630637567
1710,1550.0,1160.8348132859105
1711,1578.6,1161.3717978940867
1712,1599.2,1161.908716934643
1713,1570.6,1162.4455704538773
1714,1593.2,1162.982358498028
1715,1546.6,1163.5190811132732
1716,1521.6,1164.0557383457324
1717,1485.0,1164.5923302414647
1718,1466.4,1165.1288568464715
1719,1504.2,1165.6653182066934
1720,1528.0,1166.2017143680132
1721,1553.0,1166.7380453762541
1722,1558.4,1167.2743112771807
1723,1604.2,1167.8105121164988
1724,1577.6,1168.3466479398558
1725,1557.8,1168.8827187928403
1726,1583.2,1169.418724720983
1727,1549.0,1169.954665769756
1728,1576.0,1170.4905419845732
1729,1549.0,1171.0263534107903
1730,1564.4,1171.5621000937058
1731,1552.2,1172.0977820785597
1732,1525.2,1172.6333994105346
1733,1493.0,1173.1689521347548
1734,1517.6,1173.7044402962883
1735,1472.2,1174.2398639401445
1736,1447.6,1174.775223111276
1737,1477.8,1175.3105178545786
1738,1464.8,1175.8457482148904
1739,1439.4,1176.3809142369928
1740,1447.6,1176.91601596561
1741,1461.0,1177.45105344541
1742,1480.0,1177.9860267210038
1743,1479.4,1178.5209358369457
1744,1456.4,1179.0557808377337
1745,1436.2,1179.5905617678093
1746,1436.0,1180.1252786715581
1747,1412.2,1180.6599315933095
1748,1435.6,1181.194520577336
1749,1423.4,1181.7290456678556
1750,1402.8,1182.2635069090293
1751,1379.4,1182.7979043449627
1752,1336.4,1183.332238019706
1753,1346.6,1183.8665079772534
1754,1346.4,1184.4007142615444
1755,1327.4,1184.9348569164624
1756,1324.0,1185.468935985836
1757,1316.2,1186.0029515134383
1758,1298.8,1186.5369035429878
1759,1299.4,1187.0707921181481
1760,1275.6,1187.6046172825277
1761,1254.6,1188.1383790796801
1762,1278.8,1188.6720775531046
1763,1272.2,1189.2057127462465
1764,1291.6,1189.739284702495
1765,1262.6,1190.2727934651869
1766,1262.4,1190.8062390776035
1767,1261.8,1191.3396215829723
1768,1280.0,1191.872941024467
1769,1305.0,1192.406197445207
1770,1339.6,1192.9393908882582
1771,1313.0,1193.4725213966326
1772,1292.0,1194.0055890132883
1773,1284.2,1194.5385937811304
1774,1292.0,1195.0715357430101
1775,1274.6,1195.6044149417255
1776,1275.2,1196.1372314200214
1777,1295.4,1196.669985220589
1778,1271.6,1197.2026763860672
1779,1289.0,1197.7353049590415
1780,1284.4,1198.267870982044
1781,1278.6,1198.8003744975556
1782,1296.0,1199.3328155480028
1783,1252.2,1199.8651941757603
1784,1267.2,1200.3975104231504
1785,1295.4,1200.9297643324426
1786,1318.4,1201.4619559458547
1787,1322.6,1201.9940853055514
1788,1302.8,1202.5261524536463
1789,1309.0,1203.0581574322002
1790,1333.2,1203.5901002832222
1791,1359.4,1204.1219810486696
1792,1334.4,1204.653799770448
1793,1306.6,1205.1855564904115
1794,1302.4,1205.7172512503619
1795,1290.6,1206.2488840920507
1796,1269.2,1206.7804550571768
1797,1237.0,1207.311964187389
1798,1234.8,1207.843411524284
1799,1215.4,1208.3747971094076
1800,1179.6,1208.906120984255
1801,1175.4,1209.4373831902699
1802,1157.6,1209.9685837688457
1803,1161.8,1210.4997227613248
1804,1128.4,1211.0308002089987
1805,1113.0,1211.561816153109
1806,1099.6,1212.0927706348464
1807,1100.2,1212.6236636953508
1808,1134.0,1213.154495375713
1809,1122.6,1213.6852657169723
1810,1119.2,1214.2159747601186
1811,1113.0,1214.7466225460919
1812,1086.4,1215.2772091157817
1813,1084.2,1215.8077345100282
1814,1102.8,1216.3381987696218
1815,1062.6,1216.8686019353026
1816,1068.8,1217.398944047762
1817,1102.6,1217.929225147641
1818,1123.2,1218.4594452755323
1819,1113.8,1218.989604471978
1820,1103.6,1219.519702777472
1821,1106.6,1220.0497402324588
1822,1107.6,1220.579716877333
1823,1097.8,1221.1096327524422
1824,1139.2,1221.6394878980827
1825,1161.0,1222.1692823545038
1826,1172.8,1222.6990161619053
1827,1131.4,1223.2286893604385
1828,1147.2,1223.758301990206
1829,1149.8,1224.287854091263
1830,1153.6,1224.8173457036141
1831,1134.6,1225.346776867218
1832,1105.2,1225.8761476219836
1833,1138.6,1226.4054580077727
1834,1113.6,1226.9347080643984
1835,1090.6,1227.463897831626
1836,1092.8,1227.9930273491732
1837,1084.2,1228.5220966567094
1838,1092.8,1229.0511057938568
1839,1070.6,1229.5800548001898
1840,1049.2,1230.1089437152357
1841,1037.0,1230.6377725784732
1842,1017.6,1231.1665414293345
1843,1015.4,1231.6952503072048
1844,1041.2,1232.2238992514215
1845,1027.4,1232.7524883012748
1846,1037.2,1233.2810174960082
1847,1005.0,1233.8094868748185
1848,1019.2,1234.3378964768547
1849,999.4,1234.86624634122
1850,1000.0,1235.3945365069703
1851,1013.0,1235.9227670131154
1852,1053.6,1236.4509378986177
1853,1085.8,1236.9790492023938
1854,1068.4,1237.5071009633139
1855,1050.6,1238.0350932202014
1856,1050.4,1238.563026011834
1857,1045.0,1239.0908993769433
1858,1026.4,1239.6187133542142
1859,1028.2,1240.146467982286
1860,1054.8,1240.6741632997523
1861,1093.8,1241.2017993451607
1862,1104.4,1241.7293761570127
1863,1107.4,1242.2568937737644
1864,1095.2,1242.7843522338267
1865,1094.6,1243.3117515755644
1866,1106.4,1243.8390918372972
1867,1120.2,1244.366373057299
1868,1099.6,1244.893595273799
1869,1129.8,1245.4207585249812
1870,1099.6,1245.9478628489835
1871,1104.2,1246.4749082839
1872,1098.0,1247.0018948677794
1873,1107.4,1247.5288226386247
1874,1128.8,1248.0556916343953
1875,1129.8,1248.5825018930054
1876,1088.0,1249.1092534523243
1877,1100.2,1249.635946350177
1878,1083.2,1250.1625806243437
1879,1084.2,1250.6891563125603
1880,1108.0,1251.2156734525183
1881,1097.8,1251.7421320818655
1882,1099.6,1252.2685322382047
1883,1122.6,1252.7948739590947
1884,1129.6,1253.3211572820505
1885,1116.2,1253.847382244543
1886,1141.2,1254.3735488839995
1887,1116.2,1254.8996572378026
1888,1106.0,1255.425707343292
1889,1104.2,1255.9516992377637
1890,1130.0,1256.4776329584693
1891,1127.4,1257.0035085426177
1892,1140.4,1257.529326027374
1893,1131.4,1258.0550854498601
1894,1133.6,1258.580786847154
1895,1162.6,1259.106430256291
1896,1172.4,1259.6320157142636
1897,1158.6,1260.15754325802
1898,1145.2,1260.6830129244665
1899,1175.4,1261.208424750466
1900,1146.8,1261.7337787728384
1901,1161.8,1262.2590750283612
1902,1164.0,1262.7843135537687
1903,1149.8,1263.3094943857527
1904,1137.6,1263.834617560963
1905,1169.0,1264.3596831160057
1906,1161.6,1264.8846910874456
1907,1145.8,1265.4096415118045
1908,1152.4,1265.934534425562
1909,1129.8,1266.4593698651554
1910,1125.6,1266.9841478669805
1911,1140.2,1267.5088684673897
1912,1150.8,1268.0335317026943
1913,1108.2,1268.5581376091639
1914,1118.0,1269.0826862230258
1915,1089.0,1269.607177580465
1916,1093.2,1270.131611717626
1917,1101.0,1270.65598867061
1918,1125.2,1271.1803084754781
1919,1148.2,1271.7045711682492
1920,1131.2,1272.2287767849011
1921,1143.4,1272.7529253613695
1922,1122.4,1273.2770169335492
1923,1121.0,1273.8010515372941
1924,1125.2,1274.3250292084163
1925,1153.0,1274.8489499826871
1926,1165.6,1275.3728138958368
1927,1177.8,1275.8966209835548
1928,1192.0,1276.4203712814892
1929,1177.8,1276.9440648252476
1930,1198.4,1277.4677016503963
1931,1167.4,1277.9912817924621
1932,1163.6,1278.5148052869297
1933,1173.8,1279.0382721692442
1934,1181.6,1279.5616824748101
1935,1198.6,1280.085036238991
1936,1191.2,1280.6083334971104
1937,1181.0,1281.1315742844515
1938,1135.2,1281.6547586362576
1939,1147.4,1282.177886587731
1940,1141.6,1282.7009581740347
1941,1164.2,1283.2239734302914
1942,1141.6,1283.7469323915834
1943,1109.0,1284.269835092954
1944,1098.8,1284.792681569406
1945,1083.4,1285.3154718559024
1946,1112.4,1285.838205987367
1947,1127.4,1286.3608839986834
1948,1142.8,1286.883505924696
1949,1131.4,1287.4060718002092
1950,1120.0,1287.9285816599888
1951,1105.0,1288.4510355387604
1952,1116.8,1288.973433471211
1953,1120.2,1289.4957754919874
1954,1123.6,1290.0180616356984
1955,1145.8,1290.5402919369124
1956,1114.4,1291.06246643016
1957,1145.8,1291.5845851499319
1958,1114.4,1292.1066481306802
1959,1126.6,1292.628655406818
1960,1151.6,1293.1506070127202
1961,1161.8,1293.672502982722
1962,1193.6,1294.1943433511206
1963,1207.4,1294.7161281521742
1964,1186.0,1295.237857420103
1965,1153.0,1295.759531189088
1966,1139.6,1296.281149493272
1967,1126.6,1296.8027123667603
1968,1115.6,1297.3242198436187
1969,1094.6,1297.845671957875
1970,1051.6,1298.3670687435194
1971,1041.8,1298.8884102345037
1972,1034.0,1299.4096964647413
1973,993.8,1299.9309274681084
1974,980.8,1300.4521032784423
1975,987.4,1300.9732239295433
1976,984.8,1301.4942894551734
1977,971.4,1302.015299889057
1978,993.6,1302.5362552648808
1979,964.2,1303.0571556162938
1980,953.6,1303.5780009769078
1981,926.6,1304.0987913802965
1982,931.2,1304.6195268599968
1983,909.0,1305.140207449508
1984,905.6,1305.6608331822915
1985,900.2,1306.1814040917727
1986,921.6,1306.7019202113386
1987,932.2,1307.2223815743396
1988,894.0,1307.742788214089
1989,890.6,1308.263140163863
1990,903.2,1308.783437456901
1991,917.8,1309.3036801264057
1992,944.8,1309.823868205542
1993,931.4,1310.3440017274393
1994,942.4,1310.8640807251893
1995,966.6,1311.3841052318478
1996,952.8,1311.904075280433
1997,948.2,1312.423990903928
1998,971.2,1312.943852135278
1999,984.2,1313.4636590073924
2000,1009.6,1313.9834115531446
2001,977.0,1314.5031098053707
2002,1006.4,1315.022753796872
2003,1011.4,1315.5423435604123
2004,996.4,1316.0618791287195
2005,994.6,1316.5813605344865
2006,1008.4,1317.1007878103683
2007,1031.4,1317.6201609889858
2008,1040.4,1318.139480102923
2009,1017.8,1318.658745184728
2010,992.0,1319.1779562669137
2011,968.2,1319.6971133819568
2012,999.6,1320.2162165622985
2013,986.6,1320.7352658403443
2014,984.0,1321.2542612484642
2015,975.4,1321.7732028189928
2016,952.0,1322.292090584229
2017,939.4,1322.8109245764365
2018,941.2,1323.329704827844
2019,920.2,1323.848431370644
2020,923.6,1324.3671042369947
2021,938.6,1324.8857234590187
2022,942.8,1325.4042890688036
2023,942.6,1325.9228010984016
2024,936.8,1326.4412595798306
2025,900.2,1326.959664545073
2026,893.6,1327.4780160260766
2027,906.6,1327.9963140547543
2028,894.8,1328.514558662984
2029,928.2,1329.032749882609
2030,894.8,1329.5508877454383
2031,925.8,1330.068972283246
2032,915.6,1330.5870035277712
2033,919.4,1331.1049815107194
2034,885.2,1331.622906263761
2035,881.0,1332.1407778185321
2036,878.0,1332.6585962066345
2037,881.8,1333.1763614596362
2038,868.8,1333.6940736090698
2039,837.0,1334.2117326864354
2040,852.0,1334.7293387231975
2041,844.2,1335.2468917507867
2042,840.0,1335.7643918006008
2043,853.8,1336.2818389040021
2044,884.8,1336.7992330923203
2045,897.0,1337.31657439685
2046,911.2,1337.833862848853
2047,913.8,1338.3510984795569
2048,938.8,1338.8682813201558
2049,935.4,1339.3854114018095
2050,922.8,1339.9024887556457
2051,892.2,1340.4195134127567
2052,881.6,1340.9364854042026
2053,912.2,1341.45340476101
2054,883.6,1341.9702715141714
2055,883.4,1342.4870856946463
2056,894.4,1343.0038473333611
2057,877.8,1343.5205564612093
2058,867.6,1344.0372131090503
2059,837.0,1344.5538173077111
2060,811.2,1345.0703690879855
2061,805.8,1345.5868684806337
2062,794.4,1346.103315516384
2063,805.8,1346.6197102259312
2064,821.6,1347.136052639937
2065,834.6,1347.6523427890304
2066,838.0,1348.1685807038082
2067,842.6,1348.6847664148336
2068,849.6,1349.2008999526379
2069,875.4,1349.7169813477194
2070,890.0,1350.233010630544
2071,889.0,1350.7489878315448
2072,904.8,1351.2649129811232
2073,922.6,1351.7807861096471
2074,922.8,1352.2966072474528
2075,950.6,1352.8123764248442
2076,952.4,1353.3280936720926
2077,965.0,1353.8437590194374
2078,959.2,1354.3593724970858
2079,963.4,1354.874934135213
2080,994.4,1355.3904439639618
2081,981.8,1355.9059020134432
2082,982.4,1356.4213083137363
2083,981.0,1356.936662894888
2084,978.4,1357.4519657869141
2085,949.8,1357.9672170197975
2086,915.6,1358.4824166234898
2087,922.6,1358.9975646279117
2088,950.0,1359.5126610629509
2089,959.4,1360.027705958464
2090,957.2,1360.5426993442763
2091,964.2,1361.0576412501814
2092,980.0,1361.5725317059416
2093,948.2,1362.087370741287
2094,941.6,1362.6021583859176
2095,953.8,1363.116894669501
2096,956.8,1363.631579621674
2097,947.4,1364.1462132720421
2098,947.2,1364.6607956501796
2099,940.2,1365.1753267856295
2100,947.2,1365.6898067079042
2101,913.0,1366.2042354464843
2102,930.0,1366.7186130308198
2103,904.2,1367.2329394903304
2104,909.2,1367.7472148544036
2105,917.8,1368.2614391523973
2106,900.8,1368.7756124136379
2107,917.8,1369.2897346674206
2108,905.6,1369.803805943011
2109,917.0,1370.3178262696435
2110,934.0,1370.8317956765216
2111,928.2,1371.3457141928188
2112,916.8,1371.8595818476774
2113,915.4,1372.37339867021
2114,925.6,1372.8871646894981
2115,934.6,1373.4008799345931
2116,909.6,1373.9145444345163
2117,919.4,1374.4281582182582
2118,909.6,1374.9417213147792
2119,921.0,1375.45523375301
2120,932.8,1375.9686955618502
2121,962.6,1376.4821067701703
2122,956.0,1376.99546740681
2123,951.4,1377.5087775005793
2124,939.2,1378.022037080258
2125,952.2,1378.5352461745965
2126,940.0,1379.0484048123149
2127,926.6,1379.561513022103
2128,924.4,1380.0745708326222
2129,912.2,1380.5875782725025
2130,911.6,1381.1005353703451
2131,918.6,1381.6134421547217
2132,901.6,1382.1262986541738
2133,903.4,1382.6391048972139
2134,936.4,1383.1518609123245
2135,936.2,1383.664566727959
2136,950.0,1384.177222372541
2137,951.4,1384.689827874465
2138,964.4,1385.202383262096
2139,993.8,1385.7148885637696
2140,978.4,1386.2273438077923
2141,982.6,1386.7397490224416
2142,960.8,1387.2521042359651
2143,946.6,1387.7644094765824
2144,956.8,1388.276664772483
2145,955.4,1388.7888701518277
2146,933.6,1389.3010256427483
2147,966.6,1389.813131273348
2148,940.0,1390.3251870717004
2149,936.2,1390.8371930658507
2150,916.4,1391.349149283815
2151,937.8,1391.861055753581
2152,905.2,1392.3729125031075
2153,916.2,1392.8847195603246
2154,914.4,1393.3964769531333
2155,919.4,1393.9081847094067
2156,926.4,1394.4198428569887
2157,898.6,1394.9314514236953
2158,890.4,1395.4430104373137
2159,884.2,1395.9545199256022
2160,902.8,1396.4659799162919
2161,881.0,1396.9773904370843
2162,874.8,1397.4887515156531
2163,875.4,1398.0000631796438
2164,884.8,1398.5113254566738
2165,877.8,1399.0225383743316
2166,893.2,1399.5337019601786
2167,898.6,1400.044816241747
2168,889.2,1400.555881246542
2169,870.6,1401.0668970020397
2170,837.6,1401.5778635356892
2171,849.8,1402.088780874911
2172,858.0,1402.599649047098
2173,831.4,1403.1104680796152
2174,812.4,1403.6212379997999
2175,815.4,1404.1319588349613
2176,828.0,1404.642630612381
2177,861.8,1405.153253359313
2178,882.0,1405.663827102984
2179,885.8,1406.1743518705919
2180,908.4,1406.6848276893086
2181,898.6,1407.195254586277
2182,875.2,1407.7056325886138
2183,891.4,1408.2159617234074
2184,900.8,1408.726242017719
2185,901.8,1409.2364734985824
2186,908.4,1409.7466561930046
2187,921.0,1410.2567901279645
2188,905.6,1410.7668753304138
2189,902.6,1411.2769118272777
2190,881.6,1411.786899645454
2191,875.4,1412.296838811813
2192,856.8,1412.8067293531979
2193,862.6,1413.3165712964253
2194,858.4,1413.8263646682842
2195,843.4,1414.3361094955378
2196,836.8,1414.8458058049207
2197,816.2,1415.3554536231418
2198,849.6,1415.865052976883
2199,830.6,1416.3746038927986
2200,828.0,1416.8841063975176
2201,839.4,1417.3935605176407
2202,854.8,1417.902966279743
2203,865.0,1418.412323710372
2204,838.8,1418.9216328360496
2205,840.2,1419.4308936832704
2206,842.0,1419.9401062785028
2207,852.2,1420.4492706481885
2208,828.8,1420.958386818743
2209,862.6,1421.4674548165551
2210,843.2,1421.9764746679875
2211,862.6,1422.4854463993759
2212,841.2,1422.9943700370306
2213,846.6,1423.503245607235
2214,827.6,1424.0120731362463
2215,821.0,1424.520852650296
2216,835.2,1425.029584175589
2217,828.2,1425.538267738304
2218,834.0,1426.046903364594
2219,857.0,1426.5554910805856
2220,840.8,1427.0640309123796
2221,843.4,1427.5725228860506
2222,840.4,1428.0809670276478
2223,864.2,1428.5893633631938
2224,898.8,1429.0977119186862
2225,908.2,1429.6060127200958
2226,888.4,1430.1142657933678
2227,899.4,1430.622471164423
2228,920.8,1431.1306288591543
2229,915.4,1431.6387389034307
2230,922.8,1432.146801323095
2231,911.4,1432.654816143964
2232,917.2,1433.1627833918292
2233,905.8,1433.670703092457
2234,896.4,1434.1785752715875
2235,912.2,1434.6863999549364
2236,914.0,1435.1941771681932
2237,904.2,1435.701906937022
2238,914.0,1436.2095892870618
2239,926.6,1436.7172242439265
2240,916.0,1437.2248118332043
2241,924.2,1437.7323520804584
2242,949.2,1438.2398450112269
2243,941.0,1438.7472906510225
2244,938.8,1439.254689025333
2245,929.0,1439.762040159621
2246,924.0,1440.269344079324
2247,957.8,1440.776600809854
2248,948.4,1441.2838103765996
2249,939.4,1441.7909728049228
2250,933.2,1442.2980881201613
2251,946.6,1442.8051563476279
2252,974.0,1443.3121775126108
2253,961.0,1443.819151640373
2254,945.6,1444.3260787561533
2255,933.0,1444.8329588851645
2256,919.6,1445.3397920525967
2257,926.6,1445.8465782836133
2258,934.8,1446.3533176033545
2259,928.2,1446.8600100369354
2260,946.4,1447.3666556094463
2261,967.4,1447.8732543459532
2262,973.6,1448.379806271498
2263,955.4,1448.8863114110973
2264,953.2,1449.3927697897443
2265,919.4,1449.899181432407
2266,959.2,1450.405546364029
2267,957.8,1450.9118646095305
2268,948.8,1451.4181361938067
2269,966.6,1451.9243611417282
2270,986.4,1452.4305394781427
2271,981.8,1452.9366712278722
2272,1006.4,1453.4427564157156
2273,1014.6,1453.9487950664472
2274,1044.8,1454.4547872048176
2275,1055.4,1454.9607328555528
2276,1037.2,1455.4666320433553
2277,1045.8,1455.9724847929035
2278,1039.2,1456.4782911288519
2279,1057.8,1456.9840510758306
2280,1056.0,1457.4897646584468
2281,1047.4,1457.995431901283
2282,1026.8,1458.501052828898
2283,1016.2,1459.0066274658273
2284,1024.8,1459.5121558365825
2285,994.6,1460.017637965651
2286,966.4,1460.523073877497
2287,973.8,1461.028463596561
2288,953.2,1461.5338071472604
2289,935.4,1462.0391045539875
2290,935.2,1462.5443558411127
2291,939.4,1463.0495610329822
2292,928.8,1463.5547201539187
2293,932.2,1464.0598332282216
2294,924.8,1464.5649002801665
2295,937.0,1465.0699213340063
2296,925.2,1465.5748964139702
2297,941.0,1466.079825544264
2298,963.2,1466.5847087490702
2299,935.4,1467.0895460525483
2300,929.2,1467.5943374788344
2301,909.0,1468.0990830520416
2302,906.4,1468.6037827962598
2303,908.2,1469.1084367355556
2304,916.0,1469.6130448939725
2305,908.2,1470.1176072955316
2306,926.0,1470.6221239642298
2307,921.8,1471.1265949240421
2308,930.8,1471.6310201989202
2309,925.8,1472.1353998127927
2310,931.2,1472.639733789565
2311,938.6,1473.1440221531207
2312,956.8,1473.6482649273196
2313,929.8,1474.1524621359993
2314,947.2,1474.6566138029739
2315,929.0,1475.1607199520358
2316,931.2,1475.6647806069536
2317,957.0,1476.1687957914742
2318,955.2,1476.6727655293212
2319,929.8,1477.176689844196
2320,921.2,1477.680568759777
2321,881.0,1478.1844022997207
2322,869.6,1478.6881904876602
2323,865.0,1479.1919333472072
2324,888.8,1479.6956309019497
2325,865.0,1480.1992831754546
2326,841.2,1480.7028901912652
2327,848.2,1481.2064519729033
2328,837.2,1481.709968543868
2329,845.8,1482.213439927636
2330,862.8,1482.7168661476624
2331,886.6,1483.220247227379
2332,870.0,1483.7235831901965
2333,881.0,1484.2268740595023
2334,873.2,1484.7301198586629
2335,884.2,1485.2333206110216
2336,862.8,1485.7364763399
2337,853.0,1486.239587068598
2338,837.2,1486.742652820393
2339,853.0,1487.2456736185406
2340,851.6,1487.7486494862746
2341,837.8,1488.2515804468067
2342,848.4,1488.7544665233263
2343,837.8,1489.2573077390016
2344,835.6,1489.760104116979
2345,852.2,1490.2628556803822
2346,877.2,1490.7655624523138
2347,875.4,1491.268224455855
2348,900.4,1491.7708417140643
2349,885.8,1492.2734142499794
2350,907.6,1492.7759420866155
2351,929.8,1493.2784252469673
2352,941.2,1493.7808637540068
2353,945.0,1494.2832576306846
2354,950.8,1494.7856068999304
2355,977.0,1495.287911584652
2356,967.6,1495.7901717077357
2357,974.6,1496.292387292046
2358,998.0,1496.794558360427
2359,1025.8,1497.2966849357
2360,999.2,1497.798767040666
2361,982.6,1498.3008046981042
2362,993.2,1498.8027979307728
2363,1023.4,1499.3047467614085
2364,993.2,1499.8066512127264
2365,965.0,1500.308511307421
2366,991.2,1500.8103270681656
2367,973.0,1501.3120985176117
2368,959.6,1501.8138256783902
2369,965.0,1502.3155085731107
2370,940.8,1502.8171472243619
2371,967.4,1503.318741654711
2372,996.0,1503.8202918867046
2373,996.2,1504.3217979428682
2374,987.6,1504.8232598457066
2375,983.4,1505.3246776177027
2376,961.6,1505.82605128132
2377,947.4,1506.3273808589997
2378,957.6,1506.8286663731628
2379,937.0,1507.3299078462094
2380,927.2,1507.8311053005189
2381,926.6,1508.3322587584498
2382,916.0,1508.83336824234
2383,936.2,1509.3344337745064
2384,966.4,1509.8354553772456
2385,978.6,1510.3364330728332
2386,1004.8,1510.8373668835243
2387,1013.0,1511.338256831553
2388,1044.8,1511.8391029391341
2389,1072.2,1512.3399052284603
2390,1083.6,1512.840663721705
2391,1072.2,1513.3413784410197
2392,1044.8,1513.8420494085374
2393,1078.6,1514.3426766463685
2394,1114.4,1514.8432601766046
2395,1117.8,1515.3438000213166
2396,1082.0,1515.8442962025545
2397,1061.8,1516.3447487423484
2398,1062.4,1516.8451576627076
2399,1065.0,1517.3455229856222
2400,1084.0,1517.8458447330606
2401,1093.8,1518.3461229269724
2402,1099.6,1518.846357589286
2403,1093.8,1519.3465487419103
2404,1069.6,1519.8466964067334
2405,1073.8,1520.346800605624
2406,1078.8,1520.84686136043
2407,1114.6,1521.3468786929798
2408,1100.4,1521.8468526250815
2409,1106.6,1522.346783178523
2410,1100.4,1522.846670375073
2411,1110.6,1523.3465142364798
2412,1135.6,1523.8463147844711
2413,1152.2,1524.3460720407559
2414,1148.0,1524.845786027022
2415,1169.0,1525.345456764939
2416,1148.0,1525.8450842761551
2417,1111.4,1526.3446685822996
2418,1116.4,1526.844209704982
2419,1153.8,1527.3437076657917
2420,1148.0,1527.8431624862985
2421,1176.2,1528.3425741880528
2422,1180.4,1528.841942792585
2423,1159.4,1529.341268321406
2424,1178.4,1529.8405507960067
2425,1165.0,1530.3397902378595
2426,1144.4,1530.8389866684158
2427,1141.8,1531.3381401091087
2428,1130.8,1531.8372505813513
2429,1117.8,1532.3363181065367
2430,1108.0,1532.8353427060397
2431,1105.8,1533.3343244012146
2432,1102.4,1533.8332632133968
2433,1117.0,1534.3321591639021
2434,1103.2,1534.8310122740274
2435,1112.2,1535.32982256505
2436,1126.4,1535.8285900582277
2437,1110.6,1536.327314774799
2438,1140.0,1536.8259967359838
2439,1157.0,1537.3246359629818
2440,1148.0,1537.8232324769745
2441,1157.0,1538.3217862991235
2442,1160.8,1538.8202974505712
2443,1166.6,1539.3187659524417
2444,1153.2,1539.8171918258395
2445,1189.8,1540.3155750918495
2446,1204.8,1540.8139157715382
2447,1203.4,1541.312213885953
2448,1227.2,1541.8104694561223
2449,1247.4,1542.3086825030557
2450,1285.6,1542.806853047743
2451,1269.8,1543.304981111156
2452,1227.2,1543.803066714247
2453,1266.6,1544.3011098779502
2454,1280.0,1544.7991106231802
2455,1281.8,1545.2970689708332
2456,1303.6,1545.794984941786
2457,1318.6,1546.2928585568973
2458,1331.6,1546.7906898370068
2459,1290.6,1547.2884788029355
2460,1300.8,1547.7862254754857
2461,1309.0,1548.283929875441
2462,1288.4,1548.7815920235662
2463,1300.2,1549.2792119406076
2464,1260.8,1549.776789647293
2465,1299.4,1550.2743251643315
2466,1299.2,1550.7718185124138
2467,1285.0,1551.2692697122116
2468,1279.6,1551.7666787843787
2469,1297.0,1552.2640457495502
2470,1276.4,1552.7613706283423
2471,1290.6,1553.2586534413535
2472,1272.8,1553.7558942091632
2473,1262.6,1554.2530929523332
2474,1265.6,1554.750249691406
2475,1247.4,1555.2473644469064
2476,1233.2,1555.7444372393409
2477,1273.8,1556.2414680891973
2478,1256.0,1556.7384570169454
2479,1268.2,1557.2354040430366
2480,1264.0,1557.7323091879045
2481,1252.2,1558.2291724719641
2482,1225.6,1558.725993915612
2483,1226.6,1559.222773539227
2484,1234.8,1559.71951136317
2485,1251.4,1560.2162074077835
2486,1250.0,1560.7128616933917
2487,1234.6,1561.2094742403012
2488,1258.8,1561.7060450688002
2489,1234.6,1562.202574199159
2490,1247.2,1562.6990616516302
2491,1247.4,1563.1955074464481
2492,1269.6,1563.6919116038287
2493,1281.0,1564.188274143971
2494,1288.8,1564.6845950870556
2495,1248.2,1565.180874453245
2496,1229.6,1565.6771122626844
2497,1233.8,1566.1733085355006
2498,1235.6,1566.669463291803
2499,1249.8,1567.165576551683
2500,1266.4,1567.6616483352145
2501,1304.2,1568.157678662453
2502,1318.8,1568.6536675534376
2503,1314.6,1569.1496150281882
2504,1332.0,1569.645521106708
2505,1368.2,1570.1413858089822
2506,1406.4,1570.6372091549783
2507,1396.2,1571.132991164647
2508,1438.4,1571.6287318579198
2509,1478.6,1572.1244312547124
2510,1482.8,1572.620089374922
2511,1471.4,1573.1157062384282
2512,1482.0,1573.6112818650936
2513,1499.4,1574.1068162747629
2514,1483.6,1574.602309487264
2515,1493.8,1575.0977615224067
2516,1469.2,1575.5931723999836
2517,1462.6,1576.0885421397702
2518,1484.8,1576.5838707615244
2519,1461.0,1577.0791582849865
2520,1444.8,1577.5744047298801
2521,1418.6,1578.069610115911
2522,1414.4,1578.5647744627684
2523,1393.0,1579.0598977901232
2524,1354.0,1579.5549801176296
2525,1315.4,1580.0500214649253
2526,1305.6,1580.5450218516298
2527,1288.2,1581.039981297346
2528,1284.4,1581.534899821659
2529,1269.8,1582.029777444138
2530,1287.2,1582.5246141843343
2531,1305.8,1583.0194100617816
2532,1327.2,1583.5141650959977
2533,1325.8,1584.0088793064826
2534,1280.0,1584.5035527127202
2535,1286.6,1584.9981853341758
2536,1307.2,1585.4927771902992
2537,1263.4,1585.9873283005227
2538,1268.8,1586.4818386842617
2539,1306.6,1586.9763083609148
2540,1314.4,1587.4707373498636
2541,1313.8,1587.965125670473
2542,1296.8,1588.459473342091
2543,1316.2,1588.953780384049
2544,1272.8,1589.4480468156607
2545,1281.8,1589.9422726562245
2546,1258.8,1590.4364579250205
2547,1273.8,1590.9306026413135
2548,1273.6,1591.4247068243503
2549,1276.2,1591.9187704933624
2550,1240.0,1592.4127936675634
2551,1263.4,1592.9067763661506
2552,1275.2,1593.400718608305
2553,1293.0,1593.8946204131908
2554,1258.8,1594.3884817999556
2555,1300.2,1594.8823027877304
2556,1266.0,1595.37608339563
2557,1225.0,1595.8698236427522
2558,1186.0,1596.3635235481786
2559,1225.0,1596.857183130974
2560,1226.0,1597.3508024101873
2561,1266.6,1597.8443814048505
2562,1249.6,1598.3379201339792
2563,1210.6,1598.831418616573
2564,1232.4,1599.3248768716148
2565,1212.2,1599.8182949180712
2566,1200.8,1600.311672774892
2567,1189.0,1600.8050104610118
2568,1215.2,1601.298307995348
2569,1205.8,1601.7915653968023
2570,1206.8,1602.2847826842594
2571,1219.4,1602.7779598765883
2572,1201.2,1603.2710969926418
2573,1168.2,1603.7641940512565
2574,1187.6,1604.2572510712525
2575,1191.4,1604.7502680714342
2576,1214.8,1605.2432450705896
2577,1222.6,1605.7361820874908
2578,1214.0,1606.2290791408934
2579,1211.4,1606.7219362495375
2580,1214.8,1607.2147534321464
2581,1197.8,1607.707530707428
2582,1214.0,1608.200268094074
2583,1236.2,1608.6929656107607
2584,1272.8,1609.1856232761468
2585,1283.4,1609.6782411088766
2586,1300.4,1610.1708191275782
2587,1319.4,1610.6633573508632
2588,1290.4,1611.1558557973276
2589,1295.4,1611.648314485552
2590,1288.8,1612.1407334341004
2591,1297.0,1612.6331126615212
2592,1287.2,1613.1254521863473
2593,1268.2,1613.6177520270955
2594,1253.2,1614.1100122022672
2595,1247.4,1614.6022327303474
2596,1286.8,1615.0944136298058
2597,1284.2,1615.5865549190962
2598,1289.6,1616.0786566166573
2599,1255.4,1616.5707187409114
2600,1223.2,1617.0627413102652
2601,1211.4,1617.5547243431101
2602,1186.8,1618.0466678578216
2603,1181.0,1618.53857187276
2604,1172.8,1619.0304364062697
2605,1178.6,1619.5222614766792
2606,1199.6,1620.0140471023024
2607,1220.2,1620.5057933014366
2608,1219.6,1620.9975000923646
2609,1199.4,1621.4891674933529
2610,1206.4,1621.9807955226531
2611,1199.4,1622.472384198501
2612,1217.6,1622.9639335391173
2613,1221.8,1623.4554435627067
2614,1216.8,1623.946914287459
2615,1237.0,1624.4383457315491
2616,1220.4,1624.9297379131353
2617,1233.8,1625.4210908503615
2618,1212.0,1625.912404561356
2619,1209.8,1626.403679064232
2620,1226.0,1626.8949143770872
2621,1225.8,1627.3861105180038
2622,1220.8,1627.8772675050495
2623,1217.8,1628.368385356276
2624,1242.4,1628.8594640897204
2625,1258.6,1629.3505037234042
2626,1250.0,1629.8415042753343
2627,1272.2,1630.3324657635012
2628,1291.6,1630.8233882058819
2629,1296.2,1631.3142716204372
2630,1313.6,1631.8051160251134
2631,1271.4,1632.2959214378411
2632,1290.4,1632.7866878765362
2633,1311.4,1633.2774153591
2634,1332.0,1633.7681039034176
2635,1343.4,1634.2587535273606
2636,1320.4,1634.7493642487846
2637,1298.6,1635.2399360855302
2638,1305.6,1635.7304690554238
2639,1266.6,1636.2209631762762
2640,1269.6,1636.7114184658835
2641,1237.0,1637.201834942027
2642,1259.2,1637.6922126224733
2643,1237.8,1638.1825515249736
2644,1207.6,1638.6728516672645
2645,1166.6,1639.1631130670683
2646,1157.2,1639.6533357420915
2647,1149.8,1640.1435197100268
2648,1143.6,1640.6336649885516
2649,1164.2,1641.1237715953284
2650,1145.6,1641.6138395480057
2651,1166.6,1642.1038688642166
2652,1160.8,1642.5938595615796
2653,1126.6,1643.083811657699
2654,1128.0,1643.5737251701637
2655,1123.4,1644.0636001165485
2656,1128.0,1644.5534365144138
2657,1108.2,1645.0432343813047
2658,1140.4,1645.532993734752
2659,1101.8,1646.0227145922722
2660,1065.2,1646.512396971367
2661,1059.4,1647.0020408895232
2662,1090.8,1647.491646364214
2663,1127.4,1647.9812134128974
2664,1110.0,1648.4707420530171
2665,1113.0,1648.9602323020026
2666,1129.6,1649.4496841772682
2667,1125.8,1649.939097696215
2668,1124.0,1650.428472876228
2669,1114.6,1650.9178097346794
2670,1108.0,1651.4071082889263
2671,1101.0,1651.8963685563115
2672,1132.4,1652.385590554163
2673,1141.8,1652.874774299796
2674,1165.6,1653.3639198105095
2675,1186.6,1653.8530271035895
2676,1211.6,1654.342096196307
2677,1177.0,1654.8311271059194
2678,1199.6,1655.320119849669
2679,1218.6,1655.8090744447845
2680,1196.0,1656.2979909084809
2681,1159.4,1656.7868692579573
2682,1157.6,1657.2757095104007
2683,1192.2,1657.7645116829824
2684,1180.4,1658.2532757928602
2685,1217.8,1658.742001857178
2686,1225.6,1659.230689893065
2687,1188.2,1659.7193399176363
2688,1171.6,1660.207951947994
2689,1199.4,1660.696526001225
2690,1166.0,1661.1850620944022
2691,1165.0,1661.6735602445854
2692,1201.2,1662.1620204688195
2693,1197.8,1662.650442784136
2694,1177.6,1663.1388272075517
2695,1205.8,1663.6271737560705
2696,1205.6,1664.1154824466814
2697,1214.6,1664.60375329636
2698,1222.0,1665.0919863220677
2699,1193.8,1665.5801815407526
2700,1223.2,1666.068338969348
2701,1248.2,1666.556458624774
2702,1212.0,1667.0445405239368
2703,1213.0,1667.5325846837288
2704,1198.0,1668.0205911210282
2705,1209.8,1668.5085598526998
2706,1216.4,1668.996490895595
2707,1232.2,1669.4843842665498
2708,1209.2,1669.972239982389
2709,1194.6,1670.4600580599217
2710,1224.8,1670.9478385159437
2711,1220.2,1671.4355813672378
2712,1220.4,1671.923286630572
2713,1203.4,1672.4109543227019
2714,1202.4,1672.8985844603687
2715,1226.6,1673.3861770602996
2716,1228.8,1673.8737321392093
2717,1242.6,1674.3612497137985
2718,1228.8,1674.8487298007537
2719,1226.6,1675.3361724167482
2720,1207.2,1675.8235775784422
2721,1177.0,1676.3109453024813
2722,1174.4,1676.7982756054994
2723,1145.8,1677.2855685041147
2724,1174.4,1677.7728240149338
2725,1169.8,1678.2600421545492
2726,1207.6,1678.747222939539
2727,1238.6,1679.2343663864688
2728,1211.6,1679.7214725118909
2729,1193.8,1680.208541332344
2730,1192.4,1680.6955728643534
2731,1193.0,1681.182567124431
2732,1192.8,1681.6695241290747
2733,1193.0,1682.1564438947705
2734,1223.2,1682.64332643799
2735,1255.4,1683.1301717751917
2736,1254.4,1683.6169799228207
2737,1223.4,1684.1037508973095
2738,1207.2,1684.5904847150764
2739,1229.8,1685.0771813925269
2740,1240.0,1685.5638409460532
2741,1263.4,1686.050463392035
2742,1266.8,1686.5370487468374
2743,1301.0,1687.0235970268134
2744,1326.4,1687.5101082483022
2745,1329.8,1687.9965824276305
2746,1314.8,1688.4830195811114
2747,1287.4,1688.9694197250449
2748,1288.4,1689.4557828757177
2749,1270.6,1689.9421090494038
2750,1253.2,1690.428398262365
2751,1271.4,1690.9146505308474
2752,1245.6,1691.400865871087
2753,1261.0,1691.887044299305
2754,1272.8,1692.3731858317096
2755,1260.2,1692.8592904844973
2756,1264.0,1693.34535827385
2757,1233.0,1693.831389215938
2758,1198.0,1694.3173833269177
2759,1192.2,1694.803340622933
2760,1163.2,1695.2892611201148
2761,1151.4,1695.775144834581
2762,1157.2,1696.2609917824368
2763,1185.8,1696.746801979774
2764,1157.2,1697.2325754426724
2765,1137.0,1697.7183121871985
2766,1133.6,1698.2040122294056
2767,1113.0,1698.6896755853343
2768,1126.4,1699.1753022710134
2769,1163.4,1699.6608923024578
2770,1170.0,1700.1464456956696
2771,1170.6,1700.6319624666392
2772,1151.6,1701.1174426313428
2773,1120.2,1701.6028862057447
2774,1092.8,1702.0882932057966
2775,1078.6,1702.5736636474378
2776,1086.0,1703.0589975465934
2777,1112.2,1703.544294919178
2778,1111.2,1704.0295557810912
2779,1073.8,1704.5147801482221
2780,1073.6,1704.9999680364454
2781,1101.8,1705.4851194616247
2782,1092.0,1705.9702344396096
2783,1058.6,1706.4553129862386
2784,1058.8,1706.9403551173364
2785,1061.8,1707.4253608487156
2786,1032.4,1707.910330196176
2787,1034.6,1708.3952631755055
2788,1002.4,1708.8801598024793
2789,973.8,1709.3650200928591
2790,956.0,1709.8498440623955
2791,940.2,1710.3346317268263
2792,962.0,1710.8193831018762
2793,979.4,1711.3040982032576
2794,979.6,1711.7887770466714
2795,1008.2,1712.2734196478045
2796,994.4,1712.7580260223335
2797,984.2,1713.2425961859208
2798,991.6,1713.7271301542166
2799,1021.8,1714.2116279428603
2800,1048.4,1714.6960895674767
2801,1038.6,1715.1805150436805
2802,1077.2,1715.664904387072
2803,1067.4,1716.1492576132416
2804,1071.6,1716.6335747377645
2805,1075.4,1717.1178557762062
2806,1104.0,1717.6021007441188
2807,1098.6,1718.086309657042
2808,1104.8,1718.5704825305033
2809,1098.6,1719.0546193800192
2810,1108.4,1719.538720221092
2811,1114.6,1720.0227850692133
2812,1143.2,1720.5068139398625
2813,1169.0,1720.9908068485058
2814,1141.6,1721.4747638105978
2815,1133.8,1721.9586848415813
2816,1124.8,1722.442569956887
2817,1144.2,1722.9264191719326
2818,1151.6,1723.4102325021247
2819,1142.6,1723.8940099628576
2820,1168.0,1724.377751569513
2821,1200.2,1724.8614573374614
2822,1188.8,1725.3451272820605
2823,1225.0,1725.8287614186563
2824,1233.6,1726.312359762583
2825,1242.6,1726.795922329162
2826,1233.6,1727.2794491337038
2827,1226.6,1727.7629401915067
2828,1233.6,1728.2463955178562
2829,1238.6,1728.7298151280268
2830,1215.6,1729.2131990372804
2831,1207.4,1729.6965472608679
2832,1219.2,1730.1798598140272
2833,1253.0,1730.6631367119846
2834,1262.4,1731.1463779699552
2835,1264.2,1731.629583603142
2836,1283.6,1732.1127536267354
2837,1269.8,1732.595888055915
2838,1273.2,1733.0789869058478
2839,1252.2,1733.5620501916892
2840,1291.2,1734.0450779285834
2841,1301.0,1734.5280701316617
2842,1306.4,1735.0110268160445
2843,1272.2,1735.4939479968405
2844,1313.2,1735.9768336891461
2845,1311.4,1736.4596839080461
2846,1353.6,1736.942498668614
2847,1360.2,1737.4252779859112
2848,1351.2,1737.908021874988
2849,1397.8,1738.3907303508813
2850,1369.6,1738.8734034286194
2851,1337.8,1739.3560411232156
2852,1361.6,1739.838643449674
2853,1337.8,1740.321210422986
2854,1316.0,1740.8037420581315
2855,1274.6,1741.2862383700797
2856,1271.2,1741.768699373786
2857,1243.4,1742.2511250841967
2858,1284.0,1742.7335155162455
2859,1265.8,1743.2158706848538
2860,1287.2,1743.6981906049332
2861,1277.0,1744.1804752913822
2862,1297.2,1744.6627247590889
2863,1309.8,1745.1449390229288
2864,1332.0,1745.6271180977674
2865,1331.4,1746.109261998457
2866,1366.4,1746.5913707398397
2867,1408.2,1747.073444336746
2868,1387.2,1747.5554828039947
2869,1385.8,1748.037486156393
2870,1392.8,1748.5194544087371
2871,1397.8,1749.001387575812
2872,1442.4,1749.4832856723908
2873,1445.0,1749.9651487132353
2874,1482.0,1750.446976713096
2875,1497.0,1750.9287696867123
2876,1514.0,1751.4105276488126
2877,1502.6,1751.8922506141128
2878,1493.2,1752.373938597318
2879,1512.2,1752.8555916131234
2880,1481.6,1753.337209676211
2881,1463.4,1753.8187928012521
2882,1470.8,1754.300341002907
2883,1477.0,1754.7818542958257
2884,1472.8,1755.2633326946448
2885,1452.2,1755.7447762139911
2886,1461.6,1756.2261848684805
2887,1442.6,1756.707558672717
2888,1481.6,1757.1888976412931
2889,1473.8,1757.6702017887912
2890,1477.6,1758.151471129782
2891,1509.8,1758.6327056788248
2892,1487.6,1759.1139054504683
2893,1509.8,1759.5950704592494
2894,1522.4,1760.076200719695
2895,1543.4,1760.5572962463198
2896,1553.2,1761.038357053628
2897,1547.4,1761.5193831561128
2898,1542.0,1762.0003745682554
2899,1520.2,1762.481331304528
2900,1515.6,1762.9622533793893
2901,1522.6,1763.443140807289
2902,1531.6,1763.9239936026647
2903,1573.8,1764.4048117799427
2904,1568.8,1764.8855953535399
2905,1565.8,1765.3663443378607
2906,1570.4,1765.8470587472996
2907,1606.6,1766.3277385962388
2908,1607.2,1766.808383899051
2909,1628.2,1767.2889946700973
2910,1659.2,1767.769570923728
2911,1680.2,1768.250112674283
2912,1637.2,1768.7306199360896
2913,1621.8,1769.211092723467
2914,1612.4,1769.6915310507206
2915,1621.0,1770.1719349321475
2916,1604.8,1770.6523043820318
2917,1560.2,1771.132639414649
2918,1554.8,1771.6129400442617
2919,1526.6,1772.0932062851227
2920,1570.8,1772.5734381514742
2921,1526.6,1773.0536356575474
2922,1524.4,1773.533798817562
2923,1562.6,1774.0139276457287
2924,1581.2,1774.4940221562456
2925,1556.2,1774.9740823633012
2926,1564.8,1775.4541082810726
2927,1589.8,1775.934099923727
2928,1568.4,1776.4140573054206
2929,1566.6,1776.893980440298
2930,1590.4,1777.3738693424946
2931,1564.2,1777.8537240261342
2932,1547.6,1778.33354450533
2933,1545.0,1778.813330794185
2934,1554.4,1779.293082906792
2935,1509.8,1779.7728008572317
2936,1467.2,1780.252484659575
2937,1461.0,1780.732134327883
2938,1434.0,1781.2117498762047
2939,1409.0,1781.69133131858
2940,1435.2,1782.170878669037
2941,1394.6,1782.650391941594
2942,1435.2,1783.1298711502593
2943,1476.2,1783.6093163090293
2944,1494.0,1784.0887274318904
2945,1467.4,1784.5681045328192
2946,1464.4,1785.0474476257812
2947,1466.6,1785.5267567247313
2948,1443.6,1786.0060318436147
2949,1443.4,1786.4852729963648
2950,1442.0,1786.964480196906
2951,1422.6,1787.4436534591518
2952,1422.8,1787.9227927970048
2953,1410.6,1788.4018982243576
2954,1422.8,1788.8809697550926
2955,1421.8,1789.3600074030815
2956,1396.8,1789.839011182185
2957,1397.0,1790.3179811062555
2958,1374.0,1790.7969171891325
2959,1383.4,1791.2758194446471
2960,1366.4,1791.7546878866192
2961,1344.2,1792.2335225288584
2962,1319.6,1792.7123233851642
2963,1280.2,1793.1910904693257
2964,1290.0,1793.6698237951216
2965,1289.8,1794.1485233763206
2966,1330.8,1794.6271892266814
2967,1333.8,1795.105821359952
2968,1318.0,1795.5844197898698
2969,1313.8,1796.0629845301626
2970,1298.8,1796.5415155945482
2971,1270.6,1797.0200129967334
2972,1233.2,1797.4984767504152
2973,1229.0,1797.976906869281
2974,1228.8,1798.4553033670068
2975,1251.4,1798.9336662572593
2976,1255.6,1799.4119955536955
2977,1240.2,1799.890291269961
2978,1230.4,1800.3685534196916
2979,1189.0,1800.846782016514
2980,1192.8,1801.324977074044
2981,1201.8,1801.803138605887
2982,1201.2,1802.281266625639
2983,1206.6,1802.7593611468856
2984,1213.2,1803.2374221832024
2985,1238.6,1803.7154497481547
2986,1230.8,1804.1934438552987
2987,1225.0,1804.671404518179
2988,1199.2,1805.1493317503318
2989,1165.0,1805.627225565282
2990,1178.8,1806.1050859765455
2991,1178.6,1806.5829129976273
2992,1212.8,1807.0607066420232
2993,1213.0,1807.5384669232187
2994,1175.6,1808.0161938546898
2995,1140.2,1808.4938874499012
2996,1167.2,1808.9715477223092
2997,1174.6,1809.4491746853596
2998,1176.0,1809.926768352488
2999,1153.8,1810.4043287371207
3000,1115.2,1810.8818558526739
3001,1100.2,1811.359349712553
3002,1094.8,1811.8368103301557
3003,1129.0,1812.3142377188672
3004,1131.2,1812.7916318920643
3005,1098.6,1813.2689928631146
3006,1134.4,1813.7463206453747
3007,1139.4,1814.2236152521918
3008,1141.6,1814.700876696903
3009,1136.2,1815.178104992836
3010,1141.6,1815.6553001533086
3011,1130.6,1816.132462191629
3012,1169.2,1816.6095911210953
3013,1177.8,1817.0866869549957
3014,1180.0,1817.5637497066095
3015,1217.8,1818.0407793892055
3016,1193.2,1818.5177760160427
3017,1169.0,1818.994739600371
3018,1168.8,1819.4716701554307
3019,1207.4,1819.948567694451
3020,1218.0,1820.425432230653
3021,1225.8,1820.902263777248
3022,1235.6,1821.3790623474365
3023,1224.2,1821.85582795441
3024,1253.6,1822.332560611351
3025,1259.4,1822.8092603314312
3026,1270.8,1823.2859271278135
3027,1278.6,1823.7625610136508
3028,1299.2,1824.2391620020871
3029,1321.8,1824.7157301062555
3030,1312.0,1825.1922653392808
3031,1337.8,1825.6687677142775
3032,1370.8,1826.145237244351
3033,1368.2,1826.6216739425965
3034,1379.6,1827.0980778221
3035,1383.4,1827.574448895939
3036,1384.0,1828.0507871771795
3037,1424.2,1828.5270926788796
3038,1384.0,1829.003365414087
3039,1342.6,1829.4796053958407
3040,1297.2,1829.955812637169
3041,1309.8,1830.431987151092
3042,1333.6,1830.90812895062
3043,1318.6,1831.384238048753
3044,1359.2,1831.8603144584833
3045,1320.2,1832.3363581927922
3046,1345.6,1832.8123692646516
3047,1341.0,1833.2883476870252
3048,1315.6,1833.7642934728665
3049,1303.4,1834.2402066351194
3050,1339.2,1834.7160871867188
3051,1356.2,1835.1919351405907
3052,1346.4,1835.6677505096507
3053,1337.0,1836.1435333068055
3054,1298.0,1836.6192835449529
3055,1307.4,1837.095001236981
3056,1327.6,1837.5706863957682
3057,1285.0,1838.0463390341843
3058,1261.2,1838.5219591650896
3059,1255.4,1838.9975468013345
3060,1266.4,1839.4731019557607
3061,1225.8,1839.9486246412011
3062,1218.0,1840.424114870478
3063,1212.2,1840.8995726564058
3064,1178.0,1841.3749980117889
3065,1218.6,1841.850390949423
3066,1213.6,1842.3257514820932
3067,1215.4,1842.8010796225778
3068,1257.6,1843.2763753836434
3069,1271.4,1843.7516387780493
3070,1281.6,1844.2268698185446
3071,1271.4,1844.702068517869
3072,1248.4,1845.1772348887541
3073,1206.6,1845.6523689439218
3074,1212.8,1846.1274706960844
3075,1252.2,1846.6025401579454
3076,1264.4,1847.0775773422
3077,1277.0,1847.5525822615327
3078,1279.2,1848.0275549286202
3079,1287.4,1848.5024953561294
3080,1272.8,1848.9774035567186
3081,1317.8,1849.4522795430364
3082,1350.0,1849.9271233277232
3083,1337.0,1850.4019349234093
3084,1337.6,1850.876714342717
3085,1343.4,1851.3514615982585
3086,1312.4,1851.8261767026383
3087,1281.0,1852.3008596684501
3088,1288.8,1852.7755105082806
3089,1274.6,1853.2501292347056
3090,1279.6,1853.7247158602936
3091,1297.0,1854.1992703976025
3092,1302.4,1854.6737928591826
3093,1274.6,1855.1482832575743
3094,1255.6,1855.62274160531
3095,1257.8,1856.097167914912
3096,1298.8,1856.571562198894
3097,1293.8,1857.045924469762
3098,1284.0,1857.5202547400113
3099,1281.0,1857.9945530221294
3100,1284.4,1858.4688193285938
3101,1275.4,1858.943053671875
3102,1280.0,1859.417256064433
3103,1289.0,1859.891426518719
3104,1286.0,1860.3655650471767
3105,1281.8,1860.8396716622392
3106,1254.0,1861.313746376332
3107,1237.0,1861.7877892018712
3108,1222.0,1862.261800151264
3109,1252.2,1862.7357792369094
3110,1260.0,1863.2097264711965
3111,1235.4,1863.683641866507
3112,1248.0,1864.1575254352128
3113,1294.6,1864.631377189677
3114,1281.2,1865.1051971422546
3115,1305.0,1865.5789853052916
3116,1316.8,1866.0527416911245
3117,1311.4,1866.5264663120824
3118,1341.6,1867.0001591804844
3119,1374.6,1867.4738203086415
3120,1367.2,1867.9474497088559
3121,1352.2,1868.421047393421
3122,1376.4,1868.894613374622
3123,1393.0,1869.3681476647346
3124,1424.4,1869.8416502760263
3125,1393.8,1870.3151212207554
3126,1400.0,1870.7885605111728
3127,1389.8,1871.261968159519
3128,1422.4,1871.7353441780276
3129,1446.6,1872.208688578922
3130,1471.2,1872.6820013744182
3131,1463.4,1873.1552825767228
3132,1483.2,1873.628532198034
3133,1479.4,1874.1017502505417
3134,1444.4,1874.5749367464268
3135,1433.0,1875.0480916978613
3136,1402.8,1875.5212151170101
3137,1386.6,1875.994307016028
3138,1358.0,1876.4673674070616
3139,1360.2,1876.9403963022494
3140,1405.2,1877.413393713721
3141,1433.0,1877.8863596535978
3142,1460.8,1878.3592941339916
3143,1465.8,1878.8321971670073
3144,1437.6,1879.3050687647403
3145,1462.6,1879.7779089392775
3146,1481.2,1880.2507177026978
3147,1493.0,1880.723495067071
3148,1479.2,1881.1962410444592
3149,1428.2,1881.6689556469153
3150,1479.2,1882.1416388864839
3151,1485.8,1882.6142907752017
3152,1473.2,1883.086911325096
3153,1484.2,1883.5595005481869
3154,1467.2,1884.0320584564847
3155,1475.4,1884.5045850619929
3156,1476.4,1884.9770803767046
3157,1505.0,1885.4495444126067
3158,1471.6,1885.9219771816756
3159,1479.4,1886.3943786958812
3160,1496.4,1886.8667489671836
3161,1497.8,1887.3390880075353
3162,1485.2,1887.8113958288802
3163,1468.2,1888.283672443154
3164,1502.0,1888.755917862284
3165,1477.0,1889.2281320981888
3166,1512.4,1889.7003151627794
3167,1464.2,1890.172467067958
3168,1454.4,1890.6445878256188
3169,1452.2,1891.1166774476471
3170,1476.0,1891.5887359459205
3171,1485.8,1892.0607633323089
3172,1533.6,1892.532759618672
3173,1577.0,1893.004724816863
3174,1524.4,1893.4766589387266
3175,1477.0,1893.9485619960983
3176,1434.0,1894.4204340008066
3177,1419.4,1894.8922749646708
3178,1423.2,1895.3640848995024
3179,1411.4,1895.8358638171048
3180,1412.8,1896.3076117292728
3181,1399.4,1896.7793286477938
3182,1402.4,1897.251014584446
3183,1375.4,1897.722669551
3184,1425.6,1898.1942935592183
3185,1421.0,1898.6658866208547
3186,1418.8,1899.1374487476558
3187,1433.0,1899.6089799513588
3188,1400.4,1900.0804802436937
3189,1397.0,1900.5519496363825
3190,1366.4,1901.0233881411382
3191,1401.8,1901.4947957696663
3192,1388.0,1901.9661725336641
3193,1377.0,1902.437518444821
3194,1418.0,1902.9088335148178
3195,1429.0,1903.3801177553282
3196,1431.6,1903.8513711780158
3197,1425.0,1904.3225937945388
3198,1453.6,1904.7937856165456
3199,1460.2,1905.2649466556766
3200,1468.8,1905.736076923565
3201,1471.4,1906.2071764318353
3202,1431.2,1906.6782451921042
3203,1441.8,1907.149283215981
3204,1482.0,1907.6202905150653
3205,1456.2,1908.0912671009507
3206,1460.4,1908.5622129852215
3207,1486.6,1909.0331281794545
3208,1516.8,1909.5040126952183
3209,1545.0,1909.9748665440736
3210,1534.4,1910.4456897375737
3211,1488.2,1910.916482287263
3212,1480.0,1911.3872442046788
3213,1502.6,1911.8579755013498
3214,1472.4,1912.328676188797
3215,1464.2,1912.7993462785337
3216,1475.6,1913.269985782065
3217,1469.8,1913.740594710889
3218,1450.4,1914.2111730764937
3219,1442.6,1914.681720890362
3220,1446.4,1915.1522381639668
3221,1444.2,1915.622724908774
3222,1462.8,1916.093181136242
3223,1506.6,1916.5636068578206
3224,1495.2,1917.0340020849517
3225,1510.6,1917.5043668290702
3226,1531.2,1917.9747011016025
3227,1527.4,1918.4450049139668
3228,1533.6,1918.9152782775752
3229,1567.4,1919.38552120383
3230,1587.6,1919.8557337041266
3231,1598.6,1920.3259157898526
3232,1554.4,1920.796067472388
3233,1570.6,1921.2661887631043
3234,1544.0,1921.7362796733662
3235,1555.4,1922.2063402145295
3236,1556.4,1922.6763703979434
3237,1569.8,1923.1463702349486
3238,1577.2,1923.6163397368782
3239,1585.0,1924.0862789150583
3240,1594.0,1924.5561877808059
3241,1625.0,1925.0260663454312
3242,1605.6,1925.4959146202364
3243,1613.8,1925.9657326165168
3244,1572.0,1926.4355203455584
3245,1545.8,1926.9052778186413
3246,1514.0,1927.3750050470364
3247,1549.0,1927.8447020420078
3248,1541.2,1928.3143688148116
3249,1553.8,1928.784005376697
3250,1556.8,1929.253611738904
3251,1598.6,1929.7231879126666
3252,1613.2,1930.1927339092101
3253,1618.6,1930.6622497397523
3254,1628.8,1931.1317354155042
3255,1613.8,1931.6011909476683
3256,1620.8,1932.07061634744
3257,1653.8,1932.5400116260062
3258,1647.2,1933.0093767945477
3259,1685.0,1933.4787118642366
3260,1720.0,1933.948016846238
3261,1769.8,1934.4172917517092
3262,1806.8,1934.8865365917993
3263,1814.6,1935.3557513776514
3264,1854.0,1935.8249361203991
3265,1849.8,1936.2940908311707
3266,1805.6,1936.7632155210847
3267,1858.6,1937.2323102012542
3268,1842.8,1937.7013748827828
3269,1856.2,1938.170409576768
3270,1864.8,1938.6394142942995
3271,1823.4,1939.108389046459
3272,1848.4,1939.5773338443214
3273,1891.4,1940.0462486989536
3274,1898.0,1940.515133621415
3275,1881.8,1940.9839886227585
3276,1871.2,1941.4528137140278
3277,1885.0,1941.921608906261
3278,1884.0,1942.3903742104878
3279,1846.6,1942.85910963773
3280,1847.6,1943.327815199003
3281,1876.2,1943.7964909053148
3282,1892.4,1944.265136767665
3283,1876.2,1944.7337527970462
3284,1858.4,1945.202339004444
3285,1845.0,1945.6708954008361
3286,1836.4,1946.1394219971937
3287,1821.8,1946.6079188044794
3288,1794.4,1947.076385833649
3289,1779.4,1947.5448230956515
3290,1816.4,1948.0132306014275
3291,1779.4,1948.481608361911
3292,1816.4,1948.9499563880286
3293,1779.4,1949.4182746906986
3294,1766.4,1949.8865632808338
3295,1747.4,1950.354822169338
3296,1745.6,1950.8230513671087
3297,1740.2,1951.2912508850357
3298,1787.2,1951.7594207340014
3299,1836.2,1952.227560924881
3300,1887.2,1952.6956714685427
3301,1891.4,1953.163752375847
3302,1928.4,1953.6318036576474
3303,1890.6,1954.0998253247903
3304,1850.0,1954.5678173881145
3305,1825.8,1955.0357798584516
3306,1808.4,1955.5037127466258
3307,1811.4,1955.9716160634548
3308,1800.0,1956.4394898197481
3309,1793.0,1956.9073340263087
3310,1788.0,1957.3751486939325
3311,1815.4,1957.8429338334072
3312,1820.4,1958.3106894555142
3313,1795.4,1958.7784155710274
3314,1790.8,1959.2461121907143
3315,1797.8,1959.7137793253332
3316,1809.6,1960.1814169856377
3317,1774.6,1960.6490251823723
3318,1810.8,1961.1166039262755
3319,1861.0,1961.584153228078
3320,1874.0,1962.0516730985041
3321,1909.0,1962.5191635482697
3322,1921.6,1962.9866245880853
3323,1909.0,1963.4540562286527
3324,1936.0,1963.9214584806675
3325,1889.8,1964.3888313548175
3326,1879.6,1964.8561748617844
3327,1886.6,1965.3234890122417
3328,1836.8,1965.7907738168567
3329,1882.6,1966.2580292862892
3330,1897.2,1966.7252554311922
3331,1913.8,1967.1924522622107
3332,1907.2,1967.659619789984
3333,1963.4,1968.126758025143
3334,1967.6,1968.5938669783134
3335,2025.8,1969.060946660112
3336,2029.2,1969.5279970811491
3337,2071.4,1969.9950182520288
3338,2119.2,1970.462010183347
3339,2109.8,1970.9289728856934
3340,2118.0,1971.39590636965
3341,2133.0,1971.862810645793
3342,2155.6,1972.3296857246899
3343,2143.4,1972.796531616903
3344,2177.6,1973.2633483329864
3345,2191.4,1973.7301358834875
3346,2179.6,1974.196894278947
3347,2119.4,1974.6636235298986
3348,2069.6,1975.1303236468686
3349,2059.4,1975.5969946403768
3350,2076.8,1976.0636365209364
3351,2073.8,1976.5302492990525
3352,2056.0,1976.9968329852245
3353,2117.0,1977.4633875899437
3354,2138.4,1977.9299131236958
3355,2077.8,1978.3964095969588
3356,2070.4,1978.8628770202042
3357,2082.6,1979.3293154038956
3358,2085.2,1979.7957247584914
3359,2055.4,1980.2621050944413
3360,2032.4,1980.7284564221898
3361,2045.8,1981.1947787521733
3362,2009.2,1981.661072094822
3363,1974.6,1982.1273364605588
3364,1972.8,1982.5935718598002
3365,1974.6,1983.0597783029557
3366,1958.4,1983.5259558004277
3367,1941.0,1983.9921043626125
3368,1990.0,1984.4582239998986
3369,2006.6,1984.9243147226682
3370,2004.4,1985.3903765412967
3371,2025.0,1985.856409466153
3372,2015.6,1986.3224135075982
3373,2025.8,1986.788388675988
3374,2036.4,1987.2543349816701
3375,2029.0,1987.7202524349862
3376,2051.6,1988.1861410462707
3377,2087.4,1988.652000825852
3378,2065.6,1989.1178317840504
3379,2123.4,1989.5836339311809
3380,2108.8,1990.0494072775512
3381,2103.4,1990.5151518334617
3382,2093.2,1990.9808676092073
3383,2142.6,1991.4465546150745
3384,2107.2,1991.9122128613453
3385,2116.2,1992.3778423582926
3386,2150.8,1992.8434431161843
3387,2129.0,1993.3090151452807
3388,2168.0,1993.7745584558359
3389,2117.8,1994.2400730580969
3390,2134.0,1994.7055589623053
3391,2073.0,1995.1710161786934
3392,2084.4,1995.6364447174897
3393,2095.4,1996.1018445889142
3394,2131.2,1996.567215803181
3395,2144.2,1997.0325583704973
3396,2165.2,1997.4978723010636
3397,2203.4,1997.9631576050742
3398,2241.2,1998.4284142927168
3399,2251.4,1998.893642374171
3400,2292.8,1999.3588418596116
3401,2275.4,1999.8240127592062
3402,2257.6,2000.289155083116
3403,2241.8,2000.7542688414944
3404,2234.4,2001.2193540444898
3405,2256.2,2001.6844107022432
3406,2234.4,2002.1494388248893
3407,2273.0,2002.6144384225556
3408,2259.6,2003.079409505364
3409,2300.2,2003.5443520834294
3410,2288.8,2004.00926616686
3411,2322.6,2004.4741517657574
3412,2363.6,2004.9390088902169
3413,2322.6,2005.4038375503274
3414,2273.2,2005.868637756171
3415,2265.0,2006.3334095178227
3416,2314.8,2006.7981528453524
3417,2273.8,2007.2628677488226
3418,2235.2,2007.727554238289
3419,2198.6,2008.1922123238014
3420,2213.6,2008.6568420154028
3421,2253.8,2009.1214433231303
3422,2274.0,2009.5860162570139
3423,2281.8,2010.0505608270767
3424,2318.8,2010.515077043336
3425,2281.8,2010.9795649158032
3426,2272.0,2011.444024454482
3427,2309.0,2011.9084556693706
3428,2348.0,2012.3728585704603
3429,2377.8,2012.8372331677356
3430,2326.0,2013.3015794711755
3431,2340.2,2013.765897490752
3432,2300.8,2014.2301872364308
3433,2308.2,2014.694448718171
3434,2330.4,2015.1586819459255
3435,2389.8,2015.6228869296408
3436,2380.0,2016.0870636792572
3437,2372.2,2016.5512122047076
3438,2404.8,2017.0153325159201
3439,2368.2,2017.4794246228153
3440,2375.6,2017.9434885353076
3441,2412.2,2018.407524263305
3442,2429.6,2018.8715318167099
3443,2420.2,2019.335511205417
3444,2429.2,2019.7994624393166
3445,2390.6,2020.2633855282902
3446,2376.0,2020.7272804822144
3447,2414.6,2021.1911473109594
3448,2426.0,2021.65498602439
3449,2387.4,2022.118796632362
3450,2429.2,2022.5825791447273
3451,2437.0,2023.046333571331
3452,2476.0,2023.5100599220116
3453,2517.0,2023.9737582066005
3454,2575.2,2024.4374284349242
3455,2619.4,2024.9010706168026
3456,2559.6,2025.3646847620487
3457,2550.6,2025.8282708804697
3458,2544.0,2026.2918289818665
3459,2543.4,2026.755359076034
3460,2554.0,2027.2188611727597
3461,2583.4,2027.6823352818262
3462,2584.0,2028.1457814130094
3463,2600.2,2028.6091995760785
3464,2612.0,2029.0725897807974
3465,2644.2,2029.535952036923
3466,2658.8,2029.9992863542059
3467,2718.6,2030.462592742391
3468,2709.2,2030.925871211217
3469,2697.0,2031.3891217704163
3470,2686.0,2031.8523444297143
3471,2700.2,2032.3155391988314
3472,2709.6,2032.7787060874814
3473,2700.2,2033.2418451053716
3474,2685.2,2033.7049562622037
3475,2708.2,2034.1680395676724
3476,2698.4,2034.631095031467
3477,2652.2,2035.0941226632701
3478,2638.0,2035.5571224727591
3479,2649.8,2036.020094469604
3480,2664.0,2036.4830386634692
3481,2630.6,2036.9459550640133
3482,2576.4,2037.4088436808886
3483,2569.8,2037.8717045237404
3484,2586.0,2038.3345376022096
3485,2646.6,2038.7973429259296
3486,2642.4,2039.2601205045278
3487,2640.2,2039.7228703476258
3488,2632.0,2040.1855924648398
3489,2640.2,2040.6482868657788
3490,2631.2,2041.1109535600463
3491,2629.8,2041.5735925572394
3492,2670.4,2042.036203866949
3493,2670.6,2042.4987874987612
3494,2717.2,2042.961343462254
3495,2760.2,2043.4238717670012
3496,2752.0,2043.8863724225691
3497,2765.8,2044.3488454385192
3498,2744.4,2044.811290824406
3499,2799.4,2045.2737085897782
3500,2785.6,2045.7360987441791
3501,2805.8,2046.1984612971455
3502,2812.4,2046.6607962582077
3503,2841.0,2047.1231036368908
3504,2840.0,2047.5853834427135
3505,2855.4,2048.0476356851887
3506,2834.4,2048.5098603738224
3507,2837.0,2048.9720575181163
3508,2855.2,2049.4342271275655
3509,2900.2,2049.8963692116577
3510,2906.4,2050.3584837798758
3511,2911.4,2050.820570841697
3512,2972.4,2051.2826304065934
3513,3021.0,2051.744662484028
3514,3010.8,2052.206667083461
3515,3059.4,2052.668644214345
3516,3010.4,2053.1305938861274
3517,2963.4,2053.5925161082487
3518,2976.0,2054.0544108901454
3519,2961.0,2054.5162782412453
3520,2974.0,2054.978118170973
3521,2955.4,2055.4399306887453
3522,2998.0,2055.9017158039746
3523,3005.0,2056.3634735260657
3524,3058.4,2056.8252038644187
3525,3102.6,2057.2869068284276
3526,3068.4,2057.748582427481
3527,3081.8,2058.2102306709594
3528,3054.0,2058.6718515682405
3529,3022.6,2059.1334451286943
3530,2988.4,2059.595011361685
3531,2997.8,2060.0565502765717
3532,3011.2,2060.5180618827067
3533,3019.4,2060.9795461894373
3534,3000.0,2061.4410032061046
3535,3004.2,2061.902432942044
3536,3038.0,2062.3638354065843
3537,2994.6,2062.82521060905
3538,3038.0,2063.2865585587583
3539,3050.6,2063.747879265021
3540,3067.2,2064.209172737145
3541,3054.6,2064.67043898443
3542,3099.6,2065.1316780161706
3543,3148.2,2065.592889841656
3544,3135.2,2066.054074470169
3545,3101.8,2066.515231910986
3546,3091.2,2066.9763621733796
3547,3092.2,2067.437465266615
3548,3138.0,2067.898541199952
3549,3126.6,2068.359589982644
3550,3066.0,2068.8206116239407
3551,3059.4,2069.281606133083
3552,3106.8,2069.742573519309
3553,3105.0,2070.2035137918497
3554,3046.0,2070.66442695993
3555,3064.2,2071.12531303277
3556,3087.6,2071.5861720195826
3557,3045.0,2072.047003929577
3558,3058.4,2072.507808771955
3559,3081.0,2072.9685865559136
3560,3057.2,2073.4293372906436
3561,3115.4,2073.8900609853304
3562,3150.4,2074.350757649154
3563,3134.6,2074.8114272912876
3564,3085.2,2075.2720699209003
3565,3134.6,2075.7326855471533
3566,3121.6,2076.193274179205
3567,3092.2,2076.6538358262064
3568,3081.6,2077.114370497302
3569,3125.8,2077.574878201632
3570,3162.8,2078.0353589483316
3571,3157.8,2078.4958127465284
3572,3147.2,2078.9562396053457
3573,3106.6,2079.4166395339003
3574,3104.0,2079.8770125413043
3575,3152.2,2080.3373586366633
3576,3210.4,2080.7976778290786
3577,3200.2,2081.257970127644
3578,3214.0,2081.718235541449
3579,3219.4,2082.178474079577
3580,3204.8,2082.638685751106
3581,3165.8,2083.098870565109
3582,3176.0,2083.559028530651
3583,3204.2,2084.019159656795
3584,3220.4,2084.479263952596
3585,3210.6,2084.939341427103
3586,3248.8,2085.399392089362
3587,3252.2,2085.8594159484105
3588,3241.6,2086.3194130132824
3589,3250.6,2086.7793832930056
3590,3248.4,2087.2393267966017
3591,3199.4,2087.6992435330867
3592,3195.6,2088.1591335114736
3593,3212.2,2088.618996740766
3594,3242.8,2089.0788332299653
3595,3206.6,2089.5386429880646
3596,3176.0,2089.9984260240535
3597,3224.2,2090.4581823469157
3598,3209.2,2090.9179119656283
3599,3193.8,2091.3776148891643
3600,3161.6,2091.8372911264905
3601,3176.2,2092.2969406865677
3602,3245.6,2092.7565635783526
3603,3236.2,2093.216159810795
3604,3272.0,2093.6757293928395
3605,3213.0,2094.1352723334257
3606,3251.2,2094.5947886414883
3607,3199.4,2095.0542783259552
3608,3240.8,2095.513741395749
3609,3252.2,2095.9731778597875
3610,3254.8,2096.432587726983
3611,3215.4,2096.8919710062414
3612,3200.4,2097.351327706465
3613,3182.6,2097.810657836548
3614,3196.0,2098.269961405382
3615,3205.8,2098.7292384218517
3616,3209.6,2099.1884888948357
3617,3173.0,2099.6477128332085
3618,3185.2,2100.1069102458387
3619,3180.2,2100.566081141589
3620,3216.8,2101.025225529318
3621,3217.8,2101.484343417878
3622,3171.2,2101.9434348161144
3623,3156.2,2102.40249973287
3624,3190.8,2102.8615381769814
3625,3209.0,2103.3205501572784
3626,3206.8,2103.779535682587
3627,3205.0,2104.2384947617265
3628,3265.2,2104.6974274035124
3629,3213.8,2105.156333616753
3630,3217.6,2105.615213410253
3631,3157.8,2106.0740667928108
3632,3153.6,2106.5328937732193
3633,3193.0,2106.9916943602666
3634,3207.2,2107.4504685627353
3635,3242.6,2107.9092163894024
3636,3200.8,2108.36793784904
3637,3165.0,2108.826632950414
3638,3228.4,2109.285301702286
3639,3242.6,2109.7439441134115
3640,3244.4,2110.202560192542
3641,3285.8,2110.6611499484216
3642,3273.6,2111.1197133897913
3643,3322.6,2111.5782505253846
3644,3334.8,2112.036761363932
3645,3308.2,2112.4952459141564
3646,3271.2,2112.953704184777
3647,3320.2,2113.4121361845077
3648,3340.8,2113.870541922057
3649,3412.2,2114.328921406126
3650,3456.4,2114.7872746454145
3651,3429.8,2115.2456016486135
3652,3456.4,2115.703902424411
3653,3525.0,2116.162176981488
3654,3575.2,2116.620425328522
3655,3594.6,2117.078647474183
3656,3617.6,2117.5368434271395
3657,3597.8,2117.99501319605
3658,3649.6,2118.453156789572
3659,3673.0,2118.9112742163547
3660,3658.0,2119.369365485044
3661,3673.0,2119.8274306042795
3662,3692.0,2120.2854695826964
3663,3694.6,2120.7434824289244
3664,3652.0,2121.2014691515874
3665,3649.8,2121.6594297593047
3666,3642.4,2122.11736426069
3667,3583.4,2122.575272664353
3668,3521.6,2123.0331549788966
3669,3482.6,2123.491011212919
3670,3483.2,2123.948841375015
3671,3490.6,2124.4066454737704
3672,3507.2,2124.8644235177703
3673,3489.8,2125.3221755155905
3674,3416.0,2125.779901475805
3675,3413.8,2126.237601406981
3676,3397.2,2126.69527531768
3677,3435.4,2127.1529232164607
3678,3420.8,2127.6105451118733
3679,3369.8,2128.0681410124657
3680,3312.4,2128.5257109267795
3681,3314.6,2128.9832548633517
3682,3318.8,2129.440772830713
3683,3338.6,2129.89826483739
3684,3360.4,2130.3557308919044
3685,3398.6,2130.813171002772
3686,3360.4,2131.2705851785036
3687,3329.0,2131.727973427606
3688,3327.6,2132.1853357585787
3689,3281.8,2132.642672179919
3690,3279.6,2133.0999827001165
3691,3236.2,2133.557267327657
3692,3184.4,2134.014526071021
3693,3231.4,2134.4717589386846
3694,3246.4,2134.9289659391175
3695,3263.4,2135.386147080785
3696,3213.2,2135.8433023721477
3697,3241.8,2136.3004318216604
3698,3206.4,2136.757535437773
3699,3198.6,2137.2146132289313
3700,3198.0,2137.6716652035752
3701,3165.0,2138.128691370139
3702,3148.4,2138.5856917370543
3703,3117.0,2139.0426663127437
3704,3104.8,2139.4996151056293
3705,3045.8,2139.9565381241246
3706,3052.4,2140.41343537664
3707,3042.6,2140.8703068715804
3708,3036.4,2141.3271526173453
3709,3068.2,2141.7839726223297
3710,3054.0,2142.240766894924
3711,3001.8,2142.6975354435126
3712,2977.2,2143.154278276475
3713,2947.4,2143.6109954021867
3714,3019.6,2144.0676868290175
3715,3021.8,2144.524352565332
3716,3038.4,2144.9809926194903
3717,2985.8,2145.4376069998475
3718,2956.8,2145.894195714753
3719,3005.8,2146.350758772553
3720,3014.8,2146.8072961815874
3721,2987.4,2147.26380795019
3722,2990.4,2147.7202940866923
3723,2959.4,2148.176754599419
3724,2950.8,2148.6331894966906
3725,2963.4,2149.089598786823
3726,2942.0,2149.5459824781256
3727,2970.6,2150.0023405789043
3728,2904.0,2150.4586730974597
3729,2951.4,2150.9149800420882
3730,2934.0,2151.3712614210795
3731,2928.2,2151.82751724272
3732,2943.2,2152.2837475152905
3733,2993.8,2152.7399522470673
3734,3010.8,2153.1961314463215
3735,3029.8,2153.652285121319
3736,2982.4,2154.108413280321
3737,2965.8,2154.564515931585
3738,3036.8,2155.0205930833617
3739,2993.0,2155.4766447438983
3740,2978.0,2155.932670921436
3741,2947.4,2156.388671624213
3742,2898.0,2156.84464686046
3743,2898.6,2157.3005966384053
3744,2920.0,2157.756520966271
3745,2906.6,2158.2124198522743
3746,2959.2,2158.6682933046286
3747,2888.2,2159.1241413315415
3748,2892.4,2159.5799639412157
3749,2880.2,2160.0357611418494
3750,2880.0,2160.4915329416367
3751,2881.8,2160.9472793487653
3752,2865.2,2161.4030003714192
3753,2817.8,2161.858696017778
3754,2835.6,2162.3143662960147
3755,2833.8,2162.770011214299
3756,2849.2,2163.225630780795
3757,2849.0,2163.6812250036637
3758,2866.0,2164.136793891059
3759,2898.6,2164.5923374511303
3760,2851.2,2165.047855692024
3761,2862.6,2165.50334862188
3762,2922.0,2165.9588162488344
3763,2885.0,2166.414258581018
3764,2914.8,2166.869675626557
3765,2944.2,2167.325067393573
3766,2922.8,2167.7804338901824
3767,2930.6,2168.2357751244967
3768,2901.6,2168.691091104624
3769,2904.2,2169.146381838666
3770,2871.6,2169.60164733472
3771,2875.4,2170.05688760088
3772,2879.6,2170.512102645233
3773,2852.2,2170.967292475863
3774,2886.0,2171.422457100848
3775,2907.4,2171.877596528263
3776,2941.2,2172.332710766177
3777,2915.4,2172.7877998226536
3778,2894.0,2173.2428637057533
3779,2917.0,2173.697902423531
3780,2984.8,2174.152915984037
3781,2929.0,2174.6079043953177
3782,2936.4,2175.062867665413
3783,2961.0,2175.517805802359
3784,2911.2,2175.9727188141883
3785,2888.2,2176.427606708927
3786,2886.8,2176.8824694945984
3787,2819.4,2177.337307179219
3788,2801.6,2177.7921197708015
3789,2805.0,2178.2469072773547
3790,2739.6,2178.7016697068816
3791,2687.4,2179.156407067381
3792,2678.0,2179.6111193668476
3793,2705.0,2180.0658066132705
3794,2684.8,2180.5204688146355
3795,2635.4,2180.9751059789214
3796,2617.6,2181.429718114104
3797,2586.6,2181.884305228155
3798,2614.4,2182.3388673290406
3799,2663.4,2182.7934044247218
3800,2710.0,2183.2479165231557
3801,2726.6,2183.7024036322955
3802,2680.4,2184.1568657600883
3803,2647.4,2184.6113029144776
3804,2630.8,2185.065715103401
3805,2601.8,2185.520102334794
3806,2666.8,2185.974464616585
3807,2693.0,2186.428801956699
3808,2661.2,2186.883114363056
3809,2637.8,2187.3374018435716
3810,2620.8,2187.7916644061565
3811,2637.0,2188.245902058717
3812,2682.4,2188.700114809156
3813,2702.6,2189.154302665369
3814,2701.6,2189.60846563525
3815,2719.4,2190.0626037266866
3816,2702.4,2190.516716947562
3817,2668.2,2190.9708053057557
3818,2617.2,2191.424868809141
3819,2625.0,2191.8789074655892
3820,2625.2,2192.3329212829644
3821,2605.8,2192.7869102691284
3822,2601.6,2193.240874431936
3823,2607.4,2193.6948137792397
3824,2580.0,2194.1487283188862
3825,2565.8,2194.6026180587187
3826,2560.0,2195.0564830065746
3827,2548.2,2195.5103231702874
3828,2504.0,2195.9641385576865
3829,2510.6,2196.417929176596
3830,2504.0,2196.871695034836
3831,2509.0,2197.325436140222
3832,2500.8,2197.779152500565
3833,2472.2,2198.2328441236714
3834,2466.0,2198.6865110173426
3835,2477.8,2199.1401531893766
3836,2451.2,2199.5937706475665
3837,2498.6,2200.0473633997003
3838,2509.2,2200.500931453562
3839,2529.0,2200.9544748169315
3840,2503.6,2201.4079934975834
3841,2537.0,2201.861487503289
3842,2540.8,2202.3149568418135
3843,2585.8,2202.7684015209184
3844,2613.6,2203.2218215483613
3845,2615.4,2203.675216931895
3846,2627.2,2204.128587679268
3847,2618.6,2204.5819337982234
3848,2591.2,2205.0352552965005
3849,2536.2,2205.488552181835
3850,2528.8,2205.9418244619574
3851,2543.4,2206.395072144592
3852,2505.6,2206.848295237463
3853,2503.4,2207.3014937482853
3854,2537.2,2207.754667684773
3855,2566.6,2208.207817054634
3856,2556.0,2208.6609418655717
3857,2580.2,2209.1140421252862
3858,2594.4,2209.5671178414727
3859,2597.8,2210.0201690218214
3860,2551.6,2210.4731956740193
3861,2537.8,2210.9261978057475
3862,2501.2,2211.379175424684
3863,2525.0,2211.832128538502
3864,2523.6,2212.2850571548693
3865,2520.2,2212.7379612814507
3866,2544.8,2213.1908409259063
3867,2533.8,2213.643696095892
3868,2484.8,2214.096526799058
3869,2477.0,2214.5493330430527
3870,2461.2,2215.0021148355167
3871,2470.6,2215.4548721840897
3872,2486.4,2215.9076050964045
3873,2485.8,2216.360313580091
3874,2437.2,2216.812997642773
3875,2437.8,2217.265657292073
3876,2436.8,2217.718292535606
3877,2486.6,2218.170903380985
3878,2436.8,2218.6234898358166
3879,2443.4,2219.076051907705
3880,2443.6,2219.5285896042487
3881,2397.0,2219.981102933042
3882,2392.4,2220.4335919016767
3883,2446.6,2220.8860565177374
3884,2459.6,2221.3384967888064
3885,2433.0,2221.790912722461
3886,2434.4,2222.2433043262745
3887,2433.0,2222.6956716078157
3888,2456.4,2223.148014574648
3889,2466.6,2223.6003332343334
3890,2496.0,2224.0526275944267
3891,2497.8,2224.5048976624794
3892,2472.8,2224.9571434460395
3893,2449.8,2225.4093649526494
3894,2436.0,2225.8615621898484
3895,2433.8,2226.3137351651703
3896,2422.0,2226.765883886146
3897,2457.0,2227.218008360301
3898,2445.6,2227.6701085951577
3899,2436.2,2228.1221845982323
3900,2399.6,2228.5742363770387
3901,2399.4,2229.0262639390858
3902,2410.8,2229.478267291878
3903,2399.4,2229.930246442916
3904,2381.2,2230.382201399696
3905,2429.0,2230.834132169709
3906,2447.6,2231.2860387604437
3907,2440.2,2231.737921179383
3908,2460.8,2232.189779434007
3909,2487.4,2232.6416135317895
3910,2453.2,2233.0934234802016
3911,2456.2,2233.5452092867104
3912,2482.4,2233.9969709587776
3913,2478.6,2234.448708503862
3914,2481.6,2234.900421929416
3915,2521.0,2235.352111242891
3916,2549.2,2235.8037764517317
3917,2546.6,2236.2554175633795
3918,2546.0,2236.7070345852712
3919,2546.6,2237.15862752484
3920,2536.4,2237.610196389515
3921,2586.6,2238.0617411867197
3922,2589.2,2238.5132619238752
3923,2541.8,2238.964758608398
3924,2485.6,2239.416231247699
3925,2541.8,2239.867679849187
3926,2498.0,2240.3191044202645
3927,2503.4,2240.7705049683327
3928,2468.0,2241.221881500785
3929,2417.8,2241.673234025014
3930,2422.8,2242.124562548406
3931,2429.8,2242.5758670783443
3932,2400.8,2243.027147622207
3933,2392.2,2243.4784041873686
3934,2391.2,2243.9296367812003
3935,2357.0,2244.3808454110685
3936,2365.6,2244.8320300843343
3937,2359.4,2245.283190808356
3938,2327.2,2245.734327590488
3939,2319.4,2246.1854404380797
3940,2363.2,2246.6365293584768
3941,2335.4,2247.087594359021
3942,2309.2,2247.5386354470493
3943,2252.2,2247.9896526298953
3944,2283.6,2248.440645914888
3945,2301.8,2248.891615309353
3946,2282.8,2249.34256082061
3947,2290.6,2249.793482455977
3948,2282.4,2250.2443802227667
3949,2284.2,2250.6952541282876
3950,2282.4,2251.1461041798443
3951,2226.6,2251.5969303847373
3952,2173.6,2252.0477327502626
3953,2155.4,2252.4985112837135
3954,2148.0,2252.9492659923776
3955,2147.4,2253.3999968835396
3956,2123.2,2253.850703964479
3957,2097.0,2254.3013872424726
3958,2096.8,2254.7520467247914
3959,2093.0,2255.2026824187046
3960,2064.8,2255.6532943314755
3961,2028.2,2256.1038824703637
3962,2012.8,2256.554446842625
3963,2017.8,2257.0049874555125
3964,2018.4,2257.455504316272
3965,1983.4,2257.905997432148
3966,1978.4,2258.3564668103804
3967,1980.2,2258.8069124582044
3968,1974.4,2259.2573343828517
3969,1924.2,2259.70773259155
3970,1947.6,2260.158107091523
3971,1983.4,2260.6084578899895
3972,2012.4,2261.0587849941658
3973,1987.4,2261.5090884112633
3974,1991.2,2261.959368148489
3975,1975.4,2262.409624213046
3976,1972.4,2262.859856612135
3977,1969.8,2263.3100653529505
3978,1942.0,2263.7602504426845
3979,1888.2,2264.2104118885245
3980,1912.0,2264.660549697653
3981,1919.4,2265.110663877251
3982,1881.6,2265.560754434493
3983,1891.4,2266.010821376551
3984,1894.4,2266.4608647105924
3985,1945.8,2266.9108844437806
3986,1979.6,2267.3608805832755
3987,1952.2,2267.8108531362323
3988,1979.6,2268.260802109803
3989,2009.8,2268.7107275111357
3990,2013.2,2269.1606293473737
3991,1977.0,2269.610507625657
3992,1973.2,2270.0603623531215
3993,2001.0,2270.510193536899
3994,2015.6,2270.960001184117
3995,1986.6,2271.4097853019007
3996,1974.8,2271.8595458973687
3997,2013.8,2272.3092829776383
3998,1986.4,2272.758996549821
3999,2027.4,2273.2086866210257
4000,2024.0,2273.6583531983565
4001,2010.6,2274.107996288914
4002,2013.2,2274.5576158997937
4003,2013.0,2275.0072120380896
4004,2044.8,2275.4567847108897
4005,2045.8,2275.906333925279
4006,2040.4,2276.355859688338
4007,2045.0,2276.8053620071437
4008,2100.0,2277.25484088877
4009,2129.0,2277.704296340285
4010,2125.6,2278.153728368755
4011,2145.0,2278.6031369812404
4012,2146.4,2279.052522184799
4013,2185.0,2279.501883986484
4014,2130.4,2279.951222393346
4015,2100.2,2280.400537412431
4016,2133.6,2280.8498290507796
4017,2163.4,2281.2990973154306
4018,2137.2,2281.7483422134187
4019,2192.2,2282.197563751774
4020,2242.8,2282.646761937523
4021,2243.4,2283.0959367776877
4022,2301.2,2283.5450882792875
4023,2261.0,2283.9942164493373
4024,2271.2,2284.4433212948475
4025,2302.6,2284.8924028228266
4026,2278.0,2285.341461040277
4027,2302.6,2285.790495954198
4028,2299.2,2286.2395075715863
4029,2274.6,2286.688495899433
4030,2217.6,2287.137460944726
4031,2177.8,2287.5864027144503
4032,2180.0,2288.0353212155856
4033,2181.0,2288.4842164551087
4034,2185.2,2288.9330884399924
4035,2222.6,2289.3819371772047
4036,2265.6,2289.830762673712
4037,2261.0,2290.279564936475
4038,2318.8,2290.728343972451
4039,2343.4,2291.1770997885938
4040,2290.0,2291.625832391853
4041,2320.2,2292.0745417891753
4042,2318.4,2292.523227987502
4043,2315.4,2292.971890993773
4044,2290.0,2293.4205308149217
4045,2297.8,2293.869147457879
4046,2261.2,2294.317740929573
4047,2220.2,2294.766311236926
4048,2246.0,2295.214858386858
4049,2225.0,2295.6633823862853
4050,2253.2,2296.1118832421184
4051,2305.8,2296.5603609612667
4052,2253.2,2297.008815550635
4053,2273.0,2297.457247017123
4054,2285.6,2297.905655367628
4055,2245.8,2298.3540406090433
4056,2280.0,2298.802402748258
4057,2245.8,2299.250741792158
4058,2218.0,2299.699057747625
4059,2220.2,2300.1473506215375
4060,2215.2,2300.59562042077
4061,2175.4,2301.043867152193
4062,2167.6,2301.492090822673
4063,2193.0,2301.940291439074
4064,2143.2,2302.388469008255
4065,2116.2,2302.836623537072
4066,2121.6,2303.284755032377
4067,2171.4,2303.7328635010176
4068,2121.6,2304.1809489498396
4069,2084.2,2304.629011385683
4070,2092.4,2305.0770508153855
4071,2087.4,2305.52506724578
4072,2123.6,2305.9730606836965
4073,2087.4,2306.4210311359616
4074,2056.4,2306.868978609397
4075,2087.4,2307.316903110821
4076,2101.6,2307.764804647049
4077,2077.8,2308.2126832248923
4078,2081.6,2308.660538851159
4079,2073.0,2309.1083715326517
4080,2071.6,2309.556181276171
4081,2060.2,2310.0039680885143
4082,2064.8,2310.4517319764736
4083,2017.8,2310.899472946838
4084,2020.0,2311.347191006393
4085,2043.4,2311.794886161921
4086,2016.4,2312.2425584202
4087,2064.2,2312.6902077880036
4088,2046.4,2313.1378342721036
4089,2067.4,2313.5854378792665
4090,2046.8,2314.0330186162564
4091,2078.6,2314.480576489832
4092,2046.4,2314.928111506751
4093,2049.8,2315.3756236737654
4094,2099.6,2315.8231129976234
4095,2160.2,2316.2705794850713
4096,2134.0,2316.71802314285
4097,2098.6,2317.165443977698
4098,2131.6,2317.6128419963493
4099,2087.4,2318.060217205534
4100,2085.6,2318.507569611981
4101,2100.2,2318.954899222412
4102,2108.8,2319.402206043548
4103,2110.6,2319.8494900821047
4104,2080.0,2320.2967513447948
4105,2049.8,2320.7439898383273
4106,2021.6,2321.1912055694074
4107,1981.0,2321.638398544737
4108,1957.6,2322.0855687710146
4109,1949.8,2322.5327162549347
4110,1920.0,2322.979841003188
4111,1959.4,2323.426943022462
4112,1998.0,2323.874022319441
4113,1975.4,2324.321078900804
4114,2036.8,2324.768112773229
4115,2022.6,2325.215123943388
4116,2006.4,2325.662112417951
4117,2000.2,2326.1090782035835
4118,1988.0,2326.5560213069484
4119,1957.8,2327.002941734704
4120,1959.2,2327.449839493505
4121,1930.6,2327.896714590004
4122,1874.0,2328.343567030848
4123,1886.6,2328.7903968226824
4124,1876.8,2329.237203972147
4125,1891.4,2329.6839884858805
4126,1837.2,2330.1307503705157
4127,1865.0,2330.577489632683
4128,1868.0,2331.024206279009
4129,1861.0,2331.4709003161174
4130,1850.4,2331.9175717506273
4131,1861.0,2332.3642205891547
4132,1883.2,2332.8108468383125
4133,1890.6,2333.257450504709
4134,1877.6,2333.7040315949503
4135,1865.8,2334.1505901156384
4136,1810.0,2334.5971260733713
4137,1785.0,2335.043639474744
4138,1732.4,2335.4901303263478
4139,1753.0,2335.9365986347702
4140,1729.2,2336.3830444065966
4141,1762.6,2336.8294676484065
4142,1758.8,2337.275868366778
4143,1753.0,2337.7222465682844
4144,1762.0,2338.1686022594968
4145,1757.8,2338.614935446981
4146,1720.0,2339.0612461373007
4147,1701.0,2339.507534337016
4148,1724.4,2339.9538000526823
4149,1728.2,2340.400043290853
4150,1740.8,2340.846264058078
4151,1767.4,2341.292462360902
4152,1781.6,2341.7386382058676
4153,1833.8,2342.184791599514
4154,1816.8,2342.630922548377
4155,1831.4,2343.0770310589874
4156,1826.4,2343.523117137874
4157,1788.2,2343.9691807915624
4158,1774.0,2344.4152220265732
4159,1799.4,2344.8612408494255
4160,1806.0,2345.307237266633
4161,1844.2,2345.753211284707
4162,1833.2,2346.199162910155
4163,1826.6,2346.645092149481
4164,1862.8,2347.0909990091873
4165,1922.6,2347.536883495769
4166,1939.2,2347.9827456157213
4167,1922.6,2348.4285853755346
4168,1908.0,2348.874402781695
4169,1922.6,2349.320197840687
4170,1961.6,2349.7659705589904
4171,1975.4,2350.2117209430817
4172,1959.6,2350.657448999434
4173,1945.0,2351.1031547345174
4174,1961.2,2351.548838154798
4175,1989.8,2351.994499266739
4176,1972.0,2352.4401380768
4177,1973.8,2352.885754591437
4178,1972.0,2353.3313488171025
4179,1990.6,2353.7769207602464
4180,2021.6,2354.222470427314
4181,2085.8,2354.667997824748
4182,2088.0,2355.1135029589873
4183,2072.2,2355.558985836468
4184,2066.8,2356.004446463622
4185,2098.6,2356.4498848468784
4186,2110.4,2356.895300992662
4187,2098.6,2357.3406949073965
4188,2111.6,2357.7860665974995
4189,2108.2,2358.2314160693854
4190,2098.8,2358.676743329468
4191,2113.8,2359.1220483841553
4192,2059.6,2359.5673312398517
4193,2052.2,2360.0125919029597
4194,2034.4,2360.4578303798776
4195,2012.2,2360.9030466770005
4196,2011.6,2361.34824080072
4197,2033.8,2361.7934127574244
4198,2034.0,2362.2385625534985
4199,2007.4,2362.6836901953247
4200,1955.2,2363.1287956892807
4201,2013.0,2363.5738790417413
4202,2017.2,2364.018940259078
4203,1997.0,2364.4639793476595
4204,2012.0,2364.9089963138504
4205,2023.4,2365.353991164012
4206,1983.2,2365.7989639045027
4207,2017.0,2366.243914541677
4208,2023.2,2366.6888430818867
4209,2025.0,2367.13374953148
4210,2023.2,2367.578633896802
4211,2009.0,2368.0234961841934
4212,2068.0,2368.468336399993
4213,2110.6,2368.913154550535
4214,2162.4,2369.357950642152
4215,2189.0,2369.802724681171
4216,2152.8,2370.2474766739183
4217,2156.2,2370.6922066267143
4218,2208.8,2371.1369145458775
4219,2217.8,2371.581600437723
4220,2158.0,2372.0262643085625
4221,2158.6,2372.4709061647045
4222,2160.4,2372.9155260124535
4223,2197.0,2373.360123858112
4224,2170.0,2373.8046997079773
4225,2209.0,2374.2492535683464
4226,2264.0,2374.693785445509
4227,2209.0,2375.1382953457555
4228,2230.0,2375.5827832753703
4229,2212.2,2376.0272492406352
4230,2213.6,2376.4716932478295
4231,2212.2,2376.9161153032283
4232,2230.0,2377.3605154131037
4233,2247.4,2377.8048935837255
4234,2270.4,2378.2492498213583
4235,2312.2,2378.6935841322647
4236,2351.6,2379.137896522704
4237,2352.2,2379.582186998932
4238,2328.4,2380.0264555672006
4239,2275.4,2380.47070223376
4240,2242.0,2380.9149270048565
4241,2248.2,2381.3591298867314
4242,2259.6,2381.8033108856257
4243,2242.6,2382.247470007775
4244,2289.6,2382.691607259413
4245,2258.6,2383.135722646769
4246,2238.0,2383.579816176069
4247,2237.0,2384.023887853537
4248,2272.4,2384.4679376853937
4249,2244.2,2384.9119656778544
4250,2250.0,2385.355971837134
4251,2229.0,2385.799956169443
4252,2229.6,2386.2439186809875
4253,2249.0,2386.687859377972
4254,2308.0,2387.1317782665974
4255,2355.4,2387.575675353061
4256,2343.2,2388.0195506435566
4257,2360.2,2388.4634041442764
4258,2392.8,2388.9072358614076
4259,2392.2,2389.3510458011347
4260,2416.4,2389.794833969639
4261,2393.8,2390.2386003731
4262,2424.8,2390.682345017691
4263,2425.8,2391.126067909585
4264,2422.4,2391.5697690549496
4265,2456.2,2392.0134484599516
4266,2482.0,2392.457106130752
4267,2503.4,2392.9007420735106
4268,2478.0,2393.344356294383
4269,2481.8,2393.7879487995224
4270,2534.4,2394.2315195950773
4271,2524.2,2394.6750686871947
4272,2576.8,2395.118596082017
4273,2587.4,2395.5621017856856
4274,2603.6,2396.005585804336
4275,2566.6,2396.449048144102
4276,2543.2,2396.8924888111146
4277,2561.8,2397.3359078115004
4278,2526.8,2397.7793051513845
4279,2531.4,2398.2226808368864
4280,2556.4,2398.666034874125
4281,2495.4,2399.109367269215
4282,2556.4,2399.552678028267
4283,2546.6,2399.99596715739
4284,2520.4,2400.439234662689
4285,2498.6,2400.8824805502663
4286,2524.8,2401.3257048262203
4287,2593.8,2401.7689074966465
4288,2539.6,2402.2120885676386
4289,2499.4,2402.655248045285
4290,2563.2,2403.098385935673
4291,2549.8,2403.541502244885
4292,2541.2,2403.9845969790013
4293,2548.2,2404.4276701440986
4294,2534.4,2404.8707217462506
4295,2532.2,2405.313751791529
4296,2506.4,2405.7567602860004
4297,2521.0,2406.1997472357293
4298,2494.8,2406.642712646777
4299,2475.4,2407.0856565252025
4300,2507.2,2407.52857887706
4301,2509.0,2407.971479708402
4302,2544.0,2408.4143590252766
4303,2561.0,2408.8572168337305
4304,2563.6,2409.300053139806
4305,2582.6,2409.7428679495424
4306,2619.2,2410.1856612689767
4307,2625.8,2410.628433104142
4308,2624.0,2411.071183461069
4309,2617.8,2411.5139123457834
4310,2611.2,2411.9566197643107
4311,2577.8,2412.3993057226717
4312,2558.8,2412.841970226884
4313,2577.8,2413.2846132829627
4314,2602.4,2413.727234896919
4315,2593.8,2414.1698350747624
4316,2557.2,2414.612413822498
4317,2562.6,2415.0549711461285
4318,2586.4,2415.4975070516534
4319,2606.6,2415.9400215450687
4320,2614.0,2416.3825146323684
4321,2650.6,2416.824986319542
4322,2643.2,2417.267436612577
4323,2608.2,2417.7098655174577
4324,2554.8,2418.1522730401653
4325,2621.0,2418.594659186677
4326,2628.0,2419.0370239629688
4327,2623.4,2419.479367375012
4328,2602.8,2419.9216894287756
4329,2579.4,2420.3639901302254
4330,2588.8,2420.8062694853243
4331,2623.4,2421.248527500032
4332,2607.6,2421.690764180305
4333,2627.4,2422.132979532097
4334,2622.4,2422.5751735613594
4335,2601.0,2423.0173462740386
4336,2597.6,2423.4594976760795
4337,2632.2,2423.901627773424
4338,2654.0,2424.3437365720106
4339,2693.8,2424.7858240777746
4340,2690.0,2425.2278902966486
4341,2687.4,2425.6699352345613
4342,2665.2,2426.11195889744
4343,2702.6,2426.5539612912085
4344,2723.2,2426.9959424217864
4345,2722.6,2427.4379022950907
4346,2759.2,2427.8798409170363
4347,2780.2,2428.3217582935345
4348,2763.6,2428.763654430494
4349,2748.2,2429.20552933382
4350,2778.8,2429.647383009415
4351,2812.2,2430.089215463178
4352,2815.6,2430.531026701005
4353,2747.4,2430.9728167287903
4354,2788.4,2431.414585552424
4355,2810.6,2431.856333177793
4356,2794.0,2432.2980596107823
4357,2741.8,2432.7397648572733
4358,2780.8,2433.181448923144
4359,2781.8,2433.6231118142705
4360,2744.8,2434.064753536525
4361,2747.4,2434.5063740957767
4362,2720.4,2434.9479734978927
4363,2715.4,2435.3895517487363
4364,2753.6,2435.8311088541677
4365,2713.8,2436.2726448200456
4366,2693.6,2436.7141596522238
4367,2717.0,2437.155653356554
4368,2650.4,2437.5971259388853
4369,2609.8,2438.0385774050633
4370,2589.2,2438.480007760931
4371,2641.8,2438.921417012328
4372,2645.6,2439.362805165092
4373,2653.8,2439.8041722250564
4374,2630.4,2440.245518198052
4375,2664.2,2440.686843089907
4376,2643.6,2441.1281469064475
4377,2682.6,2441.5694296534944
4378,2655.6,2442.0106913368677
4379,2635.4,2442.4519319623837
4380,2675.6,2442.8931515358554
4381,2678.6,2443.3343500630936
4382,2637.2,2443.775527549906
4383,2647.4,2444.2166840020973
4384,2666.0,2444.657819425468
4385,2717.8,2445.0989338258187
4386,2698.8,2445.5400272089437
4387,2697.0,2445.9810995806365
4388,2764.4,2446.4221509466875
4389,2742.6,2446.8631813128836
4390,2723.6,2447.3041906850085
4391,2703.4,2447.7451790688438
4392,2685.2,2448.186146470168
4393,2704.2,2448.6270928947565
4394,2703.6,2449.0680183483814
4395,2636.2,2449.5089228368133
4396,2598.0,2449.949806365818
4397,2632.2,2450.39066894116
4398,2661.6,2450.8315105685997
4399,2680.2,2451.272331253896
4400,2644.0,2451.713131002803
4401,2608.2,2452.1539098210737
4402,2608.0,2452.5946677144575
4403,2597.8,2453.035404688701
4404,2589.6,2453.476120749547
4405,2597.8,2453.916815902737
4406,2597.6,2454.3574901540096
4407,2581.0,2454.798143509098
4408,2582.0,2455.2387759737353
4409,2585.0,2455.6793875536505
4410,2586.0,2456.1199782545705
4411,2597.0,2456.5605480822182
4412,2615.6,2457.001097042315
4413,2580.2,2457.4416251405783
4414,2599.2,2457.8821323827224
4415,2584.2,2458.32261877446
4416,2569.6,2458.7630843215
4417,2550.6,2459.2035290295494
4418,2548.8,2459.6439529043105
4419,2504.2,2460.0843559514856
4420,2557.6,2460.524738176771
4421,2567.4,2460.965099585862
4422,2523.2,2461.405440184451
4423,2507.4,2461.845759978227
4424,2526.4,2462.2860589728766
4425,2524.2,2462.7263371740833
4426,2524.8,2463.166594587528
4427,2503.4,2463.6068312188886
4428,2488.4,2464.0470470738396
4429,2521.0,2464.487242158054
4430,2536.8,2464.9274164772005
4431,2538.6,2465.3675700369467
4432,2519.6,2465.8077028429548
4433,2533.0,2466.247814900887
4434,2573.2,2466.687906216401
4435,2629.8,2467.127976795153
4436,2676.8,2467.5680266427935
4437,2643.4,2468.0080557649735
4438,2713.6,2468.44806416734
4439,2672.2,2468.8880518555366
4440,2744.0,2469.328018835204
4441,2761.0,2469.767965111982
4442,2743.2,2470.207890691505
4443,2761.0,2470.6477955794066
4444,2800.0,2471.087679781316
4445,2769.8,2471.5275433028614
4446,2770.4,2471.9673861496663
4447,2725.8,2472.407208327353
4448,2724.4,2472.84700984154
4449,2679.4,2473.2867906978436
4450,2647.6,2473.7265509018766
4451,2652.2,2474.16629045925
4452,2618.0,2474.606009375571
4453,2629.0,2475.0457076564453
4454,2595.6,2475.4853853074737
4455,2598.6,2475.925042334257
4456,2581.6,2476.3646787423904
4457,2631.4,2476.804294537469
4458,2591.2,2477.243889725083
4459,2581.8,2477.6834643108205
4460,2568.4,2478.123018300268
4461,2578.6,2478.5625516990076
4462,2542.8,2479.0020645126187
4463,2557.0,2479.441556746679
4464,2549.2,2479.881028406763
4465,2529.8,2480.3204794984426
4466,2538.0,2480.759910027286
4467,2542.6,2481.19931999886
4468,2528.4,2481.638709418728
4469,2513.8,2482.0780782924508
4470,2520.8,2482.517426625585
4471,2461.0,2482.9567544236875
4472,2444.0,2483.3960616923096
4473,2429.0,2483.8353484370014
4474,2464.8,2484.27461466331
4475,2452.2,2484.713860376779
4476,2444.4,2485.1530855829506
4477,2433.8,2485.5922902873626
4478,2440.4,2486.031474495552
4479,2448.2,2486.4706382130516
4480,2440.8,2486.909781445392
4481,2434.6,2487.3489041981006
4482,2398.0,2487.7880064767032
4483,2429.8,2488.2270882867215
4484,2459.6,2488.6661496336756
4485,2512.2,2489.1051905230825
4486,2456.4,2489.544210960456
4487,2448.2,2489.9832109513072
4488,2458.8,2490.4221905011464
4489,2471.4,2490.8611496154776
4490,2459.6,2491.3000882998062
4491,2448.2,2491.739006559632
4492,2408.4,2492.177904400452
4493,2347.4,2492.6167818277627
4494,2344.0,2493.055638847056
4495,2354.6,2493.494475463822
4496,2349.2,2493.933291683548
4497,2317.8,2494.372087511718
4498,2355.6,2494.8108629538137
4499,2372.2,2495.2496180153153
4500,2318.4,2495.6883527016976
4501,2298.6,2496.127067018435
4502,2261.2,2496.565760970999
4503,2262.6,2497.0044345648566
4504,2260.0,2497.4430878054745
4505,2249.0,2497.8817206983153
4506,2260.0,2498.3203332488392
4507,2230.6,2498.758925462504
4508,2229.2,2499.197497344765
4509,2290.6,2499.636048901073
4510,2279.6,2500.0745801368794
4511,2278.6,2500.51309105763
4512,2294.0,2500.951581668769
4513,2286.6,2501.3900519757385
4514,2269.2,2501.828501983977
4515,2218.6,2502.266931698921
4516,2188.0,2502.7053411260035
4517,2184.2,2503.1437302706563
4518,2155.2,2503.582099138307
4519,2158.6,2504.020447734382
4520,2151.6,2504.4587760643035
4521,2154.6,2504.8970841334917
4522,2151.2,2505.3353719473653
4523,2145.8,2505.7736395113384
4524,2118.8,2506.2118868308235
4525,2160.2,2506.65011391123
4526,2130.0,2507.088320757966
4527,2129.8,2507.5265073764353
4528,2142.4,2507.96467377204
4529,2194.6,2508.402819950179
4530,2212.4,2508.8409459162494
4531,2249.0,2509.279051675644
4532,2212.4,2509.7171372337552
4533,2220.2,2510.155202595971
4534,2218.4,2510.5932477676774
4535,2273.0,2511.0312727542587
4536,2302.0,2511.4692775610947
4537,2277.0,2511.907262193564
4538,2274.8,2512.3452266570416
4539,2219.4,2512.7831709569014
4540,2218.8,2513.2210950985136
4541,2255.4,2513.658999087245
4542,2252.0,2514.096882928461
4543,2253.8,2514.534746627525
4544,2218.0,2514.9725901897955
4545,2209.0,2515.4104136206306
4546,2156.4,2515.8482169253853
4547,2156.2,2516.2860001094105
4548,2158.0,2516.7237631780567
4549,2169.0,2517.1615061366706
4550,2179.2,2517.599228990596
4551,2128.2,2518.036931745175
4552,2118.0,2518.4746144057467
4553,2085.0,2518.9122769776477
4554,2095.2,2519.3499194662113
4555,2089.0,2519.7875418767694
4556,2084.8,2520.2251442146503
4557,2088.2,2520.6627264851804
4558,2087.6,2521.100288693683
4559,2120.2,2521.53783084548
4560,2100.8,2521.9753529458885
4561,2086.6,2522.412855000225
4562,2084.8,2522.8503370138033
4563,2115.4,2523.287798991933
4564,2068.8,2523.725240939923
4565,2101.0,2524.1626628630784
4566,2119.6,2524.600064766702
4567,2121.0,2525.037446656095
4568,2112.4,2525.474808536555
4569,2111.4,2525.912150413377
4570,2108.8,2526.3494722918535
4571,2150.6,2526.786774177275
4572,2149.6,2527.2240560749296
4573,2145.8,2527.6613179901015
4574,2130.0,2528.0985599280734
4575,2128.2,2528.535781894126
4576,2122.0,2528.972983893536
4577,2103.4,2529.4101659315784
4578,2151.2,2529.8473280135254
4579,2089.0,2530.2844701446465
4580,2122.8,2530.72159233021
4581,2112.2,2531.15869457548
4582,2158.0,2531.595776885718
4583,2112.2,2532.0328392661845
4584,2100.0,2532.4698817221356
4585,2125.8,2532.906904258827
4586,2077.6,2533.34390688151
4587,2049.8,2533.780889595435
4588,2053.2,2534.2178524058477
4589,1992.2,2534.6547953179925
4590,2005.6,2535.0917183371125
4591,2048.2,2535.5286214684465
4592,2047.6,2535.965504717231
4593,2076.2,2536.4023680887008
4594,2042.4,2536.8392115880874
4595,2048.2,2537.2760352206205
4596,2034.4,2537.7128389915265
4597,1993.8,2538.1496229060303
4598,1994.0,2538.586386969353
4599,1976.2,2539.0231311867137
4600,1965.6,2539.4598555633297
4601,1953.8,2539.896560104415
4602,1908.4,2540.3332448151823
4603,1910.6,2540.769909700839
4604,1927.6,2541.2065547665934
4605,1889.0,2541.643180017649
4606,1866.4,2542.0797854592074
4607,1869.8,2542.516371096469
4608,1903.2,2542.952936934629
4609,1934.6,2543.389482978883
4610,1993.2,2543.8260092344217
4611,1995.4,2544.262515706435
4612,2040.0,2544.6990024001097
4613,2038.6,2545.1354693206304
4614,1979.2,2545.5719164731786
4615,1969.0,2546.0083438629335
4616,2015.2,2546.444751495072
4617,2001.8,2546.8811393747687
4618,1998.0,2547.317507507196
4619,1980.2,2547.753855897522
4620,2040.4,2548.190184550915
4621,1993.8,2548.6264934725396
4622,1995.6,2549.0627826675563
4623,1993.8,2549.4990521411264
4624,1934.0,2549.9353018984057
4625,1876.2,2550.37153194455
4626,1845.2,2550.807742284711
4627,1877.0,2551.243932924038
4628,1886.8,2551.6801038676786
4629,1886.6,2552.1162551207776
4630,1869.2,2552.552386688478
4631,1901.0,2552.9884985759186
4632,1901.2,2553.4245907882373
4633,1948.2,2553.8606633305694
4634,1899.2,2554.296716208047
4635,1936.2,2554.732749425801
4636,1894.0,2555.168762988958
4637,1883.4,2555.6047569026437
4638,1852.0,2556.0407311719814
4639,1909.8,2556.4766858020903
4640,1922.8,2556.9126207980894
4641,1922.6,2557.3485361650937
4642,1912.0,2557.784431908216
4643,1957.0,2558.2203080325676
4644,1975.6,2558.656164543256
4645,1939.4,2559.092001445387
4646,1944.8,2559.527818744064
4647,1945.0,2559.963616444388
4648,1948.4,2560.399394551458
4649,1992.2,2560.835153070369
4650,1984.0,2561.270892006215
4651,1945.8,2561.706611364087
4652,1937.6,2562.1423111490744
4653,1922.6,2562.5779913662627
4654,1937.6,2563.0136520207366
4655,1937.8,2563.449293117578
4656,1906.4,2563.8849146618645
4657,1913.8,2564.320516658674
4658,1959.6,2564.7560991130804
4659,1969.0,2565.1916620301554
4660,1971.2,2565.62720541497
4661,1967.4,2566.062729272589
4662,1931.6,2566.4982336080784
4663,1922.6,2566.9337184265
4664,1914.4,2567.3691837329143
4665,1898.6,2567.8046295323784
4666,1957.6,2568.2400558299473
4667,1961.8,2568.6754626306742
4668,1977.2,2569.1108499396087
4669,1931.4,2569.546217761799
4670,1884.0,2569.9815661022913
4671,1931.4,2570.4168949661275
4672,1979.6,2570.8522043583494
4673,1935.4,2571.287494283995
4674,1908.4,2571.7227647481004
4675,1902.6,2572.158015755699
4676,1900.0,2572.5932473118223
4677,1917.8,2573.028459421499
4678,1962.0,2573.463652089755
4679,1969.0,2573.898825321616
4680,1964.0,2574.333979122103
4681,1983.4,2574.7691134962347
4682,1994.4,2575.204228449028
4683,1999.4,2575.6393239854992
4684,2010.0,2576.074400110659
4685,2027.4,2576.5094568295176
4686,2064.4,2576.9444941470833
4687,2018.6,2577.3795120683603
4688,2017.6,2577.814510598352
4689,1999.4,2578.249489742059
4690,1949.6,2578.684449504479
4691,1950.6,2579.1193898906076
4692,1924.8,2579.5543109054393
4693,1963.4,2579.9892125539636
4694,1961.2,2580.4240948411707
4695,1993.0,2580.858957772046
4696,2026.8,2581.2938013515736
4697,1987.4,2581.7286255847357
4698,1938.4,2582.163430476511
4699,1893.8,2582.598216031877
4700,1928.0,2583.032982255808
4701,1969.0,2583.4677291532767
4702,2012.0,2583.9024567292527
4703,2057.0,2584.3371649887035
4704,2042.4,2584.771853936595
4705,2065.0,2585.2065235778896
4706,2066.4,2585.6411739175483
4707,2065.0,2586.0758049605297
4708,2060.4,2586.510416711789
4709,2082.6,2586.94500917628
4710,2019.6,2587.379582358955
4711,2020.2,2587.8141362647616
4712,2021.2,2588.248670898648
4713,2003.4,2588.683186265557
4714,1981.6,2589.117682370432
4715,1974.6,2589.5521592182117
4716,1913.6,2589.9866168138346
4717,1913.8,2590.421055162235
4718,1974.8,2590.8554742683464
4719,1959.4,2591.289874137098
4720,1946.0,2591.72425477342
4721,1932.2,2592.158616182236
4722,1938.0,2592.5929583684715
4723,1948.2,2593.0272813370466
4724,1943.2,2593.4615850928813
4725,1937.0,2593.8958696408913
4726,1981.2,2594.330134985991
4727,2001.0,2594.764381133093
4728,1986.0,2595.1986080871075
4729,1978.6,2595.6328158529404
4730,1977.6,2596.0670044354983
4731,1969.0,2596.501173839684
4732,1908.4,2596.9353240703977
4733,1949.8,2597.369455132538
4734,1944.0,2597.8035670310005
4735,1935.4,2598.237659770679
4736,1928.8,2598.6717333564657
4737,1925.0,2599.105787793249
4738,1937.2,2599.5398230859164
4739,1943.4,2599.973839239352
4740,1946.0,2600.4078362584387
4741,1941.0,2600.8418141480565
4742,1944.0,2601.275772913083
4743,1913.0,2601.7097125583937
4744,1935.2,2602.143633088862
4745,1930.6,2602.577534509359
4746,1928.0,2603.0114168247524
4747,1940.2,2603.4452800399104
4748,1945.2,2603.879124159696
4749,1942.6,2604.312949188972
4750,1919.6,2604.746755132597
4751,1916.2,2605.1805419954294
4752,1958.0,2605.6143097823237
4753,1909.0,2606.0480584981333
4754,1923.2,2606.4817881477084
4755,1928.2,2606.915498735898
4756,1915.6,2607.3491902675473
4757,1914.6,2607.782862747501
4758,1892.0,2608.2165161806006
4759,1897.8,2608.650150571685
4760,1928.4,2609.083765925592
4761,1926.6,2609.517362247156
4762,1923.2,2609.95093954121
4763,1929.8,2610.384497812585
4764,1931.2,2610.8180370661075
4765,1931.4,2611.251557306605
4766,1990.8,2611.6850585389
4767,2009.0,2612.1185407678154
4768,2070.8,2612.5520039981693
4769,2077.0,2612.985448234779
4770,2084.8,2613.4188734824593
4771,2065.8,2613.8522797460228
4772,2063.6,2614.2856670302795
4773,2034.6,2614.719035340038
4774,2042.8,2615.1523846801033
4775,2102.6,2615.5857150552806
4776,2111.2,2616.0190264703697
4777,2098.6,2616.452318930171
4778,2128.4,2616.88559243948
4779,2120.2,2617.3188470030927
4780,2130.8,2617.752082625802
4781,2088.2,2618.1852993123966
4782,2110.0,2618.618497067666
4783,2112.2,2619.051675896396
4784,2125.2,2619.484835803369
4785,2117.8,2619.9179767933683
4786,2079.2,2620.351098871172
4787,2067.4,2620.7842020415574
4788,2068.0,2621.217286309299
4789,2057.8,2621.650351679171
4790,2050.8,2622.0833981559417
4791,2049.0,2622.5164257443807
4792,2053.6,2622.949434449254
4793,2117.0,2623.382424275325
4794,2088.4,2623.8153952273556
4795,2082.6,2624.2483473101056
4796,2099.6,2624.6812805283316
4797,2097.8,2625.1141948867894
4798,2112.8,2625.5470903902315
4799,2129.8,2625.979967043408
4800,2129.2,2626.412824851069
4801,2132.2,2626.8456638179596
4802,2134.4,2627.2784839488245
4803,2199.4,2627.711285248405
4804,2198.0,2628.1440677214414
4805,2261.0,2628.5768313726717
4806,2246.8,2629.009576206831
4807,2257.8,2629.442302228652
4808,2272.0,2629.875009442867
4809,2271.4,2630.3076978542035
4810,2205.6,2630.740367467389
4811,2211.4,2631.173018287148
4812,2205.6,2631.605650318203
4813,2227.4,2632.0382635652745
4814,2268.4,2632.47085803308
4815,2202.6,2632.9034337263356
4816,2216.0,2633.335990649755
4817,2195.4,2633.7685288080497
4818,2237.2,2634.2010482059295
4819,2240.2,2634.633548848101
4820,2227.2,2635.06603073927
4821,2273.8,2635.4984938841394
4822,2318.0,2635.930938287409
4823,2318.6,2636.363363953779
4824,2366.0,2636.7957708879444
4825,2415.4,2637.2281590946004
4826,2406.0,2637.6605285784394
4827,2424.2,2638.0928793441503
4828,2420.0,2638.525211396422
4829,2413.0,2638.9575247399403
4830,2435.6,2639.3898193793875
4831,2441.8,2639.822095319447
4832,2448.0,2640.2543525647966
4833,2451.4,2640.6865911201144
4834,2446.8,2641.1188109900745
4835,2437.8,2641.551012179351
4836,2414.0,2641.9831946926133
4837,2437.0,2642.415358534531
4838,2414.0,2642.8475037097705
4839,2417.8,2643.2796302229963
4840,2414.0,2643.71173807887
4841,2367.4,2644.1438272820524
4842,2347.6,2644.575897837201
4843,2344.2,2645.0079497489714
4844,2390.4,2645.4399830220186
4845,2324.2,2645.871997660993
4846,2314.8,2646.303993670545
4847,2334.6,2646.7359710553214
4848,2344.8,2647.1679298199674
4849,2365.8,2647.5998699691263
4850,2369.2,2648.031791507439
4851,2358.6,2648.4636944395447
4852,2355.2,2648.89557877008
4853,2353.0,2649.32744450368
4854,2407.6,2649.7592916449767
4855,2407.4,2650.1911201986013
4856,2398.4,2650.622930169181
4857,2393.8,2651.0547215613437
4858,2354.8,2651.486494379712
4859,2288.2,2651.9182486289087
4860,2297.6,2652.3499843135533
4861,2300.2,2652.7817014382645
4862,2321.6,2653.2134000076576
4863,2321.8,2653.645080026346
4864,2346.0,2654.076741498942
4865,2343.4,2654.5083844300543
4866,2396.8,2654.94000882429
4867,2402.6,2655.3716146862557
4868,2422.8,2655.8032020205533
4869,2407.4,2656.234770831785
4870,2410.0,2656.6663211245486
4871,2418.6,2657.0978529034423
4872,2380.0,2657.52936617306
4873,2447.4,2657.960860937995
4874,2474.4,2658.392337202838
4875,2468.2,2658.8237949721774
4876,2473.2,2659.2552342505996
4877,2473.0,2659.6866550426894
4878,2477.2,2660.1180573530287
4879,2532.2,2660.5494411861982
4880,2510.0,2660.9808065467764
4881,2482.6,2661.4121534393385
4882,2524.8,2661.8434818684595
4883,2531.4,2662.274791838711
4884,2540.0,2662.7060833546625
4885,2567.4,2663.1373564208825
4886,2561.2,2663.5686110419374
4887,2540.2,2663.9998472223897
4888,2547.6,2664.4310649668014
4889,2491.4,2664.8622642797327
4890,2513.2,2665.2934451657406
4891,2501.0,2665.724607629381
4892,2514.4,2666.155751675207
4893,2582.6,2666.58687730777
4894,2542.0,2667.0179845316193
4895,2514.6,2667.449073351303
4896,2506.8,2667.8801437713655
4897,2469.0,2668.3111957963497
4898,2420.0,2668.7422294307976
4899,2355.4,2669.1732446792475
4900,2402.0,2669.604241546237
4901,2421.8,2670.0352200363013
4902,2478.8,2670.466180153973
4903,2512.2,2670.897121903782
4904,2489.2,2671.328045290259
4905,2512.2,2671.7589503179297
4906,2520.4,2672.189836991319
4907,2461.8,2672.6207053149496
4908,2450.0,2673.051555293343
4909,2458.6,2673.482386931017
4910,2402.4,2673.913200232488
4911,2444.2,2674.343995202272
4912,2450.4,2674.77477184488
4913,2436.2,2675.2055301648234
4914,2407.6,2675.6362701666103
4915,2449.8,2676.0669918547483
4916,2476.4,2676.49769523374
4917,2485.0,2676.92838030809
4918,2494.0,2677.359047082297
4919,2497.0,2677.78969556086
4920,2468.8,2678.220325748275
4921,2479.4,2678.6509376490376
4922,2471.2,2679.081531267639
4923,2461.0,2679.51210660857
4924,2467.2,2679.9426636763183
4925,2448.2,2680.373202475371
4926,2392.8,2680.803723010212
4927,2390.6,2681.2342252853236
4928,2402.0,2681.664709305186
4929,2348.2,2682.095175074278
4930,2337.6,2682.5256225970747
4931,2350.6,2682.9560518780518
4932,2413.6,2683.3864629216805
4933,2435.4,2683.8168557324316
4934,2392.8,2684.247230314773
4935,2341.8,2684.6775866731705
4936,2353.2,2685.1079248120895
4937,2363.4,2685.5382447359916
4938,2420.4,2685.968546449337
4939,2357.8,2686.398829956584
4940,2410.0,2686.8290952621887
4941,2429.0,2687.2593423706057
4942,2439.2,2687.6895712862874
4943,2433.8,2688.1197820136836
4944,2423.6,2688.549974557243
4945,2412.2,2688.9801489214115
4946,2437.2,2689.4103051106335
4947,2423.4,2689.8404431293516
4948,2371.6,2690.2705629820066
4949,2382.6,2690.7006646730356
4950,2383.6,2691.130748206876
4951,2372.2,2691.560813587962
4952,2385.6,2691.990860820726
4953,2396.2,2692.4208899095984
4954,2407.2,2692.850900859007
4955,2420.2,2693.28089367338
4956,2447.6,2693.71086835714
4957,2425.8,2694.140824914711
4958,2419.2,2694.570763350513
4959,2433.8,2695.000683668965
4960,2423.2,2695.4305858744833
4961,2487.4,2695.860469971482
4962,2454.0,2696.290335964375
4963,2477.0,2696.720183857572
4964,2435.2,2697.150013655483
4965,2408.2,2697.5798253625135
4966,2423.6,2698.0096189830692
4967,2379.4,2698.439394521553
4968,2365.6,2698.8691519823656
4969,2379.4,2699.298891369906
4970,2382.4,2699.728612688571
4971,2372.2,2700.158315942756
4972,2361.6,2700.5880011368545
4973,2377.0,2701.017668275257
4974,2420.4,2701.4473173623533
4975,2357.0,2701.87694840253
4976,2420.4,2702.306561400173
4977,2397.8,2702.736156359666
4978,2420.4,2703.1657332853893
4979,2421.8,2703.5952921817234
4980,2431.2,2704.0248330530453
4981,2448.2,2704.4543559037306
4982,2458.4,2704.883860738154
4983,2441.8,2705.313347560686
4984,2444.0,2705.7428163756967
4985,2429.0,2706.172267187554
4986,2365.6,2706.601700000624
4987,2429.0,2707.031114819271
4988,2494.4,2707.460511647856
4989,2497.0,2707.88989049074
4990,2466.8,2708.3192513522813
4991,2453.0,2708.7485942368357
4992,2494.8,2709.177919148757
4993,2519.4,2709.607226092399
4994,2505.2,2710.0365150721113
4995,2528.2,2710.4657860922425
4996,2541.6,2710.8950391571398
4997,2546.6,2711.3242742711473
4998,2499.2,2711.753491438608
4999,2525.0,2712.182690663862
5000,2502.8,2712.6118719512497
5001,2489.0,2713.041035305107
5002,2442.0,2713.4701807297697
5003,2448.2,2713.899308229571
5004,2452.8,2714.328417808842
5005,2396.2,2714.757509471912
5006,2388.4,2715.186583223108
5007,2384.2,2715.6156390667566
5008,2397.6,2716.044677007181
5009,2412.2,2716.4736970487024
5010,2427.6,2716.9026991956416
5011,2401.0,2717.3316834523157
5012,2417.2,2717.760649823041
5013,2401.0,2718.1895983121326
5014,2346.4,2718.6185289239015
5015,2317.8,2719.047441662658
5016,2307.6,2719.4763365327112
5017,2317.8,2719.9052135383677
5018,2346.8,2720.3340726839315
5019,2332.2,2720.762913973706
5020,2369.6,2721.191737411991
5021,2357.0,2721.620543003087
5022,2402.0,2722.04933075129
5023,2372.2,2722.4781006608955
5024,2368.8,2722.9068527361965
5025,2382.6,2723.3355869814845
5026,2394.0,2723.76430340105
5027,2392.2,2724.1930019991787
5028,2348.0,2724.621682780158
5029,2344.2,2725.050345748271
5030,2334.8,2725.4789909078
5031,2339.4,2725.9076182630247
5032,2404.0,2726.336227818224
5033,2421.8,2726.7648195776733
5034,2437.2,2727.1933935456486
5035,2461.0,2727.6219497264206
5036,2466.4,2728.050488124261
5037,2464.2,2728.479008743439
5038,2456.4,2728.9075115882206
5039,2464.2,2729.3359966628723
5040,2474.0,2729.7644639716555
5041,2469.0,2730.192913518833
5042,2419.2,2730.621345308664
5043,2461.0,2731.0497593454056
5044,2437.6,2731.4781556333137
5045,2481.0,2731.906534176643
5046,2459.2,2732.3348949796446
5047,2448.2,2732.7632380465693
5048,2472.0,2733.191563381665
5049,2489.8,2733.6198709891783
5050,2446.4,2734.048160873354
5051,2404.2,2734.476433038434
5052,2439.2,2734.904687488661
5053,2425.0,2735.332924228272
5054,2449.6,2735.7611432615054
5055,2455.4,2736.189344592596
5056,2444.4,2736.617528225778
5057,2489.0,2737.045694165282
5058,2444.8,2737.4738424153384
5059,2443.4,2737.9019729801753
5060,2424.0,2738.330085864018
5061,2438.6,2738.7581810710917
5062,2449.2,2739.186258605618
5063,2476.2,2739.6143184718185
5064,2461.6,2740.0423606739105
5065,2488.2,2740.470385216112
5066,2478.0,2740.8983921026374
5067,2488.2,2741.3263813377002
5068,2503.2,2741.7543529255117
5069,2446.6,2742.1823068702815
5070,2452.8,2742.610243176217
5071,2466.6,2743.038161847525
5072,2460.4,2743.466062888408
5073,2456.2,2743.8939463030692
5074,2472.8,2744.321812095709
5075,2445.0,2744.7496602705255
5076,2499.2,2745.1774908317157
5077,2483.4,2745.6053037834745
5078,2456.8,2746.0330991299948
5079,2455.4,2746.460876875468
5080,2471.2,2746.888637024083
5081,2501.0,2747.316379580028
5082,2492.0,2747.744104547489
5083,2558.6,2748.171811930649
5084,2558.8,2748.5995017336904
5085,2514.6,2749.0271739607942
5086,2562.4,2749.4548286161385
5087,2577.0,2749.8824657038995
5088,2559.6,2750.3100852282532
5089,2573.8,2750.7376871933716
5090,2603.2,2751.1652716034264
5091,2618.6,2751.5928384625868
5092,2552.0,2752.020387775021
5093,2505.0,2752.447919544894
5094,2552.0,2752.8754337763703
5095,2618.6,2753.3029304736124
5096,2582.0,2753.73040964078
5097,2579.4,2754.157871282032
5098,2564.8,2754.5853154015253
5099,2585.0,2755.0127420034146
5100,2538.0,2755.4401510918537
5101,2494.6,2755.8675426709938
5102,2522.8,2756.2949167449838
5103,2465.8,2756.7222733179724
5104,2498.4,2757.149612394105
5105,2500.2,2757.576933977526
5106,2488.4,2758.0042380723785
5107,2512.2,2758.431524682802
5108,2472.4,2758.8587938129353
5109,2461.8,2759.286045466917
5110,2445.6,2759.713279648881
5111,2415.4,2760.140496362961
5112,2431.6,2760.567695613289
5113,2418.6,2760.9948774039945
5114,2420.4,2761.4220417392057
5115,2403.4,2761.8491886230495
5116,2433.6,2762.27631805965
5117,2368.2,2762.703430053129
5118,2400.4,2763.1305246076095
5119,2411.4,2763.557601727209
5120,2379.6,2763.9846614160465
5121,2316.2,2764.4117036782363
5122,2338.8,2764.838728517893
5123,2323.4,2765.265735939128
5124,2386.8,2765.692725946052
5125,2376.2,2766.119698542774
5126,2367.6,2766.546653733401
5127,2361.0,2766.9735915220367
5128,2321.6,2767.400511912785
5129,2352.2,2767.827414909748
5130,2321.6,2768.254300517025
5131,2364.2,2768.6811687387135
5132,2367.2,2769.1080195789104
5133,2397.8,2769.5348530417095
5134,2358.8,2769.9616691312044
5135,2383.4,2770.3884678514846
5136,2412.8,2770.8152492066406
5137,2437.0,2771.242013200759
5138,2468.4,2771.668759837926
5139,2449.0,2772.0954891222245
5140,2454.0,2772.5222010577377
5141,2455.4,2772.9488956485457
5142,2496.0,2773.3755728987267
5143,2471.4,2773.802232812357
5144,2470.8,2774.2288753935136
5145,2433.8,2774.655500646268
5146,2453.6,2775.082108574693
5147,2472.2,2775.508699182858
5148,2487.6,2775.935272474831
5149,2430.6,2776.3618284546787
5150,2366.4,2776.7883671264653
5151,2386.6,2777.214888494254
5152,2408.8,2777.6413925621055
5153,2383.4,2778.0678793340803
5154,2349.6,2778.494348814235
5155,2360.2,2778.920801006625
5156,2318.4,2779.347235915306
5157,2323.4,2779.77365354433
5158,2348.0,2780.200053897747
5159,2338.6,2780.6264369796068
5160,2349.6,2781.052802793956
5161,2389.8,2781.47915134484
5162,2351.6,2781.9054826363035
5163,2392.2,2782.3317966723876
5164,2402.8,2782.7580934571333
5165,2439.4,2783.184372994579
5166,2467.6,2783.610635288761
5167,2484.2,2784.036880343715
5168,2452.0,2784.4631081634743
5169,2441.0,2784.8893187520707
5170,2496.8,2785.315512113534
5171,2468.2,2785.741688251893
5172,2459.6,2786.167847171173
5173,2429.8,2786.5939888753996
5174,2410.8,2787.020113368596
5175,2405.0,2787.4462206547832
5176,2379.2,2787.872310737981
5177,2336.2,2788.298383622208
5178,2369.6,2788.724439311479
5179,2307.4,2789.150477809809
5180,2291.2,2789.5764991212113
5181,2254.6,2790.002503249697
5182,2240.4,2790.428490199275
5183,2245.0,2790.8544599739535
5184,2224.8,2791.2804125777375
5185,2228.2,2791.7063480146326
5186,2215.2,2792.13226628864
5187,2272.2,2792.558167403761
5188,2277.6,2792.9840513639956
5189,2291.4,2793.40991817334
5190,2271.2,2793.83576783579
5191,2296.2,2794.261600355341
5192,2323.2,2794.687415735984
5193,2357.0,2795.11321398171
5194,2344.4,2795.5389950965077
5195,2333.0,2795.964759084365
5196,2337.2,2796.390505949267
5197,2293.8,2796.816235695197
5198,2289.6,2797.2419483261383
5199,2301.8,2797.6676438460704
5200,2297.6,2798.0933222589733
5201,2257.0,2798.5189835688225
5202,2292.4,2798.944627779594
5203,2303.4,2799.370254895262
5204,2290.4,2799.795864919798
5205,2269.8,2800.2214578571725
5206,2282.4,2800.647033711354
5207,2256.2,2801.0725924863095
5208,2271.6,2801.498134186005
5209,2300.2,2801.9236588144026
5210,2284.8,2802.3491663754658
5211,2260.2,2802.774656873153
5212,2299.6,2803.200130311425
5213,2321.8,2803.625586694237
5214,2320.0,2804.051026025545
5215,2283.4,2804.476448309302
5216,2299.2,2804.90185354946
5217,2297.0,2805.3272417499697
5218,2355.6,2805.7526129147795
5219,2355.4,2806.177967047835
5220,2301.6,2806.6033041530827
5221,2285.8,2807.028624234466
5222,2306.8,2807.4539272959264
5223,2270.6,2807.879213341404
5224,2248.0,2808.3044823748373
5225,2221.8,2808.729734400163
5226,2210.4,2809.1549694213168
5227,2197.0,2809.580187442232
5228,2208.4,2810.0053884668396
5229,2179.4,2810.430572499071
5230,2178.0,2810.855739542854
5231,2178.6,2811.2808896021156
5232,2140.8,2811.706022680781
5233,2141.0,2812.131138782774
5234,2153.2,2812.5562379120165
5235,2154.6,2812.9813200724284
5236,2192.8,2813.4063852679283
5237,2233.8,2813.831433502433
5238,2231.6,2814.256464779858
5239,2233.0,2814.681479104117
5240,2272.8,2815.106476479122
5241,2284.2,2815.531456908783
5242,2271.6,2815.956420397009
5243,2282.6,2816.3813669477067
5244,2309.2,2816.8062965647823
5245,2345.8,2817.2312092521383
5246,2384.8,2817.6561050136775
5247,2419.4,2818.0809838533
5248,2387.2,2818.5058457749055
5249,2357.0,2818.9306907823902
5250,2344.0,2819.3555188796495
5251,2287.4,2819.780330070578
5252,2341.6,2820.2051243590677
5253,2367.4,2820.629901749009
5254,2368.0,2821.0546622442916
5255,2424.2,2821.4794058488023
5256,2396.4,2821.904132566426
5257,2385.8,2822.3288424010484
5258,2419.6,2822.7535353565504
5259,2401.8,2823.178211436814
5260,2396.0,2823.6028706457173
5261,2369.8,2824.0275129871393
5262,2382.0,2824.4521384649547
5263,2368.2,2824.876747083038
5264,2380.8,2825.3013388452623
5265,2381.0,2825.725913755498
5266,2368.4,2826.150471817615
5267,2357.8,2826.5750130354813
5268,2333.6,2826.9995374129626
5269,2280.2,2827.4240449539234
5270,2279.6,2827.8485356622273
5271,2276.2,2828.273009541735
5272,2276.8,2828.697466596306
5273,2280.2,2829.121906829799
5274,2285.6,2829.5463302460707
5275,2328.2,2829.970736848975
5276,2330.0,2830.3951266423655
5277,2333.8,2830.8194996300945
5278,2281.2,2831.2438558160106
5279,2256.2,2831.6681952039635
5280,2308.8,2832.0925177977992
5281,2279.4,2832.5168236013633
5282,2288.8,2832.9411126184996
5283,2317.0,2833.3653848530494
5284,2303.2,2833.789640308853
5285,2315.4,2834.2138789897504
5286,2308.4,2834.6381008995772
5287,2337.0,2835.06230604217
5288,2366.4,2835.486494421362
5289,2373.8,2835.9106660409857
5290,2382.8,2836.3348209048727
5291,2393.8,2836.758959016851
5292,2407.6,2837.1830803807484
5293,2405.8,2837.607185000392
5294,2400.8,2838.0312728796043
5295,2405.8,2838.455344022209
5296,2412.8,2838.8793984320273
5297,2466.6,2839.303436112879
5298,2412.8,2839.7274570685813
5299,2414.6,2840.1514613029512
5300,2468.4,2840.575448819803
5301,2439.4,2840.9994196229504
5302,2438.0,2841.423373716205
5303,2425.8,2841.8473111033763
5304,2415.6,2842.271231788273
5305,2370.6,2842.695135774702
5306,2357.2,2843.119023066469
5307,2313.8,2843.5428936673766
5308,2282.8,2843.966747581228
5309,2275.4,2844.390584811823
5310,2222.8,2844.8144053629608
5311,2219.4,2845.2382092384387
5312,2189.2,2845.6619964420524
5313,2193.0,2846.085766977596
5314,2181.2,2846.5095208488624
5315,2187.4,2846.9332580596424
5316,2175.6,2847.356978613726
5317,2164.2,2847.7806825149005
5318,2149.2,2848.2043697669524
5319,2201.0,2848.628040373666
5320,2213.6,2849.051694338825
5321,2193.0,2849.475331666212
5322,2230.0,2849.8989523596047
5323,2223.4,2850.322556422783
5324,2212.0,2850.7461438595237
5325,2181.0,2851.1697146736014
5326,2181.2,2851.5932688687917
5327,2191.4,2852.0168064488644
5328,2240.8,2852.440327417592
5329,2227.4,2852.863831778742
5330,2189.2,2853.287319536084
5331,2160.2,2853.710790693382
5332,2155.2,2854.1342452544013
5333,2168.2,2854.557683222904
5334,2183.2,2854.981104602652
5335,2143.4,2855.404509397405
5336,2095.6,2855.8278976109214
5337,2105.8,2856.2512692469572
5338,2118.0,2856.6746243092675
5339,2091.4,2857.0979628016057
5340,2067.2,2857.5212847277244
5341,2068.2,2857.9445900913734
5342,2082.8,2858.367878896302
5343,2111.4,2858.7911511462567
5344,2110.0,2859.214406844984
5345,2108.2,2859.637645996227
5346,2157.2,2860.0608686037303
5347,2109.0,2860.4840746712334
5348,2090.4,2860.9072642024757
5349,2109.0,2861.330437201196
5350,2071.6,2861.753593671131
5351,2101.8,2862.1767336160146
5352,2079.2,2862.599857039581
5353,2115.4,2863.0229639455615
5354,2148.8,2863.4460543376867
5355,2130.6,2863.8691282196855
5356,2143.2,2864.2921855952845
5357,2145.0,2864.7152264682095
5358,2161.2,2865.1382508421852
5359,2161.0,2865.561258720934
5360,2125.6,2865.9842501081766
5361,2102.6,2866.4072250076333
5362,2120.0,2866.830183423021
5363,2139.4,2867.2531253580573
5364,2181.6,2867.676050816456
5365,2223.4,2868.0989598019314
5366,2177.2,2868.521852318195
5367,2197.8,2868.9447283689574
5368,2182.4,2869.3675879579273
5369,2150.6,2869.790431088812
5370,2118.0,2870.2132577653174
5371,2086.6,2870.6360679911472
5372,2080.8,2871.0588617700046
5373,2084.2,2871.481639105591
5374,2058.0,2871.9044000016056
5375,2058.6,2872.327144461747
5376,2064.8,2872.749872489712
5377,2096.2,2873.1725840891945
5378,2091.2,2873.5952792638896
5379,2105.8,2874.0179580174886
5380,2120.4,2874.4406203536823
5381,2087.4,2874.8632662761593
5382,2071.6,2875.285895788608
5383,2094.6,2875.7085088947138
5384,2091.2,2876.1311055981614
5385,2075.4,2876.553685902634
5386,2088.8,2876.976249811812
5387,2058.6,2877.398797329377
5388,2057.2,2877.821328459007
5389,2054.6,2878.243843204378
5390,2070.8,2878.666341569167
5391,2030.6,2879.0888235570465
5392,2030.8,2879.51128917169
5393,1994.6,2879.9337384167675
5394,1952.4,2880.3561712959495
5395,1922.6,2880.7785878129034
5396,1968.4,2881.200987971295
5397,1940.2,2881.623371774791
5398,1994.8,2882.0457392270528
5399,1991.4,2882.4680903317435
5400,1992.4,2882.8904250925234
5401,1977.8,2883.3127435130514
5402,1995.6,2883.7350455969845
5403,1969.8,2884.1573313479794
5404,1944.0,2884.57960076969
5405,1944.2,2885.00185386577
5406,1955.2,2885.42409063987
5407,1937.8,2885.84631109564
5408,1955.2,2886.268515236729
5409,1953.8,2886.6907030667835
5410,1922.8,2887.11287458945
5411,1921.8,2887.5350298083713
5412,1942.0,2887.95716872719
5413,1951.4,2888.3792913495486
5414,1914.4,2888.8013976790853
5415,1933.0,2889.2234877194383
5416,1953.6,2889.6455614742445
5417,1967.4,2890.0676189471387
5418,1956.0,2890.489660141755
5419,1953.0,2890.911685061725
5420,1951.2,2891.3336937106797
5421,1898.6,2891.7556860922487
5422,1880.8,2892.1776622100588
5423,1858.6,2892.5996220677366
5424,1889.6,2893.021565668907
5425,1892.2,2893.4434930171933
5426,1896.8,2893.865404116217
5427,1903.4,2894.287298969599
5428,1912.0,2894.7091775809567
5429,1935.4,2895.1310399539097
5430,1927.2,2895.552886092072
5431,1937.0,2895.974715999059
5432,1936.4,2896.396529678483
5433,1961.8,2896.8183271339567
5434,1921.6,2897.2401083690884
5435,1961.8,2897.6618733874884
5436,1936.4,2898.0836221927625
5437,1937.8,2898.5053547885173
5438,1953.6,2898.9270711783556
5439,1985.8,2899.348771365882
5440,2012.0,2899.770455354696
5441,2039.4,2900.192123148398
5442,2034.0,2900.613774750587
5443,2008.2,2901.0354101648586
5444,1988.8,2901.457029394809
5445,1959.4,2901.878632444032
5446,1977.2,2902.30021931612
5447,2011.4,2902.7217900146643
5448,2031.2,2903.143344543254
5449,2070.6,2903.5648829054776
5450,2056.8,2903.9864051049212
5451,2015.4,2904.4079111451706
5452,1994.0,2904.829401029809
5453,2030.6,2905.2508747624192
5454,2049.6,2905.6723323465817
5455,2044.2,2906.0937737858762
5456,2085.6,2906.5151990838804
5457,2093.8,2906.936608244171
5458,2068.4,2907.358001270323
5459,2121.8,2907.7793781659093
5460,2100.0,2908.200738934503
5461,2064.2,2908.6220835796744
5462,2024.0,2909.043412104993
5463,2066.6,2909.4647245140263
5464,2060.0,2909.8860208103406
5465,2055.4,2910.307300997501
5466,2070.0,2910.728565079072
5467,2095.4,2911.1498130586137
5468,2116.4,2911.571044939688
5469,2109.8,2911.9922607258536
5470,2074.0,2912.413460420669
5471,2017.8,2912.834644027689
5472,2011.2,2913.25581155047
5473,2034.6,2913.6769629925648
5474,2000.8,2914.098098357525
5475,1966.6,2914.519217648902
5476,1923.2,2914.9403208702447
5477,1914.6,2915.3614080251
5478,1923.2,2915.782479117015
5479,1952.2,2916.2035341495343
5480,1923.2,2916.6245731262015
5481,1933.8,2917.0455960505587
5482,1914.0,2917.4666029261457
5483,1936.2,2917.887593756502
5484,1925.6,2918.308568545166
5485,1949.8,2918.7295272956726
5486,1944.4,2919.150470011558
5487,1920.2,2919.5713966963544
5488,1944.4,2919.992307353595
5489,1891.4,2920.41320198681
5490,1889.2,2920.834080599528
5491,1888.2,2921.254943195277
5492,1907.2,2921.6757897775838
5493,1877.0,2922.096620349973
5494,1868.0,2922.5174349159684
5495,1898.6,2922.938233479091
5496,1924.4,2923.3590160428625
5497,1913.0,2923.7797826108017
5498,1865.6,2924.2005331864266
5499,1838.6,2924.621267773254
5500,1878.8,2925.0419863747984
5501,1853.8,2925.462688994573
5502,1816.4,2925.8833756360905
5503,1800.2,2926.3040463028624
5504,1801.6,2926.7247009983967
5505,1769.0,2927.1453397262017
5506,1777.6,2927.5659624897844
5507,1736.2,2927.98656929265
5508,1696.8,2928.4071601383016
5509,1659.4,2928.8277350302424
5510,1684.4,2929.2482939719716
5511,1648.2,2929.668836966991
5512,1674.8,2930.0893640187974
5513,1662.6,2930.5098751308874
5514,1639.2,2930.930370306757
5515,1648.2,2931.3508495499
5516,1636.0,2931.7713128638084
5517,1633.0,2932.1917602519734
5518,1607.2,2932.6121917178853
5519,1622.6,2933.032607265032
5520,1599.2,2933.4530068968998
5521,1589.8,2933.8733906169755
5522,1595.2,2934.2937584287424
5523,1571.4,2934.714110335684
5524,1558.8,2935.1344463412806
5525,1553.8,2935.5547664490127
5526,1546.8,2935.975070662359
5527,1531.4,2936.395358984796
5528,1500.4,2936.815631419801
5529,1489.8,2937.2358879708463
5530,1500.0,2937.6561286414067
5531,1550.6,2938.076353434953
5532,1518.4,2938.496562354955
5533,1524.2,2938.916755404883
5534,1536.8,2939.3369325882027
5535,1583.4,2939.7570939083816
5536,1536.8,2940.1772393688834
5537,1555.4,2940.5973689731727
5538,1579.2,2941.0174827247097
5539,1545.0,2941.437580626956
5540,1597.6,2941.8576626833706
5541,1621.8,2942.277728897411
5542,1594.4,2942.6977792725347
5543,1616.2,2943.117813812196
5544,1621.2,2943.5378325198476
5545,1665.0,2943.957835398943
5546,1689.2,2944.3778224529333
5547,1655.4,2944.7977936852667
5548,1650.0,2945.2177490993927
5549,1640.2,2945.6376886987573
5550,1626.8,2946.0576124868066
5551,1599.4,2946.477520466984
5552,1596.4,2946.897412642732
5553,1611.4,2947.317289017493
5554,1576.8,2947.7371495947054
5555,1609.0,2948.1569943778095
5556,1613.6,2948.576823370241
5557,1662.6,2948.9966365754362
5558,1687.6,2949.41643399683
5559,1709.8,2949.8362156378557
5560,1701.6,2950.2559815019436
5561,1669.0,2950.6757315925256
5562,1634.0,2951.0954659130302
5563,1657.0,2951.5151844668844
5564,1682.0,2951.9348872575156
5565,1717.8,2952.354574288348
5566,1755.6,2952.774245562805
5567,1783.4,2953.19390108431
5568,1752.0,2953.6135408562823
5569,1748.2,2954.033164882142
5570,1805.2,2954.452773165308
5571,1811.4,2954.872365709196
5572,1781.6,2955.2919425172217
5573,1757.0,2955.7115035927995
5574,1760.4,2956.1310489393422
5575,1818.6,2956.550578560261
5576,1830.0,2956.9700924589656
5577,1818.6,2957.389590638865
5578,1815.6,2957.8090731033662
5579,1815.4,2958.2285398558756
5580,1817.2,2958.6479908997976
5581,1828.2,2959.0674262385355
5582,1878.4,2959.486845875491
5583,1885.0,2959.906249814065
5584,1858.8,2960.3256380576568
5585,1849.8,2960.745010609664
5586,1848.8,2961.1643674734837
5587,1848.2,2961.58370865251
5588,1882.0,2962.0030341501374
5589,1923.4,2962.422343969759
5590,1976.4,2962.841638114765
5591,1985.0,2963.2609165885456
5592,1993.2,2963.680179394489
5593,2021.8,2964.0994265359836
5594,2044.8,2964.5186580164136
5595,2016.2,2964.9378738391647
5596,2040.8,2965.357074007619
5597,2017.8,2965.7762585251594
5598,1994.0,2966.1954273951656
5599,1969.0,2966.614580621017
5600,1947.6,2967.033718206091
5601,1973.0,2967.452840153765
5602,2002.8,2967.871946467413
5603,1948.2,2968.2910371504104
5604,1978.4,2968.710112206128
5605,2001.0,2969.129171637938
5606,1999.6,2969.5482154492097
5607,1997.8,2969.9672436433116
5608,2024.0,2970.3862562236113
5609,2046.6,2970.8052531934745
5610,2049.2,2971.2242345562654
5611,2017.8,2971.6432003153477
5612,2008.0,2972.062150474083
5613,2009.8,2972.4810850358317
5614,1956.4,2972.900004003953
5615,1957.0,2973.3189073818057
5616,1970.4,2973.737795172745
5617,1997.8,2974.156667380127
5618,1997.6,2974.5755240073054
5619,2010.6,2974.9943650576333
5620,2009.6,2975.413190534461
5621,1981.8,2975.83200044114
5622,1952.0,2976.2507947810172
5623,1954.6,2976.6695735574413
5624,1893.2,2977.0883367737574
5625,1878.6,2977.5070844333113
5626,1866.0,2977.9258165394453
5627,1899.4,2978.3445330955024
5628,1927.2,2978.763234104823
5629,1981.0,2979.1819195707467
5630,2016.0,2979.6005894966115
5631,1986.6,2980.019243885754
5632,1949.6,2980.43788274151
5633,1942.6,2980.8565060672145
5634,1931.2,2981.275113866199
5635,1939.4,2981.693706141796
5636,2000.0,2982.112282897336
5637,1965.0,2982.5308441361476
5638,1973.6,2982.9493898615588
5639,2009.8,2983.3679200768956
5640,1984.4,2983.786434785484
5641,1989.8,2984.2049339906466
5642,1964.0,2984.6234176957064
5643,1954.6,2985.0418859039846
5644,1955.2,2985.4603386188014
5645,1963.4,2985.878775843475
5646,1928.8,2986.297197581323
5647,1932.2,2986.715603835661
5648,1939.2,2987.1339946098037
5649,1964.2,2987.552369907066
5650,1987.2,2987.9707297307573
5651,2013.8,2988.3890740841907
5652,2050.4,2988.8074029706754
5653,2077.0,2989.2257163935183
5654,2088.4,2989.6440143560276
5655,2125.8,2990.062296861509
5656,2114.8,2990.480563913266
5657,2116.2,2990.8988155146017
5658,2146.0,2991.317051668819
5659,2175.4,2991.7352723792173
5660,2191.6,2992.153477649096
5661,2231.4,2992.5716674817536
5662,2199.6,2992.989841880486
5663,2189.8,2993.4080008485894
5664,2158.8,2993.8261443893566
5665,2200.2,2994.2442725060814
5666,2195.2,2994.662385202055
5667,2165.0,2995.0804824805673
5668,2188.4,2995.4985643449077
5669,2209.0,2995.9166307983637
5670,2246.4,2996.3346818442214
5671,2301.8,2996.752717485766
5672,2290.0,2997.1707377262815
5673,2354.6,2997.5887425690503
5674,2310.0,2998.0067320173534
5675,2257.0,2998.424706074471
5676,2253.2,2998.842664743682
5677,2231.4,2999.2606080282635
5678,2203.2,2999.6785359314918
5679,2194.6,3000.096448456641
5680,2203.2,3000.5143456069864
5681,2152.2,3000.932227385799
5682,2126.0,3001.350093796349
5683,2141.0,3001.767944841908
5684,2132.4,3002.185780525744
5685,2119.4,3002.603600851124
5686,2147.2,3003.021405821314
5687,2173.8,3003.4391954395787
5688,2171.2,3003.8569697091816
5689,2181.0,3004.2747286333843
5690,2212.4,3004.6924722154486
5691,2241.8,3005.1102004586332
5692,2251.2,3005.527913366197
5693,2243.4,3005.9456109413973
5694,2213.6,3006.3632931874895
5695,2163.4,3006.7809601077283
5696,2103.2,3007.198611705367
5697,2157.0,3007.6162479836576
5698,2195.2,3008.033868945851
5699,2251.4,3008.4514745951965
5700,2195.2,3008.869064934943
5701,2188.2,3009.286639968336
5702,2233.6,3009.704199698623
5703,2231.4,3010.121744129048
5704,2203.2,3010.5392732628534
5705,2229.8,3010.9567871032823
5706,2238.4,3011.374285653574
5707,2187.4,3011.79176891697
5708,2198.4,3012.2092368967064
5709,2177.8,3012.6266895960216
5710,2178.8,3013.044127018151
5711,2204.2,3013.4615491663285
5712,2221.2,3013.8789560437876
5713,2233.8,3014.2963476537607
5714,2253.2,3014.7137239994777
5715,2226.6,3015.1310850841687
5716,2200.4,3015.5484309110616
5717,2226.6,3015.9657614833836
5718,2241.6,3016.3830768043604
5719,2273.0,3016.8003768772164
5720,2273.6,3017.217661705174
5721,2309.0,3017.6349312914567
5722,2282.4,3018.0521856392843
5723,2329.8,3018.4694247518764
5724,2346.4,3018.8866486324514
5725,2357.0,3019.303857284226
5726,2369.6,3019.721050710416
5727,2397.8,3020.1382289142366
5728,2396.4,3020.5553918989
5729,2377.0,3020.9725396676195
5730,2406.8,3021.3896722236045
5731,2386.6,3021.8067895700656
5732,2338.4,3022.223891710211
5733,2386.6,3022.6409786472473
5734,2354.0,3023.0580503843807
5735,2375.4,3023.475106924816
5736,2372.0,3023.892148271756
5737,2345.8,3024.3091744284034
5738,2376.8,3024.726185397959
5739,2394.6,3025.143181183623
5740,2375.2,3025.5601617885923
5741,2379.4,3025.9771272160656
5742,2411.6,3026.3940774692383
5743,2437.8,3026.8110125513053
5744,2479.2,3027.2279324654605
5745,2460.2,3027.6448372148957
5746,2510.0,3028.061726802802
5747,2524.2,3028.4786012323693
5748,2502.0,3028.895460506786
5749,2489.0,3029.3123046292403
5750,2511.2,3029.7291336029184
5751,2500.2,3030.145947431004
5752,2483.2,3030.5627461166814
5753,2509.8,3030.9795296631337
5754,2487.2,3031.396298073542
5755,2453.8,3031.813051351086
5756,2503.6,3032.2297894989447
5757,2522.6,3032.646512520296
5758,2574.0,3033.0632204183153
5759,2538.6,3033.479913196179
5760,2549.6,3033.896590857061
5761,2538.6,3034.313253404133
5762,2549.6,3034.729900840567
5763,2573.0,3035.1465331695345
5764,2562.0,3035.5631503942027
5765,2553.0,3035.9797525177405
5766,2562.0,3036.396339543315
5767,2592.2,3036.812911474091
5768,2634.0,3037.2294683132327
5769,2610.6,3037.6460100639038
5770,2585.6,3038.062536729265
5771,2595.4,3038.479048312478
5772,2591.2,3038.895544816702
5773,2542.6,3039.312026245095
5774,2565.6,3039.7284926008138
5775,2583.4,3040.1449438870145
5776,2549.6,3040.5613801068516
5777,2505.8,3040.977801263478
5778,2494.0,3041.394207360047
5779,2471.4,3041.810598399708
5780,2440.0,3042.2269743856123
5781,2488.2,3042.6433353209077
5782,2510.8,3043.0596812087415
5783,2549.8,3043.47601205226
5784,2535.2,3043.892327854608
5785,2528.2,3044.3086286189296
5786,2543.2,3044.7249143483673
5787,2501.8,3045.141185046062
5788,2507.2,3045.5574407151544
5789,2505.8,3045.9736813587824
5790,2514.8,3046.389906980085
5791,2493.0,3046.806117582198
5792,2548.8,3047.222313168257
5793,2549.0,3047.638493741397
5794,2509.6,3048.0546593047493
5795,2493.8,3048.4708098614465
5796,2446.8,3048.8869454146193
5797,2437.0,3049.3030659673973
5798,2440.0,3049.719171522908
5799,2385.8,3050.1352620842786
5800,2378.0,3050.5513376546355
5801,2417.8,3050.9673982371023
5802,2464.4,3051.3834438348035
5803,2478.6,3051.7994744508605
5804,2454.4,3052.215490088395
5805,2435.4,3052.6314907505266
5806,2490.4,3053.047476440374
5807,2483.4,3053.4634471610543
5808,2459.6,3053.879402915684
5809,2445.0,3054.295343707379
5810,2459.6,3054.711269539252
5811,2476.2,3055.1271804144167
5812,2515.2,3055.543076335984
5813,2498.6,3055.9589573070643
5814,2491.6,3056.3748233307674
5815,2547.4,3056.790674410201
5816,2501.6,3057.206510548472
5817,2477.0,3057.622331748686
5818,2501.6,3058.0381380139474
5819,2444.2,3058.45392934736
5820,2490.4,3058.869705752025
5821,2513.0,3059.285467231044
5822,2492.8,3059.7012137875163
5823,2505.0,3060.1169454245414
5824,2504.4,3060.532662145216
5825,2520.2,3060.948363952636
5826,2544.4,3061.3640508498975
5827,2545.8,3061.7797228400937
5828,2602.8,3062.195379926317
5829,2606.6,3062.61102211166
5830,2626.4,3063.0266493992126
5831,2651.4,3063.4422617920636
5832,2674.8,3063.8578592933013
5833,2724.2,3064.2734419060125
5834,2768.0,3064.6890096332836
5835,2789.8,3065.1045624781977
5836,2790.8,3065.5201004438395
5837,2741.0,3065.9356235332907
5838,2693.2,3066.3511317496323
5839,2668.2,3066.766625095944
5840,2691.6,3067.182103575305
5841,2674.6,3067.5975671907927
5842,2736.4,3068.013015945483
5843,2721.8,3068.4284498424513
5844,2742.4,3068.843868884772
5845,2713.8,3069.2592730755177
5846,2705.2,3069.6746624177604
5847,2706.6,3070.09003691457
5848,2705.2,3070.5053965690167
5849,2681.0,3070.9207413841677
5850,2660.8,3071.3360713630914
5851,2685.0,3071.751386508853
5852,2666.8,3072.166686824517
5853,2692.2,3072.581972313148
5854,2669.2,3072.997242977807
5855,2696.2,3073.412498821557
5856,2722.4,3073.8277398474565
5857,2676.2,3074.242966058566
5858,2680.0,3074.658177457942
5859,2665.8,3075.073374048642
5860,2700.4,3075.4885558337214
5861,2665.8,3075.903722816234
5862,2661.2,3076.318874999234
5863,2645.0,3076.7340123857725
5864,2583.6,3077.1491349789017
5865,2581.0,3077.5642427816697
5866,2569.2,3077.9793357971266
5867,2583.4,3078.3944140283197
5868,2568.4,3078.8094774782944
5869,2601.0,3079.224526150096
5870,2579.6,3079.63956004677
5871,2601.8,3080.0545791713575
5872,2570.8,3080.469583526901
5873,2577.8,3080.8845731164415
5874,2564.0,3081.299547943018
5875,2521.0,3081.714508009669
5876,2534.4,3082.1294533194314
5877,2565.8,3082.5443838753413
5878,2609.2,3082.959299680434
5879,2612.2,3083.3742007377427
5880,2569.2,3083.7890870503
5881,2565.8,3084.203958621138
5882,2529.6,3084.618815453287
5883,2495.4,3085.033657549776
5884,2487.6,3085.448484913633
5885,2421.8,3085.863297547884
5886,2426.0,3086.2780954555565
5887,2432.2,3086.6928786396743
5888,2424.8,3087.1076471032607
5889,2424.2,3087.5224008493383
5890,2425.2,3087.9371398809285
5891,2429.0,3088.3518642010513
5892,2426.0,3088.7665738127257
5893,2405.8,3089.1812687189695
5894,2426.0,3089.5959489227994
5895,2429.0,3090.0106144272313
5896,2432.8,3090.4252652352793
5897,2409.0,3090.8399013499566
5898,2471.6,3091.254522774276
5899,2442.6,3091.6691295112482
5900,2411.2,3092.083721563883
5901,2408.2,3092.4982989351897
5902,2411.2,3092.9128616281755
5903,2397.0,3093.327409645847
5904,2336.0,3093.74194299121
5905,2345.8,3094.1564616672686
5906,2346.4,3094.570965677026
5907,2304.2,3094.9854550234845
5908,2269.2,3095.3999297096448
5909,2258.6,3095.8143897385066
5910,2262.8,3096.2288351130687
5911,2245.0,3096.643265836329
5912,2255.6,3097.0576819112835
5913,2249.0,3097.472083340928
5914,2270.8,3097.8864701282564
5915,2289.8,3098.300842276262
5916,2284.0,3098.715199787937
5917,2302.6,3099.1295426662714
5918,2271.2,3099.5438709142554
5919,2292.2,3099.9581845348785
5920,2282.0,3100.3724835311273
5921,2264.2,3100.786767905988
5922,2282.0,3101.2010376624467
5923,2309.8,3101.615292803487
5924,2304.0,3102.0295333320923
5925,2245.8,3102.4437592512445
5926,2264.8,3102.857970563924
5927,2287.4,3103.2721672731113
5928,2332.4,3103.686349381785
5929,2310.6,3104.1005168929214
5930,2265.2,3104.514669809498
5931,2245.0,3104.9288081344903
5932,2265.2,3105.342931870872
5933,2244.2,3105.7570410216154
5934,2250.4,3106.171135589694
5935,2248.2,3106.585215578078
5936,2230.0,3106.999280989737
5937,2205.8,3107.41333182764
5938,2190.0,3107.827368094754
5939,2167.4,3108.2413897940455
5940,2171.2,3108.655396928481
5941,2210.6,3109.069389501023
5942,2202.0,3109.483367514636
5943,2247.4,3109.8973309722815
5944,2240.4,3110.3112798769207
5945,2222.6,3110.7252142315133
5946,2230.8,3111.1391340390173
5947,2236.2,3111.553039302392
5948,2237.6,3111.966930024592
5949,2169.8,3112.3808062085745
5950,2155.6,3112.7946678572926
5951,2147.4,3113.2085149737
5952,2150.4,3113.622347560749
5953,2189.8,3114.0361656213904
5954,2188.8,3114.4499691585743
5955,2168.2,3114.8637581752496
5956,2236.0,3115.277532674364
5957,2217.0,3115.691292658864
5958,2223.6,3116.105038131696
5959,2229.8,3116.518769095803
5960,2241.6,3116.93248555413
5961,2255.4,3117.3461875096177
5962,2249.6,3117.7598749652093
5963,2278.6,3118.173547923843
5964,2297.2,3118.587206388459
5965,2316.2,3119.0008503619956
5966,2311.2,3119.414479847388
5967,2283.4,3119.8280948475735
5968,2286.0,3120.2416953654865
5969,2291.4,3120.65528140406
5970,2311.6,3121.068852966227
5971,2313.0,3121.4824100549195
5972,2342.8,3121.895952673066
5973,2359.4,3122.309480823598
5974,2353.6,3122.7229945094423
5975,2373.8,3123.136493733526
5976,2340.8,3123.5499784987765
5977,2315.4,3123.963448808117
5978,2333.6,3124.376904664472
5979,2317.0,3124.7903460707644
5980,2330.4,3125.203773029916
5981,2330.6,3125.6171855448474
5982,2310.8,3126.030583618478
5983,2352.2,3126.4439672537264
5984,2330.8,3126.8573364535096
5985,2352.2,3127.270691220744
5986,2368.8,3127.6840315583454
5987,2362.6,3128.0973574692275
5988,2377.2,3128.5106689563036
5989,2379.4,3128.9239660224853
5990,2346.4,3129.3372486706835
5991,2398.6,3129.750516903809
5992,2427.6,3130.1637707247696
5993,2432.2,3130.5770101364733
5994,2411.2,3130.990235141827
5995,2397.8,3131.4034457437356
5996,2415.2,3131.816641945104
5997,2419.4,3132.229823748836
5998,2440.8,3132.642991157834
5999,2411.4,3133.0561441749987
6000,2437.2,3133.4692828032307
6001,2441.0,3133.8824070454284
6002,2437.2,3134.295516904491
6003,2508.2,3134.708612383315
6004,2545.2,3135.121693484796
6005,2525.0,3135.5347602118295
6006,2544.8,3135.947812567309
6007,2521.0,3136.3608505541274
6008,2538.8,3136.7738741751764
6009,2565.8,3137.186883433347
6010,2568.8,3137.5998783315276
6011,2591.4,3138.012858872608
6012,2612.4,3138.425825059475
6013,2585.8,3138.8387768950147
6014,2618.0,3139.2517143821137
6015,2628.2,3139.6646375236546
6016,2604.4,3140.077546322522
6017,2637.8,3140.490440781597
6018,2635.2,3140.903320903761
6019,2578.6,3141.3161866918945
6020,2525.6,3141.729038148876
6021,2561.0,3142.1418752775835
6022,2559.2,3142.5546980808945
6023,2569.0,3142.967506561684
6024,2578.8,3143.3803007228266
6025,2594.6,3143.7930805671967
6026,2540.0,3144.205846097667
6027,2552.2,3144.618597317108
6028,2576.4,3145.0313342283916
6029,2632.2,3145.444056834386
6030,2703.6,3145.8567651379612
6031,2665.0,3146.269459141983
6032,2652.0,3146.6821388493186
6033,2630.6,3147.094804262834
6034,2652.0,3147.5074553853915
6035,2648.2,3147.9200922198556
6036,2647.6,3148.332714769088
6037,2685.8,3148.7453230359506
6038,2665.6,3149.157917023302
6039,2738.6,3149.570496734003
6040,2813.6,3149.98306217091
6041,2822.6,3150.3956133368806
6042,2846.4,3150.808150234771
6043,2821.8,3151.220672867435
6044,2790.0,3151.6331812377275
6045,2815.4,3152.0456753485005
6046,2789.2,3152.4581552026057
6047,2763.4,3152.8706208028943
6048,2749.6,3153.283072152215
6049,2693.0,3153.6955092534176
6050,2672.8,3154.1079321093484
6051,2693.0,3154.520340722855
6052,2682.0,3154.932735096782
6053,2664.2,3155.3451152339744
6054,2649.2,3155.757481137275
6055,2704.2,3156.1698328095267
6056,2680.0,3156.58217025357
6057,2645.0,3156.994493472246
6058,2700.4,3157.4068024683943
6059,2779.4,3157.8190972448515
6060,2746.8,3158.231377804456
6061,2781.8,3158.643644150043
6062,2768.0,3159.0558962844493
6063,2747.4,3159.4681342105073
6064,2721.6,3159.88035793105
6065,2709.8,3160.292567448911
6066,2701.6,3160.7047627669194
6067,2692.2,3161.1169438879065
6068,2694.8,3161.5291108147003
6069,2686.6,3161.941263550129
6070,2679.2,3162.3534020970196
6071,2672.2,3162.7655264581977
6072,2617.6,3163.177636636488
6073,2582.6,3163.5897326347144
6074,2588.8,3164.0018144557
6075,2617.0,3164.4138821022657
6076,2627.2,3164.825935577233
6077,2634.6,3165.237974883421
6078,2636.4,3165.6500000236488
6079,2609.8,3166.062011000733
6080,2603.2,3166.4740078174914
6081,2597.0,3166.885990476739
6082,2592.4,3167.2979589812903
6083,2569.0,3167.7099133339584
6084,2563.6,3168.121853537557
6085,2539.4,3168.5337795948963
6086,2593.2,3168.9456915087876
6087,2617.0,3169.35758928204
6088,2610.4,3169.769472917462
6089,2639.4,3170.18134241786
6090,2624.0,3170.593197786042
6091,2591.4,3171.0050390248125
6092,2606.8,3171.416866136976
6093,2608.2,3171.8286791253354
6094,2607.2,3172.2404779926937
6095,2604.2,3172.652262741852
6096,2525.2,3173.06403337561
6097,2545.8,3173.4757898967678
6098,2493.2,3173.887532308123
6099,2509.8,3174.299260612473
6100,2486.8,3174.7109748126136
6101,2509.8,3175.1226749113416
6102,2538.8,3175.5343609114493
6103,2509.8,3175.94603281573
6104,2532.8,3176.3576906269777
6105,2554.6,3176.769334347982
6106,2534.8,3177.1809639815333
6107,2553.8,3177.5925795304206
6108,2564.0,3178.0041809974323
6109,2540.2,3178.4157683853555
6110,2578.4,3178.8273416969764
6111,2632.2,3179.23890093508
6112,2688.0,3179.6504461024506
6113,2710.6,3180.0619772018713
6114,2688.8,3180.4734942361233
6115,2683.4,3180.884997207989
6116,2754.0,3181.296486120247
6117,2775.4,3181.7079609756775
6118,2798.4,3182.119421777059
6119,2838.6,3182.530868527167
6120,2867.6,3182.942301228779
6121,2899.4,3183.353719884669
6122,2859.6,3183.765124497612
6123,2839.4,3184.17651507038
6124,2807.6,3184.5878916057463
6125,2783.4,3184.999254106481
6126,2783.6,3185.4106025753545
6127,2765.0,3185.821937015136
6128,2792.8,3186.233257428593
6129,2819.4,3186.644563818493
6130,2802.4,3187.0558561876023
6131,2804.2,3187.4671345386855
6132,2838.0,3187.8783988745076
6133,2761.8,3188.28964919783
6134,2756.0,3188.7008855114163
6135,2801.8,3189.112107818027
6136,2756.0,3189.523316120422
6137,2725.8,3189.9345104213608
6138,2654.0,3190.345690723601
6139,2689.8,3190.7568570299004
6140,2686.8,3191.168009343015
6141,2645.8,3191.579147665699
6142,2670.4,3191.990272000708
6143,2673.8,3192.4013823507944
6144,2718.0,3192.81247871871
6145,2724.2,3193.2235611072065
6146,2744.0,3193.6346295190338
6147,2733.8,3194.045683956941
6148,2719.2,3194.456724423677
6149,2706.6,3194.8677509219883
6150,2705.2,3195.278763454621
6151,2672.2,3195.689762024321
6152,2680.4,3196.100746633833
6153,2701.8,3196.5117172858986
6154,2697.6,3196.9226739832616
6155,2726.6,3197.3336167286625
6156,2654.8,3197.744545524842
6157,2681.8,3198.1554603745394
6158,2685.6,3198.566361280493
6159,2650.6,3198.97724824544
6160,2650.4,3199.388121272117
6161,2653.8,3199.798980363259
6162,2648.8,3200.209825521601
6163,2653.8,3200.620656749876
6164,2684.8,3201.0314740508175
6165,2677.0,3201.4422774271557
6166,2673.6,3201.853066881621
6167,2685.0,3202.2638424169445
6168,2706.4,3202.674604035853
6169,2720.2,3203.0853517410756
6170,2752.0,3203.4960855353374
6171,2775.4,3203.906805421366
6172,2761.2,3204.3175114018836
6173,2733.8,3204.728203479616
6174,2735.6,3205.138881657284
6175,2750.6,3205.549545937611
6176,2746.0,3205.960196323317
6177,2755.4,3206.3708328171224
6178,2818.4,3206.781455421745
6179,2755.4,3207.192064139903
6180,2753.2,3207.6026589743137
6181,2796.2,3208.0132399276927
6182,2786.4,3208.4238070027545
6183,2792.2,3208.8343602022137
6184,2766.0,3209.244899528783
6185,2741.0,3209.6554249851747
6186,2741.6,3210.0659365740994
6187,2745.8,3210.476434298267
6188,2754.8,3210.8869181603873
6189,2745.8,3211.2973881631683
6190,2741.6,3211.7078443093174
6191,2716.2,3212.1182866015397
6192,2692.8,3212.5287150425415
6193,2720.2,3212.9391296350263
6194,2722.8,3213.349530381698
6195,2709.0,3213.7599172852592
6196,2719.2,3214.1702903484106
6197,2646.6,3214.580649573853
6198,2638.4,3214.9909949642856
6199,2638.6,3215.401326522407
6200,2633.2,3215.811644250915
6201,2631.4,3216.2219481525062
6202,2591.2,3216.632238229876
6203,2653.0,3217.0425144857186
6204,2649.2,3217.452776922729
6205,2662.6,3217.8630255435983
6206,2601.2,3218.273260351019
6207,2587.4,3218.683481347682
6208,2575.2,3219.0936885362776
6209,2576.2,3219.5038819194942
6210,2604.8,3219.914061500019
6211,2608.2,3220.324227280541
6212,2621.2,3220.734379263745
6213,2608.2,3221.1445174523155
6214,2587.6,3221.554641848937
6215,2517.8,3221.9647524562934
6216,2528.0,3222.3748492770665
6217,2567.4,3222.784932313937
6218,2564.8,3223.195001569586
6219,2598.6,3223.605057046693
6220,2640.4,3224.015098747936
6221,2645.0,3224.425126675992
6222,2608.8,3224.8351408335384
6223,2597.8,3225.2451412232494
6224,2606.4,3225.655127847802
6225,2629.8,3226.0651007098672
6226,2596.0,3226.475059812119
6227,2635.4,3226.8850051572294
6228,2669.2,3227.294936747869
6229,2681.8,3227.7048545867074
6230,2754.0,3228.1147586764137
6231,2777.8,3228.524649019656
6232,2807.2,3228.934525619101
6233,2774.6,3229.344388477415
6234,2760.8,3229.754237597263
6235,2752.2,3230.164072981309
6236,2723.6,3230.5738946322167
6237,2717.0,3230.983702552649
6238,2690.4,3231.3934967452656
6239,2693.8,3231.803277212728
6240,2768.0,3232.213043957696
6241,2796.2,3232.6227969828274
6242,2773.2,3233.0325362907797
6243,2781.0,3233.4422618842104
6244,2790.8,3233.8519737657743
6245,2789.0,3234.261671938127
6246,2794.4,3234.671356403922
6247,2719.4,3235.0810271658115
6248,2720.4,3235.4906842264486
6249,2709.8,3235.900327588484
6250,2750.0,3236.3099572545675
6251,2752.2,3236.719573227348
6252,2763.2,3237.1291755094744
6253,2762.6,3237.538764103593
6254,2766.0,3237.948339012352
6255,2739.4,3238.3579002383944
6256,2748.0,3238.7674477843666
6257,2745.0,3239.1769816529113
6258,2753.2,3239.5865018466716
6259,2741.8,3239.996008368288
6260,2818.0,3240.4055012204026
6261,2791.4,3240.8149804056548
6262,2791.2,3241.224445926683
6263,2757.0,3241.6338977861255
6264,2778.4,3242.0433359866192
6265,2777.8,3242.4527605308003
6266,2800.4,3242.8621714213045
6267,2825.0,3243.271568660765
6268,2815.6,3243.6809522518156
6269,2813.8,3244.090322197089
6270,2795.2,3244.499678499216
6271,2840.2,3244.9090211608277
6272,2851.2,3245.3183501845533
6273,2863.4,3245.7276655730216
6274,2837.2,3246.1369673288605
6275,2849.0,3246.546255454696
6276,2803.2,3246.9555299531553
6277,2838.6,3247.3647908268626
6278,2852.4,3247.7740380784417
6279,2861.0,3248.1832717105162
6280,2871.6,3248.5924917257084
6281,2867.4,3249.001698126639
6282,2822.4,3249.410890915929
6283,2827.4,3249.8200700961975
6284,2840.8,3250.2292356700627
6285,2870.6,3250.6383876401433
6286,2871.2,3251.0475260090543
6287,2874.6,3251.456650779413
6288,2904.0,3251.865761953833
6289,2826.6,3252.274859534929
6290,2834.8,3252.6839435253137
6291,2912.2,3253.0930139275997
6292,2942.8,3253.5020707443973
6293,2967.4,3253.9111139783176
6294,2954.8,3254.320143631969
6295,2940.2,3254.7291597079607
6296,2922.4,3255.1381622088998
6297,2902.6,3255.547151137393
6298,2907.2,3255.956126496046
6299,2921.8,3256.3650882874635
6300,2950.4,3256.774036514249
6301,3025.8,3257.1829711790065
6302,2984.4,3257.5918922843366
6303,3019.4,3258.0007998328415
6304,3035.2,3258.409693827121
6305,3059.4,3258.818574269774
6306,3023.6,3259.2274411633994
6307,3005.0,3259.636294510595
6308,2970.4,3260.0451343139557
6309,2961.0,3260.453960576079
6310,2986.0,3260.8627732995587
6311,3027.4,3261.271572486989
6312,3061.2,3261.6803581409627
6313,3027.4,3262.0891302640716
6314,2997.6,3262.497888858907
6315,3025.0,3262.9066339280594
6316,3070.4,3263.3153654741172
6317,3085.0,3263.7240834996696
6318,3118.4,3264.1327880073036
6319,3128.2,3264.541478999606
6320,3164.8,3264.9501564791626
6321,3154.6,3265.3588204485577
6322,3164.8,3265.7674709103762
6323,3124.2,3266.1761078672
6324,3152.4,3266.584731321611
6325,3123.4,3266.993341276191
6326,3131.2,3267.4019377335203
6327,3161.0,3267.810520696178
6328,3171.6,3268.2190901667427
6329,3189.8,3268.6276461477914
6330,3179.2,3269.0361886419014
6331,3197.0,3269.4447176516487
6332,3184.8,3269.8532331796073
6333,3146.6,3270.2617352283514
6334,3110.4,3270.6702238004546
6335,3102.6,3271.0786988984887
6336,3072.8,3271.4871605250246
6337,3093.0,3271.895608682633
6338,3124.0,3272.304043373884
6339,3112.2,3272.712464601345
6340,3120.4,3273.120872367584
6341,3160.2,3273.5292666751684
6342,3139.2,3273.9376475266636
6343,3137.0,3274.3460149246353
6344,3059.6,3274.7543688716464
6345,3061.0,3275.162709370261
6346,3060.0,3275.5710364230413
6347,3089.0,3275.979350032548
6348,3100.0,3276.3876502013427
6349,3119.4,3276.795936931984
6350,3072.8,3277.204210227032
6351,3061.8,3277.6124700890437
6352,2988.4,3278.020716520576
6353,2977.8,3278.428949524185
6354,2946.0,3278.837169102426
6355,2916.2,3279.245375257854
6356,2895.6,3279.653567993021
6357,2882.6,3280.0617473104808
6358,2893.6,3280.4699132127844
6359,2874.6,3280.8780657024827
6360,2852.8,3281.286204782126
6361,2926.6,3281.694330454262
6362,2947.6,3282.10244272144
6363,2927.4,3282.5105415862076
6364,2898.0,3282.91862705111
6365,2901.0,3283.3266991186933
6366,2864.0,3283.7347577915016
6367,2902.6,3284.1428030720786
6368,2870.8,3284.5508349629677
6369,2799.4,3284.9588534667105
6370,2771.6,3285.366858585848
6371,2785.0,3285.774850322921
6372,2768.8,3286.182828680467
6373,2739.4,3286.590793661026
6374,2787.6,3286.9987452671353
6375,2795.4,3287.4066835013314
6376,2860.4,3287.8146083661495
6377,2849.8,3288.2225198641254
6378,2878.4,3288.6304179977924
6379,2829.8,3289.038302769684
6380,2845.6,3289.446174182332
6381,2861.0,3289.8540322382687
6382,2788.8,3290.2618769400233
6383,2761.0,3290.6697082901264
6384,2782.0,3291.077526291107
6385,2793.8,3291.485330945492
6386,2759.2,3291.8931222558085
6387,2763.4,3292.300900224583
6388,2759.2,3292.7086648543414
6389,2828.2,3293.1164161476063
6390,2812.0,3293.5241541069026
6391,2846.6,3293.9318787347534
6392,2855.2,3294.339590033679
6393,2828.2,3294.7472880062005
6394,2804.8,3295.1549726548387
6395,2820.2,3295.562643982113
6396,2838.0,3295.9703019905405
6397,2824.2,3296.3779466826386
6398,2785.6,3296.785578060925
6399,2751.4,3297.1931961279147
6400,2797.6,3297.6008008861227
6401,2813.8,3298.008392338062
6402,2797.6,3298.4159704862477
6403,2805.8,3298.82353533319
6404,2824.0,3299.2310868814006
6405,2873.0,3299.638625133391
6406,2901.6,3300.04615009167
6407,2923.4,3300.453661758746
6408,2994.0,3300.861160137128
6409,3005.0,3301.268645229322
6410,3016.8,3301.6761170378345
6411,3001.0,3302.0835755651706
6412,3013.2,3302.491020813835
6413,3037.0,3302.898452786331
6414,3037.2,3303.305871485161
6415,3010.6,3303.7132769128275
6416,2978.0,3304.1206690718313
6417,2947.4,3304.5280479646726
6418,2896.0,3304.93541359385
6419,2921.8,3305.3427659618624
6420,2910.8,3305.7501050712067
6421,2844.2,3306.1574309243806
6422,2830.0,3306.564743523879
6423,2896.2,3306.9720428721976
6424,2835.2,3307.3793289718296
6425,2824.2,3307.786601825269
6426,2783.6,3308.193861435008
6427,2820.2,3308.6011078035376
6428,2852.0,3309.0083409333497
6429,2885.0,3309.4155608269325
6430,2868.4,3309.822767486776
6431,2883.4,3310.229960915368
6432,2916.4,3310.6371411151954
6433,2968.2,3311.0443080887444
6434,2986.0,3311.451461838502
6435,2988.2,3311.858602366952
6436,2991.2,3312.2657296765774
6437,3014.6,3312.6728437698625
6438,3000.0,3313.0799446492883
6439,3021.0,3313.487032317337
6440,3047.6,3313.8941067764886
6441,3037.0,3314.301168029223
6442,3040.4,3314.7082160780174
6443,3053.8,3315.1152509253525
6444,3093.2,3315.522272573702
6445,3108.2,3315.9292810255447
6446,3135.2,3316.336276283355
6447,3177.0,3316.743258349607
6448,3135.6,3317.1502272267744
6449,3146.6,3317.5571829173305
6450,3118.4,3317.9641254237476
6451,3097.0,3318.3710547484948
6452,3092.4,3318.7779708940443
6453,3056.2,3319.1848738628646
6454,3046.0,3319.5917636574254
6455,3061.0,3319.9986402801924
6456,3097.2,3320.4055037336334
6457,3094.6,3320.8123540202155
6458,3097.2,3321.2191911424025
6459,3089.8,3321.626015102659
6460,3097.2,3322.032825903449
6461,3089.8,3322.439623547234
6462,3053.2,3322.8464080364774
6463,3038.6,3323.253179373639
6464,2977.2,3323.6599375611786
6465,2961.0,3324.0666826015563
6466,2932.0,3324.473414497231
6467,2895.4,3324.880133250659
6468,2825.2,3325.2868388642974
6469,2811.4,3325.693531340603
6470,2846.4,3326.10021068203
6471,2839.4,3326.5068768910332
6472,2834.4,3326.9135299700656
6473,2838.6,3327.3201699215792
6474,2835.6,3327.726796748027
6475,2829.0,3328.1334104518587
6476,2888.0,3328.5400110355254
6477,2884.2,3328.946598501476
6478,2950.0,3329.3531728521584
6479,2957.0,3329.7597340900197
6480,2972.4,3330.1662822175085
6481,2957.0,3330.5728172370686
6482,2986.4,3330.9793391511475
6483,3001.0,3331.3858479621867
6484,3004.4,3331.7923436726305
6485,3029.8,3332.1988262849227
6486,3042.4,3332.6052958015034
6487,3109.8,3333.011752224814
6488,3094.8,3333.418195557295
6489,3101.0,3333.824625801385
6490,3106.4,3334.2310429595227
6491,3137.8,3334.637447034146
6492,3176.8,3335.0438380276914
6493,3139.4,3335.4502159425942
6494,3182.0,3335.85658078129
6495,3216.2,3336.262932546213
6496,3202.4,3336.669271239797
6497,3217.8,3337.075596864474
6498,3235.2,3337.481909422676
6499,3242.6,3337.8882089168337
6500,3240.0,3338.294495349378
6501,3216.2,3338.700768722737
6502,3278.0,3339.1070290393395
6503,3310.6,3339.5132763016136
6504,3308.0,3339.9195105119857
6505,3339.4,3340.3257316728823
6506,3282.0,3340.731939786728
6507,3207.4,3341.138134855948
6508,3216.4,3341.544316882965
6509,3198.6,3341.950485870201
6510,3201.6,3342.35664182008
6511,3139.4,3342.762784735021
6512,3086.0,3343.168914617445
6513,3069.0,3343.5750314697716
6514,3071.2,3343.9811352944193
6515,3053.0,3344.387226093805
6516,3018.8,3344.7933038703472
6517,3044.2,3345.1993686264614
6518,3021.6,3345.605420364562
6519,2961.8,3346.0114590870658
6520,2994.8,3346.417484796383
6521,2976.2,3346.82349749493
6522,2942.4,3347.2294971851165
6523,2964.2,3347.635483869354
6524,2948.4,3348.0414575500536
6525,2980.2,3348.4474182296244
6526,3033.2,3348.8533659104755
6527,3012.2,3349.2593005950152
6528,3010.0,3349.6652222856496
6529,3020.2,3350.071130984786
6530,3045.2,3350.4770266948294
6531,3026.6,3350.882909418184
6532,3015.2,3351.2887791572552
6533,2991.4,3351.694635914445
6534,2975.2,3352.1004796921557
6535,2977.0,3352.5063104927885
6536,2946.0,3352.912128318745
6537,2982.6,3353.3179331724236
6538,2980.4,3353.7237250562252
6539,3051.4,3354.129503972546
6540,2992.8,3354.5352699237847
6541,2957.0,3354.9410229123373
6542,2992.8,3355.3467629406005
6543,2964.2,3355.752490010968
6544,2976.0,3356.1582041258343
6545,3035.4,3356.563905287593
6546,3069.2,3356.969593498637
6547,3076.2,3357.3752687613573
6548,3096.0,3357.7809310781454
6549,3135.4,3358.1865804513905
6550,3122.8,3358.5922168834836
6551,3105.0,3358.9978403768114
6552,3126.8,3359.403450933762
6553,3088.2,3359.809048556724
6554,3161.6,3360.2146332480816
6555,3179.4,3360.62020501022
6556,3154.0,3361.0257638455255
6557,3178.6,3361.43130975638
6558,3160.4,3361.836842745167
6559,3125.8,3362.2423628142687
6560,3201.2,3362.6478699660656
6561,3214.6,3363.0533642029395
6562,3201.2,3363.4588455272697
6563,3169.0,3363.864313941434
6564,3161.6,3364.2697694478115
6565,3175.4,3364.6752120487795
6566,3159.2,3365.080641746714
6567,3094.6,3365.48605854399
6568,3121.6,3365.891462442984
6569,3111.4,3366.2968534460697
6570,3097.6,3366.702231555619
6571,3115.4,3367.1075967740057
6572,3115.2,3367.512949103601
6573,3152.2,3367.9182885467762
6574,3140.0,3368.323615105901
6575,3121.0,3368.7289287833446
6576,3159.2,3369.134229581475
6577,3135.4,3369.5395175026615
6578,3129.2,3369.9447925492696
6579,3125.0,3370.3500547236663
6580,3100.8,3370.755304028216
6581,3053.0,3371.1605404652837
6582,3071.6,3371.565764037233
6583,3071.4,3371.9709747464267
6584,3095.2,3372.3761725952277
6585,3110.6,3372.781357585996
6586,3079.2,3373.186529721094
6587,3067.4,3373.59168900288
6588,2994.0,3373.996835433713
6589,2922.6,3374.401969015951
6590,2965.6,3374.8070897519533
6591,2941.0,3375.212197644074
6592,2906.0,3375.617292694671
6593,2878.6,3376.0223749060983
6594,2909.6,3376.4274442807096
6595,2894.6,3376.832500820859
6596,2887.2,3377.237544528899
6597,2889.0,3377.642575407182
6598,2875.2,3378.0475934580586
6599,2882.6,3378.4525986838785
6600,2879.2,3378.857591086992
6601,2873.8,3379.262570669748
6602,2843.2,3379.6675374344936
6603,2846.6,3380.0724913835766
6604,2781.6,3380.4774325193434
6605,2786.6,3380.882360844139
6606,2852.8,3381.287276360309
6607,2841.8,3381.6921790701963
6608,2816.8,3382.0970689761452
6609,2865.0,3382.501946080498
6610,2852.0,3382.9068103855952
6611,2888.2,3383.3116618937793
6612,2859.6,3383.716500607389
6613,2929.0,3384.1213265287647
6614,2920.0,3384.526139660244
6615,2905.0,3384.930940004165
6616,2889.6,3385.335727562866
6617,2938.6,3385.740502338681
6618,2950.0,3386.145264333946
6619,2949.0,3386.550013550997
6620,3020.0,3386.954749992166
6621,3042.6,3387.3594736597875
6622,3026.0,3387.764184556193
6623,3027.4,3388.1688826837144
6624,3024.8,3388.5735680446815
6625,3049.0,3388.9782406414256
6626,3037.2,3389.3829004762756
6627,3037.0,3389.7875475515593
6628,3032.8,3390.1921818696046
6629,2998.6,3390.5968034327384
6630,3002.0,3391.0014122432863
6631,2998.6,3391.4060083035747
6632,3040.4,3391.810591615927
6633,3059.4,3392.215162182668
6634,3094.0,3392.6197200061197
6635,3114.6,3393.0242650886053
6636,3182.4,3393.4287974324448
6637,3158.6,3393.8333170399605
6638,3136.0,3394.2378239134714
6639,3102.6,3394.642318055297
6640,3031.2,3395.046799467754
6641,3043.4,3395.451268153163
6642,3041.2,3395.8557241138383
6643,2989.0,3396.260167352097
6644,2919.6,3396.664597870254
6645,2924.2,3397.069015670624
6646,2944.0,3397.4734207555216
6647,2869.8,3397.8778131272575
6648,2846.8,3398.282192788146
6649,2845.8,3398.6865597404967
6650,2879.2,3399.0909139866226
6651,2897.8,3399.495255528832
6652,2893.2,3399.899584369434
6653,2897.8,3400.3039005107366
6654,2889.6,3400.7082039550487
6655,2941.0,3401.1124947046765
6656,2946.0,3401.5167727619255
6657,2959.4,3401.921038129102
6658,2974.0,3402.3252908085096
6659,2941.0,3402.729530802453
6660,2927.2,3403.133758113234
6661,2925.8,3403.5379727431555
6662,2951.6,3403.942174694519
6663,2951.4,3404.346363969625
6664,2964.8,3404.7505405707743
6665,2965.0,3405.154704500265
6666,2912.8,3405.5588557603955
6667,2905.8,3405.9629943534637
6668,2942.4,3406.3671202817673
6669,2917.8,3406.7712335476012
6670,2914.0,3407.175334153261
6671,2896.2,3407.579422101042
6672,2928.4,3407.983497393238
6673,2902.6,3408.3875600321408
6674,2881.6,3408.791610020044
6675,2899.4,3409.1956473592395
6676,2893.6,3409.5996720520166
6677,2860.2,3410.0036841006668
6678,2843.6,3410.407683507478
6679,2869.8,3410.8116702747407
6680,2895.6,3411.2156444047405
6681,2881.8,3411.619605899766
6682,2817.2,3412.023554762103
6683,2830.6,3412.4274909940373
6684,2781.6,3412.8314145978525
6685,2799.4,3413.235325575834
6686,2797.2,3413.639223930264
6687,2826.6,3414.043109663426
6688,2792.4,3414.446982777601
6689,2753.0,3414.85084327507
6690,2755.6,3415.254691158113
6691,2795.4,3415.658526429011
6692,2764.0,3416.062349090041
6693,2752.2,3416.4661591434815
6694,2726.8,3416.86995659161
6695,2729.0,3417.2737414367025
6696,2739.2,3417.677513681036
6697,2727.4,3418.0812733268845
6698,2696.0,3418.4850203765213
6699,2670.6,3418.888754832221
6700,2640.0,3419.2924766962565
6701,2604.2,3419.696185970899
6702,2602.8,3420.09988265842
6703,2638.6,3420.5035667610914
6704,2632.8,3420.9072382811805
6705,2676.2,3421.310897220958
6706,2690.4,3421.7145435826906
6707,2668.2,3422.1181773686476
6708,2603.6,3422.5217985810946
6709,2637.0,3422.9254072222975
6710,2666.0,3423.3290032945224
6711,2660.2,3423.732586800034
6712,2660.4,3424.136157741094
6713,2660.2,3424.5397161199676
6714,2727.2,3424.943261938916
6715,2726.6,3425.346795200201
6716,2795.2,3425.7503159060834
6717,2825.0,3426.153824058823
6718,2759.6,3426.5573196606792
6719,2761.0,3426.960802713911
6720,2740.4,3427.364273220776
6721,2698.6,3427.76773118353
6722,2685.2,3428.1711766044314
6723,2683.4,3428.5746094857345
6724,2683.6,3428.978029829694
6725,2653.8,3429.3814376385653
6726,2653.2,3429.7848329146004
6727,2625.0,3430.1882156600523
6728,2648.4,3430.591585877173
6729,2670.6,3430.9949435682142
6730,2689.6,3431.3982887354255
6731,2685.0,3431.8016213810565
6732,2706.8,3432.2049415073566
6733,2726.6,3432.6082491165735
6734,2746.0,3433.011544210955
6735,2745.8,3433.414826792747
6736,2747.6,3433.8180968641977
6737,2771.4,3434.2213544275496
6738,2774.8,3434.624599485049
6739,2773.8,3435.02783203894
6740,2780.8,3435.4310520914637
6741,2809.8,3435.8342596448633
6742,2807.2,3436.237454701381
6743,2819.4,3436.6406372632564
6744,2853.2,3437.0438073327314
6745,2897.0,3437.4469649120438
6746,2900.0,3437.8501100034323
6747,2882.6,3438.253242609135
6748,2887.6,3438.6563627313903
6749,2885.8,3439.059470372433
6750,2880.4,3439.4625655344994
6751,2879.4,3439.865648219824
6752,2926.4,3440.268718430642
6753,2889.8,3440.6717761691866
6754,2894.4,3441.07482143769
6755,2890.6,3441.4778542383838
6756,2927.2,3441.8808745735014
6757,2902.6,3442.283882445271
6758,2930.0,3442.6868778559237
6759,2964.2,3443.089860807689
6760,2994.0,3443.492831302794
6761,3040.2,3443.8957893434676
6762,3018.8,3444.2987349319365
6763,3017.0,3444.701668070426
6764,3013.6,3445.104588761162
6765,3053.8,3445.50749700637
6766,3087.6,3445.910392808273
6767,3009.8,3446.313276169096
6768,3009.2,3446.716147091059
6769,2988.2,3447.119005576387
6770,3012.0,3447.521851627298
6771,3037.0,3447.9246852460133
6772,2968.4,3448.327506434754
6773,2994.6,3448.730315195738
6774,3024.0,3449.133111531183
6775,3055.4,3449.5358954433077
6776,3026.0,3449.938666934328
6777,3059.4,3450.3414260064606
6778,3040.0,3450.7441726619204
6779,3050.6,3451.146906902922
6780,3080.4,3451.5496287316796
6781,3080.2,3451.9523381504064
6782,3076.8,3452.3550351613144
6783,3043.4,3452.7577197666155
6784,3027.6,3453.160391968521
6785,3097.8,3453.5630517692407
6786,3125.2,3453.965699170985
6787,3138.6,3454.368334175962
6788,3144.0,3454.7709567863794
6789,3172.2,3455.1735670044463
6790,3199.6,3455.576164832368
6791,3185.8,3455.9787502723507
6792,3174.0,3456.3813233265996
6793,3175.4,3456.78388399732
6794,3137.6,3457.186432286715
6795,3180.2,3457.588968196988
6796,3219.2,3457.9914917303413
6797,3220.2,3458.394002888976
6798,3214.8,3458.796501675094
6799,3218.6,3459.1989880908955
6800,3214.8,3459.6014621385793
6801,3204.2,3460.0039238203453
6802,3272.0,3460.4063731383903
6803,3247.4,3460.808810094913
6804,3263.6,3461.2112346921085
6805,3254.6,3461.6136469321746
6806,3257.2,3462.0160468173053
6807,3288.2,3462.4184343496954
6808,3296.8,3462.8208095315385
6809,3329.8,3463.223172365029
6810,3314.8,3463.625522852358
6811,3305.8,3464.0278609957168
6812,3298.8,3464.4301867972977
6813,3266.6,3464.8325002592906
6814,3263.2,3465.2348013838846
6815,3258.6,3465.637090173269
6816,3218.8,3466.039366629631
6817,3206.6,3466.441630755159
6818,3211.2,3466.8438825520398
6819,3181.0,3467.246122022459
6820,3170.8,3467.6483491686026
6821,3169.0,3468.0505639926537
6822,3135.2,3468.452766496798
6823,3202.6,3468.854956683217
6824,3194.8,3469.257134554095
6825,3121.8,3469.659300111612
6826,3043.2,3470.06145335795
6827,3015.4,3470.4635942952896
6828,2987.6,3470.8657229258088
6829,3054.6,3471.267839251689
6830,3051.2,3471.669943275107
6831,3014.6,3472.0720349982407
6832,3022.0,3472.4741144232667
6833,3020.2,3472.876181552361
6834,3048.4,3473.2782363876995
6835,3021.0,3473.6802789314565
6836,3014.4,3474.0823091858065
6837,2969.8,3474.484327152922
6838,2971.2,3474.8863328349767
6839,2936.2,3475.288326234142
6840,2909.2,3475.6903073525896
6841,2915.4,3476.0922761924885
6842,2915.2,3476.4942327560098
6843,2950.6,3476.8961770453225
6844,3019.2,3477.2981090625954
6845,3089.0,3477.7000288099953
6846,3074.0,3478.1019362896895
6847,3100.2,3478.5038315038446
6848,3077.6,3478.9057144546255
6849,3046.6,3479.307585144198
6850,3047.6,3479.7094435747263
6851,3011.4,3480.1112897483727
6852,2942.0,3480.513123667302
6853,2950.6,3480.914945333674
6854,2949.6,3481.316754749652
6855,2955.4,3481.7185519173963
6856,2946.4,3482.120336839067
6857,2919.4,3482.5221095168226
6858,2917.2,3482.923869952822
6859,2903.4,3483.3256181492243
6860,2904.4,3483.7273541081854
6861,2881.0,3484.1290778318626
6862,2880.4,3484.5307893224117
6863,2874.6,3484.932488581987
6864,2893.6,3485.3341756127443
6865,2892.2,3485.735850416837
6866,2888.0,3486.137512996417
6867,2885.8,3486.539163353639
6868,2866.0,3486.9408014906526
6869,2868.2,3487.3424274096096
6870,2850.8,3487.7440411126604
6871,2849.8,3488.1456426019545
6872,2931.2,3488.547231879641
6873,2933.0,3488.9488089478677
6874,2969.2,3489.350373808783
6875,2973.8,3489.751926464534
6876,3006.4,3490.1534669172647
6877,3005.8,3490.554995169123
6878,3011.2,3490.9565112222517
6879,2984.2,3491.358015078797
6880,2913.6,3491.759506740901
6881,2879.4,3492.160986210706
6882,2904.0,3492.5624534903554
6883,2835.4,3492.9639085819904
6884,2831.2,3493.36535148775
6885,2865.8,3493.766782209776
6886,2872.8,3494.1682007502077
6887,2903.4,3494.5696071111824
6888,2895.2,3494.971001294839
6889,2932.2,3495.3723833033137
6890,2915.2,3495.7737531387447
6891,2929.8,3496.175110803267
6892,2896.0,3496.5764562990153
6893,2872.2,3496.977789628125
6894,2937.6,3497.3791107927295
6895,2921.0,3497.7804197949613
6896,2968.4,3498.181716636954
6897,2993.0,3498.583001320839
6898,2990.0,3498.984273848747
6899,2987.4,3499.3855342228085
6900,2990.0,3499.786782445153
6901,2996.2,3500.188018517911
6902,2999.2,3500.5892424432086
6903,2966.6,3500.9904542231757
6904,2939.2,3501.391653859938
6905,2958.6,3501.7928413556215
6906,2957.2,3502.194016712353
6907,2958.6,3502.595179932256
6908,2958.0,3502.9963310174567
6909,2922.6,3503.3974699700766
6910,2898.8,3503.79859679224
6911,2898.6,3504.199711486069
6912,2926.0,3504.6008140536846
6913,2958.6,3505.001904497208
6914,2946.8,3505.4029828187604
6915,2929.0,3505.804049020459
6916,2966.8,3506.2051031044252
6917,2984.2,3506.6061450727743
6918,2966.8,3507.0071749276267
6919,2928.2,3507.4081926710983
6920,2928.0,3507.8091983053046
6921,2911.4,3508.210191832361
6922,2938.4,3508.6111732543827
6923,3008.2,3509.0121425734837
6924,2981.2,3509.413099791778
6925,2995.4,3509.814044911378
6926,2948.0,3510.2149779343954
6927,2948.2,3510.6158988629427
6928,2950.4,3511.016807699129
6929,2957.0,3511.4177044450653
6930,2993.6,3511.818589102861
6931,2925.0,3512.2194616746256
6932,2954.4,3512.6203221624664
6933,2967.4,3513.0211705684897
6934,2965.2,3513.4220068948034
6935,2939.4,3513.8228311435146
6936,2977.6,3514.2236433167263
6937,2977.8,3514.624443416545
6938,2978.4,3515.025231445074
6939,2994.6,3515.4260074044173
6940,2996.4,3515.8267712966763
6941,2994.6,3516.2275231239546
6942,2994.8,3516.628262888352
6943,2997.0,3517.028990591971
6944,2989.6,3517.4297062369096
6945,2922.6,3517.8304098252684
6946,2910.0,3518.231101359146
6947,2913.0,3518.6317808406397
6948,2918.8,3519.0324482718484
6949,2919.4,3519.433103654867
6950,2956.8,3519.8337469917924
6951,2970.6,3520.23437828472
6952,2997.2,3520.6349975357443
6953,2954.6,3521.0356047469595
6954,2995.2,3521.4361999204584
6955,3009.8,3521.8367830583343
6956,3018.4,3522.2373541626794
6957,2976.2,3522.637913235584
6958,2972.4,3523.0384602791405
6959,2956.2,3523.4389952954366
6960,3023.6,3523.839518286564
6961,3046.6,3524.24002925461
6962,3090.0,3524.6405282016626
6963,3131.4,3525.0410151298097
6964,3122.0,3525.441490041139
6965,3121.0,3525.8419529377343
6966,3113.6,3526.2424038216827
6967,3127.4,3526.642842695068
6968,3125.2,3527.0432695599748
6969,3195.4,3527.443684418487
6970,3267.6,3527.844087272686
6971,3195.4,3528.244478124655
6972,3125.2,3528.644856976475
6973,3133.8,3529.0452238302264
6974,3103.6,3529.4455786879903
6975,3107.4,3529.845921551845
6976,3132.4,3530.2462524238713
6977,3134.6,3530.6465713061443
6978,3095.2,3531.0468782007442
6979,3123.4,3531.4471731097456
6980,3098.0,3531.8474560352265
6981,3128.2,3532.247726979262
6982,3132.8,3532.6479859439264
6983,3130.6,3533.048232931294
6984,3162.0,3533.448467943438
6985,3187.4,3533.848690982433
6986,3188.4,3534.2489020503494
6987,3236.2,3534.6491011492585
6988,3254.4,3535.049288281233
6989,3256.2,3535.4494634483426
6990,3224.0,3535.849626652656
6991,3231.4,3536.249777896243
6992,3257.2,3536.649917181171
6993,3190.6,3537.0500445095086
6994,3192.0,3537.450159883322
6995,3197.0,3537.8502633046787
6996,3154.0,3538.2503547756437
6997,3160.2,3538.6504342982817
6998,3158.0,3539.0505018746576
6999,3093.0,3539.4505575068347
7000,3077.2,3539.850601196876
7001,3098.6,3540.2506329468447
7002,3124.8,3540.6506527588017
7003,3117.0,3541.050660634809
7004,3162.0,3541.4506565769266
7005,3209.0,3541.850640587214
7006,3258.0,3542.250612667731
7007,3171.4,3542.650572820536
7008,3172.8,3543.0505210476863
7009,3153.0,3543.45045735124
7010,3172.8,3543.8503817332526
7011,3159.4,3544.250294195782
7012,3162.8,3544.6501947408806
7013,3206.6,3545.0500833706055
7014,3232.0,3545.44996008701
7015,3235.4,3545.849824892147
7016,3250.0,3546.249677788069
7017,3288.2,3546.649518776829
7018,3303.6,3547.049347860478
7019,3357.0,3547.4491650410664
7020,3356.0,3547.8489703206446
7021,3372.2,3548.2487637012623
7022,3427.2,3548.648545184968
7023,3385.0,3549.04831477381
7024,3411.2,3549.4480724698365
7025,3420.2,3549.847818275093
7026,3416.0,3550.247552191626
7027,3422.6,3550.6472742214823
7028,3420.4,3551.0469843667056
7029,3447.4,3551.4466826293415
7030,3490.4,3551.846369011432
7031,3495.4,3552.246043515022
7032,3554.0,3552.6457061421524
7033,3505.8,3553.045356894866
7034,3554.0,3553.444995775203
7035,3572.2,3553.844622785204
7036,3579.2,3554.24423792691
7037,3536.2,3554.643841202359
7038,3477.6,3555.04343261359
7039,3493.8,3555.443012162641
7040,3580.0,3555.8425798515486
7041,3598.6,3556.24213568235
7042,3644.8,3556.6416796570807
7043,3665.8,3557.0412117777773
7044,3694.8,3557.440732046473
7045,3687.4,3557.8402404652034
7046,3664.4,3558.2397370359995
7047,3670.6,3558.6392217608973
7048,3679.2,3559.0386946419267
7049,3617.8,3559.4381556811195
7050,3618.0,3559.8376048805076
7051,3549.0,3560.23704224212
7052,3557.6,3560.6364677679876
7053,3615.4,3561.0358814601386
7054,3675.2,3561.435283320601
7055,3589.8,3561.834673351403
7056,3581.2,3562.2340515545725
7057,3560.2,3562.6334179321348
7058,3608.4,3563.032772486116
7059,3638.6,3563.432115218541
7060,3662.8,3563.831446131435
7061,3653.8,3564.2307652268205
7062,3622.4,3564.630072506723
7063,3631.4,3565.029367973164
7064,3692.0,3565.4286516281645
7065,3740.2,3565.8279234737474
7066,3680.0,3566.227183511933
7067,3680.2,3566.6264317447412
7068,3671.6,3567.0256681741917
7069,3673.0,3567.424892802303
7070,3674.0,3567.824105631094
7071,3627.4,3568.2233066625818
7072,3566.4,3568.6224958987827
7073,3608.2,3569.021673341715
7074,3618.8,3569.420838993392
7075,3626.6,3569.8199928558306
7076,3568.0,3570.219134931044
7077,3586.6,3570.6182652210473
7078,3558.0,3571.017383727853
7079,3527.4,3571.4164904534728
7080,3550.4,3571.8155853999197
7081,3522.6,3572.2146685692046
7082,3477.2,3572.6137399633385
7083,3525.8,3573.0127995843313
7084,3533.2,3573.411847434193
7085,3542.6,3573.810883514931
7086,3564.4,3574.2099078285537
7087,3517.8,3574.6089203770707
7088,3512.0,3575.007921162486
7089,3537.0,3575.4069101868076
7090,3512.8,3575.805887452041
7091,3573.0,3576.2048529601916
7092,3569.2,3576.603806713263
7093,3573.0,3577.002748713259
7094,3552.0,3577.401678962183
7095,3521.8,3577.800597462038
7096,3525.2,3578.199504214825
7097,3496.2,3578.5983992225465
7098,3523.2,3578.9972824872016
7099,3458.6,3579.3961540107916
7100,3483.6,3579.7950137953158
7101,3457.8,3580.1938618427725
7102,3432.0,3580.59269815516
7103,3425.0,3580.991522734477
7104,3420.0,3581.3903355827183
7105,3450.6,3581.7891367018815
7106,3446.8,3582.1879260939627
7107,3450.6,3582.586703760956
7108,3469.6,3582.9854697048568
7109,3469.8,3583.384223927658
7110,3476.0,3583.782966431353
7111,3485.8,3584.181697217935
7112,3462.0,3584.580416289396
7113,3506.6,3584.9791236477263
7114,3485.6,3585.377819294918
7115,3465.8,3585.7765032329603
7116,3466.8,3586.175175463843
7117,3459.4,3586.5738359895545
7118,3464.0,3586.9724848120845
7119,3464.2,3587.371121933419
7120,3508.4,3587.769747355546
7121,3480.2,3588.1683610804516
7122,3398.4,3588.5669631101223
7123,3377.8,3588.965553446542
7124,3375.6,3589.364132091696
7125,3395.4,3589.762699047568
7126,3395.2,3590.161254316142
7127,3443.4,3590.5597978993997
7128,3445.6,3590.958329799324
7129,3494.6,3591.3568500178962
7130,3495.6,3591.7553585570977
7131,3545.8,3592.153855418908
7132,3550.8,3592.552340605307
7133,3549.8,3592.9508141182737
7134,3490.4,3593.349275959787
7135,3470.6,3593.747726131823
7136,3451.6,3594.146164636362
7137,3481.8,3594.5445914753777
7138,3424.8,3594.9430066508476
7139,3457.0,3595.341410164747
7140,3539.6,3595.7398020190494
7141,3507.4,3596.138182215731
7142,3468.4,3596.5365507567635
7143,3464.2,3596.934907644121
7144,3462.0,3597.3332528797746
7145,3427.4,3597.731586465698
7146,3394.8,3598.12990840386
7147,3434.6,3598.528218696233
7148,3435.2,3598.9265173447857
7149,3449.0,3599.324804351488
7150,3482.8,3599.7230797183083
7151,3479.4,3600.1213434472147
7152,3462.0,3600.5195955401746
7153,3470.6,3600.9178359991547
7154,3456.8,3601.316064826122
7155,3405.0,3601.7142820230406
7156,3408.0,3602.1124875918777
7157,3432.2,3602.510681534595
7158,3437.6,3602.9088638531584
7159,3432.2,3603.307034549531
7160,3420.4,3603.705193625675
7161,3398.6,3604.103341083551
7162,3425.6,3604.5014769251234
7163,3369.0,3604.89960115235
7164,3341.2,3605.2977137671924
7165,3327.4,3605.6958147716105
7166,3311.2,3606.0939041675624
7167,3331.4,3606.491981957007
7168,3330.4,3606.8900481419014
7169,3326.6,3607.2881027242033
7170,3305.6,3607.68614570587
7171,3261.8,3608.084177088856
7172,3268.4,3608.4821968751176
7173,3301.8,3608.880205066609
7174,3284.0,3609.2782016652845
7175,3277.8,3609.6761866730976
7176,3295.2,3610.0741600920023
7177,3290.6,3610.4721219239495
7178,3288.4,3610.870072170891
7179,3288.2,3611.268010834779
7180,3275.6,3611.6659379175626
7181,3276.2,3612.063853421194
7182,3267.6,3612.4617573476203
7183,3273.8,3612.8596496987902
7184,3281.6,3613.257530476654
7185,3273.0,3613.6553996831576
7186,3292.0,3614.053257320248
7187,3302.6,3614.4511033898716
7188,3251.6,3614.848937893975
7189,3267.4,3615.2467608345028
7190,3335.2,3615.6445722133985
7191,3330.6,3616.0423720326075
7192,3345.2,3616.440160294073
7193,3386.6,3616.8379369997374
7194,3360.8,3617.2357021515422
7195,3382.6,3617.63345575143
7196,3357.2,3618.031197801342
7197,3335.4,3618.428928303217
7198,3328.8,3618.8266472589967
7199,3345.8,3619.2243546706186
7200,3294.0,3619.622050540022
7201,3297.0,3620.019734869146
7202,3294.0,3620.4174076599256
7203,3225.0,3620.8150689143004
7204,3189.6,3621.212718634204
7205,3143.4,3621.6103568215735
7206,3143.6,3622.0079834783437
7207,3141.8,3622.4055986064486
7208,3158.0,3622.803202207823
7209,3148.2,3623.200794284399
7210,3148.4,3623.5983748381095
7211,3093.0,3623.9959438708875
7212,3062.8,3624.393501384663
7213,3062.6,3624.791047381368
7214,3009.6,3625.1885818629326
7215,3023.4,3625.5861048312863
7216,3076.0,3625.983616288358
7217,3023.4,3626.3811162360767
7218,3050.0,3626.778604676371
7219,3133.8,3627.176081611166
7220,3098.4,3627.5735470423897
7221,3097.8,3627.971000971969
7222,3079.2,3628.3684434018282
7223,3055.4,3628.7658743338934
7224,3021.6,3629.163293770088
7225,2939.4,3629.5607017123366
7226,2940.0,3629.9580981625622
7227,2937.8,3630.3554831226866
7228,2916.0,3630.752856594633
7229,2866.6,3631.150218580322
7230,2838.4,3631.547569081675
7231,2837.8,3631.9449081006123
7232,2860.8,3632.342235639053
7233,2857.8,3632.7395516989163
7234,2856.8,3633.1368562821217
7235,2830.6,3633.534149390586
7236,2878.8,3633.9314310262275
7237,2854.6,3634.3287011909615
7238,2855.6,3634.725959886706
7239,2857.8,3635.123207115375
7240,2876.8,3635.5204428788848
7241,2898.6,3635.917667179149
7242,2924.8,3636.314880018081
7243,2904.2,3636.712081397595
7244,2935.6,3637.1092713196035
7245,2962.6,3637.5064497860185
7246,3014.4,3637.9036167987515
7247,3068.2,3638.3007723597125
7248,3076.4,3638.6979164708137
7249,3073.8,3639.0950491339636
7250,3052.0,3639.492170351071
7251,3052.2,3639.889280124046
7252,3054.4,3640.286378454795
7253,3113.0,3640.6834653452274
7254,3114.8,3641.0805407972475
7255,3070.6,3641.477604812763
7256,3055.2,3641.87465739368
7257,3099.4,3642.2716985419024
7258,3104.8,3642.668728259336
7259,3112.2,3643.0657465478844
7260,3124.4,3643.4627534094493
7261,3128.2,3643.8597488459363
7262,3140.0,3644.2567328592454
7263,3154.6,3644.653705451279
7264,3169.2,3645.0506666239385
7265,3198.6,3645.447616379124
7266,3222.4,3645.8445547187357
7267,3254.6,3646.241481644672
7268,3288.8,3646.6383971588325
7269,3239.4,3647.0353012631153
7270,3223.2,3647.4321939594183
7271,3235.4,3647.8290752496373
7272,3255.2,3648.22594513567
7273,3241.8,3648.622803619411
7274,3261.6,3649.0196507027576
7275,3288.2,3649.416486387602
7276,3295.6,3649.8133106758405
7277,3285.8,3650.210123569366
7278,3245.2,3650.6069250700702
7279,3247.4,3651.003715179847
7280,3245.2,3651.4004939005877
7281,3208.2,3651.797261234183
7282,3212.0,3652.1940171825254
7283,3204.2,3652.5907617475027
7284,3216.4,3652.9874949310065
7285,3154.6,3653.3842167349244
7286,3161.2,3653.780927161145
7287,3125.0,3654.177626211557
7288,3134.0,3654.574313888046
7289,3132.2,3654.9709901925007
7290,3174.4,3655.367655126805
7291,3147.4,3655.764308692847
7292,3189.2,3656.160950892509
7293,3164.2,3656.5575817276776
7294,3230.4,3656.954201200235
7295,3245.0,3657.3508093120654
7296,3184.0,3657.7474060650507
7297,3242.6,3658.1439914610746
7298,3253.6,3658.5405655020163
7299,3301.8,3658.937128189759
7300,3292.0,3659.3336795261816
7301,3305.0,3659.7302195131647
7302,3352.0,3660.126748152587
7303,3366.6,3660.5232654463275
7304,3361.6,3660.9197713962644
7305,3365.8,3661.316266004276
7306,3363.2,3661.7127492722375
7307,3387.4,3662.109221202026
7308,3412.8,3662.5056817955187
7309,3398.6,3662.902131054589
7310,3425.2,3663.2985689811135
7311,3376.2,3663.6949955769646
7312,3352.4,3664.0914108440165
7313,3366.6,3664.4878147841428
7314,3395.2,3664.884207399215
7315,3394.6,3665.280588691106
7316,3408.4,3665.676958661686
7317,3453.8,3666.0733173128274
7318,3505.6,3666.469664646398
7319,3459.4,3666.86600066427
7320,3436.4,3667.262325368311
7321,3428.2,3667.6586387603893
7322,3432.8,3668.054940842373
7323,3433.0,3668.451231616131
7324,3434.4,3668.847511083528
7325,3482.6,3669.2437792464316
7326,3488.4,3669.640036106707
7327,3427.4,3670.03628166622
7328,3388.8,3670.4325159268333
7329,3433.8,3670.8287388904123
7330,3436.0,3671.224950558821
7331,3399.4,3671.6211509339214
7332,3392.0,3672.017340017576
7333,3401.0,3672.4135178116458
7334,3407.2,3672.8096843179933
7335,3359.4,3673.2058395384793
7336,3370.4,3673.6019834749623
7337,3349.0,3673.9981161293026
7338,3289.6,3674.3942375033594
7339,3297.0,3674.7903475989906
7340,3356.4,3675.186446418055
7341,3413.8,3675.582533962408
7342,3485.6,3675.978610233908
7343,3392.2,3676.374675234412
7344,3401.2,3676.7707289657724
7345,3398.6,3677.1667714298474
7346,3445.6,3677.56280262849
7347,3450.6,3677.958822563554
7348,3425.6,3678.354831236893
7349,3405.0,3678.7508286503603
7350,3415.6,3679.146814805807
7351,3371.4,3679.5427897050868
7352,3384.4,3679.9387533500485
7353,3373.0,3680.334705742544
7354,3383.2,3680.7306468844235
7355,3414.6,3681.126576777536
7356,3444.4,3681.5224954237306
7357,3480.2,3681.918402824855
7358,3470.0,3682.314298982759
7359,3439.4,3682.7101838992876
7360,3458.4,3683.1060575762876
7361,3447.4,3683.501920015607
7362,3444.8,3683.89777121909
7363,3465.8,3684.2936111885815
7364,3511.2,3684.6894399259263
7365,3513.8,3685.0852574329692
7366,3550.8,3685.481063711552
7367,3529.0,3685.8768587635186
7368,3522.0,3686.2726425907113
7369,3517.0,3686.6684151949717
7370,3454.8,3687.06417657814
7371,3397.0,3687.4599267420585
7372,3388.0,3687.8556656885658
7373,3380.2,3688.251393419502
7374,3374.0,3688.647109936706
7375,3364.2,3689.042815242016
7376,3358.0,3689.4385093372707
7377,3362.6,3689.834192224307
7378,3329.2,3690.229863904961
7379,3282.6,3690.625524381069
7380,3267.6,3691.021173654468
7381,3273.8,3691.416811726992
7382,3330.4,3691.8124386004756
7383,3360.2,3692.208054276752
7384,3375.2,3692.6036587576573
7385,3382.6,3692.999252045022
7386,3390.0,3693.3948341406785
7387,3360.2,3693.79040504646
7388,3370.0,3694.185964764197
7389,3349.0,3694.58151329572
7390,3347.2,3694.9770506428595
7391,3358.6,3695.3725768074455
7392,3267.2,3695.7680917913067
7393,3259.4,3696.1635955962715
7394,3257.6,3696.559088224168
7395,3307.4,3696.9545696768237
7396,3263.6,3697.3500399560653
7397,3277.0,3697.7454990637193
7398,3261.2,3698.1409470016115
7399,3229.8,3698.5363837715677
7400,3246.0,3698.931809375412
7401,3221.0,3699.327223814968
7402,3236.4,3699.7226270920605
7403,3327.4,3700.118019208512
7404,3396.0,3700.513400166145
7405,3429.0,3700.908769966782
7406,3460.4,3701.304128612244
7407,3429.8,3701.699476104352
7408,3454.4,3702.0948124449255
7409,3519.4,3702.490137635786
7410,3534.8,3702.8854516787515
7411,3553.0,3703.2807545756423
7412,3582.0,3703.6760463282744
7413,3587.4,3704.0713269384664
7414,3632.4,3704.466596408036
7415,3641.0,3704.8618547387996
7416,3608.4,3705.257101932573
7417,3578.6,3705.652337991171
7418,3569.6,3706.047562916409
7419,3550.6,3706.4427767101024
7420,3546.0,3706.8379793740637
7421,3474.6,3707.2331709101068
7422,3504.0,3707.6283513200447
7423,3572.2,3708.0235206056896
7424,3578.0,3708.4186787688527
7425,3570.6,3708.813825811346
7426,3562.4,3709.2089617349798
7427,3556.2,3709.604086541563
7428,3600.8,3709.9992002329072
7429,3556.2,3710.39430281082
7430,3536.0,3710.78939427711
7431,3531.4,3711.184474633586
7432,3522.8,3711.5795438820546
7433,3617.8,3711.974602024323
7434,3547.6,3712.3696490621974
7435,3453.0,3712.7646849974835
7436,3450.4,3713.159709831986
7437,3433.8,3713.5547235675117
7438,3366.4,3713.9497262058626
7439,3349.8,3714.344717748843
7440,3377.6,3714.7396981982565
7441,3350.6,3715.1346675559057
7442,3424.8,3715.5296258235917
7443,3417.0,3715.924573003116
7444,3468.0,3716.3195090962813
7445,3489.8,3716.714434104886
7446,3434.4,3717.1093480307313
7447,3386.6,3717.5042508756164
7448,3439.2,3717.899142641339
7449,3433.0,3718.294023329699
7450,3457.2,3718.688892942493
7451,3433.0,3719.0837514815194
7452,3480.8,3719.478598948574
7453,3466.6,3719.8734353454533
7454,3466.4,3720.268260673952
7455,3373.0,3720.6630749358674
7456,3390.8,3721.057878132992
7457,3388.2,3721.45267026712
7458,3297.6,3721.847451340046
7459,3273.0,3722.2422213535624
7460,3260.0,3722.6369803094613
7461,3261.0,3723.0317282095357
7462,3270.4,3723.426465055576
7463,3247.4,3723.821190849373
7464,3233.6,3724.215905592718
7465,3253.0,3724.6106092873997
7466,3230.8,3725.0053019352076
7467,3282.6,3725.399983537932
7468,3271.6,3725.794654097358
7469,3253.0,3726.189313615276
7470,3230.4,3726.583962093472
7471,3229.8,3726.9785995337334
7472,3305.2,3727.3732259378453
7473,3254.6,3727.7678413075937
7474,3165.2,3728.1624456447635
7475,3160.2,3728.55703895114
7476,3203.2,3728.951621228506
7477,3190.6,3729.3461924786457
7478,3204.0,3729.740752703342
7479,3201.0,3730.1353019043772
7480,3197.6,3730.5298400835327
7481,3197.0,3730.9243672425905
7482,3197.2,3731.3188833833315
7483,3153.8,3731.7133885075355
7484,3134.0,3732.107882616982
7485,3157.8,3732.5023657134516
7486,3158.4,3732.896837798721
7487,3157.0,3733.29129887457
7488,3158.8,3733.685748942776
7489,3180.2,3734.0801880051163
7490,3185.2,3734.474616063367
7491,3237.8,3734.869033119304
7492,3264.0,3735.263439174704
7493,3205.8,3735.6578342313405
7494,3256.0,3736.0522182909895
7495,3245.8,3736.446591355424
7496,3170.8,3736.8409534264183
7497,3222.6,3737.2353045057444
7498,3243.2,3737.629644595176
7499,3249.8,3738.023973696483
7500,3189.2,3738.4182918114398
7501,3173.0,3738.812598941814
7502,3226.0,3739.2068950893786
7503,3166.6,3739.601180255902
7504,3156.0,3739.9954544431534
7505,3150.6,3740.3897176529026
7506,3158.8,3740.783969886917
7507,3164.2,3741.178211146965
7508,3144.4,3741.5724414348133
7509,3151.4,3741.966660752229
7510,3171.6,3742.360869100978
7511,3157.0,3742.755066482826
7512,3156.4,3743.1492528995377
7513,3139.4,3743.543428352879
7514,3084.8,3743.9375928446134
7515,3092.2,3744.331746376504
7516,3058.0,3744.725888950314
7517,3117.0,3745.1200205678065
7518,3140.8,3745.514141230743
7519,3149.8,3745.9082509408854
7520,3162.0,3746.3023496999945
7521,3177.8,3746.696437509831
7522,3128.4,3747.0905143721543
7523,3105.0,3747.4845802887244
7524,3097.6,3747.8786352613
7525,3113.0,3748.27267929164
7526,3113.2,3748.666712381502
7527,3109.8,3749.060734532643
7528,3095.2,3749.45474574682
7529,3121.8,3749.8487460257907
7530,3052.4,3750.2427353713083
7531,3057.8,3750.6367137851307
7532,3074.4,3751.030681269011
7533,3084.2,3751.4246378247044
7534,3104.4,3751.8185834539645
7535,3105.8,3752.212518158544
7536,3128.0,3752.606441940196
7537,3041.8,3753.0003548006744
7538,2980.0,3753.3942567417275
7539,2986.6,3753.7881477651094
7540,3072.4,3754.1820278725695
7541,3048.2,3754.5758970658585
7542,3066.0,3754.969755346726
7543,3087.4,3755.363602716921
7544,3150.0,3755.757439178192
7545,3131.4,3756.1512647322875
7546,3150.0,3756.5450793809546
7547,3137.8,3756.938883125941
7548,3116.4,3757.3326759689935
7549,3112.2,3757.726457911857
7550,3086.4,3758.120228956278
7551,3066.6,3758.5139891040026
7552,3076.4,3758.907738356773
7553,3023.4,3759.301476716334
7554,3007.6,3759.6952041844306
7555,3020.2,3760.0889207628043
7556,2998.8,3760.482626453199
7557,3007.4,3760.8763212573544
7558,3008.4,3761.270005177015
7559,3064.2,3761.6636782139194
7560,3086.4,3762.0573403698086
7561,3101.8,3762.4509916464235
7562,3086.4,3762.8446320455027
7563,3081.0,3763.2382615687857
7564,3079.2,3763.6318802180103
7565,3101.8,3764.025487994915
7566,3079.6,3764.419084901237
7567,3081.8,3764.8126709387134
7568,3061.6,3765.206246109081
7569,3049.8,3765.599810414074
7570,3061.6,3765.99336385543
7571,3061.8,3766.3869064348823
7572,3114.0,3766.7804381541664
7573,3102.6,3767.1739590150155
7574,3056.8,3767.5674690191636
7575,3056.2,3767.960968168343
7576,2996.4,3768.354456464286
7577,2997.0,3768.7479339087254
7578,2990.0,3769.1414005033917
7579,2985.0,3769.5348562500153
7580,2983.6,3769.9283011503276
7581,2999.4,3770.321735206058
7582,3046.0,3770.715158418936
7583,3049.8,3771.10857079069
7584,3121.2,3771.5019723230494
7585,3121.8,3771.8953630177407
7586,3133.2,3772.288742876492
7587,3160.2,3772.6821119010306
7588,3112.0,3773.075470093081
7589,3096.2,3773.468817454371
7590,3109.2,3773.862153986626
7591,3114.6,3774.255479691569
7592,3105.6,3774.6487945709255
7593,3129.0,3775.042098626419
7594,3111.2,3775.4353918597726
7595,3065.8,3775.82867427271
7596,3079.6,3776.221945866953
7597,3067.4,3776.615206644223
7598,3070.8,3777.008456606242
7599,3057.0,3777.40169575473
7600,2986.8,3777.7949240914086
7601,3057.0,3778.188141617996
7602,3070.8,3778.5813483362126
7603,3075.4,3778.974544247777
7604,3090.8,3779.3677293544074
7605,3097.8,3779.7609036578224
7606,3092.8,3780.154067159737
7607,3143.4,3780.547219861871
7608,3135.2,3780.940361765938
7609,3142.6,3781.3334928736567
7610,3140.8,3781.7266131867395
7611,3069.0,3782.1197227069033
7612,3131.6,3782.512821435862
7613,3152.2,3782.9059093753285
7614,3139.6,3783.2989865270165
7615,3139.4,3783.69205289264
7616,3154.0,3784.0851084739097
7617,3176.2,3784.4781532725383
7618,3186.4,3784.8711872902372
7619,3163.4,3785.2642105287164
7620,3160.8,3785.6572229896874
7621,3249.0,3786.0502246748597
7622,3232.0,3786.443215585942
7623,3244.2,3786.8361957246443
7624,3246.4,3787.2291650926736
7625,3261.0,3787.6221236917395
7626,3350.8,3788.0150715235477
7627,3404.2,3788.408008589806
7628,3314.0,3788.80093489222
7629,3323.4,3789.193850432497
7630,3337.6,3789.5867552123404
7631,3355.4,3789.979649233458
7632,3354.0,3790.3725324975508
7633,3354.6,3790.765405006325
7634,3374.4,3791.158266761484
7635,3441.8,3791.5511177647295
7636,3436.8,3791.943958017765
7637,3382.6,3792.3367875222916
7638,3394.4,3792.729606280012
7639,3413.0,3793.1224142926253
7640,3410.8,3793.515211561834
7641,3431.4,3793.9079980893366
7642,3431.2,3794.3007738768333
7643,3412.2,3794.6935389260234
7644,3390.8,3795.086293238605
7645,3390.6,3795.479036816275
7646,3382.8,3795.8717696607323
7647,3369.8,3796.2644917736743
7648,3373.2,3796.6572031567966
7649,3390.6,3797.049903811795
7650,3396.8,3797.4425937403657
7651,3384.2,3797.8352729442045
7652,3445.2,3798.2279414250042
7653,3453.8,3798.62059918446
7654,3508.8,3799.013246224266
7655,3523.4,3799.4058825461143
7656,3516.8,3799.798508151698
7657,3506.6,3800.1911230427086
7658,3447.6,3800.583727220839
7659,3436.2,3800.9763206877797
7660,3426.8,3801.368903445221
7661,3473.8,3801.7614754948536
7662,3489.6,3802.154036838367
7663,3504.2,3802.546587477451
7664,3525.6,3802.939127413793
7665,3534.6,3803.331656649083
7666,3545.6,3803.724175185007
7667,3584.2,3804.1166830232532
7668,3592.4,3804.5091801655085
7669,3654.6,3804.9016666134585
7670,3671.6,3805.29414236879
7671,3654.6,3805.686607433188
7672,3692.8,3806.0790618083365
7673,3684.2,3806.4715054959206
7674,3660.8,3806.8639384976245
7675,3646.6,3807.256360815131
7676,3634.4,3807.648772450123
7677,3644.2,3808.0411734042837
7678,3638.8,3808.433563679294
7679,3629.0,3808.8259432768355
7680,3626.0,3809.2183121985895
7681,3720.2,3809.6106704462372
7682,3710.0,3810.003018021457
7683,3785.0,3810.3953549259295
7684,3814.0,3810.7876811613337
7685,3805.8,3811.179996729348
7686,3752.8,3811.57230163165
7687,3778.6,3811.964595869919
7688,3854.0,3812.3568794458292
7689,3862.6,3812.7491523610593
7690,3864.0,3813.141414617285
7691,3887.4,3813.533666216182
7692,3891.2,3813.9259071594256
7693,3918.6,3814.31813744869
7694,3939.6,3814.7103570856502
7695,3916.2,3815.1025660719793
7696,3930.8,3815.4947644093504
7697,3995.4,3815.8869520994367
7698,3925.6,3816.2791291439103
7699,3937.0,3816.671295544444
7700,3957.2,3817.063451302707
7701,4024.2,3817.4555964203723
7702,3987.2,3817.847730899109
7703,3984.2,3818.2398547405874
7704,3996.4,3818.6319679464773
7705,3994.6,3819.024070518447
7706,4004.0,3819.4161624581648
7707,4018.6,3819.8082437672992
7708,4071.2,3820.200314447518
7709,4003.4,3820.592374500488
7710,3936.4,3820.984423927875
7711,3857.8,3821.3764627313462
7712,3874.4,3821.7684909125664
7713,3906.6,3822.1605084732005
7714,3925.6,3822.552515414914
7715,3943.4,3822.944511739371
7716,3969.6,3823.3364974482342
7717,4036.2,3823.728472543168
7718,4006.8,3824.120437025835
7719,4047.4,3824.5123908978967
7720,4047.2,3824.904334161015
7721,4036.2,3825.2962668168516
7722,4083.2,3825.6881888670673
7723,4076.2,3826.0801003133224
7724,4026.4,3826.4720011572767
7725,4049.8,3826.8638914005896
7726,4049.2,3827.25577104492
7727,3985.8,3827.6476400919264
7728,4015.6,3828.039498543267
7729,4037.8,3828.4313464005995
7730,3991.2,3828.8231836655805
7731,4046.6,3829.2150103398662
7732,4076.4,3829.606826425114
7733,4087.4,3829.9986319229783
7734,4043.2,3830.3904268351143
7735,4041.8,3830.782211163177
7736,4031.2,3831.1739849088212
7737,4032.2,3831.5657480736995
7738,4042.4,3831.9575006594655
7739,3977.0,3832.3492426677726
7740,4007.6,3832.740974100273
7741,3986.6,3833.132694958618
7742,4022.8,3833.5244052444586
7743,4033.8,3833.916104959447
7744,4035.6,3834.3077941052325
7745,3973.8,3834.6994726834655
7746,3952.4,3835.0911406957953
7747,4052.2,3835.482798143872
7748,4115.2,3835.8744450293416
7749,4113.0,3836.266081353855
7750,4050.0,3836.6577071190586
7751,4020.2,3837.0493223266
7752,4022.0,3837.440926978124
7753,4044.2,3837.832521075279
7754,4047.6,3838.22410461971
7755,3985.8,3838.615677613063
7756,4009.6,3839.0072400569807
7757,4049.8,3839.398791953109
7758,4062.8,3839.7903333030918
7759,4022.6,3840.181864108572
7760,3998.4,3840.573384371193
7761,4101.0,3840.9648940925968
7762,4133.2,3841.3563932744255
7763,4131.4,3841.74788191832
7764,4087.2,3842.139360025923
7765,4089.0,3842.530827598873
7766,4119.2,3842.922284638812
7767,4133.8,3843.313731147379
7768,4113.6,3843.7051671262125
7769,4116.2,3844.0965925769515
7770,4093.6,3844.4880075012356
7771,4113.8,3844.8794119007002
7772,4110.0,3845.2708057769846
7773,4173.8,3845.662189131725
7774,4108.0,3846.0535619665575
7775,4109.8,3846.4449242831183
7776,4135.2,3846.836276083043
7777,4200.2,3847.227617367966
7778,4141.2,3847.618948139522
7779,4158.6,3848.0102683993464
7780,4130.4,3848.401578149071
7781,4137.8,3848.7928773903295
7782,4135.6,3849.1841661247554
7783,4152.2,3849.5754443539795
7784,4136.8,3849.966712079635
7785,4139.4,3850.3579693033516
7786,4117.6,3850.749216026762
7787,4039.4,3851.140452251495
7788,4044.4,3851.5316779791815
7789,4043.4,3851.9228932114497
7790,4040.4,3852.31409794993
7791,4041.0,3852.70529219625
7792,4058.0,3853.096475952038
7793,4081.8,3853.487649218922
7794,4084.0,3853.8788119985284
7795,4069.0,3854.269964292484
7796,4004.4,3854.661106102416
7797,4044.2,3855.0522374299485
7798,4026.8,3855.4433582767074
7799,4031.4,3855.834468644319
7800,4062.0,3856.2255685344057
7801,4128.2,3856.616657948592
7802,4168.4,3857.0077368885018
7803,4190.6,3857.3988053557578
7804,4161.2,3857.7898633519817
7805,4202.6,3858.1809108787975
7806,4135.2,3858.571947937825
7807,4154.6,3858.9629745306856
7808,4131.6,3859.353990659001
7809,4137.0,3859.744996324391
7810,4158.4,3860.1359915284747
7811,4181.8,3860.5269762728717
7812,4189.2,3860.917950559202
7813,4209.0,3861.308914389082
7814,4235.6,3861.6998677641313
7815,4215.4,3862.0908106859665
7816,4217.6,3862.481743156205
7817,4234.6,3862.872665176463
7818,4278.4,3863.2635767483575
7819,4345.8,3863.654477873503
7820,4387.6,3864.0453685535153
7821,4396.2,3864.4362487900094
7822,4422.8,3864.8271185845983
7823,4483.4,3865.217977938898
7824,4502.4,3865.60882685452
7825,4482.6,3865.999665333078
7826,4442.8,3866.3904933761846
7827,4454.6,3866.7813109854515
7828,4464.4,3867.1721181624903
7829,4397.0,3867.562914908912
7830,4354.0,3867.9537012263263
7831,4288.2,3868.344477116346
7832,4333.2,3868.735242580579
7833,4331.4,3869.125997620634
7834,4358.4,3869.516742238121
7835,4351.4,3869.9074764346487
7836,4398.0,3870.2982002118238
7837,4464.2,3870.6889135712545
7838,4526.8,3871.079616514548
7839,4502.6,3871.47030904331
7840,4502.4,3871.860991159147
7841,4517.0,3872.251662863665
7842,4440.0,3872.6423241584694
7843,4454.6,3873.0329750451638
7844,4445.2,3873.4236155253534
7845,4478.6,3873.8142456006426
7846,4541.6,3874.2048652726335
7847,4541.8,3874.59547454293
7848,4501.6,3874.9860734131335
7849,4522.6,3875.3766618848476
7850,4501.6,3875.767239959672
7851,4552.2,3876.15780763921
7852,4551.2,3876.5483649250605
7853,4579.4,3876.938911818825
7854,4570.8,3877.3294483221025
7855,4590.6,3877.7199744364925
7856,4581.6,3878.110490163594
7857,4555.4,3878.5009955050054
7858,4576.8,3878.891490462325
7859,4645.8,3879.281975037149
7860,4752.8,3879.672449231077
7861,4755.4,3880.0629130457028
7862,4752.8,3880.4533664826245
7863,4755.4,3880.8438095434376
7864,4734.8,3881.234242229737
7865,4720.2,3881.6246645431174
7866,4642.8,3882.0150764851737
7867,4669.0,3882.4054780574993
7868,4616.4,3882.795869261688
7869,4548.2,3883.186250099334
7870,4527.2,3883.576620572028
7871,4549.8,3883.966980681362
7872,4516.4,3884.3573304289303
7873,4542.6,3884.747669816322
7874,4570.8,3885.137998845128
7875,4573.8,3885.5283175169398
7876,4597.6,3885.918625833346
7877,4623.4,3886.3089237959375
7878,4593.2,3886.699211406302
7879,4621.0,3887.0894886660294
7880,4630.0,3887.479755576707
7881,4621.0,3887.870012139923
7882,4601.2,3888.2602583572634
7883,4546.6,3888.6504942303163
7884,4560.0,3889.040719760668
7885,4576.2,3889.4309349499044
7886,4594.4,3889.82113979961
7887,4610.6,3890.211334311371
7888,4578.0,3890.601518486772
7889,4589.0,3890.9916923273963
7890,4570.0,3891.3818558348285
7891,4539.4,3891.772009010651
7892,4647.2,3892.1621518564466
7893,4757.0,3892.5522843737986
7894,4697.6,3892.9424065642884
7895,4748.2,3893.3325184294977
7896,4727.2,3893.722619971007
7897,4664.2,3894.112711190398
7898,4682.0,3894.5027920892494
7899,4664.2,3894.892862669142
7900,4588.4,3895.282922931655
7901,4617.0,3895.672972878367
7902,4569.6,3896.0630125108555
7903,4617.0,3896.453041830701
7904,4593.6,3896.843060839478
7905,4585.0,3897.2330695387654
7906,4526.8,3897.6230679301393
7907,4498.6,3898.013056015176
7908,4496.0,3898.4030337954514
7909,4469.8,3898.7930012725406
7910,4447.6,3899.1829584480183
7911,4422.6,3899.5729053234595
7912,4441.6,3899.962841900438
7913,4391.4,3900.3527681805267
7914,4330.0,3900.7426841652996
7915,4354.6,3901.1325898563287
7916,4336.4,3901.5224852551873
7917,4377.0,3901.9123703634455
7918,4427.2,3902.3022451826764
7919,4429.8,3902.6921097144495
7920,4444.4,3903.0819639603365
7921,4489.0,3903.471807921907
7922,4459.2,3903.861641600729
7923,4442.6,3904.2514649983746
7924,4476.8,3904.641278116411
7925,4497.8,3905.0310809564057
7926,4524.0,3905.420873519928
7927,4548.2,3905.810655808545
7928,4497.6,3906.2004278238237
7929,4471.4,3906.5901895673296
7930,4428.4,3906.97994104063
7931,4471.4,3907.36968224529
7932,4447.2,3907.759413182875
7933,4453.8,3908.1491338549504
7934,4502.8,3908.538844263079
7935,4476.2,3908.928544408826
7936,4497.2,3909.318234293755
7937,4520.2,3909.707913919429
7938,4495.2,3910.097583287409
7939,4473.8,3910.48724239926
7940,4399.2,3910.8768912565415
7941,4407.4,3911.266529860816
7942,4430.4,3911.6561582136433
7943,4381.0,3912.045776316585
7944,4448.4,3912.435384171201
7945,4559.4,3912.8249817790497
7946,4508.4,3913.2145691416918
7947,4529.8,3913.6041462606854
7948,4605.2,3913.993713137588
7949,4630.6,3914.3832697739585
7950,4616.0,3914.772816171354
7951,4638.6,3915.162352331332
7952,4676.0,3915.5518782554477
7953,4662.6,3915.9413939452584
7954,4611.6,3916.330899402319
7955,4638.6,3916.7203946281857
7956,4612.8,3917.1098796244128
7957,4604.2,3917.499354392555
7958,4620.4,3917.8888189341656
7959,4609.0,3918.278273250798
7960,4617.6,3918.667717344006
7961,4565.8,3919.0571512153433
7962,4488.4,3919.4465748663592
7963,4525.8,3919.8359882986088
7964,4548.4,3920.225391513641
7965,4525.8,3920.6147845130076
7966,4503.2,3921.00416729826
7967,4448.2,3921.393539870947
7968,4471.6,3921.7829022326187
7969,4421.8,3922.1722543848246
7970,4412.0,3922.5615963291125
7971,4462.6,3922.950928067032
7972,4454.4,3923.3402496001304
7973,4472.2,3923.7295609299563
7974,4452.4,3924.1188620580547
7975,4417.0,3924.508152985974
7976,4395.6,3924.8974337152595
7977,4376.2,3925.286704247458
7978,4341.6,3925.675964584114
7979,4323.4,3926.0652147267724
7980,4318.0,3926.4544546769775
7981,4336.2,3926.843684436274
7982,4389.6,3927.2329040062064
7983,4445.0,3927.622113388316
7984,4494.8,3928.011312584147
7985,4564.2,3928.400501595241
7986,4543.2,3928.789680423141
7987,4583.4,3929.1788490693875
7988,4634.4,3929.5680075355217
7989,4653.8,3929.9571558230846
7990,4630.4,3930.346293933616
7991,4661.8,3930.7354218686564
7992,4778.4,3931.1245396297454
7993,4818.6,3931.5136472184204
7994,4802.4,3931.9027446362215
7995,4785.0,3932.2918318846864
7996,4770.4,3932.6809089653525
7997,4766.6,3933.0699758797577
7998,4684.4,3933.4590326294374
7999,4713.8,3933.8480792159303
8000,4710.4,3934.2371156407703
8001,4709.0,3934.6261419054936
8002,4645.6,3935.015158011636
8003,4628.2,3935.4041639607317
8004,4576.8,3935.793159754315
8005,4591.4,3936.1821453939197
8006,4624.0,3936.5711208810794
8007,4626.6,3936.9600862173274
8008,4554.4,3937.349041404196
8009,4569.8,3937.737986443217
8010,4537.6,3938.1269213359233
8011,4517.8,3938.515846083845
8012,4500.0,3938.904760688514
8013,4497.0,3939.29366515146
8014,4482.4,3939.6825594742136
8015,4481.8,3940.071443658304
8016,4498.4,3940.460317705261
8017,4501.8,3940.8491816166124
8018,4472.8,3941.238035393888
8019,4478.6,3941.626879038615
8020,4452.0,3942.015712552321
8021,4534.6,3942.404535936533
8022,4516.0,3942.793349192778
8023,4444.2,3943.182152322582
8024,4470.8,3943.5709453274712
8025,4444.2,3943.959728208971
8026,4485.2,3944.3485009686055
8027,4501.8,3944.737263607901
8028,4503.2,3945.126016128381
8029,4551.4,3945.5147585315676
8030,4560.0,3945.9034908189865
8031,4564.2,3946.2922129921594
8032,4588.8,3946.6809250526094
8033,4596.2,3947.0696270018584
8034,4526.8,3947.458318841427
8035,4543.4,3947.8470005728386
8036,4580.0,3948.2356721976125
8037,4606.6,3948.62433371727
8038,4600.0,3949.0129851333295
8039,4606.6,3949.4016264473125
8040,4494.0,3949.7902576607366
8041,4545.0,3950.178878775122
8042,4526.8,3950.5674897919857
8043,4577.8,3950.956090712846
8044,4630.8,3951.344681539222
8045,4614.6,3951.733262272628
8046,4591.2,3952.1218329145827
8047,4661.0,3952.5103934666013
8048,4680.8,3952.8989439302004
8049,4729.8,3953.2874843068953
8050,4683.2,3953.6760145982003
8051,4668.2,3954.0645348056305
8052,4614.8,3954.4530449307
8053,4604.2,3954.8415449749223
8054,4590.8,3955.2300349398115
8055,4612.2,3955.6185148268796
8056,4620.4,3956.0069846376396
8057,4602.6,3956.395444373604
8058,4646.8,3956.7838940362835
8059,4657.0,3957.1723336271893
8060,4670.4,3957.5607631478338
8061,4685.8,3957.949182599726
8062,4701.6,3958.337591984376
8063,4694.6,3958.725991303294
8064,4728.4,3959.114380557989
8065,4713.0,3959.5027597499698
8066,4727.2,3959.8911288807444
8067,4751.4,3960.2794879518215
8068,4764.4,3960.667836964708
8069,4779.4,3961.0561759209113
8070,4794.4,3961.4445048219377
8071,4710.6,3961.8328236692937
8072,4694.4,3962.2211324644854
8073,4680.2,3962.609431209018
8074,4706.4,3962.9977199043974
8075,4732.2,3963.3859985521276
8076,4679.2,3963.7742671537126
8077,4664.2,3964.162525710656
8078,4720.8,3964.550774224463
8079,4773.8,3964.9390126966346
8080,4760.8,3965.327241128674
8081,4733.0,3965.715459522083
8082,4740.8,3966.103667878365
8083,4777.0,3966.491866199019
8084,4694.0,3966.880054485548
8085,4706.6,3967.268232739452
8086,4718.0,3967.6564009622307
8087,4733.0,3968.044559155384
8088,4678.0,3968.4327073204104
8089,4642.6,3968.8208454588103
8090,4646.0,3969.2089735720824
8091,4661.8,3969.597091661723
8092,4619.6,3969.9851997292303
8093,4584.2,3970.373297776103
8094,4654.8,3970.7613858038358
8095,4697.0,3971.1494638139275
8096,4733.6,3971.5375318078723
8097,4750.6,3971.9255897871667
8098,4733.6,3972.313637753305
8099,4756.2,3972.701675707783
8100,4774.8,3973.0897036520955
8101,4800.2,3973.4777215877357
8102,4878.8,3973.8657295161966
8103,4863.4,3974.2537274389724
8104,4910.0,3974.6417153575558
8105,4929.0,3975.0296932734395
8106,4982.4,3975.4176611881144
8107,5038.6,3975.805619103073
8108,5096.8,3976.193567019806
8109,5040.2,3976.581504939804
8110,4994.0,3976.9694328645573
8111,4973.8,3977.3573507955566
8112,5034.8,3977.745258734291
8113,5000.2,3978.133156682249
8114,5034.8,3978.5210446409205
8115,5021.8,3978.908922611793
8116,4969.2,3979.296790596355
8117,4952.2,3979.684648596093
8118,5032.0,3980.0724966124953
8119,5063.4,3980.4603346470476
8120,5045.2,3980.848162701237
8121,5055.4,3981.2359807765492
8122,5081.2,3981.6237888744695
8123,5120.2,3982.0115869964825
8124,5104.8,3982.399375144074
8125,5117.8,3982.787153318727
8126,5099.6,3983.1749215219265
8127,5095.4,3983.562679755156
8128,5050.0,3983.9504280198967
8129,5000.2,3984.3381663176337
8130,4983.2,3984.725894649847
8131,4941.0,3985.1136130180207
8132,4902.8,3985.501321423635
8133,4893.8,3985.8890198681706
8134,4919.2,3986.2767083531094
8135,4946.6,3986.6643868799306
8136,4990.4,3987.052055450114
8137,5006.6,3987.43971406514
8138,4965.6,3987.827362726487
8139,4984.2,3988.215001435634
8140,4933.6,3988.602630194058
8141,4915.4,3988.9902490032378
8142,4900.0,3989.3778578646516
8143,4915.4,3989.7654567797754
8144,4855.2,3990.1530457500853
8145,4933.8,3990.5406247770593
8146,4963.6,3990.9281938621716
8147,5044.2,3991.315753006899
8148,5034.8,3991.703302212715
8149,5075.4,3992.090841481095
8150,5070.4,3992.4783708135137
8151,5126.6,3992.8658902114444
8152,5149.2,3993.2533996763605
8153,5166.6,3993.640899209735
8154,5160.0,3994.028388813041
8155,5117.8,3994.4158684877507
8156,5087.6,3994.803338235335
8157,5137.8,3995.190798057266
8158,5120.8,3995.5782479550153
8159,5089.8,3995.965687930053
8160,5064.0,3996.3531179838496
8161,5086.6,3996.7405381178737
8162,5128.0,3997.127948333596
8163,5113.0,3997.515348632486
8164,5163.2,3997.9027390160113
8165,5106.6,3998.2901194856404
8166,5098.4,3998.6774900428413
8167,5083.4,3999.0648506890816
8168,5030.4,3999.452201425828
8169,5037.0,3999.8395422545473
8170,5030.4,4000.226873176706
8171,5061.0,4000.614194193769
8172,5075.6,4001.0015053072034
8173,5133.0,4001.3888065184738
8174,5100.0,4001.776097829044
8175,5047.4,4002.163379240378
8176,5052.8,4002.5506507539417
8177,4994.6,4002.9379123711974
8178,5011.6,4003.325164093608
8179,5101.0,4003.7124059226367
8180,5144.8,4004.099637859745
8181,5101.8,4004.4868599063957
8182,5076.0,4004.87407206405
8183,5077.0,4005.261274334169
8184,5081.6,4005.6484667182135
8185,5028.2,4006.0356492176443
8186,4985.2,4006.42282183392
8187,4928.2,4006.8099845685015
8188,4876.8,4007.197137422848
8189,4919.4,4007.584280398417
8190,4920.0,4007.9714134966675
8191,4941.0,4008.358536719058
8192,4988.8,4008.7456500670455
8193,4946.6,4009.1327535420874
8194,5002.8,4009.51984714564
8195,5045.8,4009.9069308791613
8196,5016.0,4010.2940047441048
8197,4929.0,4010.681068741929
8198,4912.8,4011.068122874087
8199,4935.4,4011.455167142034
8200,4893.6,4011.8422015472247
8201,4869.0,4012.229226091113
8202,4860.0,4012.616240775154
8203,4805.8,4013.0032456007984
8204,4856.0,4013.3902405695017
8205,4822.6,4013.7772256827143
8206,4874.8,4014.164200941889
8207,4861.8,4014.5511663484776
8208,4945.6,4014.938121903931
8209,4902.6,4015.3250676097014
8210,4882.8,4015.7120034672375
8211,4959.4,4016.0989294779915
8212,4947.2,4016.4858456434113
8213,4936.2,4016.8727519649474
8214,4912.8,4017.2596484440483
8215,4831.4,4017.6465350821627
8216,4823.2,4018.033411880739
8217,4820.2,4018.420278841225
8218,4811.6,4018.807135965067
8219,4806.6,4019.1939832537137
8220,4811.6,4019.58082070861
8221,4790.6,4019.9676483312046
8222,4836.8,4020.354466122941
8223,4818.6,4020.7412740852656
8224,4842.0,4021.1280722196243
8225,4847.4,4021.5148605274594
8226,4894.0,4021.901639010218
8227,4889.0,4022.288407669342
8228,4898.4,4022.675166506276
8229,4872.2,4023.0619155224636
8230,4798.0,4023.448654719346
8231,4826.6,4023.835384098367
8232,4772.0,4024.222103660967
8233,4765.0,4024.6088134085894
8234,4777.6,4024.995513342674
8235,4766.6,4025.3822034646623
8236,4758.0,4025.768883775995
8237,4751.4,4026.1555542781116
8238,4799.2,4026.542214972452
8239,4805.8,4026.9288658604555
8240,4808.4,4027.315506943561
8241,4813.0,4027.7021382232065
8242,4767.6,4028.0887597008314
8243,4757.8,4028.4753713778714
8244,4712.8,4028.8619732557663
8245,4705.8,4029.2485653359513
8246,4713.6,4029.6351476198633
8247,4709.8,4030.0217201089386
8248,4690.0,4030.408282804614
8249,4744.2,4030.794835708323
8250,4766.8,4031.1813788215018
8251,4826.6,4031.567912145585
8252,4803.2,4031.954435682007
8253,4761.8,4032.340949432202
8254,4759.6,4032.727453397602
8255,4836.2,4033.1139475796413
8256,4853.2,4033.500431979753
8257,4856.2,4033.886906599369
8258,4744.8,4034.2733714399205
8259,4758.6,4034.6598265028406
8260,4782.8,4035.046271789559
8261,4789.0,4035.4327073015074
8262,4832.8,4035.819133040116
8263,4828.2,4036.205549006815
8264,4782.8,4036.5919552030336
8265,4757.8,4036.978351630202
8266,4731.2,4037.3647382897493
8267,4804.2,4037.7511151831022
8268,4829.6,4038.13748231169
8269,4777.8,4038.523839676941
8270,4785.2,4038.910187280281
8271,4769.8,4039.2965251231394
8272,4745.6,4039.6828532069408
8273,4740.2,4040.0691715331127
8274,4748.4,4040.4554801030795
8275,4777.0,4040.8417789182686
8276,4797.6,4041.228067980103
8277,4748.2,4041.614347290009
8278,4767.6,4042.00061684941
8279,4778.6,4042.38687665973
8280,4767.6,4042.773126722394
8281,4763.4,4043.1593670388243
8282,4774.0,4043.5455976104427
8283,4750.6,4043.931818438673
8284,4715.2,4044.3180295249367
8285,4742.6,4044.7042308706555
8286,4739.6,4045.0904224772507
8287,4758.6,4045.4766043461427
8288,4762.4,4045.8627764787534
8289,4713.8,4046.2489388765025
8290,4667.2,4046.635091540809
8291,4703.4,4047.021234473093
8292,4752.0,4047.4073676747735
8293,4782.6,4047.7934911472685
8294,4872.0,4048.179604891997
8295,4851.4,4048.5657089103765
8296,4898.0,4048.951803203825
8297,4858.6,4049.3378877737587
8298,4866.0,4049.723962621596
8299,4880.2,4050.1100277487517
8300,4896.4,4050.4960831566423
8301,4917.0,4050.882128846684
8302,4904.8,4051.2681648202915
8303,4955.4,4051.654191078879
8304,4935.2,4052.0402076238624
8305,4920.2,4052.4262144566555
8306,4812.4,4052.812211578671
8307,4851.4,4053.1981989913243
8308,4828.4,4053.584176696026
8309,4824.2,4053.970144694191
8310,4841.6,4054.3561029872294
8311,4761.8,4054.7420515765543
8312,4740.0,4055.127990463577
8313,4720.2,4055.5139196497084
8314,4731.2,4055.89983913636
8315,4749.8,4056.285748924942
8316,4706.0,4056.6716490168633
8317,4687.4,4057.0575394135344
8318,4731.2,4057.443420116365
8319,4769.0,4057.829291126763
8320,4752.0,4058.2151524461374
8321,4737.0,4058.601004075896
8322,4757.6,4058.9868460174466
8323,4713.0,4059.372678272197
8324,4701.2,4059.758500841554
8325,4759.4,4060.1443137269243
8326,4746.4,4060.530116929715
8327,4735.4,4060.9159104513296
8328,4725.2,4061.3016942931763
8329,4650.6,4061.6874684566583
8330,4642.0,4062.0732329431808
8331,4650.6,4062.4589877541493
8332,4629.2,4062.844732890967
8333,4640.2,4063.230468355037
8334,4703.6,4063.616194147763
8335,4644.2,4064.001910270549
8336,4618.0,4064.387616724796
8337,4665.8,4064.773313511907
8338,4630.8,4065.159000633284
8339,4626.6,4065.544678090327
8340,4563.6,4065.930345884439
8341,4541.8,4066.316004017019
8342,4578.8,4066.701652489468
8343,4588.2,4067.0872913031867
8344,4622.8,4067.4729204595733
8345,4580.2,4067.8585399600283
8346,4504.0,4068.2441498059493
8347,4465.8,4068.629749998735
8348,4458.0,4069.015340539785
8349,4423.4,4069.400921430495
8350,4438.0,4069.786492672263
8351,4424.2,4070.1720542664866
8352,4460.0,4070.557606214562
8353,4450.6,4070.943148517885
8354,4350.8,4071.3286811778516
8355,4336.2,4071.7142041958587
8356,4343.6,4072.0997175732996
8357,4284.2,4072.48522131157
8358,4336.8,4072.870715412064
8359,4300.2,4073.2561998761757
8360,4345.2,4073.6416747052986
8361,4311.4,4074.027139900826
8362,4290.4,4074.4125954641513
8363,4281.8,4074.7980413966666
8364,4227.2,4075.183477699764
8365,4195.4,4075.568904374836
8366,4174.4,4075.9543214232726
8367,4162.6,4076.339728846467
8368,4184.0,4076.7251266458084
8369,4149.8,4077.110514822687
8370,4156.4,4077.495893378494
8371,4187.4,4077.881262314618
8372,4240.4,4078.266621632448
8373,4233.8,4078.6519713333746
8374,4255.6,4079.037311418784
8375,4264.2,4079.422641890066
8376,4335.2,4079.8079627486086
8377,4345.0,4080.1932739957974
8378,4360.4,4080.5785756330206
8379,4329.8,4080.9638676616655
8380,4315.2,4081.3491500831174
8381,4357.8,4081.734422898762
8382,4347.6,4082.1196861099866
8383,4332.2,4082.5049397181747
8384,4342.4,4082.890183724712
8385,4357.8,4083.2754181309824
8386,4372.8,4083.660642938371
8387,4403.4,4084.0458581482612
8388,4394.8,4084.4310637620347
8389,4337.8,4084.816259781077
8390,4335.2,4085.2014462067696
8391,4327.4,4085.5866230404954
8392,4346.4,4085.971790283636
8393,4248.2,4086.356947937572
8394,4217.6,4086.742096003686
8395,4213.0,4087.1272344833583
8396,4160.4,4087.5123633779695
8397,4140.2,4087.8974826889
8398,4117.2,4088.282592417528
8399,4163.4,4088.667692565236
8400,4220.0,4089.0527831334
8401,4201.8,4089.4378641234007
8402,4195.6,4089.8229355366143
8403,4245.8,4090.2079973744208
8404,4261.6,4090.593049638197
8405,4189.8,4090.97809232932
8406,4196.4,4091.363125449167
8407,4202.6,4091.748148999114
8408,4211.2,4092.1331629805377
8409,4233.0,4092.5181673948136
8410,4202.0,4092.9031622433167
8411,4253.0,4093.288147527423
8412,4237.6,4093.6731232485067
8413,4244.2,4094.058089407942
8414,4237.6,4094.4430460071026
8415,4182.6,4094.827993047363
8416,4235.6,4095.212930530096
8417,4241.0,4095.597858456674
8418,4312.8,4095.9827768284704
8419,4306.6,4096.367685646857
8420,4253.6,4096.752584913205
8421,4265.8,4097.1374746288875
8422,4228.4,4097.522354795273
8423,4257.8,4097.9072254137345
8424,4253.6,4098.292086485641
8425,4285.0,4098.676938012364
8426,4262.0,4099.061779995272
8427,4305.0,4099.446612435736
8428,4207.2,4099.831435335122
8429,4208.2,4100.216248694799
8430,4184.0,4100.601052516138
8431,4209.8,4100.985846800505
8432,4241.6,4101.370631549267
8433,4207.4,4101.755406763792
8434,4211.2,4102.140172445447
8435,4238.6,4102.524928595598
8436,4234.4,4102.90967521561
8437,4257.8,4103.294412306851
8438,4250.4,4103.679139870685
8439,4270.6,4104.063857908477
8440,4257.6,4104.448566421591
8441,4309.8,4104.833265411394
8442,4358.4,4105.2179548792465
8443,4354.6,4105.602634826513
8444,4352.8,4105.987305254558
8445,4357.8,4106.371966164744
8446,4382.8,4106.7566175584325
8447,4337.8,4107.141259436987
8448,4410.8,4107.525891801768
8449,4422.6,4107.910514654138
8450,4416.4,4108.295127995457
8451,4448.2,4108.6797318270865
8452,4452.8,4109.0643261503865
8453,4385.0,4109.448910966717
8454,4398.8,4109.833486277438
8455,4365.8,4110.218052083909
8456,4361.6,4110.6026083874885
8457,4309.8,4110.987155189534
8458,4361.6,4111.371692491406
8459,4385.0,4111.756220294461
8460,4436.8,4112.1407386000565
8461,4451.4,4112.52524740955
8462,4456.8,4112.909746724298
8463,4513.8,4113.294236545657
8464,4488.0,4113.678716874984
8465,4490.6,4114.063187713634
8466,4467.6,4114.447649062963
8467,4441.8,4114.832100924325
8468,4356.8,4115.216543299074
8469,4325.0,4115.600976188567
8470,4423.2,4115.985399594156
8471,4425.8,4116.369813517194
8472,4452.4,4116.754217959037
8473,4530.6,4117.138612921036
8474,4524.0,4117.522998404543
8475,4423.4,4117.907374410912
8476,4477.6,4118.291740941493
8477,4487.4,4118.67609799764
8478,4516.4,4119.060445580702
8479,4512.2,4119.444783692031
8480,4457.2,4119.8291123329755
8481,4406.6,4120.213431504888
8482,4433.6,4120.597741209117
8483,4433.8,4120.982041447012
8484,4501.6,4121.366332219923
8485,4453.0,4121.750613529198
8486,4431.6,4122.134885376185
8487,4430.6,4122.519147762231
8488,4362.8,4122.903400688687
8489,4345.8,4123.287644156897
8490,4280.0,4123.671878168209
8491,4277.0,4124.056102723971
8492,4312.4,4124.440317825528
8493,4343.4,4124.824523474224
8494,4335.2,4125.208719671408
8495,4391.4,4125.592906418424
8496,4339.2,4125.977083716616
8497,4349.0,4126.3612515673285
8498,4429.6,4126.745409971907
8499,4482.6,4127.129558931693
8500,4565.6,4127.513698448033
8501,4574.6,4127.897828522268
8502,4608.4,4128.281949155741
8503,4597.8,4128.666060349795
8504,4564.0,4129.050162105772
8505,4529.8,4129.434254425013
8506,4498.4,4129.81833730886
8507,4521.8,4130.202410758653
8508,4504.4,4130.586474775734
8509,4497.8,4130.9705293614425
8510,4542.8,4131.3545745171195
8511,4537.0,4131.738610244102
8512,4520.4,4132.122636543733
8513,4523.4,4132.506653417349
8514,4534.4,4132.890660866289
8515,4541.8,4133.274658891891
8516,4558.4,4133.658647495493
8517,4567.4,4134.042626678433
8518,4531.2,4134.426596442048
8519,4521.8,4134.810556787675
8520,4505.6,4135.19450771665
8521,4477.0,4135.578449230309
8522,4462.0,4135.962381329989
8523,4415.4,4136.3463040170245
8524,4429.2,4136.73021729275
8525,4465.0,4137.114121158502
8526,4434.0,4137.4980156156125
8527,4428.2,4137.881900665418
8528,4382.8,4138.26577630925
8529,4421.0,4138.649642548445
8530,4438.4,4139.033499384333
8531,4410.6,4139.417346818247
8532,4490.8,4139.801184851521
8533,4469.0,4140.185013485486
8534,4476.4,4140.568832721474
8535,4447.4,4140.952642560816
8536,4437.2,4141.336443004843
8537,4447.4,4141.720234054885
8538,4429.2,4142.104015712274
8539,4461.0,4142.487787978338
8540,4380.8,4142.871550854408
8541,4482.6,4143.255304341813
8542,4480.8,4143.639048441881
8543,4485.8,4144.022783155941
8544,4484.4,4144.406508485321
8545,4513.8,4144.79022443135
8546,4550.4,4145.173930995355
8547,4545.0,4145.557628178662
8548,4487.6,4145.9413159826
8549,4553.8,4146.324994408493
8550,4523.6,4146.708663457669
8551,4496.2,4147.092323131453
8552,4496.8,4147.475973431171
8553,4553.8,4147.859614358147
8554,4590.8,4148.243245913707
8555,4603.4,4148.626868099175
8556,4624.4,4149.0104809158765
8557,4663.4,4149.394084365133
8558,4730.8,4149.7776784482685
8559,4702.6,4150.161263166606
8560,4740.0,4150.544838521469
8561,4752.2,4150.928404514179
8562,4760.0,4151.31196114606
8563,4720.2,4151.695508418431
8564,4769.2,4152.079046332615
8565,4711.4,4152.4625748899325
8566,4683.6,4152.846094091704
8567,4652.2,4153.22960393925
8568,4703.2,4153.613104433893
8569,4673.8,4153.996595576948
8570,4678.4,4154.380077369737
8571,4627.4,4154.763549813579
8572,4579.6,4155.147012909792
8573,4524.2,4155.530466659695
8574,4419.6,4155.913911064605
8575,4454.6,4156.297346125841
8576,4459.2,4156.680771844719
8577,4513.8,4157.064188222556
8578,4503.6,4157.447595260671
8579,4445.8,4157.830992960376
8580,4453.2,4158.2143813229895
8581,4559.4,4158.597760349829
8582,4503.6,4158.981130042205
8583,4510.6,4159.364490401436
8584,4457.6,4159.747841428835
8585,4406.6,4160.131183125718
8586,4384.8,4160.514515493397
8587,4412.2,4160.897838533187
8588,4366.0,4161.281152246399
8589,4375.4,4161.6644566343475
8590,4368.8,4162.0477516983465
8591,4359.4,4162.4310374397055
8592,4293.2,4162.814313859737
8593,4237.0,4163.197580959754
8594,4219.2,4163.580838741066
8595,4230.6,4163.964087204986
8596,4216.0,4164.347326352821
8597,4262.6,4164.730556185886
8598,4277.2,4165.113776705485
8599,4269.0,4165.496987912933
8600,4292.0,4165.880189809536
8601,4308.2,4166.263382396604
8602,4285.2,4166.646565675445
8603,4329.0,4167.029739647368
8604,4316.0,4167.412904313679
8605,4362.6,4167.796059675687
8606,4322.8,4168.179205734699
8607,4325.0,4168.562342492022
8608,4372.0,4168.9454699489615
8609,4389.0,4169.328588106825
8610,4380.8,4169.711696966918
8611,4334.6,4170.094796530544
8612,4328.8,4170.477886799012
8613,4377.0,4170.860967773623
8614,4382.8,4171.244039455683
8615,4390.6,4171.627101846498
8616,4360.8,4172.0101549473675
8617,4444.2,4172.3931987596
8618,4423.6,4172.776233284494
8619,4464.2,4173.159258523356
8620,4493.6,4173.542274477486
8621,4466.6,4173.925281148187
8622,4426.8,4174.3082785367615
8623,4416.2,4174.6912666445105
8624,4440.4,4175.074245472735
8625,4404.2,4175.457215022736
8626,4396.8,4175.8401752958125
8627,4417.8,4176.223126293267
8628,4462.8,4176.606068016399
8629,4486.6,4176.989000466506
8630,4481.2,4177.371923644889
8631,4459.4,4177.754837552845
8632,4500.4,4178.137742191675
8633,4505.0,4178.520637562676
8634,4550.8,4178.903523667144
8635,4521.0,4179.28640050638
8636,4498.0,4179.669268081679
8637,4545.8,4180.0521263943365
8638,4524.0,4180.434975445652
8639,4477.8,4180.817815236919
8640,4433.6,4181.200645769436
8641,4400.2,4181.5834670444965
8642,4409.6,4181.966279063396
8643,4430.6,4182.3490818274295
8644,4440.4,4182.731875337891
8645,4491.4,4183.114659596076
8646,4470.0,4183.497434603278
8647,4428.2,4183.880200360789
8648,4497.6,4184.262956869904
8649,4490.6,4184.6457041319145
8650,4540.8,4185.028442148114
8651,4498.6,4185.411170919794
8652,4420.0,4185.793890448247
8653,4417.0,4186.176600734764
8654,4411.2,4186.559301780636
8655,4468.2,4186.941993587155
8656,4444.0,4187.32467615561
8657,4456.2,4187.707349487293
8658,4470.8,4188.090013583491
8659,4508.2,4188.472668445497
8660,4504.4,4188.855314074598
8661,4492.2,4189.237950472084
8662,4450.0,4189.620577639243
8663,4465.8,4190.003195577363
8664,4505.6,4190.385804287732
8665,4522.6,4190.768403771638
8666,4518.0,4191.150994030369
8667,4482.6,4191.533575065209
8668,4524.8,4191.916146877448
8669,4560.2,4192.298709468371
8670,4597.6,4192.6812628392645
8671,4637.8,4193.063806991412
8672,4625.6,4193.4463419261
8673,4653.8,4193.828867644615
8674,4617.6,4194.211384148239
8675,4629.8,4194.593891438258
8676,4634.4,4194.976389515956
8677,4605.8,4195.358878382615
8678,4604.0,4195.7413580395205
8679,4588.2,4196.123828487955
8680,4582.8,4196.506289729199
8681,4640.2,4196.888741764538
8682,4658.4,4197.271184595252
8683,4661.0,4197.653618222623
8684,4668.0,4198.036042647933
8685,4684.2,4198.418457872463
8686,4705.2,4198.8008638974925
8687,4691.4,4199.183260724303
8688,4700.4,4199.565648354174
8689,4684.2,4199.948026788386
8690,4710.0,4200.330396028218
8691,4741.8,4200.7127560749495
8692,4728.0,4201.095106929857
8693,4693.0,4201.477448594223
8694,4635.2,4201.859781069322
8695,4635.4,4202.242104356433
8696,4693.2,4202.624418456833
8697,4690.6,4203.006723371801
8698,4704.8,4203.389019102612
8699,4694.6,4203.771305650543
8700,4696.8,4204.15358301687
8701,4699.4,4204.535851202869
8702,4589.2,4204.9181102098155
8703,4645.8,4205.300360038985
8704,4654.8,4205.682600691652
8705,4670.6,4206.064832169091
8706,4668.4,4206.447054472576
8707,4610.6,4206.829267603382
8708,4628.0,4207.21147156278
8709,4633.8,4207.593666352048
8710,4652.8,4207.975851972454
8711,4672.2,4208.358028425273
8712,4657.2,4208.740195711776
8713,4637.8,4209.122353833237
8714,4639.2,4209.504502790926
8715,4749.8,4209.886642586116
8716,4790.8,4210.268773220075
8717,4801.8,4210.650894694077
8718,4776.4,4211.03300700939
8719,4760.2,4211.415110167284
8720,4823.2,4211.79720416903
8721,4936.2,4212.179289015898
8722,4952.4,4212.561364709155
8723,4965.0,4212.943431250072
8724,4908.4,4213.325488639914
8725,4857.0,4213.707536879952
8726,4863.6,4214.089575971454
8727,4929.0,4214.471605915685
8728,4874.0,4214.853626713914
8729,4897.8,4215.235638367409
8730,4874.0,4215.617640877434
8731,4920.2,4215.999634245255
8732,4877.6,4216.38161847214
8733,4871.4,4216.7635935593535
8734,4888.0,4217.145559508161
8735,4871.4,4217.527516319826
8736,4890.4,4217.909463995614
8737,4909.8,4218.291402536791
8738,4959.6,4218.6733319446175
8739,4944.2,4219.055252220361
8740,4900.8,4219.437163365281
8741,4981.8,4219.819065380642
8742,4940.0,4220.200958267708
8743,4926.6,4220.582842027739
8744,4888.0,4220.964716662
8745,4901.0,4221.34658217175
8746,4960.4,4221.728438558252
8747,4901.0,4222.110285822765
8748,4933.6,4222.492123966553
8749,4887.4,4222.873952990873
8750,4872.4,4223.255772896987
8751,4931.4,4223.637583686153
8752,4918.4,4224.019385359635
8753,4948.2,4224.401177918687
8754,4950.0,4224.78296136457
8755,4921.0,4225.164735698543
8756,5036.8,4225.546500921864
8757,4977.8,4225.92825703579
8758,5009.6,4226.310004041579
8759,5017.0,4226.691741940488
8760,5005.6,4227.073470733774
8761,4977.8,4227.455190422695
8762,4944.8,4227.836901008506
8763,4859.4,4228.218602492462
8764,4833.6,4228.6002948758205
8765,4825.0,4228.981978159837
8766,4883.2,4229.363652345764
8767,4909.8,4229.745317434859
8768,4903.6,4230.126973428376
8769,4824.2,4230.508620327568
8770,4790.8,4230.890258133688
8771,4782.6,4231.2718868479915
8772,4847.2,4231.65350647173
8773,4876.2,4232.035117006158
8774,4937.6,4232.416718452526
8775,4876.2,4232.798310812088
8776,4812.0,4233.179894086095
8777,4734.6,4233.5614682758
8778,4751.2,4233.943033382451
8779,4757.0,4234.324589407302
8780,4790.0,4234.706136351601
8781,4835.4,4235.087674216601
8782,4776.0,4235.46920300355
8783,4777.0,4235.8507227137
8784,4748.4,4236.232233348297
8785,4757.8,4236.613734908593
8786,4752.0,4236.995227395835
8787,4725.0,4237.3767108112725
8788,4706.4,4237.758185156153
8789,4741.0,4238.139650431724
8790,4824.8,4238.521106639233
8791,4820.2,4238.902553779928
8792,4756.0,4239.283991855054
8793,4754.6,4239.665420865861
8794,4722.0,4240.046840813592
8795,4686.6,4240.4282516994945
8796,4636.0,4240.809653524813
8797,4591.4,4241.191046290794
8798,4536.4,4241.572429998682
8799,4533.8,4241.953804649721
8800,4524.0,4242.3351702451555
8801,4541.8,4242.71652678623
8802,4562.8,4243.097874274189
8803,4565.0,4243.479212710274
8804,4550.0,4243.860542095729
8805,4565.8,4244.241862431798
8806,4535.6,4244.623173719722
8807,4545.8,4245.004475960743
8808,4473.6,4245.385769156103
8809,4421.8,4245.767053307045
8810,4395.2,4246.148328414809
8811,4366.6,4246.529594480636
8812,4370.8,4246.910851505766
8813,4376.2,4247.29209949144
8814,4382.4,4247.673338438898
8815,4381.0,4248.054568349379
8816,4370.8,4248.435789224125
8817,4413.8,4248.817001064372
8818,4390.4,4249.198203871359
8819,4399.4,4249.579397646326
8820,4318.0,4249.960582390509
8821,4297.8,4250.341758105148
8822,4266.4,4250.72292479148
8823,4279.4,4251.104082450741
8824,4230.8,4251.485231084169
8825,4243.4,4251.866370693
8826,4218.8,4252.247501278472
8827,4222.6,4252.628622841817
8828,4210.0,4253.009735384275
8829,4165.0,4253.3908389070775
8830,4160.0,4253.771933411463
8831,4189.8,4254.153018898664
8832,4205.2,4254.534095369916
8833,4221.0,4254.915162826453
8834,4244.8,4255.296221269507
8835,4201.0,4255.677270700314
8836,4166.8,4256.058311120106
8837,4145.0,4256.439342530116
8838,4179.6,4256.820364931576
8839,4164.2,4257.201378325719
8840,4212.8,4257.5823827137765
8841,4197.8,4257.96337809698
8842,4248.4,4258.344364476562
8843,4235.4,4258.725341853752
8844,4188.0,4259.106310229782
8845,4201.8,4259.487269605881
8846,4160.0,4259.86821998328
8847,4109.0,4260.249161363209
8848,4115.2,4260.630093746898
8849,4063.4,4261.011017135574
8850,4030.0,4261.3919315304665
8851,4049.0,4261.772836932806
8852,4102.4,4262.153733343819
8853,4145.8,4262.534620764734
8854,4224.0,4262.915499196779
8855,4218.6,4263.29636864118
8856,4243.2,4263.677229099166
8857,4230.6,4264.058080571961
8858,4219.2,4264.438923060794
8859,4230.6,4264.819756566891
8860,4228.0,4265.200581091475
8861,4184.2,4265.581396635775
8862,4230.8,4265.962203201014
8863,4309.8,4266.343000788418
8864,4304.4,4266.723789399211
8865,4317.8,4267.104569034617
8866,4209.2,4267.485339695861
8867,4198.6,4267.866101384165
8868,4186.8,4268.246854100754
8869,4137.8,4268.627597846849
8870,4185.6,4269.008332623677
8871,4177.0,4269.389058432455
8872,4196.0,4269.76977527441
8873,4181.8,4270.150483150761
8874,4193.6,4270.5311820627285
8875,4242.6,4270.911872011537
8876,4269.2,4271.292552998406
8877,4298.6,4271.673225024555
8878,4292.8,4272.053888091205
8879,4262.6,4272.434542199577
8880,4242.0,4272.8151873508905
8881,4281.8,4273.1958235463635
8882,4287.6,4273.576450787216
8883,4337.8,4273.957069074667
8884,4288.8,4274.337678409935
8885,4245.8,4274.718278794237
8886,4275.2,4275.098870228793
8887,4265.8,4275.479452714819
8888,4319.2,4275.860026253533
8889,4299.4,4276.2405908461515
8890,4362.4,4276.6211464938915
8891,4339.4,4277.001693197969
8892,4361.2,4277.382230959601
8893,4339.4,4277.762759780002
8894,4330.0,4278.1432796603885
8895,4336.2,4278.523790601975
8896,4324.8,4278.904292605977
8897,4307.4,4279.284785673608
8898,4338.8,4279.665269806084
8899,4265.8,4280.045745004618
8900,4299.6,4280.426211270424
8901,4265.8,4280.806668604713
8902,4250.8,4281.1871170087015
8903,4230.6,4281.567556483601
8904,4166.8,4281.947987030622
8905,4159.4,4282.32840865098
8906,4166.8,4282.708821345886
8907,4095.4,4283.08922511655
8908,4090.0,4283.469619964184
8909,4049.0,4283.850005889999
8910,4038.0,4284.230382895205
8911,4020.2,4284.610750981015
8912,3949.6,4284.991110148636
8913,3940.2,4285.371460399279
8914,3982.8,4285.751801734154
8915,3962.6,4286.132134154468
8916,3924.4,4286.512457661433
8917,3896.2,4286.892772256255
8918,3912.8,4287.273077940143
8919,3860.2,4287.653374714306
8920,3852.4,4288.03366257995
8921,3815.4,4288.413941538283
8922,3742.4,4288.794211590513
8923,3750.6,4289.1744727378455
8924,3758.8,4289.554724981488
8925,3757.8,4289.934968322646
8926,3749.6,4290.315202762525
8927,3770.6,4290.6954283023315
8928,3771.2,4291.07564494327
8929,3773.8,4291.455852686546
8930,3768.8,4291.836051533364
8931,3773.8,4292.216241484928
8932,3751.6,4292.596422542442
8933,3820.2,4292.976594707112
8934,3874.4,4293.356757980138
8935,3897.8,4293.736912362726
8936,3955.6,4294.117057856078
8937,3962.6,4294.497194461394
8938,4066.0,4294.877322179881
8939,4140.2,4295.257441012738
8940,4147.2,4295.637550961168
8941,4178.6,4296.01765202637
8942,4193.6,4296.397744209548
8943,4186.6,4296.777827511903
8944,4193.6,4297.157901934633
8945,4186.6,4297.537967478938
8946,4212.4,4297.918024146021
8947,4204.2,4298.298071937079
8948,4129.6,4298.678110853313
8949,4057.0,4299.058140895921
8950,3997.6,4299.438162066102
8951,4041.8,4299.818174365055
8952,4040.8,4300.198177793977
8953,4022.6,4300.578172354067
8954,4062.0,4300.958158046521
8955,4028.2,4301.338134872538
8956,4068.0,4301.718102833314
8957,4042.6,4302.098061930046
8958,4058.4,4302.4780121639305
8959,4084.2,4302.857953536163
8960,4012.0,4303.23788604794
8961,4017.8,4303.617809700457
8962,4018.4,4303.997724494908
8963,4023.4,4304.377630432489
8964,4008.4,4304.757527514394
8965,4045.8,4305.137415741819
8966,4054.0,4305.517295115955
8967,4097.0,4305.897165637997
8968,4116.8,4306.27702730914
8969,4146.6,4306.656880130576
8970,4169.6,4307.036724103496
8971,4101.0,4307.4165592290965
8972,4096.4,4307.796385508567
8973,4101.0,4308.1762029431
8974,4144.8,4308.556011533886
8975,4188.2,4308.935811282119
8976,4144.8,4309.315602188988
8977,4087.4,4309.695384255684
8978,4128.8,4310.0751574833985
8979,4124.2,4310.454921873321
8980,4080.0,4310.834677426641
8981,4074.6,4311.214424144549
8982,4097.2,4311.594162028235
8983,4170.6,4311.973891078885
8984,4097.2,4312.353611297691
8985,4040.2,4312.733322685839
8986,3938.8,4313.11302524452
8987,3839.4,4313.492718974919
8988,3770.0,4313.872403878225
8989,3775.4,4314.252079955624
8990,3783.6,4314.631747208305
8991,3791.4,4315.011405637453
8992,3797.6,4315.391055244257
8993,3809.0,4315.770696029898
8994,3822.4,4316.150327995568
8995,3780.2,4316.529951142447
8996,3844.4,4316.909565471725
8997,3885.8,4317.2891709845835
8998,3864.0,4317.668767682208
8999,3843.4,4318.048355565784
9000,3883.6,4318.427934636495
9001,3893.0,4318.807504895523
9002,3959.2,4319.187066344054
9003,3917.8,4319.566618983271
9004,3988.8,4319.946162814355
9005,3991.4,4320.32569783849
9006,4016.8,4320.705224056859
9007,4013.0,4321.084741470642
9008,4040.8,4321.464250081022
9009,4094.6,4321.843749889182
9010,4048.4,4322.223240896299
9011,4077.8,4322.602723103558
9012,4066.8,4322.982196512138
9013,4102.6,4323.361661123219
9014,4098.0,4323.741116937981
9015,4126.6,4324.120563957605
9016,4138.4,4324.500002183268
9017,4171.4,4324.879431616152
9018,4176.4,4325.258852257433
9019,4143.4,4325.638264108293
9020,4136.4,4326.017667169906
9021,4129.8,4326.397061443454
9022,4118.8,4326.776446930113
9023,4190.6,4327.155823631059
9024,4265.6,4327.535191547472
9025,4276.2,4327.914550680527
9026,4304.0,4328.2939010314
9027,4310.6,4328.67324260127
9028,4347.6,4329.05257539131
9029,4338.6,4329.431899402697
9030,4350.4,4329.811214636606
9031,4364.2,4330.190521094212
9032,4350.4,4330.569818776692
9033,4390.6,4330.949107685217
9034,4358.0,4331.328387820964
9035,4399.4,4331.7076591851055
9036,4481.6,4332.086921778815
9037,4437.8,4332.466175603267
9038,4469.6,4332.845420659634
9039,4461.0,4333.22465694909
9040,4446.8,4333.6038844728055
9041,4475.4,4333.9831032319535
9042,4495.6,4334.362313227706
9043,4529.8,4334.741514461235
9044,4515.2,4335.1207069337115
9045,4528.2,4335.499890646308
9046,4485.6,4335.879065600193
9047,4514.6,4336.258231796538
9048,4524.0,4336.637389236513
9049,4585.8,4337.0165379212895
9050,4597.2,4337.395677852035
9051,4641.0,4337.77480902992
9052,4640.0,4338.153931456113
9053,4704.2,4338.533045131785
9054,4739.2,4338.912150058101
9055,4763.4,4339.291246236232
9056,4762.0,4339.6703336673445
9057,4807.4,4340.049412352607
9058,4821.2,4340.428482293187
9059,4868.2,4340.807543490249
9060,4821.6,4341.186595944964
9061,4808.2,4341.5656396584955
9062,4817.2,4341.944674632012
9063,4819.4,4342.3237008666765
9064,4821.6,4342.702718363657
9065,4869.0,4343.0817271241185
9066,4827.2,4343.460727149227
9067,4778.6,4343.839718440144
9068,4778.0,4344.218700998037
9069,4779.4,4344.59767482407
9070,4858.0,4344.976639919406
9071,4922.6,4345.35559628521
9072,4940.0,4345.734543922644
9073,4897.0,4346.113482832871
9074,4910.0,4346.492413017057
9075,4941.0,4346.871334476359
9076,4974.0,4347.250247211944
9077,4983.4,4347.629151224973
9078,4974.4,4348.008046516606
9079,4909.8,4348.386933088005
9080,4873.6,4348.765810940333
9081,4899.4,4349.144680074749
9082,4849.6,4349.523540492414
9083,4857.0,4349.902392194488
9084,4867.2,4350.281235182132
9085,4823.4,4350.660069456506
9086,4784.8,4351.038895018767
9087,4824.2,4351.417711870076
9088,4892.4,4351.796520011593
9089,4896.2,4352.175319444475
9090,4861.6,4352.554110169879
9091,4882.6,4352.932892188966
9092,4924.8,4353.311665502893
9093,4855.4,4353.690430112816
9094,4899.2,4354.069186019893
9095,4877.8,4354.447933225281
9096,4872.8,4354.826671730138
9097,4881.0,4355.205401535617
9098,4902.0,4355.584122642877
9099,4947.4,4355.962835053073
9100,4904.0,4356.34153876736
9101,4965.8,4356.720233786894
9102,4979.6,4357.09892011283
9103,4910.6,4357.477597746321
9104,4868.4,4357.856266688524
9105,4937.8,4358.234926940591
9106,5019.2,4358.613578503677
9107,5066.6,4358.992221378935
9108,5053.2,4359.370855567518
9109,5133.0,4359.74948107058
9110,5170.8,4360.128097889273
9111,5187.4,4360.50670602475
9112,5175.2,4360.885305478162
9113,5141.8,4361.263896250662
9114,5134.0,4361.642478343401
9115,5101.0,4362.0210517575315
9116,5118.8,4362.399616494202
9117,5161.0,4362.778172554566
9118,5203.2,4363.156719939772
9119,5247.4,4363.535258650972
9120,5246.4,4363.913788689314
9121,5309.8,4364.292310055948
9122,5342.8,4364.670822752026
9123,5325.0,4365.049326778694
9124,5338.8,4365.427822137101
9125,5413.8,4365.806308828397
9126,5380.8,4366.184786853731
9127,5353.0,4366.563256214248
9128,5281.2,4366.9417169110975
9129,5285.0,4367.320168945427
9130,5370.8,4367.698612318383
9131,5352.2,4368.077047031114
9132,5342.4,4368.455473084764
9133,5361.0,4368.8338904804805
9134,5342.4,4369.212299219411
9135,5325.8,4369.590699302699
9136,5278.4,4369.969090731492
9137,5270.6,4370.347473506932
9138,5228.8,4370.725847630169
9139,5184.2,4371.104213102342
9140,5226.8,4371.482569924599
9141,5213.0,4371.860918098084
9142,5218.0,4372.239257623938
9143,5265.8,4372.617588503309
9144,5282.0,4372.995910737336
9145,5318.6,4373.3742243271645
9146,5313.6,4373.7525292739365
9147,5293.0,4374.1308255787935
9148,5330.8,4374.509113242881
9149,5380.2,4374.887392267336
9150,5360.8,4375.2656626533035
9151,5433.8,4375.643924401924
9152,5442.0,4376.022177514338
9153,5448.2,4376.400421991688
9154,5481.6,4376.778657835112
9155,5474.6,4377.1568850457525
9156,5456.0,4377.5351036247475
9157,5574.6,4377.913313573239
9158,5533.2,4378.291514892364
9159,5512.2,4378.669707583263
9160,5494.8,4379.047891647075
9161,5377.0,4379.426067084937
9162,5413.6,4379.804233897989
9163,5348.2,4380.182392087369
9164,5303.6,4380.560541654215
9165,5268.2,4380.938682599662
9166,5280.8,4381.3168149248495
9167,5289.0,4381.694938630914
9168,5277.2,4382.073053718992
9169,5234.6,4382.451160190221
9170,5244.4,4382.8292580457355
9171,5256.2,4383.207347286671
9172,5224.0,4383.585427914165
9173,5259.4,4383.963499929351
9174,5172.0,4384.341563333366
9175,5211.4,4384.719618127342
9176,5142.4,4385.097664312417
9177,5255.4,4385.475701889722
9178,5291.6,4385.853730860392
9179,5334.6,4386.23175122556
9180,5385.2,4386.6097629863625
9181,5353.8,4386.987766143929
9182,5339.2,4387.365760699394
9183,5383.4,4387.7437466538895
9184,5362.4,4388.121724008548
9185,5452.2,4388.499692764502
9186,5484.8,4388.877652922883
9187,5538.6,4389.255604484822
9188,5552.4,4389.63354745145
9189,5622.6,4390.011481823899
9190,5609.2,4390.389407603298
9191,5681.8,4390.76732479078
9192,5601.2,4391.145233387473
9193,5617.0,4391.523133394507
9194,5648.4,4391.901024813013
9195,5741.8,4392.278907644119
9196,5768.0,4392.656781888953
9197,5750.6,4393.034647548647
9198,5697.2,4393.412504624326
9199,5714.6,4393.790353117121
9200,5704.0,4394.168193028158
9201,5742.6,4394.546024358567
9202,5731.2,4394.923847109472
9203,5658.6,4395.301661282004
9204,5731.2,4395.679466877286
9205,5718.6,4396.057263896448
9206,5756.4,4396.435052340613
9207,5784.2,4396.81283221091
9208,5711.2,4397.190603508463
9209,5743.4,4397.568366234399
9210,5705.2,4397.946120389843
9211,5768.2,4398.323865975917
9212,5824.0,4398.70160299375
9213,5868.2,4399.0793314444645
9214,5854.0,4399.457051329184
9215,5783.4,4399.834762649033
9216,5804.0,4400.212465405135
9217,5812.2,4400.590159598614
9218,5823.6,4400.9678452305925
9219,5869.0,4401.345522302195
9220,5891.6,4401.7231908145395
9221,5875.4,4402.100850768754
9222,5813.6,4402.478502165956
9223,5829.0,4402.85614500727
9224,5843.6,4403.233779293817
9225,5829.8,4403.611405026717
9226,5883.6,4403.989022207091
9227,5939.4,4404.366630836062
9228,5972.8,4404.744230914747
9229,6008.2,4405.121822444269
9230,6044.0,4405.499405425746
9231,6081.0,4405.8769798603
9232,6038.8,4406.254545749047
9233,6122.6,4406.6321030931085
9234,6076.8,4407.0096518936025
9235,6075.4,4407.387192151647
9236,6100.8,4407.764723868361
9237,6093.0,4408.142247044862
9238,6093.6,4408.519761682269
9239,6126.6,4408.897267781698
9240,6154.8,4409.274765344267
9241,6169.8,4409.652254371092
9242,6294.8,4410.02973486329
9243,6289.8,4410.407206821978
9244,6261.6,4410.784670248273
9245,6245.8,4411.162125143288
9246,6318.0,4411.53957150814
9247,6381.0,4411.917009343946
9248,6366.8,4412.294438651819
9249,6341.0,4412.671859432874
9250,6380.0,4413.049271688226
9251,6293.8,4413.426675418989
9252,6254.8,4413.804070626278
9253,6231.4,4414.181457311205
9254,6238.4,4414.558835474885
9255,6201.0,4414.93620511843
9256,6165.6,4415.313566242954
9257,6143.4,4415.690918849568
9258,6128.0,4416.068262939387
9259,6113.0,4416.44559851352
9260,6151.2,4416.822925573082
9261,6189.8,4417.200244119183
9262,6190.8,4417.577554152933
9263,6208.2,4417.954855675445
9264,6206.0,4418.33214868783
9265,6214.6,4418.709433191198
9266,6250.0,4419.086709186659
9267,6289.8,4419.463976675323
9268,6326.8,4419.841235658299
9269,6327.4,4420.2184861366995
9270,6401.6,4420.59572811163
9271,6441.0,4420.972961584202
9272,6366.8,4421.350186555522
9273,6353.8,4421.7274030267
9274,6336.8,4422.104610998844
9275,6358.6,4422.481810473061
9276,6372.4,4422.859001450461
9277,6358.6,4423.236183932148
9278,6274.8,4423.613357919232
9279,6288.2,4423.990523412818
9280,6272.8,4424.367680414014
9281,6218.6,4424.744828923925
9282,6161.2,4425.1219689436575
9283,6097.8,4425.499100474317
9284,6060.0,4425.876223517011
9285,5936.2,4426.253338072842
9286,5992.4,4426.630444142916
9287,6092.2,4427.007541728338
9288,6108.8,4427.384630830213
9289,6092.2,4427.761711449644
9290,6082.4,4428.138783587736
9291,6086.6,4428.515847245592
9292,6126.4,4428.892902424316
9293,6055.4,4429.2699491250105
9294,6107.2,4429.646987348779
9295,6117.8,4430.024017096723
9296,6083.2,4430.401038369947
9297,6068.2,4430.778051169551
9298,6110.8,4431.155055496638
9299,6110.6,4431.532051352309
9300,6102.8,4431.9090387376655
9301,6127.4,4432.28601765381
9302,6118.4,4432.662988101841
9303,5993.8,4433.03995008286
9304,5936.4,4433.416903597967
9305,5953.0,4433.793848648263
9306,5947.6,4434.170785234846
9307,5974.6,4434.547713358818
9308,6032.4,4434.924633021276
9309,6092.2,4435.30154422332
9310,6128.8,4435.678446966049
9311,6230.6,4436.055341250561
9312,6358.0,4436.432227077953
9313,6312.2,4436.809104449325
9314,6342.8,4437.185973365773
9315,6382.6,4437.562833828396
9316,6375.2,4437.939685838291
9317,6421.0,4438.316529396552
9318,6470.4,4438.69336450428
9319,6529.8,4439.070191162568
9320,6590.4,4439.447009372514
9321,6544.2,4439.823819135213
9322,6609.6,4440.200620451761
9323,6479.4,4440.5774133232535
9324,6522.0,4440.954197750784
9325,6479.4,4441.330973735449
9326,6446.0,4441.707741278344
9327,6517.0,4442.08450038056
9328,6501.2,4442.461251043194
9329,6549.8,4442.837993267339
9330,6565.6,4443.214727054087
9331,6614.6,4443.591452404533
9332,6689.2,4443.96816931977
9333,6604.2,4444.34487780089
9334,6638.4,4444.721577848985
9335,6533.0,4445.098269465148
9336,6543.6,4445.474952650472
9337,6528.2,4445.851627406047
9338,6518.0,4446.228293732965
9339,6476.2,4446.604951632317
9340,6458.0,4446.981601105194
9341,6421.8,4447.358242152687
9342,6359.6,4447.734874775887
9343,6301.8,4448.1114989758835
9344,6297.2,4448.488114753765
9345,6265.0,4448.864722110624
9346,6308.0,4449.241321047548
9347,6373.0,4449.617911565626
9348,6317.2,4449.994493665948
9349,6325.8,4450.371067349602
9350,6364.8,4450.747632617676
9351,6409.0,4451.1241894712575
9352,6352.8,4451.500737911437
9353,6302.6,4451.877277939299
9354,6384.4,4452.253809555933
9355,6459.4,4452.6303327624255
9356,6440.8,4453.006847559863
9357,6481.8,4453.383353949332
9358,6438.0,4453.759851931918
9359,6377.0,4454.13634150871
9360,6374.4,4454.512822680791
9361,6314.6,4454.889295449247
9362,6316.4,4455.265759815163
9363,6190.6,4455.642215779626
9364,6199.2,4456.018663343718
9365,6210.6,4456.395102508526
9366,6257.6,4456.771533275133
9367,6361.8,4457.147955644623
9368,6365.2,4457.5243696180805
9369,6427.4,4457.900775196587
9370,6446.4,4458.277172381228
9371,6416.2,4458.653561173086
9372,6358.4,4459.029941573243
9373,6388.2,4459.406313582782
9374,6379.2,4459.782677202785
9375,6337.8,4460.159032434333
9376,6414.4,4460.53537927851
9377,6312.2,4460.911717736396
9378,6353.2,4461.288047809072
9379,6312.2,4461.664369497619
9380,6374.8,4462.040682803118
9381,6333.8,4462.41698772665
9382,6426.0,4462.793284269294
9383,6427.4,4463.169572432131
9384,6386.4,4463.545852216239
9385,6399.4,4463.9221236226995
9386,6395.2,4464.29838665259
9387,6393.0,4464.674641306991
9388,6422.4,4465.05088758698
9389,6433.0,4465.427125493635
9390,6501.2,4465.803355028035
9391,6533.0,4466.179576191258
9392,6514.4,4466.555788984381
9393,6525.0,4466.931993408482
9394,6594.4,4467.308189464638
9395,6513.0,4467.684377153925
9396,6594.4,4468.0605564774205
9397,6595.4,4468.436727436201
9398,6557.2,4468.812890031342
9399,6616.2,4469.189044263921
9400,6560.0,4469.56519013501
9401,6641.8,4469.941327645688
9402,6628.8,4470.317456797028
9403,6690.6,4470.6935775901065
9404,6629.2,4471.069690025997
9405,6569.0,4471.4457941057735
9406,6582.0,4471.821889830511
9407,6614.6,4472.197977201283
9408,6557.2,4472.574056219163
9409,6597.0,4472.950126885224
9410,6557.2,4473.32618920054
9411,6639.4,4473.702243166183
9412,6600.8,4474.0782887832265
9413,6564.2,4474.454326052742
9414,6614.0,4474.8303549758
9415,6542.6,4475.206375553476
9416,6528.4,4475.58238778684
9417,6586.6,4475.9583916769625
9418,6624.8,4476.334387224915
9419,6642.6,4476.710374431768
9420,6629.6,4477.086353298594
9421,6589.0,4477.46232382646
9422,6624.0,4477.838286016439
9423,6665.8,4478.2142398696
9424,6613.6,4478.59018538701
9425,6578.6,4478.966122569743
9426,6579.2,4479.342051418865
9427,6529.8,4479.717971935445
9428,6453.2,4480.0938841205525
9429,6472.2,4480.469787975255
9430,6493.2,4480.845683500622
9431,6537.0,4481.221570697719
9432,6590.0,4481.597449567615
9433,6507.4,4481.973320111378
9434,6485.2,4482.349182330073
9435,6568.2,4482.725036224768
9436,6524.8,4483.10088179653
9437,6585.0,4483.4767190464245
9438,6626.8,4483.852547975519
9439,6589.8,4484.228368584877
9440,6569.6,4484.604180875565
9441,6528.2,4484.97998484865
9442,6444.4,4485.355780505195
9443,6465.0,4485.731567846266
9444,6406.8,4486.107346872927
9445,6473.8,4486.483117586242
9446,6377.6,4486.858879987276
9447,6359.4,4487.234634077092
9448,6278.4,4487.610379856754
9449,6221.0,4487.986117327324
9450,6297.6,4488.361846489867
9451,6376.2,4488.737567345446
9452,6358.4,4489.113279895122
9453,6391.4,4489.488984139958
9454,6471.6,4489.864680081016
9455,6403.4,4490.240367719358
9456,6414.8,4490.616047056046
9457,6373.0,4490.99171809214
9458,6333.2,4491.367380828702
9459,6299.4,4491.743035266793
9460,6321.2,4492.118681407474
9461,6305.0,4492.494319251805
9462,6274.4,4492.869948800845
9463,6251.4,4493.245570055655
9464,6289.2,4493.621183017294
9465,6193.8,4493.996787686821
9466,6156.8,4494.3723840652965
9467,6251.4,4494.747972153778
9468,6290.8,4495.123551953327
9469,6329.8,4495.499123464997
9470,6273.6,4495.87468668985
9471,6214.6,4496.250241628943
9472,6192.4,4496.625788283332
9473,6181.0,4497.0013266540755
9474,6101.6,4497.376856742232
9475,6181.0,4497.7523785488565
9476,6214.8,4498.1278920750065
9477,6231.4,4498.503397321739
9478,6309.2,4498.878894290107
9479,6270.6,4499.254382981171
9480,6262.0,4499.629863395983
9481,6184.2,4500.0053355356
9482,6193.2,4500.380799401079
9483,6153.8,4500.756254993471
9484,6144.4,4501.131702313832
9485,6111.4,4501.507141363219
9486,6168.0,4501.882572142682
9487,6137.0,4502.257994653278
9488,6121.2,4502.63340889606
9489,6154.6,4503.0088148720815
9490,6235.2,4503.384212582396
9491,6286.6,4503.759602028053
9492,6278.8,4504.134983210111
9493,6264.2,4504.510356129619
9494,6275.2,4504.88572078763
9495,6239.4,4505.261077185196
9496,6227.2,4505.636425323368
9497,6305.0,4506.011765203198
9498,6361.6,4506.387096825737
9499,6349.0,4506.762420192036
9500,6386.0,4507.137735303148
9501,6350.6,4507.51304216012
9502,6340.0,4507.888340764003
9503,6277.8,4508.263631115849
9504,6248.8,4508.638913216707
9505,6213.0,4509.014187067625
9506,6116.8,4509.389452669654
9507,6178.6,4509.764710023843
9508,6170.0,4510.13995913124
9509,6195.4,4510.515199992894
9510,6188.8,4510.890432609852
9511,6157.0,4511.265656983164
9512,6210.4,4511.640873113877
9513,6217.0,4512.016081003038
9514,6133.6,4512.391280651696
9515,6160.2,4512.766472060897
9516,6196.4,4513.141655231688
9517,6112.2,4513.516830165115
9518,5989.2,4513.891996862225
9519,6044.2,4514.267155324064
9520,6046.0,4514.642305551679
9521,6109.8,4515.017447546113
9522,6105.2,4515.392581308413
9523,6120.2,4515.767706839625
9524,6158.8,4516.142824140793
9525,6159.4,4516.517933212961
9526,6214.0,4516.893034057174
9527,6218.6,4517.268126674478
9528,6205.2,4517.643211065913
9529,6206.6,4518.018287232527
9530,6222.4,4518.39335517536
9531,6218.6,4518.768414895458
9532,6304.0,4519.143466393862
9533,6360.2,4519.518509671614
9534,6351.6,4519.89354472976
9535,6356.2,4520.268571569339
9536,6319.2,4520.643590191395
9537,6405.8,4521.018600596967
9538,6394.8,4521.3936027871005
9539,6401.0,4521.768596762833
9540,6392.0,4522.143582525208
9541,6385.0,4522.518560075266
9542,6262.8,4522.8935294140465
9543,6224.2,4523.26849054259
9544,6264.0,4523.643443461939
9545,6224.2,4524.01838817313
9546,6253.2,4524.393324677203
9547,6240.2,4524.7682529752
9548,6278.4,4525.143173068157
9549,6271.4,4525.518084957116
9550,6300.4,4525.892988643112
9551,6295.4,4526.267884127187
9552,6418.8,4526.6427714103775
9553,6385.0,4527.017650493721
9554,6471.2,4527.392521378255
9555,6432.2,4527.767384065019
9556,6346.0,4528.142238555048
9557,6307.4,4528.517084849379
9558,6337.6,4528.891922949049
9559,6335.4,4529.2667528550965
9560,6299.2,4529.641574568555
9561,6341.8,4530.016388090463
9562,6356.0,4530.391193421854
9563,6233.8,4530.765990563765
9564,6217.2,4531.14077951723
9565,6261.8,4531.515560283286
9566,6278.8,4531.890332862965
9567,6263.4,4532.265097257305
9568,6296.8,4532.639853467336
9569,6337.8,4533.0146014940965
9570,6296.8,4533.389341338618
9571,6353.8,4533.764073001934
9572,6301.6,4534.138796485079
9573,6247.4,4534.513511789085
9574,6202.4,4534.888218914985
9575,6169.8,4535.262917863813
9576,6211.2,4535.6376086366
9577,6201.8,4536.0122912343795
9578,6136.8,4536.386965658182
9579,6170.6,4536.76163190904
9580,6050.8,4537.136289987985
9581,6170.6,4537.510939896047
9582,6102.0,4537.885581634258
9583,6090.6,4538.260215203651
9584,6135.2,4538.634840605252
9585,6123.4,4539.009457840094
9586,6088.4,4539.384066909207
9587,6046.6,4539.75866781362
9588,6050.8,4540.133260554364
9589,6017.8,4540.507845132466
9590,6063.6,4540.882421548958
9591,6085.0,4541.256989804866
9592,6084.4,4541.63154990122
9593,6117.8,4542.006101839048
9594,6160.0,4542.380645619379
9595,6161.8,4542.75518124324
9596,6156.4,4543.129708711659
9597,6147.4,4543.504228025664
9598,6181.6,4543.878739186281
9599,6231.4,4544.253242194538
9600,6318.0,4544.627737051461
9601,6258.6,4545.002223758076
9602,6209.2,4545.376702315411
9603,6218.6,4545.751172724491
9604,6162.4,4546.1256349863415
9605,6217.0,4546.500089101989
9606,6170.8,4546.874535072458
9607,6204.2,4547.248972898773
9608,6201.6,4547.623402581959
9609,6204.2,4547.997824123043
9610,6294.8,4548.372237523047
9611,6342.6,4548.746642782996
9612,6309.2,4549.121039903913
9613,6237.8,4549.495428886823
9614,6272.8,4549.869809732748
9615,6337.8,4550.244182442712
9616,6350.4,4550.618547017738
9617,6400.2,4550.992903458848
9618,6470.4,4551.367251767066
9619,6350.6,4551.7415919434125
9620,6422.8,4552.11592398891
9621,6484.2,4552.490247904581
9622,6433.2,4552.864563691447
9623,6465.8,4553.238871350529
9624,6416.8,4553.613170882848
9625,6329.0,4553.987462289424
9626,6363.6,4554.361745571279
9627,6308.2,4554.736020729433
9628,6356.8,4555.1102877649055
9629,6429.0,4555.484546678718
9630,6416.0,4555.8587974718885
9631,6405.0,4556.2330401454365
9632,6400.0,4556.607274700382
9633,6454.6,4556.981501137744
9634,6504.8,4557.355719458541
9635,6457.0,4557.72992966379
9636,6464.8,4558.104131754512
9637,6538.6,4558.478325731724
9638,6469.6,4558.852511596443
9639,6445.8,4559.226689349687
9640,6450.0,4559.600858992473
9641,6517.0,4559.97502052582
9642,6593.2,4560.349173950742
9643,6661.8,4560.723319268258
9644,6708.8,4561.097456479383
9645,6761.0,4561.471585585134
9646,6726.4,4561.845706586526
9647,6666.6,4562.219819484576
9648,6720.4,4562.593924280298
9649,6669.0,4562.9680209747075
9650,6601.2,4563.342109568821
9651,6525.8,4563.716190063652
9652,6494.4,4564.090262460215
9653,6465.0,4564.464326759526
9654,6472.4,4564.838382962596
9655,6469.0,4565.212431070441
9656,6395.6,4565.586471084074
9657,6403.4,4565.9605030045095
9658,6355.6,4566.334526832759
9659,6355.4,4566.708542569837
9660,6363.6,4567.0825502167545
9661,6318.6,4567.456549774525
9662,6320.0,4567.8305412441605
9663,6352.2,4568.2045246266725
9664,6422.4,4568.578499923075
9665,6494.6,4568.952467134376
9666,6482.0,4569.3264262615885
9667,6530.6,4569.700377305725
9668,6592.4,4570.074320267795
9669,6627.4,4570.448255148807
9670,6674.8,4570.822181949776
9671,6608.2,4571.196100671708
9672,6518.8,4571.570011315615
9673,6509.0,4571.943913882507
9674,6450.0,4572.317808373392
9675,6401.0,4572.6916947892805
9676,6280.0,4573.06557313118
9677,6233.0,4573.4394434001015
9678,6275.2,4573.813305597051
9679,6285.0,4574.187159723038
9680,6329.6,4574.561005779072
9681,6376.2,4574.934843766157
9682,6437.2,4575.308673685306
9683,6427.4,4575.682495537521
9684,6416.0,4576.056309323813
9685,6357.8,4576.4301150451865
9686,6298.0,4576.80391270265
9687,6285.8,4577.177702297209
9688,6277.6,4577.55148382987
9689,6324.2,4577.925257301638
9690,6324.4,4578.299022713521
9691,6326.6,4578.672780066523
9692,6248.4,4579.046529361649
9693,6204.2,4579.420270599904
9694,6210.0,4579.794003782295
9695,6198.6,4580.167728909824
9696,6153.2,4580.5414459834965
9697,6109.8,4580.915155004318
9698,6044.4,4581.28885597329
9699,6073.8,4581.662548891417
9700,6015.2,4582.0362337597035
9701,6111.4,4582.409910579153
9702,6058.0,4582.783579350766
9703,6075.4,4583.157240075548
9704,6025.2,4583.530892754499
9705,6058.6,4583.904537388625
9706,6004.4,4584.278173978925
9707,6040.2,4584.651802526402
9708,5917.6,4585.025423032057
9709,5958.6,4585.399035496892
9710,5941.6,4585.772639921909
9711,5987.4,4586.146236308107
9712,6053.6,4586.519824656489
9713,6025.8,4586.893404968053
9714,6032.4,4587.266977243802
9715,6025.8,4587.640541484734
9716,5993.2,4588.01409769185
9717,5968.2,4588.387645866149
9718,6020.8,4588.76118600863
9719,6115.4,4589.134718120294
9720,6155.6,4589.508242202138
9721,6162.6,4589.881758255161
9722,6213.6,4590.255266280363
9723,6177.8,4590.62876627874
9724,6204.0,4591.002258251292
9725,6286.6,4591.375742199015
9726,6278.4,4591.749218122908
9727,6315.4,4592.122686023968
9728,6323.6,4592.496145903192
9729,6254.6,4592.869597761577
9730,6300.0,4593.243041600119
9731,6217.0,4593.616477419815
9732,6208.8,4593.9899052216615
9733,6256.2,4594.363325006653
9734,6209.6,4594.736736775788
9735,6201.0,4595.11014053006
9736,6194.0,4595.483536270464
9737,6155.4,4595.856923997997
9738,6164.8,4596.230303713652
9739,6247.4,4596.603675418424
9740,6256.0,4596.977039113308
9741,6266.6,4597.350394799299
9742,6322.4,4597.723742477388
9743,6385.8,4598.097082148572
9744,6394.0,4598.470413813842
9745,6381.0,4598.8437374741925
9746,6420.4,4599.217053130617
9747,6390.6,4599.590360784107
9748,6292.4,4599.963660435657
9749,6248.2,4600.336952086258
9750,6334.4,4600.710235736901
9751,6292.2,4601.083511388581
9752,6340.0,4601.456779042287
9753,6428.2,4601.830038699012
9754,6387.6,4602.2032903597465
9755,6417.8,4602.576534025482
9756,6402.0,4602.9497696972085
9757,6373.0,4603.322997375917
9758,6300.4,4603.696217062599
9759,6360.2,4604.069428758243
9760,6404.4,4604.44263246384
9761,6391.4,4604.815828180378
9762,6453.6,4605.18901590885
9763,6413.0,4605.562195650241
9764,6340.4,4605.935367405542
9765,6413.0,4606.308531175742
9766,6424.8,4606.68168696183
9767,6352.2,4607.054834764793
9768,6401.2,4607.42797458562
9769,6336.2,4607.801106425299
9770,6317.6,4608.174230284816
9771,6305.8,4608.547346165161
9772,6330.8,4608.920454067319
9773,6340.2,4609.293553992279
9774,6301.6,4609.666645941026
9775,6352.2,4610.039729914548
9776,6420.4,4610.412805913831
9777,6464.2,4610.78587393986
9778,6418.0,4611.158933993622
9779,6389.8,4611.531986076102
9780,6479.6,4611.905030188286
9781,6453.8,4612.278066331159
9782,6518.8,4612.651094505705
9783,6476.2,4613.024114712911
9784,6450.4,4613.397126953761
9785,6476.2,4613.7701312292365
9786,6569.2,4614.143127540325
9787,6503.4,4614.516115888008
9788,6460.8,4614.889096273272
9789,6449.0,4615.262068697099
9790,6472.4,4615.63503316047
9791,6489.8,4616.00798966437
9792,6527.6,4616.380938209783
9793,6502.6,4616.75387879769
9794,6514.4,4617.126811429073
9795,6537.0,4617.499736104915
9796,6498.8,4617.872652826198
9797,6523.4,4618.245561593903
9798,6496.4,4618.618462409012
9799,6455.4,4618.991355272506
9800,6519.2,4619.364240185365
9801,6561.8,4619.737117148571
9802,6600.8,4620.109986163105
9803,6580.2,4620.482847229946
9804,6531.2,4620.8557003500755
9805,6548.2,4621.228545524472
9806,6562.4,4621.601382754116
9807,6521.8,4621.974212039987
9808,6548.4,4622.347033383064
9809,6643.4,4622.7198467843255
9810,6622.4,4623.092652244751
9811,6665.0,4623.465449765319
9812,6686.4,4623.838239347008
9813,6782.6,4624.211020990796
9814,6832.4,4624.583794697661
9815,6794.6,4624.9565604685795
9816,6781.6,4625.329318304531
9817,6742.6,4625.702068206491
9818,6781.6,4626.074810175438
9819,6812.2,4626.447544212348
9820,6768.4,4626.820270318197
9821,6726.6,4627.192988493962
9822,6658.0,4627.565698740619
9823,6672.2,4627.938401059146
9824,6650.4,4628.3110954505155
9825,6613.0,4628.6837819157045
9826,6602.0,4629.0564604556885
9827,6623.4,4629.429131071442
9828,6638.8,4629.80179376394
9829,6623.4,4630.174448534157
9830,6688.0,4630.547095383067
9831,6729.0,4630.919734311645
9832,6635.2,4631.292365320865
9833,6733.0,4631.664988411701
9834,6751.2,4632.037603585126
9835,6733.0,4632.410210842112
9836,6714.8,4632.782810183634
9837,6795.4,4633.155401610665
9838,6735.2,4633.527985124177
9839,6727.4,4633.900560725141
9840,6804.8,4634.273128414532
9841,6847.4,4634.645688193319
9842,6800.0,4635.018240062476
9843,6900.2,4635.390784022975
9844,6878.8,4635.763320075785
9845,6949.8,4636.135848221878
9846,6883.2,4636.508368462226
9847,6950.6,4636.880880797798
9848,6969.2,4637.253385229567
9849,6955.4,4637.6258817585
9850,6948.0,4637.9983703855705
9851,6850.6,4638.370851111746
9852,6916.0,4638.743323937995
9853,6911.4,4639.115788865291
9854,6941.2,4639.4882458945995
9855,6912.2,4639.86069502689
9856,6893.6,4640.233136263133
9857,6895.4,4640.605569604296
9858,6862.8,4640.977995051346
9859,6961.8,4641.350412605252
9860,7057.6,4641.722822266983
9861,7045.0,4642.095224037506
9862,7075.6,4642.467617917788
9863,7094.6,4642.8400039087965
9864,7027.2,4643.2123820114975
9865,7010.6,4643.58475222686
9866,7092.0,4643.957114555848
9867,7124.2,4644.32946899943
9868,7092.0,4644.701815558571
9869,7077.0,4645.074154234237
9870,7010.4,4645.4464850273935
9871,7057.8,4645.8188079390075
9872,7046.0,4646.191122970042
9873,7013.8,4646.563430121464
9874,7045.6,4646.935729394237
9875,7069.0,4647.308020789325
9876,7120.0,4647.680304307696
9877,7148.2,4648.052579950309
9878,7207.6,4648.424847718133
9879,7223.4,4648.797107612128
9880,7276.4,4649.169359633259
9881,7247.4,4649.54160378249
9882,7237.2,4649.913840060783
9883,7285.8,4650.286068469101
9884,7267.6,4650.658289008407
9885,7215.4,4651.030501679664
9886,7132.8,4651.402706483834
9887,7138.6,4651.774903421877
9888,7177.2,4652.147092494758
9889,7161.8,4652.519273703436
9890,7260.4,4652.891447048874
9891,7160.2,4653.263612532033
9892,7031.6,4653.635770153875
9893,7027.4,4654.007919915357
9894,6982.4,4654.380061817444
9895,6936.2,4654.752195861092
9896,6930.8,4655.124322047265
9897,6965.0,4655.496440376921
9898,6935.2,4655.868550851019
9899,6952.2,4656.240653470521
9900,7019.2,4656.612748236384
9901,6980.2,4656.984835149567
9902,6882.8,4657.35691421103
9903,6832.2,4657.728985421731
9904,6844.4,4658.101048782628
9905,6749.0,4658.47310429468
9906,6734.0,4658.845151958844
9907,6712.2,4659.21719177608
9908,6726.8,4659.589223747342
9909,6682.6,4659.961247873591
9910,6590.4,4660.333264155781
9911,6525.0,4660.705272594871
9912,6590.4,4661.077273191816
9913,6621.8,4661.449265947574
9914,6586.0,4661.8212508631
9915,6645.0,4662.193227939351
9916,6707.2,4662.565197177283
9917,6750.6,4662.937158577851
9918,6731.6,4663.30911214201
9919,6782.6,4663.681057870715
9920,6848.0,4664.052995764923
9921,6863.4,4664.424925825588
9922,6897.6,4664.796848053663
9923,7025.0,4665.168762450103
9924,7062.8,4665.5406690158625
9925,7157.0,4665.912567751896
9926,7062.8,4666.284458659156
9927,7135.4,4666.656341738597
9928,7145.2,4667.0282169911725
9929,7212.2,4667.400084417834
9930,7149.6,4667.771944019535
9931,7279.4,4668.143795797229
9932,7348.8,4668.515639751868
9933,7417.0,4668.887475884403
9934,7346.0,4669.259304195788
9935,7417.0,4669.6311246869745
9936,7457.2,4670.002937358912
9937,7557.8,4670.374742212554
9938,7537.2,4670.746539248851
9939,7435.4,4671.118328468755
9940,7504.8,4671.490109873214
9941,7548.2,4671.861883463182
9942,7544.4,4672.233649239605
9943,7674.6,4672.605407203437
9944,7544.4,4672.977157355626
9945,7472.2,4673.348899697124
9946,7540.0,4673.720634228877
9947,7640.2,4674.092360951836
9948,7666.0,4674.46407986695
9949,7679.4,4674.835790975168
9950,7749.6,4675.207494277439
9951,7692.2,4675.57918977471
9952,7736.8,4675.950877467931
9953,7756.2,4676.322557358048
9954,7750.0,4676.6942294460105
9955,7736.2,4677.065893732765
9956,7665.6,4677.43755021926
9957,7736.2,4677.809198906441
9958,7673.2,4678.180839795257
9959,7638.6,4678.552472886653
9960,7689.2,4678.9240981815765
9961,7656.2,4679.295715680973
9962,7730.8,4679.66732538579
9963,7680.2,4680.038927296971
9964,7687.2,4680.410521415464
9965,7789.8,4680.782107742214
9966,7835.6,4681.153686278165
9967,7882.6,4681.525257024264
9968,7960.0,4681.8968199814535
9969,7890.6,4682.26837515068
9970,7960.0,4682.639922532889
9971,8024.2,4683.011462129021
9972,8006.8,4683.382993940022
9973,8072.2,4683.754517966838
9974,8089.2,4684.126034210409
9975,8121.0,4684.49754267168
9976,8193.6,4684.869043351594
9977,8201.0,4685.240536251094
9978,8157.2,4685.612021371124
9979,8121.0,4685.983498712623
9980,8066.0,4686.354968276538
9981,8077.0,4686.726430063807
9982,8145.6,4687.097884075375
9983,8089.0,4687.469330312182
9984,8107.2,4687.84076877517
9985,8091.4,4688.21219946528
9986,7986.4,4688.583622383454
9987,7937.8,4688.955037530632
9988,7834.8,4689.326444907754
9989,7769.0,4689.697844515762
9990,7800.0,4690.069236355595
9991,7751.4,4690.440620428196
9992,7772.4,4690.8119967345
9993,7761.0,4691.18336527545
9994,7794.4,4691.554726051984
9995,7861.8,4691.926079065043
9996,7882.0,4692.297424315564
9997,7781.8,4692.668761804486
9998,7822.8,4693.040091532749
9999,7788.2,4693.4114135012915
10000,7752.0,4693.782727711049
