tempo,caminhada_1,caminhada_2,caminhada_3,caminhada_4,caminhada_5,caminhada_6,caminhada_7,caminhada_8,caminhada_9,caminhada_10
0,0.0,0.0,0.0,0.0,0.0,0.0,0.0,0.0,0.0,0.0
1,1.0,1.0,1.0,1.0,1.0,-1.0,-1.0,-1.0,-1.0,-1.0
2,0.0,0.0,0.0,2.0,2.0,0.0,-2.0,-2.0,-2.0,0.0
3,-1.0,-1.0,-1.0,1.0,1.0,-1.0,-3.0,-3.0,-3.0,1.0
4,0.0,0.0,0.0,2.0,2.0,0.0,-2.0,-2.0,-2.0,2.0
5,1.0,1.0,1.0,3.0,3.0,1.0,-1.0,-1.0,-1.0,3.0
6,2.0,2.0,2.0,4.0,4.0,2.0,0.0,0.0,0.0,2.0
7,1.0,1.0,3.0,5.0,3.0,1.0,1.0,1.0,-1.0,1.0
8,0.0,2.0,2.0,6.0,2.0,0.0,2.0,0.0,0.0,0.0
9,-1.0,1.0,1.0,5.0,1.0,1.0,3.0,1.0,1.0,1.0
10,-2.0,0.0,2.0,6.0,0.0,0.0,4.0,2.0,2.0,0.0
11,-1.0,-1.0,1.0,7.0,-1.0,-1.0,5.0,1.0,1.0,1.0
12,0.0,0.0,0.0,6.0,-2.0,0.0,6.0,0.0,0.0,0.0
13,1.0,-1.0,-1.0,7.0,-1.0,-1.0,5.0,1.0,1.0,-1.0
14,0.0,-2.0,0.0,8.0,-2.0,-2.0,4.0,2.0,2.0,-2.0
15,-1.0,-3.0,-1.0,7.0,-3.0,-3.0,3.0,1.0,1.0,-3.0
16,0.0,-2.0,0.0,6.0,-4.0,-4.0,4.0,2.0,2.0,-2.0
17,1.0,-3.0,1.0,7.0,-5.0,-3.0,5.0,1.0,3.0,-1.0
18,2.0,-2.0,2.0,8.0,-4.0,-2.0,6.0,2.0,4.0,0.0
19,3.0,-3.0,1.0,9.0,-3.0,-3.0,5.0,3.0,5.0,-1.0
20,4.0,-2.0,0.0,8.0,-4.0,-2.0,6.0,4.0,4.0,-2.0
21,3.0,-3.0,-1.0,9.0,-3.0,-1.0,7.0,3.0,3.0,-3.0
22,4.0,-2.0,-2.0,8.0,-2.0,0.0,8.0,2.0,2.0,-2.0
23,3.0,-3.0,-3.0,7.0,-3.0,1.0,9.0,3.0,3.0,-1.0
24,4.0,-2.0,-4.0,6.0,-2.0,2.0,8.0,2.0,4.0,0.0
25,3.0,-3.0,-5.0,5.0,-3.0,1.0,7.0,3.0,5.0,1.0
26,2.0,-4.0,-6.0,4.0,-4.0,0.0,6.0,4.0,6.0,2.0
27,3.0,-5.0,-7.0,5.0,-5.0,-1.0,7.0,5.0,5.0,3.0
28,2.0,-4.0,-8.0,4.0,-4.0,-2.0,8.0,6.0,4.0,4.0
29,1.0,-3.0,-9.0,5.0,-5.0,-1.0,7.0,7.0,3.0,5.0
30,2.0,-2.0,-10.0,4.0,-6.0,0.0,8.0,6.0,2.0,4.0
31,1.0,-3.0,-11.0,3.0,-7.0,1.0,9.0,7.0,3.0,5.0
32,2.0,-4.0,-10.0,4.0,-8.0,2.0,10.0,6.0,4.0,6.0
33,1.0,-5.0,-11.0,3.0,-9.0,1.0,9.0,5.0,3.0,5.0
34,0.0,-6.0,-12.0,2.0,-10.0,0.0,8.0,4.0,2.0,6.0
35,-1.0,-7.0,-13.0,1.0,-11.0,-1.0,7.0,5.0,3.0,7.0
36,0.0,-6.0,-12.0,2.0,-10.0,0.0,8.0,6.0,4.0,6.0
37,-1.0,-7.0,-13.0,1.0,-11.0,-1.0,9.0,7.0,5.0,7.0
38,-2.0,-8.0,-14.0,0.0,-10.0,0.0,10.0,8.0,4.0,6.0
39,-1.0,-9.0,-13.0,1.0,-11.0,1.0,11.0,7.0,5.0,5.0
40,0.0,-8.0,-12.0,2.0,-12.0,0.0,10.0,6.0,4.0,6.0
41,-1.0,-7.0,-11.0,1.0,-11.0,1.0,9.0,5.0,5.0,5.0
42,-2.0,-6.0,-12.0,2.0,-12.0,2.0,10.0,4.0,6.0,4.0
43,-1.0,-5.0,-13.0,1.0,-11.0,3.0,9.0,3.0,7.0,5.0
44,0.0,-4.0,-14.0,0.0,-12.0,4.0,10.0,4.0,6.0,4.0
45,-1.0,-5.0,-15.0,-1.0,-13.0,3.0,9.0,3.0,5.0,3.0
46,0.0,-6.0,-16.0,0.0,-14.0,2.0,10.0,4.0,4.0,4.0
47,-1.0,-5.0,-17.0,1.0,-15.0,3.0,9.0,5.0,3.0,5.0
48,-2.0,-4.0,-16.0,0.0,-16.0,4.0,8.0,4.0,4.0,6.0
49,-3.0,-3.0,-17.0,1.0,-15.0,3.0,9.0,3.0,5.0,7.0
50,-2.0,-4.0,-16.0,0.0,-14.0,2.0,10.0,2.0,6.0,6.0
51,-1.0,-5.0,-15.0,-1.0,-15.0,3.0,9.0,3.0,7.0,5.0
52,-2.0,-4.0,-16.0,0.0,-16.0,2.0,10.0,2.0,8.0,4.0
53,-1.0,-5.0,-17.0,1.0,-17.0,1.0,11.0,1.0,7.0,5.0
54,-2.0,-4.0,-16.0,0.0,-18.0,2.0,12.0,0.0,6.0,6.0
55,-1.0,-3.0,-15.0,-1.0,-19.0,1.0,11.0,1.0,7.0,7.0
56,-2.0,-2.0,-16.0,0.0,-20.0,2.0,10.0,2.0,6.0,8.0
57,-1.0,-1.0,-15.0,1.0,-19.0,3.0,11.0,3.0,5.0,7.0
58,-2.0,0.0,-16.0,2.0,-20.0,4.0,10.0,2.0,6.0,6.0
59,-1.0,1.0,-17.0,1.0,-21.0,5.0,11.0,3.0,5.0,5.0
60,-2.0,2.0,-18.0,0.0,-20.0,4.0,10.0,4.0,4.0,4.0
61,-3.0,1.0,-19.0,-1.0,-21.0,3.0,9.0,3.0,5.0,5.0
62,-2.0,0.0,-18.0,0.0,-22.0,4.0,10.0,2.0,6.0,6.0
63,-3.0,1.0,-19.0,1.0,-21.0,3.0,11.0,1.0,5.0,7.0
64,-2.0,0.0,-18.0,0.0,-20.0,2.0,12.0,0.0,6.0,6.0
65,-1.0,1.0,-17.0,1.0,-19.0,1.0,11.0,-1.0,5.0,5.0
66,0.0,2.0,-16.0,0.0,-20.0,0.0,10.0,0.0,6.0,6.0
67,-1.0,3.0,-17.0,1.0,-21.0,1.0,9.0,1.0,5.0,5.0
68,0.0,4.0,-16.0,2.0,-20.0,0.0,8.0,0.0,4.0,4.0
69,1.0,5.0,-15.0,1.0,-21.0,-1.0,9.0,1.0,5.0,5.0
70,2.0,4.0,-14.0,0.0,-20.0,-2.0,10.0,2.0,4.0,6.0
71,3.0,5.0,-15.0,-1.0,-19.0,-1.0,9.0,1.0,5.0,7.0
72,4.0,6.0,-16.0,-2.0,-18.0,0.0,8.0,0.0,6.0,8.0
73,3.0,7.0,-17.0,-1.0,-19.0,1.0,9.0,-1.0,7.0,7.0
74,4.0,8.0,-16.0,0.0,-18.0,2.0,8.0,-2.0,6.0,6.0
75,3.0,9.0,-15.0,-1.0,-19.0,3.0,9.0,-3.0,5.0,7.0
76,2.0,10.0,-16.0,0.0,-20.0,2.0,10.0,-4.0,6.0,6.0
77,3.0,9.0,-15.0,-1.0,-21.0,3.0,9.0,-3.0,5.0,5.0
78,4.0,8.0,-16.0,0.0,-20.0,2.0,10.0,-2.0,4.0,4.0
79,3.0,7.0,-17.0,-1.0,-19.0,3.0,11.0,-1.0,5.0,3.0
80,4.0,8.0,-18.0,-2.0,-20.0,4.0,12.0,0.0,4.0,2.0
81,5.0,7.0,-17.0,-3.0,-19.0,5.0,11.0,1.0,3.0,3.0
82,4.0,8.0,-18.0,-4.0,-18.0,4.0,12.0,2.0,2.0,4.0
83,3.0,7.0,-19.0,-5.0,-17.0,5.0,13.0,3.0,1.0,3.0
84,2.0,6.0,-20.0,-6.0,-18.0,4.0,12.0,2.0,0.0,2.0
85,1.0,7.0,-21.0,-5.0,-19.0,5.0,11.0,3.0,-1.0,3.0
86,0.0,8.0,-20.0,-6.0,-20.0,6.0,10.0,2.0,0.0,4.0
87,-1.0,9.0,-19.0,-7.0,-19.0,7.0,9.0,1.0,1.0,3.0
88,0.0,10.0,-20.0,-8.0,-18.0,8.0,10.0,0.0,0.0,4.0
89,1.0,9.0,-21.0,-7.0,-19.0,7.0,11.0,1.0,-1.0,5.0
90,2.0,8.0,-20.0,-8.0,-18.0,6.0,10.0,2.0,-2.0,6.0
91,1.0,7.0,-19.0,-7.0,-19.0,5.0,9.0,3.0,-1.0,5.0
92,0.0,8.0,-20.0,-6.0,-20.0,6.0,8.0,4.0,-2.0,6.0
93,1.0,7.0,-21.0,-5.0,-19.0,5.0,7.0,5.0,-3.0,5.0
94,2.0,6.0,-20.0,-4.0,-20.0,6.0,6.0,4.0,-2.0,4.0
95,3.0,5.0,-21.0,-3.0,-19.0,5.0,7.0,5.0,-3.0,3.0
96,2.0,6.0,-22.0,-4.0,-18.0,4.0,8.0,6.0,-4.0,4.0
97,3.0,7.0,-21.0,-5.0,-19.0,3.0,7.0,7.0,-3.0,5.0
98,4.0,6.0,-20.0,-6.0,-18.0,2.0,8.0,6.0,-2.0,6.0
99,3.0,7.0,-19.0,-7.0,-19.0,3.0,9.0,5.0,-1.0,7.0
100,4.0,8.0,-18.0,-6.0,-18.0,4.0,10.0,6.0,0.0,8.0
101,5.0,9.0,-17.0,-5.0,-17.0,5.0,11.0,7.0,1.0,9.0
102,6.0,8.0,-16.0,-6.0,-16.0,4.0,12.0,6.0,0.0,10.0
103,5.0,9.0,-17.0,-7.0,-15.0,3.0,13.0,7.0,-1.0,11.0
104,6.0,8.0,-16.0,-8.0,-14.0,2.0,14.0,6.0,0.0,10.0
105,5.0,9.0,-15.0,-9.0,-13.0,3.0,13.0,7.0,1.0,9.0
106,6.0,10.0,-14.0,-8.0,-12.0,4.0,12.0,6.0,0.0,8.0
107,5.0,11.0,-13.0,-9.0,-11.0,5.0,11.0,5.0,1.0,7.0
108,6.0,12.0,-12.0,-8.0,-10.0,6.0,12.0,6.0,2.0,8.0
109,5.0,11.0,-11.0,-7.0,-11.0,5.0,13.0,7.0,3.0,7.0
110,4.0,12.0,-10.0,-8.0,-12.0,6.0,14.0,6.0,2.0,8.0
111,3.0,11.0,-11.0,-9.0,-13.0,5.0,13.0,7.0,3.0,9.0
112,2.0,12.0,-10.0,-10.0,-12.0,6.0,12.0,8.0,4.0,8.0
113,3.0,11.0,-9.0,-9.0,-13.0,7.0,13.0,7.0,5.0,9.0
114,4.0,12.0,-8.0,-10.0,-14.0,6.0,14.0,8.0,6.0,8.0
115,3.0,11.0,-7.0,-9.0,-15.0,5.0,15.0,9.0,5.0,7.0
116,2.0,10.0,-8.0,-10.0,-16.0,4.0,14.0,8.0,4.0,6.0
117,3.0,9.0,-9.0,-9.0,-17.0,3.0,15.0,7.0,3.0,7.0
118,4.0,8.0,-8.0,-10.0,-16.0,2.0,14.0,8.0,2.0,8.0
119,5.0,9.0,-7.0,-9.0,-15.0,1.0,13.0,7.0,1.0,7.0
120,6.0,10.0,-6.0,-8.0,-16.0,0.0,12.0,6.0,2.0,8.0
121,7.0,9.0,-7.0,-7.0,-15.0,-1.0,11.0,7.0,3.0,7.0
122,6.0,8.0,-6.0,-6.0,-16.0,-2.0,10.0,8.0,4.0,6.0
123,7.0,9.0,-5.0,-5.0,-15.0,-1.0,11.0,9.0,5.0,7.0
124,8.0,8.0,-4.0,-6.0,-14.0,-2.0,12.0,8.0,6.0,6.0
125,7.0,7.0,-3.0,-5.0,-15.0,-3.0,11.0,9.0,7.0,5.0
126,6.0,8.0,-2.0,-6.0,-16.0,-2.0,12.0,8.0,6.0,6.0
127,7.0,7.0,-1.0,-5.0,-17.0,-1.0,13.0,7.0,7.0,7.0
128,6.0,8.0,0.0,-6.0,-16.0,0.0,12.0,6.0,8.0,6.0
129,7.0,9.0,1.0,-7.0,-17.0,-1.0,13.0,7.0,9.0,5.0
130,8.0,10.0,2.0,-6.0,-16.0,0.0,14.0,8.0,10.0,6.0
131,7.0,9.0,1.0,-7.0,-15.0,1.0,15.0,9.0,11.0,5.0
132,6.0,10.0,0.0,-8.0,-14.0,0.0,14.0,10.0,10.0,4.0
133,5.0,9.0,-1.0,-9.0,-13.0,1.0,15.0,11.0,9.0,3.0
134,6.0,10.0,-2.0,-10.0,-12.0,2.0,14.0,10.0,8.0,4.0
135,5.0,9.0,-3.0,-11.0,-11.0,3.0,15.0,11.0,7.0,3.0
136,6.0,8.0,-2.0,-12.0,-10.0,2.0,16.0,10.0,8.0,2.0
137,7.0,7.0,-3.0,-11.0,-11.0,1.0,17.0,11.0,7.0,3.0
138,8.0,6.0,-4.0,-10.0,-10.0,0.0,18.0,12.0,6.0,2.0
139,7.0,5.0,-3.0,-9.0,-9.0,-1.0,17.0,11.0,7.0,3.0
140,6.0,6.0,-4.0,-10.0,-8.0,-2.0,18.0,12.0,6.0,4.0
141,5.0,5.0,-5.0,-11.0,-7.0,-1.0,19.0,13.0,7.0,3.0
142,4.0,6.0,-6.0,-10.0,-8.0,0.0,18.0,14.0,6.0,4.0
143,3.0,7.0,-7.0,-9.0,-7.0,-1.0,19.0,13.0,5.0,5.0
144,2.0,6.0,-8.0,-10.0,-8.0,-2.0,18.0,14.0,6.0,6.0
145,1.0,5.0,-9.0,-11.0,-9.0,-1.0,19.0,15.0,7.0,7.0
146,2.0,6.0,-10.0,-12.0,-8.0,0.0,18.0,14.0,8.0,8.0
147,1.0,5.0,-9.0,-11.0,-9.0,-1.0,19.0,15.0,7.0,7.0
148,0.0,6.0,-8.0,-12.0,-8.0,0.0,18.0,16.0,8.0,6.0
149,-1.0,7.0,-9.0,-11.0,-9.0,1.0,17.0,17.0,7.0,7.0
150,-2.0,8.0,-8.0,-12.0,-10.0,2.0,16.0,16.0,8.0,8.0
151,-1.0,7.0,-7.0,-13.0,-9.0,1.0,17.0,15.0,9.0,7.0
152,-2.0,8.0,-6.0,-14.0,-10.0,2.0,18.0,14.0,10.0,8.0
153,-3.0,7.0,-7.0,-13.0,-9.0,3.0,17.0,13.0,9.0,7.0
154,-2.0,8.0,-6.0,-12.0,-8.0,4.0,18.0,14.0,10.0,8.0
155,-1.0,9.0,-5.0,-13.0,-9.0,3.0,17.0,15.0,11.0,9.0
156,0.0,8.0,-6.0,-12.0,-10.0,2.0,18.0,14.0,10.0,10.0
157,1.0,7.0,-7.0,-11.0,-9.0,1.0,17.0,15.0,11.0,9.0
158,0.0,8.0,-6.0,-12.0,-10.0,2.0,18.0,14.0,10.0,10.0
159,1.0,9.0,-5.0,-11.0,-9.0,3.0,17.0,13.0,9.0,9.0
160,0.0,8.0,-6.0,-12.0,-10.0,2.0,16.0,14.0,10.0,10.0
161,-1.0,9.0,-7.0,-11.0,-9.0,1.0,17.0,13.0,11.0,11.0
162,-2.0,10.0,-8.0,-10.0,-10.0,2.0,16.0,14.0,10.0,10.0
163,-1.0,11.0,-7.0,-9.0,-9.0,1.0,15.0,13.0,9.0,9.0
164,0.0,12.0,-6.0,-10.0,-10.0,0.0,14.0,14.0,10.0,10.0
165,1.0,11.0,-7.0,-9.0,-9.0,-1.0,15.0,15.0,9.0,9.0
166,2.0,12.0,-6.0,-10.0,-10.0,-2.0,16.0,16.0,10.0,8.0
167,3.0,13.0,-5.0,-9.0,-11.0,-3.0,15.0,15.0,9.0,9.0
168,4.0,14.0,-6.0,-10.0,-10.0,-2.0,14.0,14.0,10.0,10.0
169,3.0,15.0,-5.0,-11.0,-11.0,-1.0,15.0,13.0,9.0,11.0
170,4.0,14.0,-6.0,-10.0,-12.0,-2.0,16.0,12.0,8.0,12.0
171,3.0,15.0,-7.0,-9.0,-13.0,-1.0,15.0,13.0,7.0,13.0
172,4.0,14.0,-8.0,-8.0,-14.0,-2.0,16.0,12.0,6.0,14.0
173,3.0,13.0,-9.0,-9.0,-13.0,-1.0,17.0,13.0,5.0,13.0
174,4.0,12.0,-8.0,-8.0,-14.0,0.0,18.0,12.0,6.0,14.0
175,5.0,11.0,-9.0,-7.0,-13.0,-1.0,17.0,13.0,5.0,13.0
176,6.0,12.0,-8.0,-6.0,-14.0,-2.0,16.0,12.0,4.0,14.0
177,5.0,11.0,-9.0,-7.0,-15.0,-3.0,15.0,11.0,3.0,13.0
178,4.0,10.0,-10.0,-8.0,-16.0,-4.0,16.0,12.0,4.0,14.0
179,5.0,11.0,-9.0,-7.0,-15.0,-3.0,17.0,13.0,5.0,15.0
180,4.0,10.0,-8.0,-6.0,-16.0,-4.0,18.0,14.0,4.0,14.0
181,3.0,9.0,-9.0,-7.0,-15.0,-3.0,19.0,15.0,3.0,13.0
182,2.0,10.0,-10.0,-8.0,-14.0,-4.0,18.0,16.0,2.0,14.0
183,3.0,9.0,-9.0,-9.0,-13.0,-5.0,17.0,17.0,1.0,15.0
184,2.0,10.0,-10.0,-8.0,-14.0,-4.0,16.0,18.0,0.0,16.0
185,1.0,11.0,-11.0,-7.0,-15.0,-3.0,15.0,17.0,1.0,15.0
186,2.0,12.0,-12.0,-8.0,-14.0,-2.0,14.0,16.0,2.0,16.0
187,1.0,13.0,-13.0,-7.0,-15.0,-1.0,13.0,15.0,3.0,15.0
188,0.0,14.0,-14.0,-8.0,-14.0,-2.0,14.0,16.0,2.0,16.0
189,-1.0,13.0,-13.0,-7.0,-13.0,-3.0,13.0,17.0,3.0,17.0
190,0.0,12.0,-14.0,-6.0,-14.0,-4.0,14.0,16.0,2.0,18.0
191,-1.0,13.0,-13.0,-7.0,-15.0,-3.0,15.0,15.0,1.0,19.0
192,0.0,14.0,-12.0,-6.0,-14.0,-2.0,16.0,16.0,2.0,20.0
193,-1.0,13.0,-13.0,-5.0,-13.0,-1.0,17.0,15.0,1.0,19.0
194,-2.0,12.0,-12.0,-4.0,-14.0,-2.0,16.0,16.0,2.0,18.0
195,-3.0,11.0,-13.0,-5.0,-13.0,-1.0,17.0,17.0,1.0,17.0
196,-2.0,10.0,-12.0,-6.0,-12.0,0.0,16.0,18.0,0.0,18.0
197,-3.0,11.0,-13.0,-7.0,-11.0,-1.0,17.0,19.0,-1.0,19.0
198,-2.0,12.0,-12.0,-8.0,-12.0,-2.0,18.0,20.0,0.0,18.0
199,-3.0,13.0,-13.0,-7.0,-13.0,-1.0,17.0,21.0,-1.0,19.0
200,-4.0,12.0,-14.0,-8.0,-12.0,0.0,18.0,22.0,0.0,18.0
201,-3.0,11.0,-13.0,-9.0,-11.0,-1.0,19.0,21.0,1.0,17.0
202,-4.0,12.0,-12.0,-10.0,-12.0,0.0,20.0,20.0,0.0,18.0
203,-3.0,11.0,-13.0,-9.0,-13.0,-1.0,21.0,21.0,-1.0,19.0
204,-2.0,10.0,-14.0,-8.0,-12.0,-2.0,20.0,22.0,0.0,18.0
205,-3.0,9.0,-15.0,-9.0,-13.0,-3.0,21.0,23.0,1.0,19.0
206,-4.0,10.0,-16.0,-8.0,-12.0,-4.0,22.0,22.0,2.0,20.0
207,-5.0,11.0,-17.0,-7.0,-13.0,-3.0,21.0,23.0,1.0,21.0
208,-6.0,12.0,-16.0,-8.0,-12.0,-2.0,20.0,22.0,2.0,20.0
209,-7.0,11.0,-17.0,-9.0,-11.0,-1.0,21.0,23.0,3.0,19.0
210,-6.0,12.0,-18.0,-10.0,-12.0,0.0,22.0,24.0,2.0,18.0
211,-7.0,13.0,-19.0,-9.0,-13.0,1.0,21.0,23.0,3.0,17.0
212,-6.0,14.0,-20.0,-10.0,-12.0,2.0,22.0,22.0,2.0,18.0
213,-5.0,13.0,-21.0,-9.0,-11.0,1.0,21.0,23.0,3.0,17.0
214,-6.0,14.0,-20.0,-10.0,-12.0,2.0,22.0,22.0,2.0,18.0
215,-5.0,15.0,-19.0,-9.0,-11.0,3.0,23.0,23.0,1.0,17.0
216,-6.0,16.0,-20.0,-8.0,-10.0,2.0,24.0,22.0,2.0,18.0
217,-7.0,15.0,-21.0,-9.0,-9.0,3.0,25.0,23.0,3.0,17.0
218,-6.0,16.0,-22.0,-10.0,-10.0,4.0,26.0,24.0,2.0,16.0
219,-5.0,15.0,-21.0,-11.0,-9.0,3.0,27.0,23.0,3.0,15.0
220,-6.0,16.0,-20.0,-12.0,-8.0,4.0,26.0,22.0,4.0,14.0
221,-5.0,17.0,-19.0,-11.0,-7.0,5.0,27.0,23.0,5.0,13.0
222,-6.0,16.0,-20.0,-12.0,-8.0,4.0,26.0,22.0,4.0,12.0
223,-7.0,17.0,-19.0,-13.0,-9.0,5.0,27.0,21.0,5.0,13.0
224,-8.0,16.0,-18.0,-12.0,-8.0,4.0,26.0,20.0,6.0,14.0
225,-7.0,17.0,-19.0,-13.0,-9.0,5.0,27.0,19.0,5.0,13.0
226,-6.0,18.0,-18.0,-12.0,-8.0,6.0,28.0,20.0,6.0,14.0
227,-5.0,17.0,-17.0,-13.0,-7.0,5.0,29.0,19.0,7.0,13.0
228,-6.0,16.0,-18.0,-14.0,-6.0,6.0,30.0,20.0,8.0,12.0
229,-7.0,17.0,-19.0,-13.0,-7.0,7.0,29.0,21.0,7.0,13.0
230,-8.0,16.0,-20.0,-12.0,-6.0,8.0,28.0,20.0,6.0,14.0
231,-7.0,15.0,-21.0,-11.0,-7.0,7.0,29.0,19.0,5.0,15.0
232,-6.0,14.0,-22.0,-10.0,-6.0,6.0,28.0,20.0,4.0,14.0
233,-5.0,15.0,-21.0,-9.0,-5.0,7.0,29.0,21.0,5.0,15.0
234,-4.0,14.0,-20.0,-8.0,-6.0,8.0,28.0,20.0,6.0,14.0
235,-5.0,15.0,-21.0,-7.0,-7.0,9.0,27.0,21.0,5.0,15.0
236,-6.0,16.0,-20.0,-8.0,-6.0,10.0,26.0,22.0,6.0,14.0
237,-7.0,17.0,-19.0,-9.0,-7.0,11.0,27.0,21.0,5.0,15.0
238,-6.0,18.0,-18.0,-10.0,-8.0,10.0,28.0,22.0,6.0,14.0
239,-7.0,19.0,-17.0,-11.0,-9.0,11.0,29.0,21.0,7.0,15.0
240,-6.0,18.0,-16.0,-12.0,-8.0,10.0,30.0,20.0,8.0,14.0
241,-5.0,19.0,-17.0,-13.0,-9.0,11.0,31.0,21.0,7.0,13.0
242,-4.0,18.0,-16.0,-14.0,-8.0,12.0,30.0,22.0,6.0,14.0
243,-5.0,19.0,-15.0,-15.0,-7.0,13.0,29.0,23.0,7.0,13.0
244,-4.0,20.0,-14.0,-14.0,-6.0,12.0,28.0,22.0,6.0,12.0
245,-5.0,19.0,-15.0,-15.0,-5.0,13.0,29.0,23.0,5.0,11.0
246,-4.0,20.0,-16.0,-16.0,-4.0,14.0,30.0,22.0,4.0,12.0
247,-3.0,21.0,-15.0,-15.0,-3.0,13.0,29.0,21.0,3.0,11.0
248,-2.0,22.0,-16.0,-16.0,-2.0,14.0,28.0,20.0,4.0,12.0
249,-1.0,21.0,-15.0,-17.0,-3.0,15.0,27.0,21.0,5.0,11.0
250,-2.0,20.0,-16.0,-16.0,-2.0,16.0,26.0,20.0,4.0,12.0
251,-1.0,19.0,-15.0,-15.0,-3.0,17.0,27.0,19.0,5.0,13.0
252,-2.0,18.0,-16.0,-14.0,-2.0,18.0,26.0,18.0,4.0,12.0
253,-1.0,19.0,-15.0,-13.0,-1.0,19.0,27.0,19.0,5.0,13.0
254,-2.0,18.0,-16.0,-14.0,-2.0,18.0,26.0,18.0,4.0,12.0
255,-1.0,19.0,-17.0,-15.0,-1.0,19.0,25.0,17.0,5.0,13.0
256,-2.0,18.0,-16.0,-14.0,-2.0,18.0,24.0,18.0,6.0,12.0
257,-1.0,17.0,-15.0,-15.0,-3.0,19.0,23.0,19.0,5.0,11.0
258,-2.0,18.0,-16.0,-14.0,-4.0,20.0,22.0,20.0,4.0,12.0
259,-3.0,17.0,-17.0,-15.0,-5.0,19.0,21.0,19.0,3.0,11.0
260,-4.0,18.0,-18.0,-14.0,-4.0,18.0,22.0,18.0,4.0,12.0
261,-5.0,19.0,-19.0,-13.0,-3.0,17.0,23.0,17.0,3.0,13.0
262,-4.0,18.0,-18.0,-14.0,-4.0,18.0,22.0,18.0,2.0,12.0
263,-3.0,19.0,-19.0,-15.0,-3.0,19.0,23.0,17.0,1.0,13.0
264,-2.0,20.0,-18.0,-14.0,-2.0,20.0,24.0,18.0,2.0,12.0
265,-3.0,21.0,-19.0,-15.0,-1.0,19.0,25.0,19.0,1.0,13.0
266,-2.0,22.0,-18.0,-14.0,0.0,20.0,26.0,18.0,0.0,12.0
267,-1.0,23.0,-17.0,-13.0,1.0,21.0,27.0,19.0,1.0,13.0
268,0.0,24.0,-18.0,-14.0,2.0,22.0,26.0,18.0,2.0,14.0
269,-1.0,25.0,-17.0,-15.0,3.0,23.0,25.0,17.0,3.0,13.0
270,0.0,26.0,-16.0,-14.0,4.0,24.0,26.0,18.0,4.0,14.0
271,1.0,25.0,-15.0,-15.0,5.0,25.0,25.0,19.0,3.0,15.0
272,2.0,24.0,-14.0,-16.0,6.0,24.0,26.0,18.0,2.0,16.0
273,1.0,25.0,-13.0,-17.0,5.0,25.0,27.0,17.0,1.0,17.0
274,2.0,24.0,-12.0,-18.0,6.0,24.0,28.0,16.0,2.0,16.0
275,1.0,23.0,-11.0,-17.0,7.0,23.0,27.0,15.0,3.0,17.0
276,2.0,22.0,-10.0,-18.0,8.0,24.0,26.0,16.0,2.0,18.0
277,3.0,21.0,-9.0,-19.0,9.0,25.0,25.0,17.0,1.0,19.0
278,2.0,20.0,-8.0,-18.0,10.0,24.0,24.0,16.0,2.0,20.0
279,3.0,19.0,-9.0,-17.0,11.0,23.0,23.0,17.0,3.0,19.0
280,4.0,20.0,-10.0,-18.0,12.0,24.0,22.0,16.0,2.0,20.0
281,3.0,21.0,-11.0,-17.0,11.0,25.0,21.0,17.0,1.0,21.0
282,2.0,22.0,-10.0,-18.0,12.0,26.0,20.0,16.0,2.0,20.0
283,3.0,23.0,-9.0,-17.0,13.0,27.0,21.0,15.0,1.0,19.0
284,4.0,24.0,-8.0,-16.0,14.0,28.0,22.0,16.0,2.0,20.0
285,3.0,23.0,-9.0,-15.0,15.0,29.0,21.0,15.0,1.0,21.0
286,2.0,24.0,-10.0,-14.0,14.0,30.0,20.0,16.0,0.0,22.0
287,1.0,25.0,-11.0,-13.0,13.0,31.0,19.0,17.0,-1.0,23.0
288,2.0,26.0,-10.0,-12.0,14.0,30.0,18.0,16.0,-2.0,22.0
289,3.0,25.0,-9.0,-13.0,15.0,29.0,19.0,15.0,-1.0,21.0
290,2.0,26.0,-10.0,-12.0,14.0,28.0,20.0,14.0,0.0,20.0
291,3.0,27.0,-9.0,-11.0,15.0,29.0,21.0,15.0,1.0,21.0
292,4.0,28.0,-10.0,-12.0,14.0,30.0,22.0,14.0,0.0,20.0
293,5.0,29.0,-9.0,-11.0,15.0,31.0,21.0,13.0,-1.0,19.0
294,4.0,30.0,-8.0,-12.0,14.0,32.0,22.0,12.0,-2.0,20.0
295,3.0,29.0,-7.0,-11.0,13.0,31.0,23.0,13.0,-1.0,19.0
296,2.0,30.0,-6.0,-12.0,12.0,32.0,22.0,12.0,0.0,20.0
297,1.0,31.0,-7.0,-11.0,13.0,31.0,23.0,11.0,-1.0,21.0
298,0.0,32.0,-8.0,-10.0,12.0,30.0,24.0,10.0,0.0,20.0
299,1.0,33.0,-9.0,-11.0,13.0,31.0,25.0,9.0,-1.0,21.0
300,2.0,32.0,-8.0,-12.0,14.0,30.0,26.0,10.0,-2.0,22.0
301,3.0,33.0,-7.0,-11.0,13.0,29.0,25.0,9.0,-1.0,23.0
302,4.0,34.0,-6.0,-10.0,14.0,30.0,26.0,10.0,0.0,24.0
303,5.0,35.0,-7.0,-11.0,15.0,31.0,25.0,9.0,1.0,25.0
304,4.0,36.0,-6.0,-12.0,16.0,32.0,24.0,8.0,2.0,24.0
305,3.0,35.0,-5.0,-11.0,15.0,31.0,25.0,9.0,1.0,23.0
306,2.0,34.0,-6.0,-12.0,14.0,30.0,24.0,8.0,0.0,22.0
307,3.0,33.0,-5.0,-13.0,15.0,31.0,23.0,9.0,-1.0,23.0
308,4.0,32.0,-6.0,-12.0,14.0,30.0,24.0,8.0,-2.0,24.0
309,5.0,31.0,-5.0,-13.0,15.0,29.0,25.0,7.0,-1.0,23.0
310,4.0,30.0,-4.0,-12.0,14.0,28.0,26.0,8.0,-2.0,22.0
311,3.0,29.0,-5.0,-13.0,13.0,27.0,25.0,9.0,-1.0,23.0
312,2.0,28.0,-6.0,-14.0,12.0,26.0,24.0,8.0,-2.0,22.0
313,3.0,29.0,-5.0,-13.0,13.0,27.0,25.0,9.0,-1.0,23.0
314,2.0,30.0,-4.0,-14.0,12.0,28.0,26.0,8.0,-2.0,24.0
315,1.0,31.0,-3.0,-15.0,11.0,29.0,27.0,7.0,-3.0,25.0
316,2.0,30.0,-2.0,-16.0,12.0,30.0,26.0,8.0,-4.0,26.0
317,1.0,29.0,-3.0,-17.0,13.0,31.0,27.0,9.0,-3.0,25.0
318,2.0,30.0,-2.0,-16.0,14.0,32.0,28.0,10.0,-2.0,26.0
319,3.0,29.0,-1.0,-15.0,13.0,33.0,29.0,9.0,-1.0,27.0
320,4.0,28.0,0.0,-16.0,14.0,32.0,30.0,8.0,0.0,26.0
321,3.0,27.0,1.0,-15.0,13.0,31.0,31.0,9.0,-1.0,25.0
322,4.0,28.0,2.0,-16.0,12.0,30.0,30.0,10.0,0.0,26.0
323,3.0,27.0,1.0,-17.0,11.0,31.0,31.0,11.0,1.0,27.0
324,4.0,28.0,2.0,-16.0,10.0,30.0,30.0,10.0,0.0,28.0
325,3.0,29.0,3.0,-17.0,11.0,31.0,29.0,11.0,1.0,27.0
326,2.0,28.0,2.0,-18.0,10.0,30.0,30.0,12.0,2.0,28.0
327,3.0,29.0,3.0,-17.0,11.0,31.0,31.0,11.0,1.0,27.0
328,4.0,28.0,2.0,-16.0,10.0,30.0,32.0,10.0,0.0,28.0
329,3.0,29.0,3.0,-17.0,9.0,31.0,33.0,9.0,-1.0,29.0
330,2.0,28.0,4.0,-16.0,10.0,30.0,32.0,8.0,0.0,30.0
331,3.0,27.0,5.0,-17.0,11.0,31.0,31.0,9.0,-1.0,31.0
332,4.0,26.0,6.0,-18.0,12.0,30.0,32.0,8.0,-2.0,32.0
333,3.0,25.0,7.0,-17.0,13.0,29.0,31.0,9.0,-1.0,33.0
334,2.0,26.0,6.0,-16.0,12.0,30.0,30.0,10.0,0.0,32.0
335,1.0,25.0,5.0,-17.0,11.0,29.0,29.0,9.0,1.0,33.0
336,0.0,24.0,6.0,-16.0,10.0,28.0,30.0,10.0,0.0,32.0
337,-1.0,23.0,5.0,-15.0,11.0,29.0,31.0,9.0,-1.0,31.0
338,0.0,24.0,6.0,-16.0,10.0,28.0,32.0,10.0,0.0,30.0
339,1.0,23.0,7.0,-17.0,11.0,27.0,33.0,9.0,1.0,29.0
340,0.0,24.0,8.0,-18.0,12.0,28.0,32.0,10.0,2.0,28.0
341,1.0,25.0,7.0,-19.0,11.0,29.0,33.0,11.0,1.0,27.0
342,2.0,26.0,8.0,-20.0,10.0,28.0,34.0,12.0,2.0,28.0
343,1.0,27.0,7.0,-19.0,9.0,29.0,33.0,13.0,1.0,29.0
344,0.0,28.0,8.0,-20.0,10.0,30.0,32.0,14.0,2.0,28.0
345,-1.0,27.0,7.0,-21.0,11.0,31.0,33.0,15.0,1.0,27.0
346,-2.0,26.0,6.0,-22.0,10.0,30.0,32.0,14.0,0.0,26.0
347,-1.0,25.0,5.0,-21.0,9.0,29.0,33.0,15.0,-1.0,27.0
348,0.0,24.0,4.0,-20.0,8.0,28.0,34.0,14.0,-2.0,28.0
349,-1.0,25.0,3.0,-21.0,9.0,27.0,33.0,15.0,-3.0,27.0
350,0.0,26.0,4.0,-20.0,10.0,28.0,34.0,16.0,-4.0,26.0
351,1.0,27.0,5.0,-21.0,9.0,27.0,35.0,17.0,-3.0,25.0
352,2.0,26.0,6.0,-22.0,10.0,26.0,36.0,18.0,-4.0,26.0
353,1.0,27.0,5.0,-23.0,11.0,25.0,37.0,19.0,-5.0,27.0
354,0.0,28.0,4.0,-22.0,12.0,24.0,38.0,18.0,-6.0,28.0
355,1.0,27.0,5.0,-23.0,11.0,25.0,37.0,19.0,-5.0,27.0
356,0.0,28.0,4.0,-22.0,12.0,24.0,38.0,18.0,-6.0,28.0
357,1.0,27.0,5.0,-21.0,11.0,25.0,37.0,17.0,-5.0,27.0
358,2.0,26.0,6.0,-22.0,12.0,24.0,36.0,18.0,-6.0,28.0
359,3.0,25.0,7.0,-23.0,13.0,25.0,35.0,19.0,-7.0,29.0
360,4.0,26.0,8.0,-22.0,14.0,26.0,36.0,20.0,-8.0,28.0
361,3.0,25.0,7.0,-23.0,13.0,25.0,35.0,19.0,-9.0,27.0
362,2.0,26.0,6.0,-22.0,12.0,26.0,34.0,18.0,-8.0,26.0
363,3.0,27.0,7.0,-21.0,11.0,25.0,33.0,17.0,-7.0,27.0
364,2.0,28.0,6.0,-20.0,10.0,26.0,34.0,16.0,-6.0,26.0
365,3.0,29.0,7.0,-19.0,11.0,27.0,35.0,17.0,-7.0,25.0
366,2.0,28.0,8.0,-18.0,12.0,26.0,34.0,16.0,-6.0,26.0
367,3.0,27.0,9.0,-17.0,11.0,27.0,35.0,15.0,-5.0,27.0
368,2.0,28.0,10.0,-18.0,10.0,28.0,36.0,14.0,-4.0,28.0
369,1.0,27.0,9.0,-19.0,9.0,27.0,37.0,15.0,-3.0,29.0
370,0.0,26.0,8.0,-20.0,10.0,28.0,38.0,16.0,-4.0,28.0
371,-1.0,27.0,9.0,-21.0,9.0,29.0,39.0,15.0,-3.0,29.0
372,0.0,26.0,8.0,-20.0,10.0,28.0,38.0,16.0,-2.0,28.0
373,1.0,27.0,9.0,-19.0,9.0,27.0,37.0,15.0,-1.0,29.0
374,0.0,28.0,8.0,-18.0,10.0,26.0,38.0,14.0,-2.0,30.0
375,1.0,27.0,9.0,-19.0,11.0,25.0,39.0,13.0,-1.0,31.0
376,2.0,26.0,8.0,-18.0,12.0,24.0,40.0,14.0,-2.0,30.0
377,3.0,27.0,9.0,-17.0,11.0,23.0,39.0,13.0,-1.0,31.0
378,4.0,26.0,8.0,-16.0,10.0,22.0,40.0,14.0,-2.0,32.0
379,3.0,25.0,7.0,-17.0,9.0,21.0,39.0,13.0,-3.0,31.0
380,2.0,24.0,6.0,-16.0,10.0,22.0,40.0,12.0,-4.0,30.0
381,3.0,23.0,7.0,-17.0,11.0,21.0,41.0,11.0,-3.0,29.0
382,4.0,24.0,8.0,-18.0,10.0,20.0,42.0,12.0,-2.0,28.0
383,3.0,25.0,7.0,-17.0,9.0,21.0,43.0,11.0,-1.0,27.0
384,4.0,24.0,8.0,-18.0,10.0,20.0,44.0,12.0,-2.0,28.0
385,5.0,25.0,7.0,-19.0,11.0,21.0,45.0,11.0,-3.0,29.0
386,4.0,26.0,6.0,-18.0,10.0,22.0,44.0,12.0,-4.0,30.0
387,5.0,25.0,5.0,-17.0,9.0,21.0,45.0,13.0,-5.0,31.0
388,4.0,26.0,4.0,-16.0,8.0,22.0,46.0,12.0,-4.0,30.0
389,5.0,27.0,3.0,-17.0,9.0,23.0,45.0,11.0,-3.0,31.0
390,6.0,26.0,2.0,-16.0,10.0,22.0,44.0,12.0,-2.0,30.0
391,7.0,27.0,3.0,-15.0,11.0,23.0,45.0,13.0,-1.0,31.0
392,6.0,26.0,4.0,-14.0,10.0,22.0,46.0,14.0,-2.0,30.0
393,5.0,27.0,5.0,-15.0,11.0,23.0,45.0,15.0,-1.0,29.0
394,6.0,26.0,4.0,-14.0,12.0,22.0,46.0,16.0,-2.0,28.0
395,7.0,27.0,3.0,-15.0,11.0,23.0,47.0,15.0,-3.0,27.0
396,6.0,28.0,2.0,-14.0,12.0,22.0,48.0,14.0,-4.0,28.0
397,7.0,27.0,1.0,-13.0,13.0,21.0,47.0,15.0,-3.0,27.0
398,6.0,26.0,0.0,-14.0,12.0,20.0,46.0,14.0,-4.0,26.0
399,7.0,27.0,-1.0,-15.0,13.0,21.0,45.0,13.0,-3.0,27.0
400,8.0,26.0,0.0,-14.0,12.0,22.0,44.0,12.0,-2.0,26.0
401,9.0,25.0,-1.0,-13.0,11.0,21.0,45.0,11.0,-3.0,27.0
402,8.0,26.0,-2.0,-12.0,12.0,20.0,46.0,10.0,-2.0,28.0
403,9.0,27.0,-1.0,-11.0,13.0,21.0,47.0,11.0,-1.0,29.0
404,8.0,28.0,-2.0,-10.0,12.0,22.0,46.0,12.0,-2.0,28.0
405,7.0,27.0,-1.0,-9.0,11.0,21.0,47.0,13.0,-3.0,27.0
406,8.0,28.0,-2.0,-10.0,10.0,22.0,48.0,14.0,-4.0,26.0
407,7.0,29.0,-1.0,-11.0,11.0,23.0,47.0,15.0,-3.0,25.0
408,8.0,30.0,-2.0,-12.0,12.0,24.0,46.0,14.0,-2.0,26.0
409,7.0,29.0,-3.0,-13.0,11.0,23.0,47.0,15.0,-1.0,27.0
410,8.0,30.0,-2.0,-12.0,12.0,24.0,48.0,16.0,0.0,28.0
411,9.0,29.0,-1.0,-13.0,11.0,25.0,47.0,17.0,-1.0,27.0
412,10.0,28.0,0.0,-14.0,10.0,26.0,46.0,18.0,0.0,26.0
413,11.0,27.0,-1.0,-13.0,11.0,25.0,45.0,19.0,1.0,25.0
414,12.0,28.0,-2.0,-14.0,12.0,26.0,44.0,18.0,2.0,26.0
415,13.0,27.0,-1.0,-13.0,11.0,27.0,43.0,17.0,3.0,25.0
416,14.0,26.0,0.0,-14.0,12.0,26.0,42.0,18.0,2.0,26.0
417,13.0,25.0,-1.0,-15.0,11.0,25.0,41.0,17.0,1.0,25.0
418,12.0,26.0,-2.0,-14.0,10.0,26.0,42.0,16.0,2.0,24.0
419,11.0,25.0,-3.0,-13.0,11.0,27.0,43.0,15.0,1.0,23.0
420,10.0,26.0,-2.0,-14.0,10.0,28.0,44.0,14.0,0.0,24.0
421,9.0,27.0,-1.0,-15.0,11.0,29.0,43.0,13.0,1.0,23.0
422,10.0,26.0,0.0,-16.0,12.0,28.0,44.0,12.0,2.0,22.0
423,9.0,27.0,-1.0,-17.0,13.0,27.0,43.0,13.0,1.0,21.0
424,10.0,26.0,-2.0,-16.0,14.0,26.0,42.0,14.0,2.0,20.0
425,9.0,25.0,-3.0,-17.0,13.0,27.0,43.0,15.0,3.0,21.0
426,8.0,26.0,-4.0,-16.0,12.0,26.0,44.0,14.0,4.0,20.0
427,7.0,25.0,-5.0,-17.0,11.0,25.0,43.0,13.0,3.0,19.0
428,6.0,24.0,-4.0,-16.0,12.0,24.0,42.0,14.0,4.0,20.0
429,5.0,25.0,-5.0,-17.0,13.0,23.0,41.0,15.0,3.0,21.0
430,4.0,26.0,-6.0,-18.0,14.0,22.0,40.0,16.0,2.0,22.0
431,3.0,25.0,-7.0,-19.0,13.0,21.0,39.0,15.0,1.0,21.0
432,4.0,24.0,-6.0,-18.0,12.0,22.0,40.0,14.0,2.0,20.0
433,3.0,25.0,-7.0,-17.0,11.0,23.0,39.0,15.0,1.0,21.0
434,4.0,26.0,-6.0,-16.0,12.0,24.0,40.0,14.0,0.0,20.0
435,3.0,25.0,-7.0,-15.0,13.0,25.0,39.0,13.0,-1.0,21.0
436,4.0,24.0,-6.0,-16.0,14.0,24.0,40.0,12.0,0.0,20.0
437,3.0,25.0,-5.0,-17.0,15.0,25.0,39.0,11.0,1.0,19.0
438,4.0,24.0,-4.0,-18.0,14.0,26.0,38.0,12.0,0.0,18.0
439,3.0,23.0,-5.0,-17.0,15.0,27.0,39.0,11.0,-1.0,17.0
440,2.0,22.0,-4.0,-16.0,14.0,26.0,40.0,12.0,-2.0,16.0
441,1.0,21.0,-5.0,-15.0,15.0,27.0,39.0,11.0,-3.0,15.0
442,2.0,20.0,-4.0,-16.0,16.0,26.0,40.0,10.0,-2.0,16.0
443,3.0,19.0,-3.0,-15.0,15.0,27.0,41.0,9.0,-1.0,15.0
444,4.0,20.0,-4.0,-16.0,16.0,28.0,42.0,8.0,-2.0,16.0
445,5.0,19.0,-5.0,-15.0,15.0,27.0,43.0,7.0,-3.0,17.0
446,6.0,18.0,-4.0,-14.0,14.0,28.0,44.0,6.0,-2.0,18.0
447,7.0,19.0,-3.0,-13.0,15.0,29.0,43.0,5.0,-3.0,17.0
448,8.0,18.0,-4.0,-12.0,16.0,28.0,42.0,6.0,-2.0,16.0
449,9.0,19.0,-3.0,-11.0,17.0,29.0,43.0,7.0,-1.0,17.0
450,10.0,18.0,-2.0,-12.0,16.0,30.0,42.0,8.0,0.0,16.0
451,9.0,17.0,-3.0,-13.0,15.0,29.0,41.0,7.0,-1.0,15.0
452,8.0,18.0,-4.0,-14.0,16.0,28.0,42.0,8.0,-2.0,16.0
453,9.0,19.0,-3.0,-13.0,17.0,29.0,41.0,7.0,-3.0,15.0
454,10.0,18.0,-2.0,-14.0,18.0,28.0,42.0,6.0,-2.0,14.0
455,11.0,19.0,-3.0,-15.0,19.0,29.0,41.0,5.0,-1.0,15.0
456,12.0,18.0,-2.0,-14.0,18.0,30.0,40.0,4.0,0.0,14.0
457,13.0,19.0,-1.0,-15.0,17.0,29.0,41.0,5.0,1.0,15.0
458,12.0,20.0,-2.0,-14.0,16.0,30.0,40.0,6.0,0.0,16.0
459,13.0,21.0,-1.0,-13.0,15.0,29.0,39.0,5.0,-1.0,17.0
460,14.0,20.0,0.0,-14.0,16.0,28.0,38.0,6.0,-2.0,18.0
461,15.0,21.0,1.0,-13.0,17.0,29.0,37.0,5.0,-3.0,17.0
462,14.0,20.0,2.0,-12.0,16.0,28.0,38.0,6.0,-4.0,16.0
463,15.0,19.0,3.0,-13.0,17.0,27.0,37.0,7.0,-5.0,17.0
464,14.0,18.0,4.0,-12.0,18.0,26.0,36.0,6.0,-4.0,18.0
465,15.0,19.0,5.0,-11.0,19.0,27.0,37.0,7.0,-3.0,19.0
466,16.0,20.0,6.0,-10.0,18.0,26.0,36.0,6.0,-4.0,20.0
467,17.0,19.0,7.0,-11.0,17.0,27.0,35.0,7.0,-5.0,19.0
468,16.0,20.0,6.0,-12.0,18.0,26.0,36.0,8.0,-6.0,20.0
469,17.0,21.0,7.0,-11.0,19.0,27.0,37.0,7.0,-7.0,19.0
470,18.0,22.0,8.0,-10.0,20.0,28.0,38.0,8.0,-6.0,20.0
471,19.0,21.0,7.0,-9.0,19.0,27.0,39.0,7.0,-7.0,21.0
472,20.0,20.0,8.0,-10.0,20.0,28.0,38.0,8.0,-8.0,22.0
473,21.0,21.0,9.0,-9.0,21.0,29.0,39.0,9.0,-7.0,23.0
474,22.0,20.0,10.0,-10.0,22.0,30.0,38.0,10.0,-8.0,24.0
475,23.0,21.0,11.0,-9.0,23.0,29.0,37.0,9.0,-9.0,23.0
476,22.0,20.0,10.0,-10.0,22.0,30.0,38.0,10.0,-8.0,24.0
477,21.0,21.0,9.0,-9.0,21.0,31.0,37.0,11.0,-9.0,25.0
478,22.0,22.0,10.0,-10.0,20.0,30.0,36.0,12.0,-8.0,26.0
479,23.0,23.0,9.0,-11.0,21.0,31.0,37.0,11.0,-9.0,27.0
480,22.0,22.0,8.0,-12.0,20.0,30.0,36.0,10.0,-10.0,26.0
481,23.0,21.0,7.0,-11.0,19.0,29.0,37.0,11.0,-11.0,27.0
482,22.0,20.0,6.0,-12.0,18.0,28.0,36.0,10.0,-12.0,26.0
483,21.0,19.0,5.0,-11.0,19.0,29.0,35.0,9.0,-13.0,27.0
484,20.0,18.0,4.0,-12.0,18.0,28.0,34.0,8.0,-14.0,26.0
485,21.0,17.0,5.0,-13.0,19.0,27.0,35.0,7.0,-13.0,27.0
486,20.0,18.0,6.0,-14.0,18.0,28.0,34.0,6.0,-12.0,28.0
487,19.0,19.0,5.0,-13.0,19.0,27.0,35.0,5.0,-11.0,29.0
488,20.0,20.0,4.0,-14.0,18.0,28.0,36.0,6.0,-12.0,28.0
489,19.0,19.0,3.0,-15.0,17.0,27.0,35.0,5.0,-13.0,27.0
490,18.0,20.0,4.0,-16.0,16.0,28.0,34.0,4.0,-12.0,28.0
491,17.0,19.0,3.0,-17.0,15.0,27.0,33.0,3.0,-13.0,29.0
492,16.0,20.0,2.0,-16.0,14.0,28.0,32.0,4.0,-14.0,30.0
493,15.0,21.0,1.0,-17.0,15.0,27.0,31.0,5.0,-15.0,31.0
494,16.0,22.0,2.0,-18.0,14.0,26.0,32.0,6.0,-14.0,30.0
495,17.0,21.0,1.0,-17.0,13.0,25.0,33.0,5.0,-15.0,31.0
496,16.0,20.0,0.0,-18.0,12.0,24.0,32.0,4.0,-16.0,30.0
497,17.0,19.0,1.0,-19.0,13.0,25.0,31.0,5.0,-17.0,31.0
498,18.0,18.0,2.0,-20.0,14.0,24.0,32.0,4.0,-16.0,30.0
499,19.0,17.0,1.0,-19.0,13.0,23.0,33.0,3.0,-17.0,31.0
500,18.0,18.0,0.0,-18.0,14.0,22.0,34.0,2.0,-18.0,32.0
501,19.0,19.0,1.0,-17.0,15.0,23.0,35.0,3.0,-19.0,31.0
502,18.0,20.0,2.0,-18.0,14.0,24.0,36.0,2.0,-20.0,32.0
503,19.0,21.0,1.0,-19.0,13.0,25.0,37.0,3.0,-21.0,31.0
504,18.0,20.0,0.0,-20.0,12.0,24.0,38.0,4.0,-20.0,32.0
505,19.0,19.0,1.0,-21.0,13.0,23.0,37.0,5.0,-21.0,33.0
506,20.0,18.0,2.0,-22.0,12.0,24.0,36.0,6.0,-20.0,32.0
507,19.0,17.0,1.0,-23.0,11.0,23.0,35.0,5.0,-21.0,31.0
508,20.0,18.0,0.0,-24.0,12.0,24.0,36.0,4.0,-22.0,32.0
509,21.0,19.0,1.0,-23.0,13.0,23.0,35.0,3.0,-23.0,31.0
510,22.0,18.0,0.0,-22.0,12.0,22.0,36.0,4.0,-24.0,32.0
511,23.0,17.0,1.0,-23.0,13.0,21.0,37.0,3.0,-23.0,33.0
512,24.0,16.0,2.0,-22.0,12.0,22.0,38.0,2.0,-22.0,34.0
513,25.0,17.0,1.0,-23.0,13.0,23.0,39.0,1.0,-23.0,35.0
514,24.0,16.0,2.0,-22.0,14.0,22.0,38.0,2.0,-22.0,36.0
515,23.0,17.0,1.0,-23.0,15.0,21.0,39.0,3.0,-23.0,37.0
516,22.0,18.0,0.0,-22.0,14.0,22.0,38.0,4.0,-24.0,38.0
517,23.0,17.0,-1.0,-21.0,13.0,21.0,39.0,3.0,-25.0,39.0
518,22.0,18.0,-2.0,-20.0,12.0,22.0,38.0,4.0,-26.0,40.0
519,23.0,17.0,-3.0,-19.0,11.0,21.0,39.0,5.0,-27.0,41.0
520,22.0,16.0,-4.0,-18.0,12.0,22.0,40.0,4.0,-28.0,40.0
521,21.0,15.0,-5.0,-19.0,11.0,21.0,39.0,3.0,-29.0,39.0
522,22.0,16.0,-6.0,-20.0,12.0,22.0,40.0,2.0,-30.0,40.0
523,21.0,17.0,-7.0,-21.0,13.0,21.0,39.0,3.0,-31.0,39.0
524,20.0,16.0,-6.0,-20.0,14.0,20.0,38.0,2.0,-30.0,40.0
525,21.0,17.0,-7.0,-21.0,15.0,21.0,37.0,1.0,-29.0,41.0
526,22.0,16.0,-8.0,-20.0,16.0,20.0,38.0,2.0,-30.0,40.0
527,23.0,15.0,-9.0,-19.0,17.0,19.0,37.0,3.0,-29.0,39.0
528,24.0,16.0,-10.0,-20.0,16.0,20.0,38.0,2.0,-30.0,38.0
529,25.0,17.0,-9.0,-19.0,17.0,21.0,39.0,3.0,-29.0,39.0
530,24.0,18.0,-8.0,-20.0,16.0,22.0,40.0,2.0,-28.0,40.0
531,23.0,17.0,-9.0,-21.0,15.0,21.0,39.0,1.0,-27.0,41.0
532,22.0,18.0,-8.0,-22.0,16.0,22.0,38.0,2.0,-26.0,40.0
533,21.0,17.0,-7.0,-21.0,15.0,21.0,39.0,3.0,-27.0,39.0
534,20.0,16.0,-8.0,-22.0,14.0,22.0,40.0,4.0,-26.0,40.0
535,21.0,17.0,-7.0,-21.0,15.0,21.0,39.0,3.0,-27.0,39.0
536,22.0,16.0,-6.0,-22.0,16.0,20.0,40.0,2.0,-26.0,38.0
537,23.0,15.0,-7.0,-21.0,17.0,19.0,41.0,3.0,-27.0,37.0
538,22.0,14.0,-8.0,-22.0,16.0,20.0,42.0,4.0,-26.0,38.0
539,21.0,15.0,-9.0,-23.0,17.0,19.0,43.0,5.0,-27.0,39.0
540,22.0,16.0,-10.0,-24.0,18.0,20.0,42.0,4.0,-26.0,40.0
541,23.0,17.0,-9.0,-23.0,19.0,19.0,41.0,3.0,-27.0,39.0
542,22.0,18.0,-10.0,-22.0,18.0,20.0,40.0,4.0,-28.0,40.0
543,23.0,17.0,-11.0,-21.0,19.0,19.0,39.0,5.0,-27.0,39.0
544,22.0,16.0,-12.0,-22.0,20.0,20.0,40.0,6.0,-26.0,38.0
545,21.0,15.0,-13.0,-23.0,19.0,19.0,41.0,7.0,-25.0,39.0
546,20.0,16.0,-14.0,-22.0,20.0,18.0,42.0,6.0,-26.0,40.0
547,19.0,17.0,-13.0,-23.0,19.0,19.0,43.0,5.0,-27.0,41.0
548,20.0,16.0,-14.0,-22.0,20.0,18.0,44.0,6.0,-28.0,40.0
549,21.0,15.0,-13.0,-23.0,21.0,19.0,43.0,7.0,-29.0,41.0
550,20.0,16.0,-14.0,-22.0,20.0,20.0,42.0,8.0,-30.0,42.0
551,19.0,15.0,-13.0,-21.0,21.0,19.0,41.0,9.0,-29.0,43.0
552,18.0,14.0,-14.0,-22.0,20.0,18.0,42.0,10.0,-28.0,44.0
553,17.0,13.0,-15.0,-23.0,19.0,17.0,41.0,9.0,-29.0,45.0
554,16.0,14.0,-16.0,-22.0,18.0,18.0,40.0,10.0,-28.0,44.0
555,17.0,15.0,-15.0,-23.0,17.0,17.0,41.0,11.0,-27.0,43.0
556,16.0,14.0,-16.0,-24.0,16.0,16.0,42.0,12.0,-26.0,44.0
557,17.0,15.0,-17.0,-25.0,15.0,17.0,43.0,13.0,-27.0,43.0
558,16.0,14.0,-18.0,-24.0,16.0,18.0,44.0,12.0,-28.0,42.0
559,15.0,13.0,-19.0,-25.0,17.0,19.0,45.0,13.0,-27.0,41.0
560,16.0,14.0,-20.0,-26.0,18.0,20.0,44.0,12.0,-26.0,42.0
561,15.0,15.0,-19.0,-27.0,19.0,21.0,43.0,11.0,-25.0,41.0
562,16.0,14.0,-18.0,-28.0,18.0,22.0,42.0,12.0,-24.0,40.0
563,15.0,15.0,-19.0,-27.0,17.0,23.0,41.0,13.0,-25.0,41.0
564,16.0,16.0,-20.0,-28.0,16.0,24.0,42.0,14.0,-26.0,40.0
565,15.0,15.0,-21.0,-27.0,17.0,25.0,41.0,13.0,-27.0,41.0
566,16.0,14.0,-22.0,-26.0,18.0,24.0,42.0,14.0,-28.0,40.0
567,15.0,13.0,-23.0,-27.0,17.0,23.0,43.0,15.0,-27.0,41.0
568,16.0,14.0,-24.0,-28.0,18.0,24.0,42.0,14.0,-26.0,42.0
569,15.0,15.0,-25.0,-27.0,17.0,23.0,43.0,13.0,-25.0,41.0
570,14.0,16.0,-24.0,-28.0,18.0,24.0,42.0,14.0,-24.0,40.0
571,15.0,17.0,-23.0,-27.0,19.0,23.0,41.0,13.0,-25.0,39.0
572,16.0,16.0,-24.0,-26.0,20.0,22.0,40.0,14.0,-24.0,38.0
573,15.0,15.0,-25.0,-27.0,19.0,21.0,41.0,15.0,-23.0,39.0
574,14.0,14.0,-26.0,-28.0,18.0,20.0,40.0,16.0,-22.0,40.0
575,15.0,15.0,-25.0,-27.0,19.0,21.0,41.0,17.0,-21.0,41.0
576,14.0,14.0,-24.0,-26.0,18.0,20.0,42.0,18.0,-22.0,40.0
577,13.0,15.0,-23.0,-27.0,17.0,21.0,43.0,17.0,-23.0,41.0
578,12.0,16.0,-24.0,-28.0,18.0,20.0,44.0,18.0,-24.0,42.0
579,11.0,17.0,-25.0,-29.0,19.0,19.0,45.0,19.0,-25.0,43.0
580,10.0,16.0,-26.0,-28.0,20.0,20.0,46.0,18.0,-26.0,42.0
581,11.0,17.0,-27.0,-29.0,21.0,21.0,45.0,17.0,-25.0,43.0
582,10.0,18.0,-28.0,-28.0,20.0,20.0,46.0,16.0,-24.0,42.0
583,9.0,17.0,-29.0,-29.0,19.0,19.0,45.0,15.0,-25.0,41.0
584,10.0,16.0,-28.0,-28.0,18.0,20.0,46.0,14.0,-24.0,40.0
585,11.0,17.0,-27.0,-27.0,17.0,19.0,45.0,13.0,-25.0,41.0
586,10.0,18.0,-26.0,-28.0,16.0,20.0,44.0,12.0,-24.0,42.0
587,9.0,17.0,-27.0,-27.0,17.0,21.0,43.0,11.0,-25.0,43.0
588,8.0,16.0,-28.0,-28.0,16.0,20.0,44.0,12.0,-24.0,44.0
589,7.0,15.0,-29.0,-29.0,15.0,21.0,45.0,13.0,-23.0,45.0
590,8.0,16.0,-28.0,-28.0,16.0,20.0,44.0,12.0,-24.0,44.0
591,7.0,17.0,-29.0,-29.0,17.0,19.0,43.0,13.0,-25.0,43.0
592,6.0,16.0,-28.0,-28.0,16.0,18.0,44.0,14.0,-24.0,42.0
593,5.0,17.0,-29.0,-27.0,15.0,19.0,43.0,15.0,-25.0,43.0
594,4.0,18.0,-28.0,-28.0,14.0,20.0,44.0,14.0,-26.0,44.0
595,3.0,17.0,-29.0,-29.0,13.0,19.0,43.0,13.0,-27.0,43.0
596,2.0,16.0,-30.0,-30.0,12.0,20.0,44.0,14.0,-26.0,44.0
597,1.0,15.0,-31.0,-31.0,11.0,19.0,43.0,13.0,-25.0,45.0
598,0.0,14.0,-32.0,-30.0,12.0,20.0,44.0,12.0,-26.0,44.0
599,-1.0,15.0,-31.0,-31.0,11.0,21.0,45.0,11.0,-27.0,45.0
600,0.0,16.0,-30.0,-30.0,10.0,20.0,44.0,10.0,-26.0,46.0
601,-1.0,17.0,-29.0,-31.0,9.0,21.0,45.0,9.0,-27.0,47.0
602,0.0,16.0,-28.0,-30.0,8.0,22.0,46.0,8.0,-26.0,48.0
603,-1.0,17.0,-27.0,-31.0,9.0,23.0,45.0,9.0,-25.0,47.0
604,0.0,16.0,-26.0,-32.0,10.0,22.0,44.0,10.0,-26.0,48.0
605,1.0,17.0,-25.0,-31.0,11.0,23.0,43.0,9.0,-27.0,47.0
606,0.0,16.0,-24.0,-30.0,10.0,22.0,42.0,10.0,-26.0,46.0
607,1.0,15.0,-23.0,-29.0,9.0,23.0,43.0,9.0,-25.0,45.0
608,2.0,14.0,-24.0,-28.0,10.0,22.0,42.0,10.0,-24.0,44.0
609,3.0,13.0,-25.0,-27.0,9.0,21.0,43.0,9.0,-25.0,45.0
610,2.0,14.0,-26.0,-26.0,10.0,20.0,44.0,8.0,-26.0,46.0
611,1.0,15.0,-25.0,-27.0,11.0,21.0,43.0,9.0,-25.0,45.0
612,2.0,14.0,-26.0,-26.0,12.0,20.0,42.0,10.0,-24.0,44.0
613,3.0,15.0,-27.0,-27.0,13.0,21.0,41.0,9.0,-25.0,45.0
614,2.0,16.0,-28.0,-28.0,14.0,20.0,40.0,10.0,-26.0,44.0
615,3.0,15.0,-27.0,-27.0,13.0,21.0,41.0,9.0,-25.0,45.0
616,2.0,14.0,-28.0,-28.0,12.0,20.0,40.0,10.0,-24.0,46.0
617,1.0,13.0,-29.0,-29.0,11.0,19.0,39.0,9.0,-25.0,45.0
618,0.0,14.0,-30.0,-28.0,10.0,20.0,38.0,10.0,-26.0,46.0
619,-1.0,15.0,-31.0,-27.0,11.0,19.0,39.0,9.0,-25.0,47.0
620,-2.0,14.0,-32.0,-28.0,10.0,18.0,38.0,8.0,-26.0,46.0
621,-1.0,13.0,-31.0,-27.0,9.0,19.0,37.0,7.0,-25.0,45.0
622,0.0,14.0,-30.0,-26.0,10.0,20.0,38.0,8.0,-24.0,46.0
623,-1.0,15.0,-31.0,-25.0,9.0,19.0,39.0,7.0,-23.0,45.0
624,-2.0,16.0,-30.0,-26.0,8.0,20.0,40.0,6.0,-24.0,46.0
625,-3.0,15.0,-31.0,-27.0,7.0,19.0,39.0,5.0,-25.0,45.0
626,-4.0,16.0,-32.0,-26.0,6.0,20.0,40.0,4.0,-24.0,44.0
627,-5.0,15.0,-33.0,-27.0,5.0,19.0,39.0,5.0,-23.0,45.0
628,-4.0,16.0,-32.0,-28.0,4.0,18.0,40.0,6.0,-22.0,44.0
629,-5.0,17.0,-33.0,-27.0,3.0,17.0,41.0,5.0,-21.0,43.0
630,-6.0,18.0,-34.0,-28.0,4.0,16.0,40.0,6.0,-22.0,42.0
631,-5.0,19.0,-33.0,-27.0,5.0,17.0,41.0,7.0,-21.0,43.0
632,-4.0,18.0,-32.0,-28.0,6.0,16.0,42.0,6.0,-22.0,44.0
633,-5.0,17.0,-33.0,-29.0,5.0,15.0,41.0,5.0,-23.0,43.0
634,-4.0,18.0,-34.0,-30.0,6.0,16.0,42.0,4.0,-24.0,44.0
635,-5.0,19.0,-35.0,-29.0,5.0,17.0,41.0,5.0,-25.0,45.0
636,-4.0,18.0,-34.0,-30.0,6.0,16.0,42.0,4.0,-24.0,44.0
637,-5.0,17.0,-33.0,-29.0,7.0,15.0,41.0,5.0,-23.0,45.0
638,-4.0,16.0,-32.0,-30.0,8.0,14.0,42.0,4.0,-22.0,44.0
639,-5.0,15.0,-31.0,-29.0,7.0,13.0,43.0,5.0,-23.0,43.0
640,-6.0,14.0,-32.0,-30.0,8.0,14.0,44.0,6.0,-24.0,42.0
641,-5.0,13.0,-31.0,-29.0,7.0,15.0,45.0,5.0,-23.0,41.0
642,-6.0,12.0,-32.0,-30.0,6.0,16.0,46.0,6.0,-22.0,42.0
643,-5.0,11.0,-31.0,-31.0,5.0,17.0,45.0,7.0,-21.0,41.0
644,-4.0,10.0,-30.0,-32.0,6.0,16.0,46.0,6.0,-20.0,40.0
645,-5.0,11.0,-31.0,-31.0,5.0,15.0,47.0,5.0,-19.0,39.0
646,-4.0,12.0,-32.0,-32.0,4.0,16.0,48.0,4.0,-20.0,38.0
647,-3.0,13.0,-33.0,-33.0,5.0,17.0,47.0,3.0,-19.0,39.0
648,-2.0,12.0,-34.0,-32.0,6.0,16.0,48.0,4.0,-20.0,38.0
649,-3.0,13.0,-35.0,-31.0,5.0,17.0,47.0,5.0,-21.0,39.0
650,-2.0,14.0,-34.0,-30.0,4.0,16.0,46.0,4.0,-20.0,40.0
651,-1.0,13.0,-33.0,-29.0,3.0,17.0,45.0,3.0,-19.0,39.0
652,-2.0,14.0,-34.0,-28.0,2.0,16.0,46.0,2.0,-18.0,38.0
653,-1.0,15.0,-33.0,-27.0,3.0,17.0,47.0,1.0,-19.0,37.0
654,-2.0,14.0,-34.0,-28.0,2.0,18.0,48.0,2.0,-18.0,38.0
655,-1.0,15.0,-35.0,-29.0,1.0,19.0,49.0,1.0,-19.0,37.0
656,-2.0,14.0,-34.0,-28.0,0.0,18.0,50.0,2.0,-20.0,36.0
657,-1.0,13.0,-35.0,-27.0,1.0,17.0,49.0,3.0,-19.0,35.0
658,-2.0,14.0,-36.0,-26.0,0.0,16.0,50.0,2.0,-18.0,34.0
659,-3.0,15.0,-37.0,-25.0,-1.0,17.0,49.0,3.0,-19.0,35.0
660,-2.0,16.0,-36.0,-26.0,-2.0,16.0,48.0,4.0,-18.0,36.0
661,-1.0,17.0,-37.0,-27.0,-1.0,17.0,47.0,3.0,-17.0,37.0
662,0.0,18.0,-36.0,-26.0,0.0,18.0,48.0,4.0,-16.0,38.0
663,1.0,17.0,-35.0,-27.0,1.0,17.0,47.0,5.0,-17.0,39.0
664,2.0,16.0,-34.0,-28.0,2.0,16.0,48.0,4.0,-16.0,38.0
665,3.0,15.0,-33.0,-29.0,3.0,15.0,49.0,3.0,-15.0,37.0
666,4.0,16.0,-32.0,-28.0,4.0,16.0,50.0,4.0,-14.0,38.0
667,5.0,15.0,-31.0,-29.0,3.0,17.0,49.0,5.0,-13.0,37.0
668,4.0,14.0,-30.0,-28.0,2.0,16.0,48.0,6.0,-12.0,36.0
669,5.0,13.0,-29.0,-27.0,1.0,17.0,49.0,5.0,-11.0,35.0
670,6.0,14.0,-28.0,-26.0,2.0,18.0,50.0,4.0,-12.0,34.0
671,7.0,15.0,-29.0,-27.0,1.0,19.0,51.0,3.0,-13.0,33.0
672,8.0,14.0,-28.0,-26.0,0.0,20.0,52.0,2.0,-12.0,34.0
673,7.0,15.0,-29.0,-25.0,-1.0,21.0,51.0,3.0,-13.0,35.0
674,8.0,14.0,-28.0,-24.0,-2.0,22.0,50.0,2.0,-12.0,34.0
675,9.0,13.0,-27.0,-25.0,-1.0,21.0,51.0,1.0,-11.0,33.0
676,10.0,14.0,-26.0,-26.0,-2.0,20.0,52.0,2.0,-10.0,32.0
677,9.0,13.0,-27.0,-27.0,-3.0,19.0,51.0,1.0,-11.0,31.0
678,10.0,14.0,-26.0,-28.0,-4.0,18.0,50.0,2.0,-10.0,32.0
679,9.0,15.0,-27.0,-27.0,-5.0,19.0,49.0,1.0,-9.0,31.0
680,8.0,16.0,-28.0,-26.0,-6.0,20.0,48.0,0.0,-8.0,30.0
681,9.0,17.0,-29.0,-27.0,-7.0,21.0,49.0,-1.0,-9.0,29.0
682,10.0,16.0,-28.0,-26.0,-8.0,22.0,50.0,-2.0,-8.0,30.0
683,11.0,17.0,-27.0,-25.0,-9.0,21.0,49.0,-3.0,-7.0,31.0
684,10.0,16.0,-28.0,-24.0,-8.0,22.0,48.0,-4.0,-8.0,30.0
685,11.0,17.0,-29.0,-25.0,-9.0,23.0,49.0,-5.0,-9.0,29.0
686,10.0,16.0,-30.0,-24.0,-8.0,24.0,48.0,-6.0,-10.0,28.0
687,9.0,15.0,-31.0,-25.0,-9.0,23.0,47.0,-7.0,-11.0,27.0
688,10.0,16.0,-32.0,-26.0,-8.0,24.0,46.0,-8.0,-12.0,28.0
689,9.0,15.0,-31.0,-25.0,-9.0,23.0,47.0,-7.0,-13.0,27.0
690,10.0,16.0,-32.0,-26.0,-8.0,24.0,48.0,-8.0,-14.0,28.0
691,11.0,17.0,-31.0,-27.0,-9.0,23.0,47.0,-7.0,-13.0,29.0
692,10.0,18.0,-30.0,-28.0,-10.0,24.0,48.0,-8.0,-14.0,30.0
693,11.0,19.0,-29.0,-29.0,-11.0,23.0,49.0,-7.0,-13.0,31.0
694,12.0,18.0,-28.0,-30.0,-10.0,22.0,50.0,-8.0,-12.0,30.0
695,13.0,17.0,-29.0,-29.0,-9.0,21.0,49.0,-7.0,-13.0,29.0
696,14.0,16.0,-28.0,-30.0,-8.0,20.0,50.0,-8.0,-12.0,28.0
697,13.0,17.0,-27.0,-31.0,-9.0,21.0,49.0,-9.0,-11.0,29.0
698,12.0,18.0,-26.0,-32.0,-10.0,22.0,50.0,-10.0,-12.0,30.0
699,11.0,17.0,-25.0,-31.0,-9.0,21.0,49.0,-9.0,-11.0,31.0
700,12.0,18.0,-24.0,-32.0,-10.0,20.0,50.0,-8.0,-10.0,32.0
701,11.0,19.0,-25.0,-31.0,-11.0,21.0,49.0,-7.0,-9.0,31.0
702,12.0,20.0,-24.0,-30.0,-10.0,22.0,50.0,-6.0,-8.0,32.0
703,13.0,19.0,-25.0,-29.0,-11.0,21.0,51.0,-7.0,-9.0,33.0
704,14.0,20.0,-26.0,-30.0,-12.0,22.0,52.0,-6.0,-10.0,32.0
705,13.0,19.0,-25.0,-29.0,-11.0,21.0,51.0,-7.0,-9.0,33.0
706,14.0,20.0,-24.0,-28.0,-10.0,22.0,52.0,-6.0,-8.0,34.0
707,13.0,19.0,-23.0,-27.0,-11.0,21.0,53.0,-5.0,-9.0,33.0
708,12.0,20.0,-24.0,-26.0,-12.0,22.0,54.0,-6.0,-8.0,32.0
709,11.0,21.0,-23.0,-27.0,-11.0,23.0,53.0,-5.0,-7.0,31.0
710,10.0,20.0,-22.0,-26.0,-10.0,22.0,52.0,-4.0,-6.0,32.0
711,11.0,21.0,-23.0,-27.0,-9.0,23.0,53.0,-5.0,-7.0,33.0
712,10.0,20.0,-24.0,-26.0,-8.0,24.0,54.0,-6.0,-8.0,32.0
713,11.0,19.0,-25.0,-25.0,-9.0,23.0,55.0,-7.0,-9.0,33.0
714,10.0,18.0,-24.0,-24.0,-8.0,22.0,54.0,-6.0,-8.0,34.0
715,11.0,17.0,-25.0,-23.0,-7.0,21.0,53.0,-5.0,-9.0,33.0
716,12.0,18.0,-24.0,-24.0,-8.0,20.0,54.0,-4.0,-8.0,34.0
717,11.0,19.0,-23.0,-25.0,-9.0,21.0,55.0,-5.0,-9.0,35.0
718,12.0,18.0,-22.0,-24.0,-10.0,22.0,56.0,-6.0,-8.0,36.0
719,13.0,19.0,-21.0,-23.0,-9.0,23.0,57.0,-5.0,-7.0,37.0
720,14.0,20.0,-20.0,-24.0,-10.0,22.0,58.0,-4.0,-6.0,36.0
721,13.0,21.0,-19.0,-25.0,-9.0,23.0,57.0,-3.0,-5.0,35.0
722,12.0,22.0,-18.0,-26.0,-10.0,24.0,56.0,-4.0,-4.0,36.0
723,11.0,21.0,-17.0,-25.0,-9.0,23.0,55.0,-5.0,-3.0,37.0
724,12.0,22.0,-16.0,-24.0,-8.0,24.0,54.0,-6.0,-4.0,36.0
725,11.0,21.0,-15.0,-23.0,-7.0,23.0,53.0,-7.0,-3.0,37.0
726,12.0,20.0,-14.0,-24.0,-6.0,24.0,52.0,-6.0,-4.0,38.0
727,13.0,21.0,-13.0,-23.0,-5.0,25.0,53.0,-5.0,-3.0,37.0
728,14.0,22.0,-12.0,-24.0,-6.0,24.0,54.0,-4.0,-2.0,36.0
729,13.0,21.0,-13.0,-25.0,-7.0,23.0,55.0,-3.0,-1.0,37.0
730,12.0,22.0,-14.0,-24.0,-8.0,24.0,54.0,-2.0,-2.0,38.0
731,11.0,23.0,-13.0,-25.0,-7.0,25.0,53.0,-1.0,-1.0,37.0
732,12.0,24.0,-14.0,-26.0,-6.0,26.0,54.0,-2.0,-2.0,38.0
733,13.0,23.0,-13.0,-25.0,-7.0,27.0,53.0,-3.0,-1.0,37.0
734,12.0,22.0,-14.0,-26.0,-6.0,28.0,54.0,-2.0,-2.0,36.0
735,13.0,23.0,-13.0,-25.0,-5.0,27.0,53.0,-3.0,-3.0,35.0
736,12.0,22.0,-14.0,-26.0,-4.0,28.0,54.0,-2.0,-2.0,34.0
737,11.0,23.0,-13.0,-27.0,-5.0,29.0,55.0,-3.0,-3.0,35.0
738,12.0,24.0,-12.0,-26.0,-4.0,30.0,56.0,-2.0,-2.0,36.0
739,11.0,25.0,-13.0,-25.0,-5.0,29.0,57.0,-3.0,-1.0,35.0
740,10.0,24.0,-14.0,-24.0,-4.0,30.0,56.0,-4.0,-2.0,36.0
741,11.0,25.0,-13.0,-25.0,-5.0,29.0,57.0,-3.0,-1.0,35.0
742,10.0,26.0,-14.0,-24.0,-6.0,30.0,56.0,-2.0,-2.0,36.0
743,11.0,27.0,-13.0,-23.0,-5.0,31.0,57.0,-1.0,-1.0,37.0
744,12.0,26.0,-12.0,-24.0,-4.0,30.0,58.0,0.0,-2.0,38.0
745,11.0,25.0,-13.0,-25.0,-5.0,31.0,59.0,1.0,-1.0,39.0
746,10.0,26.0,-12.0,-26.0,-4.0,32.0,58.0,2.0,0.0,38.0
747,9.0,25.0,-11.0,-25.0,-5.0,31.0,59.0,3.0,1.0,37.0
748,8.0,26.0,-12.0,-24.0,-6.0,30.0,60.0,2.0,2.0,36.0
749,7.0,25.0,-11.0,-23.0,-5.0,29.0,59.0,3.0,3.0,37.0
750,6.0,24.0,-12.0,-24.0,-6.0,28.0,58.0,2.0,2.0,38.0
751,7.0,23.0,-11.0,-25.0,-5.0,27.0,59.0,1.0,3.0,39.0
752,8.0,24.0,-10.0,-26.0,-6.0,26.0,58.0,2.0,4.0,40.0
753,9.0,25.0,-11.0,-27.0,-5.0,27.0,57.0,1.0,5.0,41.0
754,10.0,24.0,-10.0,-28.0,-4.0,26.0,58.0,0.0,6.0,40.0
755,11.0,23.0,-9.0,-27.0,-5.0,27.0,57.0,-1.0,7.0,39.0
756,10.0,22.0,-8.0,-26.0,-6.0,26.0,58.0,0.0,6.0,38.0
757,9.0,23.0,-7.0,-27.0,-5.0,27.0,57.0,-1.0,7.0,37.0
758,8.0,22.0,-6.0,-26.0,-4.0,26.0,56.0,-2.0,8.0,38.0
759,9.0,21.0,-5.0,-27.0,-5.0,27.0,55.0,-1.0,7.0,37.0
760,10.0,22.0,-4.0,-26.0,-4.0,28.0,56.0,0.0,8.0,38.0
761,11.0,21.0,-3.0,-27.0,-3.0,27.0,57.0,-1.0,9.0,37.0
762,12.0,22.0,-2.0,-26.0,-2.0,28.0,58.0,0.0,10.0,38.0
763,13.0,21.0,-1.0,-27.0,-1.0,27.0,57.0,1.0,9.0,39.0
764,12.0,20.0,-2.0,-26.0,0.0,28.0,56.0,0.0,8.0,40.0
765,13.0,19.0,-1.0,-27.0,1.0,27.0,55.0,1.0,7.0,41.0
766,12.0,18.0,0.0,-26.0,0.0,26.0,54.0,2.0,8.0,40.0
767,13.0,17.0,-1.0,-25.0,1.0,25.0,53.0,3.0,9.0,39.0
768,12.0,16.0,0.0,-24.0,2.0,24.0,52.0,2.0,10.0,40.0
769,11.0,15.0,-1.0,-25.0,1.0,25.0,53.0,3.0,11.0,41.0
770,12.0,16.0,-2.0,-26.0,2.0,26.0,54.0,2.0,10.0,42.0
771,13.0,15.0,-1.0,-27.0,3.0,25.0,55.0,1.0,11.0,41.0
772,12.0,14.0,-2.0,-28.0,2.0,24.0,54.0,0.0,12.0,42.0
773,11.0,13.0,-3.0,-27.0,3.0,25.0,53.0,-1.0,11.0,41.0
774,10.0,14.0,-4.0,-28.0,4.0,24.0,54.0,0.0,10.0,42.0
775,11.0,15.0,-5.0,-29.0,3.0,25.0,55.0,-1.0,9.0,41.0
776,12.0,14.0,-6.0,-28.0,2.0,24.0,56.0,-2.0,8.0,42.0
777,11.0,15.0,-7.0,-27.0,3.0,23.0,57.0,-3.0,9.0,43.0
778,10.0,14.0,-6.0,-26.0,2.0,22.0,58.0,-2.0,8.0,42.0
779,11.0,13.0,-5.0,-27.0,3.0,21.0,59.0,-3.0,9.0,41.0
780,10.0,14.0,-6.0,-28.0,4.0,20.0,58.0,-2.0,8.0,42.0
781,11.0,13.0,-5.0,-29.0,5.0,21.0,57.0,-1.0,7.0,43.0
782,12.0,14.0,-4.0,-28.0,6.0,22.0,58.0,0.0,8.0,44.0
783,11.0,15.0,-5.0,-27.0,5.0,21.0,59.0,-1.0,9.0,43.0
784,10.0,16.0,-6.0,-26.0,4.0,22.0,58.0,0.0,8.0,44.0
785,9.0,17.0,-5.0,-27.0,3.0,23.0,57.0,-1.0,9.0,45.0
786,8.0,18.0,-6.0,-26.0,4.0,22.0,58.0,-2.0,10.0,46.0
787,9.0,17.0,-5.0,-25.0,3.0,23.0,59.0,-3.0,11.0,47.0
788,8.0,16.0,-6.0,-26.0,2.0,22.0,60.0,-2.0,12.0,48.0
789,9.0,17.0,-7.0,-27.0,3.0,23.0,61.0,-3.0,11.0,49.0
790,10.0,18.0,-8.0,-28.0,4.0,24.0,60.0,-4.0,12.0,50.0
791,11.0,17.0,-9.0,-27.0,3.0,23.0,61.0,-3.0,11.0,51.0
792,12.0,16.0,-8.0,-28.0,4.0,22.0,62.0,-4.0,12.0,50.0
793,11.0,15.0,-9.0,-29.0,3.0,21.0,61.0,-5.0,11.0,49.0
794,10.0,16.0,-10.0,-28.0,2.0,22.0,62.0,-6.0,12.0,48.0
795,11.0,17.0,-9.0,-29.0,1.0,21.0,61.0,-5.0,13.0,49.0
796,10.0,18.0,-10.0,-28.0,0.0,22.0,60.0,-4.0,12.0,50.0
797,11.0,19.0,-11.0,-29.0,1.0,23.0,59.0,-5.0,13.0,51.0
798,12.0,18.0,-10.0,-30.0,2.0,22.0,60.0,-6.0,14.0,50.0
799,11.0,17.0,-9.0,-29.0,1.0,21.0,59.0,-5.0,15.0,49.0
800,10.0,18.0,-8.0,-30.0,2.0,22.0,58.0,-4.0,16.0,48.0
801,11.0,17.0,-7.0,-29.0,1.0,23.0,59.0,-5.0,17.0,49.0
802,10.0,18.0,-6.0,-30.0,0.0,24.0,60.0,-6.0,16.0,50.0
803,9.0,19.0,-5.0,-31.0,-1.0,25.0,61.0,-7.0,17.0,51.0
804,10.0,20.0,-4.0,-30.0,0.0,26.0,62.0,-6.0,18.0,52.0
805,9.0,19.0,-5.0,-31.0,-1.0,27.0,63.0,-5.0,19.0,53.0
806,8.0,18.0,-4.0,-30.0,0.0,26.0,62.0,-4.0,20.0,54.0
807,9.0,17.0,-5.0,-29.0,-1.0,25.0,63.0,-5.0,19.0,55.0
808,8.0,16.0,-6.0,-28.0,0.0,26.0,62.0,-6.0,18.0,56.0
809,9.0,15.0,-5.0,-29.0,-1.0,27.0,61.0,-5.0,17.0,55.0
810,8.0,16.0,-4.0,-30.0,-2.0,28.0,60.0,-6.0,18.0,56.0
811,9.0,15.0,-3.0,-29.0,-3.0,29.0,59.0,-7.0,19.0,55.0
812,10.0,14.0,-2.0,-30.0,-2.0,30.0,58.0,-6.0,18.0,56.0
813,11.0,15.0,-3.0,-31.0,-3.0,31.0,59.0,-7.0,17.0,55.0
814,12.0,14.0,-4.0,-30.0,-2.0,30.0,58.0,-6.0,16.0,54.0
815,11.0,15.0,-5.0,-31.0,-1.0,29.0,57.0,-5.0,15.0,53.0
816,10.0,14.0,-6.0,-32.0,-2.0,28.0,56.0,-6.0,14.0,52.0
817,9.0,13.0,-7.0,-33.0,-1.0,29.0,57.0,-5.0,15.0,51.0
818,10.0,14.0,-6.0,-32.0,0.0,30.0,58.0,-4.0,14.0,50.0
819,11.0,13.0,-7.0,-31.0,1.0,29.0,57.0,-3.0,15.0,49.0
820,10.0,14.0,-8.0,-30.0,0.0,30.0,56.0,-4.0,16.0,48.0
821,11.0,13.0,-7.0,-29.0,-1.0,31.0,57.0,-5.0,17.0,47.0
822,10.0,12.0,-8.0,-30.0,-2.0,30.0,56.0,-6.0,16.0,46.0
823,9.0,13.0,-9.0,-29.0,-3.0,31.0,55.0,-5.0,15.0,47.0
824,10.0,14.0,-10.0,-30.0,-2.0,32.0,54.0,-6.0,16.0,48.0
825,9.0,13.0,-11.0,-31.0,-3.0,33.0,55.0,-5.0,17.0,49.0
826,10.0,12.0,-10.0,-30.0,-4.0,34.0,56.0,-6.0,18.0,48.0
827,11.0,11.0,-9.0,-31.0,-3.0,35.0,55.0,-5.0,17.0,49.0
828,12.0,12.0,-8.0,-30.0,-2.0,36.0,54.0,-6.0,16.0,48.0
829,13.0,11.0,-7.0,-31.0,-1.0,35.0,55.0,-7.0,15.0,49.0
830,14.0,12.0,-6.0,-30.0,0.0,36.0,56.0,-8.0,14.0,48.0
831,15.0,11.0,-7.0,-29.0,1.0,35.0,55.0,-7.0,15.0,47.0
832,14.0,10.0,-6.0,-28.0,0.0,34.0,56.0,-6.0,14.0,46.0
833,13.0,11.0,-7.0,-27.0,1.0,33.0,57.0,-7.0,15.0,47.0
834,12.0,12.0,-8.0,-26.0,0.0,32.0,58.0,-8.0,16.0,46.0
835,13.0,13.0,-7.0,-25.0,1.0,33.0,59.0,-7.0,17.0,47.0
836,14.0,12.0,-6.0,-26.0,2.0,32.0,60.0,-8.0,18.0,46.0
837,13.0,11.0,-7.0,-25.0,3.0,33.0,59.0,-9.0,17.0,45.0
838,14.0,12.0,-6.0,-24.0,4.0,34.0,60.0,-8.0,18.0,46.0
839,15.0,11.0,-5.0,-25.0,5.0,33.0,61.0,-9.0,17.0,47.0
840,16.0,12.0,-4.0,-26.0,4.0,32.0,62.0,-8.0,18.0,48.0
841,15.0,11.0,-5.0,-25.0,5.0,33.0,63.0,-9.0,17.0,47.0
842,16.0,10.0,-4.0,-24.0,4.0,34.0,62.0,-10.0,18.0,46.0
843,17.0,11.0,-3.0,-23.0,5.0,35.0,63.0,-11.0,17.0,45.0
844,18.0,10.0,-2.0,-24.0,6.0,34.0,64.0,-12.0,18.0,44.0
845,17.0,11.0,-3.0,-23.0,5.0,35.0,63.0,-11.0,17.0,45.0
846,18.0,10.0,-2.0,-22.0,4.0,36.0,64.0,-12.0,18.0,46.0
847,19.0,9.0,-1.0,-23.0,5.0,35.0,65.0,-13.0,19.0,45.0
848,20.0,10.0,-2.0,-24.0,6.0,36.0,64.0,-14.0,20.0,46.0
849,21.0,11.0,-1.0,-23.0,5.0,35.0,63.0,-15.0,21.0,47.0
850,22.0,10.0,0.0,-24.0,4.0,36.0,62.0,-14.0,20.0,46.0
851,21.0,9.0,1.0,-23.0,3.0,35.0,63.0,-13.0,21.0,45.0
852,20.0,8.0,2.0,-22.0,4.0,34.0,62.0,-14.0,22.0,46.0
853,19.0,7.0,1.0,-23.0,3.0,33.0,61.0,-15.0,21.0,45.0
854,20.0,6.0,2.0,-22.0,2.0,34.0,60.0,-16.0,22.0,44.0
855,21.0,5.0,3.0,-23.0,3.0,33.0,61.0,-17.0,21.0,45.0
856,22.0,4.0,4.0,-24.0,4.0,32.0,62.0,-18.0,22.0,44.0
857,21.0,5.0,3.0,-23.0,3.0,31.0,63.0,-19.0,23.0,43.0
858,22.0,4.0,4.0,-24.0,4.0,32.0,62.0,-18.0,22.0,44.0
859,23.0,3.0,3.0,-23.0,3.0,31.0,63.0,-19.0,21.0,45.0
860,24.0,2.0,2.0,-22.0,4.0,30.0,62.0,-18.0,22.0,44.0
861,23.0,3.0,3.0,-23.0,5.0,31.0,61.0,-17.0,23.0,43.0
862,22.0,2.0,2.0,-24.0,4.0,30.0,60.0,-18.0,22.0,42.0
863,23.0,3.0,3.0,-23.0,5.0,31.0,61.0,-17.0,23.0,43.0
864,22.0,2.0,4.0,-22.0,4.0,30.0,62.0,-16.0,24.0,42.0
865,23.0,3.0,3.0,-23.0,3.0,31.0,63.0,-15.0,23.0,41.0
866,22.0,4.0,2.0,-22.0,2.0,32.0,64.0,-16.0,24.0,40.0
867,23.0,5.0,1.0,-23.0,3.0,33.0,63.0,-17.0,23.0,41.0
868,22.0,4.0,0.0,-24.0,2.0,32.0,62.0,-18.0,22.0,40.0
869,23.0,5.0,-1.0,-25.0,1.0,33.0,63.0,-17.0,21.0,39.0
870,24.0,6.0,-2.0,-26.0,2.0,34.0,64.0,-18.0,20.0,40.0
871,25.0,7.0,-3.0,-27.0,3.0,35.0,63.0,-19.0,21.0,41.0
872,26.0,6.0,-4.0,-26.0,4.0,34.0,64.0,-18.0,20.0,40.0
873,27.0,5.0,-3.0,-27.0,5.0,33.0,65.0,-19.0,21.0,41.0
874,28.0,4.0,-2.0,-28.0,6.0,34.0,64.0,-18.0,20.0,42.0
875,29.0,3.0,-1.0,-29.0,7.0,33.0,63.0,-17.0,19.0,43.0
876,28.0,2.0,0.0,-28.0,6.0,32.0,64.0,-16.0,18.0,42.0
877,29.0,3.0,1.0,-27.0,5.0,31.0,63.0,-17.0,17.0,43.0
878,30.0,4.0,2.0,-28.0,4.0,30.0,64.0,-16.0,18.0,42.0
879,29.0,3.0,1.0,-27.0,5.0,31.0,65.0,-17.0,17.0,41.0
880,30.0,2.0,2.0,-28.0,6.0,30.0,66.0,-18.0,18.0,40.0
881,29.0,3.0,3.0,-29.0,5.0,31.0,65.0,-19.0,19.0,41.0
882,28.0,4.0,2.0,-30.0,6.0,30.0,66.0,-18.0,18.0,42.0
883,27.0,3.0,1.0,-29.0,7.0,31.0,65.0,-19.0,17.0,43.0
884,26.0,2.0,2.0,-28.0,6.0,30.0,66.0,-18.0,18.0,42.0
885,25.0,3.0,1.0,-27.0,5.0,31.0,67.0,-19.0,19.0,41.0
886,26.0,4.0,0.0,-28.0,6.0,32.0,66.0,-20.0,18.0,42.0
887,25.0,5.0,-1.0,-29.0,7.0,31.0,67.0,-19.0,17.0,43.0
888,24.0,4.0,0.0,-28.0,8.0,30.0,66.0,-20.0,18.0,44.0
889,25.0,3.0,1.0,-27.0,7.0,31.0,67.0,-21.0,19.0,45.0
890,26.0,4.0,2.0,-26.0,8.0,32.0,68.0,-22.0,18.0,44.0
891,27.0,3.0,1.0,-25.0,7.0,31.0,69.0,-21.0,17.0,45.0
892,28.0,4.0,2.0,-24.0,6.0,30.0,68.0,-22.0,16.0,46.0
893,27.0,5.0,1.0,-23.0,7.0,29.0,69.0,-23.0,17.0,47.0
894,26.0,4.0,0.0,-22.0,8.0,30.0,70.0,-24.0,16.0,46.0
895,27.0,5.0,-1.0,-23.0,7.0,31.0,71.0,-23.0,15.0,45.0
896,26.0,4.0,-2.0,-24.0,6.0,30.0,70.0,-24.0,14.0,44.0
897,27.0,3.0,-3.0,-23.0,7.0,29.0,69.0,-23.0,15.0,43.0
898,28.0,4.0,-2.0,-22.0,8.0,28.0,68.0,-24.0,14.0,42.0
899,27.0,5.0,-3.0,-21.0,7.0,29.0,67.0,-23.0,15.0,41.0
900,28.0,4.0,-2.0,-22.0,8.0,28.0,68.0,-24.0,16.0,40.0
901,29.0,3.0,-1.0,-23.0,7.0,29.0,67.0,-23.0,17.0,39.0
902,30.0,4.0,0.0,-22.0,8.0,30.0,68.0,-22.0,18.0,40.0
903,31.0,3.0,1.0,-21.0,7.0,31.0,69.0,-23.0,19.0,39.0
904,30.0,2.0,2.0,-20.0,6.0,30.0,70.0,-22.0,18.0,38.0
905,29.0,1.0,1.0,-21.0,7.0,31.0,71.0,-21.0,17.0,37.0
906,30.0,0.0,2.0,-20.0,6.0,32.0,72.0,-22.0,18.0,38.0
907,31.0,1.0,3.0,-21.0,5.0,31.0,71.0,-21.0,19.0,39.0
908,30.0,0.0,2.0,-22.0,4.0,30.0,70.0,-22.0,18.0,38.0
909,31.0,-1.0,3.0,-23.0,5.0,29.0,71.0,-23.0,17.0,39.0
910,30.0,-2.0,4.0,-22.0,4.0,28.0,72.0,-22.0,16.0,38.0
911,29.0,-3.0,3.0,-23.0,3.0,27.0,71.0,-23.0,15.0,37.0
912,28.0,-2.0,2.0,-24.0,4.0,26.0,72.0,-22.0,14.0,38.0
913,29.0,-1.0,1.0,-25.0,5.0,27.0,71.0,-23.0,15.0,39.0
914,28.0,0.0,0.0,-24.0,4.0,28.0,72.0,-24.0,16.0,38.0
915,29.0,-1.0,-1.0,-23.0,3.0,27.0,73.0,-23.0,15.0,39.0
916,28.0,0.0,0.0,-24.0,2.0,28.0,74.0,-24.0,14.0,40.0
917,29.0,-1.0,1.0,-25.0,1.0,29.0,73.0,-23.0,13.0,39.0
918,30.0,-2.0,2.0,-26.0,0.0,30.0,72.0,-22.0,14.0,38.0
919,29.0,-1.0,1.0,-25.0,1.0,29.0,73.0,-23.0,15.0,39.0
920,30.0,-2.0,2.0,-26.0,0.0,30.0,72.0,-22.0,16.0,38.0
921,31.0,-1.0,1.0,-27.0,-1.0,31.0,73.0,-21.0,15.0,37.0
922,30.0,0.0,0.0,-26.0,-2.0,32.0,74.0,-22.0,16.0,36.0
923,29.0,-1.0,1.0,-25.0,-1.0,31.0,73.0,-21.0,17.0,37.0
924,30.0,-2.0,0.0,-24.0,0.0,30.0,72.0,-20.0,18.0,36.0
925,31.0,-1.0,1.0,-23.0,1.0,31.0,73.0,-19.0,19.0,37.0
926,32.0,-2.0,2.0,-24.0,2.0,30.0,74.0,-20.0,18.0,38.0
927,33.0,-3.0,3.0,-23.0,1.0,31.0,75.0,-21.0,19.0,39.0
928,32.0,-4.0,4.0,-22.0,2.0,30.0,74.0,-20.0,20.0,40.0
929,33.0,-5.0,5.0,-23.0,3.0,29.0,75.0,-21.0,21.0,39.0
930,34.0,-6.0,6.0,-24.0,4.0,28.0,76.0,-22.0,20.0,40.0
931,35.0,-5.0,7.0,-23.0,5.0,27.0,75.0,-23.0,19.0,39.0
932,34.0,-6.0,6.0,-24.0,4.0,26.0,74.0,-24.0,18.0,40.0
933,33.0,-5.0,5.0,-23.0,5.0,25.0,75.0,-25.0,17.0,41.0
934,32.0,-6.0,4.0,-24.0,4.0,24.0,74.0,-26.0,16.0,40.0
935,33.0,-5.0,5.0,-23.0,5.0,25.0,75.0,-25.0,17.0,41.0
936,32.0,-4.0,6.0,-24.0,4.0,26.0,76.0,-26.0,16.0,42.0
937,31.0,-3.0,5.0,-23.0,3.0,27.0,75.0,-25.0,15.0,43.0
938,32.0,-2.0,6.0,-22.0,2.0,26.0,74.0,-26.0,16.0,44.0
939,31.0,-3.0,7.0,-21.0,1.0,25.0,75.0,-25.0,17.0,43.0
940,30.0,-2.0,8.0,-22.0,2.0,26.0,74.0,-24.0,18.0,42.0
941,31.0,-1.0,7.0,-23.0,3.0,27.0,73.0,-25.0,19.0,43.0
942,30.0,0.0,6.0,-22.0,2.0,28.0,72.0,-24.0,18.0,44.0
943,31.0,1.0,7.0,-23.0,1.0,27.0,73.0,-23.0,19.0,43.0
944,32.0,0.0,8.0,-24.0,2.0,28.0,72.0,-22.0,18.0,44.0
945,33.0,1.0,7.0,-25.0,3.0,29.0,71.0,-23.0,19.0,45.0
946,32.0,2.0,6.0,-24.0,4.0,28.0,72.0,-24.0,18.0,46.0
947,31.0,1.0,5.0,-23.0,5.0,29.0,73.0,-25.0,17.0,45.0
948,30.0,2.0,4.0,-24.0,6.0,28.0,72.0,-24.0,16.0,44.0
949,29.0,3.0,3.0,-23.0,5.0,27.0,73.0,-25.0,17.0,43.0
950,30.0,2.0,4.0,-24.0,4.0,28.0,72.0,-24.0,18.0,42.0
951,29.0,1.0,5.0,-23.0,5.0,27.0,71.0,-23.0,19.0,43.0
952,30.0,0.0,6.0,-24.0,6.0,26.0,72.0,-24.0,20.0,42.0
953,29.0,1.0,5.0,-23.0,5.0,27.0,71.0,-25.0,21.0,41.0
954,30.0,0.0,4.0,-22.0,6.0,26.0,70.0,-24.0,22.0,40.0
955,31.0,-1.0,5.0,-23.0,7.0,25.0,71.0,-23.0,21.0,41.0
956,32.0,0.0,4.0,-24.0,6.0,26.0,72.0,-24.0,20.0,40.0
957,31.0,1.0,5.0,-25.0,7.0,27.0,71.0,-23.0,21.0,39.0
958,30.0,2.0,6.0,-26.0,6.0,28.0,72.0,-24.0,22.0,40.0
959,29.0,1.0,5.0,-27.0,5.0,29.0,73.0,-23.0,23.0,41.0
960,30.0,2.0,4.0,-28.0,4.0,30.0,74.0,-24.0,22.0,40.0
961,31.0,1.0,5.0,-29.0,5.0,29.0,75.0,-25.0,23.0,39.0
962,32.0,2.0,6.0,-28.0,6.0,30.0,76.0,-24.0,24.0,40.0
963,33.0,3.0,5.0,-29.0,7.0,31.0,75.0,-25.0,25.0,41.0
964,34.0,4.0,6.0,-28.0,8.0,32.0,76.0,-24.0,26.0,42.0
965,33.0,3.0,5.0,-29.0,7.0,31.0,75.0,-25.0,25.0,41.0
966,34.0,2.0,6.0,-28.0,6.0,32.0,76.0,-26.0,26.0,42.0
967,35.0,3.0,5.0,-29.0,5.0,33.0,77.0,-27.0,25.0,41.0
968,34.0,4.0,4.0,-28.0,4.0,34.0,76.0,-26.0,24.0,42.0
969,33.0,5.0,3.0,-27.0,3.0,35.0,77.0,-27.0,25.0,41.0
970,34.0,4.0,2.0,-26.0,2.0,34.0,78.0,-26.0,24.0,42.0
971,33.0,5.0,1.0,-25.0,1.0,35.0,77.0,-25.0,23.0,43.0
972,34.0,4.0,0.0,-24.0,0.0,34.0,78.0,-26.0,22.0,44.0
973,33.0,5.0,1.0,-25.0,-1.0,35.0,79.0,-27.0,21.0,45.0
974,32.0,4.0,0.0,-24.0,0.0,36.0,80.0,-28.0,20.0,44.0
975,33.0,5.0,-1.0,-25.0,1.0,37.0,81.0,-29.0,19.0,45.0
976,32.0,4.0,0.0,-24.0,0.0,36.0,82.0,-28.0,18.0,44.0
977,33.0,3.0,-1.0,-23.0,1.0,35.0,81.0,-27.0,19.0,43.0
978,34.0,2.0,-2.0,-22.0,0.0,34.0,82.0,-26.0,18.0,44.0
979,35.0,1.0,-1.0,-23.0,-1.0,35.0,81.0,-25.0,19.0,43.0
980,36.0,2.0,0.0,-24.0,-2.0,34.0,82.0,-24.0,20.0,42.0
981,35.0,1.0,-1.0,-25.0,-3.0,33.0,81.0,-23.0,21.0,43.0
982,36.0,2.0,0.0,-24.0,-2.0,34.0,82.0,-22.0,22.0,44.0
983,35.0,1.0,-1.0,-25.0,-1.0,35.0,83.0,-21.0,23.0,43.0
984,34.0,2.0,0.0,-26.0,-2.0,36.0,84.0,-22.0,22.0,44.0
985,35.0,3.0,1.0,-27.0,-3.0,35.0,83.0,-21.0,23.0,45.0
986,36.0,4.0,2.0,-26.0,-2.0,36.0,84.0,-20.0,22.0,44.0
987,37.0,3.0,1.0,-25.0,-3.0,35.0,85.0,-19.0,21.0,45.0
988,38.0,2.0,2.0,-26.0,-2.0,34.0,86.0,-20.0,22.0,44.0
989,39.0,1.0,3.0,-27.0,-3.0,35.0,85.0,-19.0,21.0,43.0
990,40.0,0.0,2.0,-26.0,-4.0,34.0,86.0,-18.0,20.0,44.0
991,39.0,1.0,1.0,-25.0,-3.0,33.0,87.0,-19.0,19.0,45.0
992,40.0,2.0,2.0,-24.0,-2.0,34.0,88.0,-18.0,20.0,44.0
993,41.0,1.0,3.0,-25.0,-1.0,33.0,89.0,-19.0,21.0,43.0
994,42.0,2.0,4.0,-24.0,0.0,34.0,90.0,-18.0,22.0,44.0
995,41.0,3.0,5.0,-25.0,-1.0,35.0,89.0,-19.0,23.0,45.0
996,42.0,2.0,6.0,-26.0,-2.0,36.0,88.0,-18.0,24.0,44.0
997,41.0,3.0,5.0,-25.0,-3.0,37.0,87.0,-17.0,23.0,45.0
998,42.0,2.0,6.0,-26.0,-2.0,36.0,88.0,-18.0,24.0,44.0
999,43.0,1.0,7.0,-27.0,-1.0,37.0,87.0,-17.0,23.0,45.0
1000,42.0,2.0,6.0,-28.0,0.0,36.0,86.0,-16.0,22.0,44.0
1001,41.0,1.0,5.0,-29.0,-1.0,35.0,85.0,-17.0,23.0,45.0
1002,40.0,2.0,4.0,-28.0,-2.0,36.0,84.0,-16.0,22.0,46.0
1003,39.0,1.0,3.0,-29.0,-1.0,37.0,85.0,-15.0,21.0,45.0
1004,38.0,0.0,2.0,-30.0,0.0,38.0,86.0,-14.0,22.0,44.0
1005,37.0,1.0,1.0,-31.0,1.0,37.0,87.0,-13.0,21.0,45.0
1006,36.0,0.0,2.0,-30.0,2.0,36.0,86.0,-14.0,22.0,46.0
1007,35.0,1.0,3.0,-31.0,1.0,37.0,87.0,-15.0,23.0,47.0
1008,36.0,0.0,4.0,-32.0,0.0,38.0,86.0,-14.0,24.0,46.0
1009,35.0,1.0,5.0,-33.0,1.0,39.0,85.0,-15.0,25.0,45.0
1010,34.0,0.0,4.0,-34.0,0.0,38.0,84.0,-14.0,26.0,46.0
1011,35.0,-1.0,5.0,-35.0,1.0,37.0,85.0,-15.0,27.0,45.0
1012,36.0,-2.0,6.0,-36.0,2.0,36.0,86.0,-16.0,28.0,44.0
1013,35.0,-3.0,7.0,-35.0,1.0,35.0,87.0,-15.0,27.0,43.0
1014,34.0,-4.0,6.0,-36.0,0.0,34.0,86.0,-16.0,26.0,42.0
1015,35.0,-5.0,7.0,-37.0,1.0,35.0,85.0,-15.0,25.0,43.0
1016,36.0,-4.0,8.0,-38.0,0.0,34.0,86.0,-14.0,26.0,42.0
1017,37.0,-5.0,9.0,-39.0,1.0,33.0,87.0,-15.0,27.0,41.0
1018,38.0,-4.0,10.0,-38.0,2.0,34.0,88.0,-14.0,28.0,42.0
1019,37.0,-5.0,9.0,-39.0,1.0,33.0,87.0,-15.0,27.0,41.0
1020,38.0,-6.0,10.0,-40.0,0.0,34.0,86.0,-14.0,28.0,40.0
1021,39.0,-7.0,9.0,-39.0,-1.0,33.0,87.0,-13.0,27.0,41.0
1022,40.0,-8.0,10.0,-38.0,-2.0,34.0,86.0,-14.0,28.0,40.0
1023,39.0,-9.0,9.0,-39.0,-3.0,33.0,85.0,-15.0,29.0,41.0
1024,38.0,-10.0,8.0,-40.0,-4.0,32.0,84.0,-16.0,28.0,40.0
1025,37.0,-11.0,7.0,-41.0,-5.0,31.0,83.0,-17.0,27.0,39.0
1026,38.0,-12.0,6.0,-40.0,-4.0,30.0,84.0,-16.0,26.0,38.0
1027,39.0,-11.0,7.0,-39.0,-3.0,31.0,85.0,-15.0,27.0,39.0
1028,40.0,-10.0,6.0,-40.0,-2.0,32.0,86.0,-16.0,26.0,40.0
1029,41.0,-11.0,7.0,-41.0,-1.0,31.0,87.0,-17.0,27.0,39.0
1030,42.0,-12.0,8.0,-40.0,-2.0,32.0,88.0,-18.0,28.0,40.0
1031,43.0,-11.0,7.0,-41.0,-3.0,33.0,89.0,-19.0,27.0,39.0
1032,42.0,-12.0,6.0,-42.0,-4.0,34.0,90.0,-18.0,28.0,40.0
1033,43.0,-13.0,5.0,-41.0,-3.0,33.0,89.0,-17.0,27.0,39.0
1034,44.0,-14.0,6.0,-42.0,-2.0,32.0,90.0,-18.0,28.0,38.0
1035,45.0,-15.0,7.0,-43.0,-1.0,31.0,89.0,-17.0,27.0,39.0
1036,44.0,-16.0,6.0,-44.0,0.0,32.0,90.0,-16.0,28.0,38.0
1037,45.0,-17.0,7.0,-45.0,1.0,31.0,91.0,-15.0,27.0,39.0
1038,44.0,-16.0,6.0,-44.0,0.0,32.0,90.0,-14.0,26.0,38.0
1039,43.0,-15.0,5.0,-45.0,1.0,31.0,91.0,-13.0,25.0,39.0
1040,42.0,-14.0,4.0,-44.0,0.0,32.0,90.0,-12.0,24.0,40.0
1041,41.0,-13.0,5.0,-45.0,-1.0,33.0,89.0,-13.0,25.0,41.0
1042,40.0,-14.0,4.0,-46.0,-2.0,32.0,88.0,-12.0,26.0,42.0
1043,39.0,-13.0,5.0,-47.0,-1.0,33.0,87.0,-13.0,27.0,41.0
1044,38.0,-14.0,4.0,-48.0,-2.0,32.0,86.0,-14.0,26.0,40.0
1045,37.0,-15.0,3.0,-47.0,-1.0,33.0,85.0,-15.0,25.0,41.0
1046,38.0,-16.0,2.0,-46.0,-2.0,32.0,86.0,-14.0,24.0,42.0
1047,39.0,-15.0,1.0,-47.0,-3.0,33.0,87.0,-15.0,23.0,41.0
1048,38.0,-16.0,0.0,-48.0,-2.0,34.0,88.0,-14.0,22.0,40.0
1049,39.0,-15.0,1.0,-47.0,-1.0,35.0,89.0,-13.0,23.0,41.0
1050,38.0,-16.0,0.0,-48.0,-2.0,34.0,88.0,-14.0,22.0,40.0
1051,37.0,-17.0,-1.0,-49.0,-1.0,35.0,89.0,-13.0,23.0,39.0
1052,36.0,-18.0,-2.0,-50.0,-2.0,34.0,88.0,-12.0,24.0,40.0
1053,35.0,-17.0,-3.0,-49.0,-3.0,33.0,89.0,-13.0,25.0,39.0
1054,34.0,-18.0,-4.0,-50.0,-4.0,32.0,90.0,-12.0,26.0,40.0
1055,33.0,-17.0,-5.0,-49.0,-5.0,33.0,89.0,-11.0,25.0,41.0
1056,32.0,-16.0,-6.0,-50.0,-4.0,32.0,88.0,-10.0,24.0,42.0
1057,33.0,-15.0,-5.0,-49.0,-5.0,31.0,87.0,-11.0,23.0,43.0
1058,32.0,-16.0,-6.0,-50.0,-4.0,32.0,88.0,-10.0,22.0,42.0
1059,31.0,-17.0,-5.0,-49.0,-5.0,31.0,89.0,-9.0,21.0,41.0
1060,30.0,-16.0,-6.0,-50.0,-4.0,30.0,90.0,-8.0,20.0,42.0
1061,31.0,-17.0,-5.0,-51.0,-3.0,29.0,89.0,-7.0,19.0,43.0
1062,32.0,-16.0,-4.0,-50.0,-2.0,30.0,90.0,-6.0,20.0,44.0
1063,33.0,-15.0,-3.0,-49.0,-1.0,31.0,91.0,-5.0,21.0,45.0
1064,34.0,-16.0,-2.0,-50.0,-2.0,32.0,90.0,-4.0,22.0,44.0
1065,33.0,-17.0,-3.0,-51.0,-3.0,31.0,89.0,-3.0,23.0,45.0
1066,32.0,-18.0,-4.0,-52.0,-4.0,30.0,88.0,-4.0,22.0,44.0
1067,33.0,-17.0,-3.0,-51.0,-3.0,31.0,87.0,-5.0,21.0,43.0
1068,32.0,-16.0,-4.0,-50.0,-2.0,30.0,88.0,-6.0,20.0,44.0
1069,33.0,-15.0,-5.0,-51.0,-1.0,31.0,87.0,-7.0,21.0,45.0
1070,32.0,-14.0,-6.0,-52.0,0.0,30.0,88.0,-6.0,20.0,46.0
1071,31.0,-15.0,-5.0,-51.0,-1.0,29.0,87.0,-5.0,21.0,45.0
1072,30.0,-16.0,-6.0,-52.0,-2.0,30.0,88.0,-4.0,22.0,46.0
1073,29.0,-17.0,-7.0,-53.0,-3.0,29.0,87.0,-5.0,21.0,45.0
1074,28.0,-18.0,-8.0,-54.0,-2.0,30.0,88.0,-4.0,22.0,44.0
1075,27.0,-19.0,-9.0,-53.0,-1.0,31.0,87.0,-5.0,21.0,43.0
1076,26.0,-20.0,-10.0,-54.0,-2.0,30.0,88.0,-4.0,22.0,44.0
1077,25.0,-21.0,-11.0,-55.0,-3.0,29.0,87.0,-5.0,23.0,45.0
1078,26.0,-22.0,-10.0,-56.0,-2.0,28.0,88.0,-6.0,24.0,44.0
1079,27.0,-21.0,-9.0,-55.0,-1.0,29.0,89.0,-5.0,25.0,45.0
1080,28.0,-20.0,-8.0,-56.0,-2.0,28.0,90.0,-4.0,26.0,46.0
1081,29.0,-21.0,-7.0,-57.0,-1.0,27.0,91.0,-5.0,27.0,45.0
1082,30.0,-20.0,-8.0,-58.0,-2.0,28.0,92.0,-4.0,26.0,44.0
1083,29.0,-19.0,-9.0,-57.0,-3.0,27.0,93.0,-5.0,27.0,43.0
1084,30.0,-18.0,-8.0,-58.0,-4.0,26.0,94.0,-4.0,28.0,44.0
1085,29.0,-19.0,-9.0,-59.0,-3.0,27.0,95.0,-3.0,27.0,43.0
1086,28.0,-18.0,-10.0,-58.0,-4.0,28.0,96.0,-4.0,28.0,42.0
1087,29.0,-19.0,-11.0,-57.0,-3.0,27.0,95.0,-3.0,29.0,41.0
1088,30.0,-18.0,-10.0,-56.0,-2.0,28.0,96.0,-4.0,28.0,40.0
1089,31.0,-17.0,-11.0,-57.0,-1.0,29.0,95.0,-5.0,29.0,41.0
1090,32.0,-16.0,-10.0,-56.0,0.0,30.0,96.0,-6.0,28.0,40.0
1091,31.0,-17.0,-11.0,-55.0,1.0,31.0,97.0,-7.0,27.0,39.0
1092,30.0,-16.0,-12.0,-56.0,2.0,30.0,96.0,-6.0,26.0,38.0
1093,29.0,-15.0,-13.0,-55.0,1.0,31.0,95.0,-5.0,25.0,39.0
1094,28.0,-16.0,-14.0,-54.0,2.0,32.0,94.0,-6.0,24.0,40.0
1095,27.0,-17.0,-13.0,-53.0,3.0,31.0,93.0,-7.0,25.0,41.0
1096,26.0,-18.0,-14.0,-54.0,2.0,30.0,92.0,-8.0,24.0,40.0
1097,27.0,-17.0,-15.0,-55.0,3.0,31.0,91.0,-9.0,25.0,41.0
1098,28.0,-16.0,-14.0,-54.0,2.0,30.0,90.0,-10.0,26.0,42.0
1099,27.0,-15.0,-13.0,-55.0,1.0,31.0,91.0,-11.0,25.0,43.0
1100,28.0,-14.0,-12.0,-54.0,2.0,32.0,92.0,-10.0,26.0,44.0
1101,29.0,-13.0,-13.0,-55.0,3.0,33.0,91.0,-11.0,25.0,45.0
1102,30.0,-12.0,-12.0,-54.0,4.0,34.0,92.0,-10.0,26.0,46.0
1103,29.0,-11.0,-11.0,-55.0,3.0,35.0,93.0,-11.0,25.0,47.0
1104,30.0,-10.0,-10.0,-54.0,4.0,36.0,94.0,-10.0,26.0,48.0
1105,31.0,-9.0,-11.0,-55.0,5.0,37.0,93.0,-11.0,27.0,49.0
1106,32.0,-8.0,-12.0,-56.0,4.0,38.0,94.0,-10.0,26.0,48.0
1107,33.0,-9.0,-11.0,-57.0,5.0,37.0,95.0,-11.0,27.0,47.0
1108,34.0,-10.0,-10.0,-58.0,6.0,36.0,96.0,-12.0,28.0,46.0
1109,35.0,-11.0,-9.0,-59.0,5.0,37.0,95.0,-11.0,27.0,45.0
1110,34.0,-12.0,-10.0,-58.0,6.0,38.0,96.0,-12.0,26.0,44.0
1111,33.0,-13.0,-9.0,-57.0,7.0,37.0,95.0,-13.0,27.0,45.0
1112,32.0,-14.0,-10.0,-58.0,6.0,36.0,94.0,-14.0,26.0,44.0
1113,31.0,-15.0,-11.0,-59.0,5.0,35.0,93.0,-15.0,25.0,45.0
1114,32.0,-14.0,-12.0,-60.0,4.0,36.0,94.0,-14.0,24.0,44.0
1115,33.0,-15.0,-11.0,-61.0,5.0,35.0,95.0,-15.0,25.0,43.0
1116,32.0,-16.0,-12.0,-60.0,6.0,36.0,94.0,-16.0,24.0,44.0
1117,33.0,-17.0,-11.0,-59.0,5.0,37.0,95.0,-17.0,25.0,45.0
1118,34.0,-18.0,-10.0,-60.0,6.0,36.0,96.0,-18.0,26.0,44.0
1119,35.0,-17.0,-9.0,-59.0,5.0,35.0,95.0,-19.0,25.0,45.0
1120,36.0,-18.0,-10.0,-58.0,4.0,34.0,96.0,-18.0,24.0,46.0
1121,35.0,-19.0,-11.0,-59.0,5.0,35.0,97.0,-17.0,25.0,45.0
1122,34.0,-20.0,-12.0,-58.0,6.0,36.0,98.0,-18.0,24.0,44.0
1123,35.0,-19.0,-11.0,-59.0,5.0,35.0,97.0,-17.0,25.0,45.0
1124,34.0,-20.0,-10.0,-58.0,4.0,34.0,96.0,-16.0,26.0,44.0
1125,35.0,-19.0,-9.0,-57.0,5.0,35.0,97.0,-15.0,27.0,45.0
1126,34.0,-20.0,-10.0,-56.0,6.0,36.0,96.0,-16.0,26.0,46.0
1127,35.0,-21.0,-11.0,-55.0,7.0,35.0,95.0,-15.0,25.0,45.0
1128,34.0,-20.0,-10.0,-56.0,8.0,36.0,94.0,-14.0,26.0,44.0
1129,35.0,-21.0,-9.0,-55.0,7.0,37.0,93.0,-15.0,27.0,43.0
1130,36.0,-22.0,-8.0,-56.0,8.0,36.0,94.0,-16.0,28.0,42.0
1131,35.0,-23.0,-9.0,-57.0,7.0,37.0,95.0,-15.0,29.0,43.0
1132,34.0,-24.0,-10.0,-58.0,6.0,36.0,94.0,-16.0,28.0,44.0
1133,35.0,-25.0,-9.0,-59.0,5.0,37.0,93.0,-15.0,29.0,43.0
1134,36.0,-24.0,-8.0,-58.0,6.0,38.0,92.0,-16.0,28.0,42.0
1135,35.0,-23.0,-9.0,-59.0,7.0,37.0,91.0,-15.0,27.0,43.0
1136,34.0,-22.0,-10.0,-60.0,8.0,36.0,92.0,-14.0,26.0,44.0
1137,33.0,-23.0,-9.0,-59.0,9.0,35.0,91.0,-15.0,27.0,45.0
1138,34.0,-24.0,-10.0,-58.0,8.0,34.0,92.0,-14.0,26.0,46.0
1139,33.0,-23.0,-9.0,-59.0,9.0,35.0,91.0,-13.0,27.0,45.0
1140,32.0,-24.0,-10.0,-58.0,10.0,36.0,92.0,-14.0,26.0,44.0
1141,33.0,-25.0,-11.0,-57.0,9.0,35.0,93.0,-15.0,25.0,45.0
1142,34.0,-26.0,-10.0,-58.0,8.0,36.0,92.0,-14.0,24.0,44.0
1143,35.0,-25.0,-9.0,-57.0,9.0,37.0,93.0,-13.0,25.0,45.0
1144,34.0,-26.0,-10.0,-58.0,10.0,38.0,94.0,-12.0,24.0,44.0
1145,33.0,-27.0,-9.0,-57.0,9.0,37.0,95.0,-11.0,25.0,43.0
1146,32.0,-28.0,-8.0,-56.0,8.0,36.0,94.0,-10.0,26.0,42.0
1147,31.0,-27.0,-9.0,-55.0,7.0,37.0,93.0,-9.0,27.0,41.0
1148,30.0,-28.0,-10.0,-54.0,8.0,38.0,94.0,-10.0,26.0,40.0
1149,29.0,-27.0,-11.0,-55.0,9.0,37.0,95.0,-9.0,25.0,41.0
1150,30.0,-26.0,-10.0,-56.0,8.0,36.0,96.0,-8.0,26.0,40.0
1151,29.0,-25.0,-11.0,-57.0,9.0,35.0,95.0,-7.0,25.0,41.0
1152,30.0,-26.0,-10.0,-58.0,10.0,34.0,96.0,-8.0,26.0,40.0
1153,31.0,-27.0,-9.0,-59.0,11.0,35.0,95.0,-7.0,25.0,41.0
1154,32.0,-26.0,-8.0,-58.0,12.0,36.0,96.0,-6.0,26.0,42.0
1155,31.0,-25.0,-9.0,-57.0,11.0,37.0,97.0,-7.0,27.0,41.0
1156,30.0,-26.0,-10.0,-56.0,12.0,38.0,96.0,-8.0,26.0,42.0
1157,31.0,-27.0,-11.0,-55.0,13.0,37.0,95.0,-7.0,27.0,41.0
1158,32.0,-26.0,-12.0,-56.0,12.0,38.0,96.0,-6.0,26.0,40.0
1159,31.0,-25.0,-11.0,-57.0,13.0,39.0,95.0,-7.0,27.0,39.0
1160,30.0,-26.0,-12.0,-58.0,12.0,38.0,94.0,-8.0,26.0,38.0
1161,29.0,-25.0,-13.0,-57.0,11.0,39.0,95.0,-9.0,27.0,37.0
1162,28.0,-24.0,-14.0,-58.0,12.0,38.0,94.0,-8.0,26.0,36.0
1163,27.0,-23.0,-13.0,-59.0,11.0,39.0,95.0,-9.0,25.0,37.0
1164,26.0,-24.0,-12.0,-58.0,10.0,38.0,96.0,-8.0,24.0,36.0
1165,25.0,-23.0,-13.0,-57.0,9.0,39.0,95.0,-7.0,23.0,35.0
1166,24.0,-22.0,-12.0,-58.0,8.0,40.0,94.0,-8.0,24.0,36.0
1167,25.0,-23.0,-13.0,-57.0,7.0,39.0,95.0,-9.0,23.0,37.0
1168,26.0,-24.0,-12.0,-56.0,6.0,40.0,96.0,-10.0,24.0,38.0
1169,25.0,-23.0,-11.0,-57.0,7.0,41.0,95.0,-9.0,25.0,37.0
1170,24.0,-22.0,-12.0,-56.0,6.0,42.0,94.0,-8.0,24.0,38.0
1171,23.0,-23.0,-13.0,-55.0,7.0,43.0,93.0,-9.0,23.0,37.0
1172,22.0,-24.0,-14.0,-54.0,8.0,44.0,92.0,-10.0,22.0,38.0
1173,21.0,-25.0,-13.0,-53.0,9.0,43.0,91.0,-11.0,23.0,39.0
1174,20.0,-26.0,-14.0,-54.0,10.0,44.0,92.0,-10.0,22.0,38.0
1175,21.0,-27.0,-13.0,-55.0,9.0,45.0,91.0,-9.0,23.0,37.0
1176,20.0,-28.0,-14.0,-54.0,10.0,46.0,90.0,-10.0,22.0,36.0
1177,21.0,-27.0,-13.0,-53.0,11.0,47.0,89.0,-11.0,21.0,35.0
1178,20.0,-28.0,-12.0,-52.0,12.0,46.0,88.0,-12.0,22.0,36.0
1179,21.0,-27.0,-13.0,-53.0,13.0,47.0,87.0,-13.0,23.0,37.0
1180,20.0,-26.0,-14.0,-52.0,12.0,48.0,86.0,-12.0,22.0,38.0
1181,19.0,-27.0,-15.0,-51.0,13.0,49.0,85.0,-13.0,21.0,37.0
1182,18.0,-26.0,-16.0,-50.0,12.0,50.0,84.0,-12.0,20.0,38.0
1183,17.0,-25.0,-15.0,-51.0,13.0,51.0,83.0,-13.0,21.0,37.0
1184,16.0,-26.0,-16.0,-50.0,14.0,52.0,82.0,-14.0,20.0,36.0
1185,15.0,-27.0,-15.0,-49.0,13.0,51.0,83.0,-13.0,21.0,35.0
1186,16.0,-26.0,-16.0,-50.0,14.0,52.0,82.0,-14.0,22.0,36.0
1187,15.0,-27.0,-17.0,-51.0,15.0,53.0,83.0,-13.0,21.0,35.0
1188,16.0,-28.0,-18.0,-50.0,16.0,52.0,84.0,-12.0,20.0,34.0
1189,17.0,-27.0,-19.0,-51.0,17.0,53.0,83.0,-13.0,21.0,35.0
1190,18.0,-26.0,-18.0,-50.0,18.0,54.0,82.0,-14.0,20.0,34.0
1191,19.0,-27.0,-17.0,-49.0,17.0,55.0,81.0,-15.0,21.0,33.0
1192,20.0,-28.0,-18.0,-48.0,16.0,54.0,82.0,-16.0,20.0,34.0
1193,19.0,-29.0,-19.0,-49.0,15.0,53.0,81.0,-17.0,19.0,33.0
1194,18.0,-28.0,-20.0,-48.0,14.0,54.0,80.0,-16.0,18.0,34.0
1195,19.0,-29.0,-19.0,-49.0,13.0,55.0,79.0,-15.0,19.0,33.0
1196,18.0,-28.0,-20.0,-48.0,12.0,56.0,80.0,-16.0,20.0,32.0
1197,17.0,-27.0,-21.0,-49.0,13.0,55.0,81.0,-15.0,19.0,33.0
1198,18.0,-26.0,-20.0,-48.0,14.0,56.0,82.0,-14.0,18.0,32.0
1199,17.0,-27.0,-21.0,-49.0,13.0,55.0,81.0,-15.0,17.0,33.0
1200,16.0,-28.0,-22.0,-50.0,12.0,54.0,80.0,-16.0,18.0,34.0
1201,15.0,-29.0,-23.0,-51.0,11.0,53.0,81.0,-15.0,19.0,35.0
1202,14.0,-30.0,-24.0,-50.0,12.0,54.0,82.0,-16.0,18.0,34.0
1203,15.0,-31.0,-23.0,-51.0,13.0,53.0,81.0,-15.0,17.0,35.0
1204,16.0,-32.0,-22.0,-50.0,12.0,54.0,82.0,-16.0,18.0,36.0
1205,17.0,-33.0,-23.0,-49.0,11.0,53.0,83.0,-15.0,17.0,37.0
1206,18.0,-32.0,-22.0,-48.0,12.0,54.0,84.0,-14.0,18.0,36.0
1207,17.0,-31.0,-23.0,-47.0,11.0,55.0,83.0,-13.0,17.0,37.0
1208,18.0,-32.0,-24.0,-46.0,12.0,54.0,82.0,-12.0,18.0,36.0
1209,17.0,-31.0,-25.0,-47.0,13.0,53.0,81.0,-11.0,17.0,35.0
1210,16.0,-32.0,-26.0,-48.0,12.0,54.0,82.0,-10.0,18.0,36.0
1211,15.0,-31.0,-27.0,-49.0,13.0,53.0,83.0,-9.0,17.0,37.0
1212,16.0,-30.0,-26.0,-48.0,14.0,54.0,84.0,-8.0,18.0,38.0
1213,15.0,-31.0,-27.0,-47.0,15.0,55.0,85.0,-9.0,17.0,37.0
1214,14.0,-32.0,-26.0,-46.0,14.0,54.0,84.0,-8.0,18.0,36.0
1215,13.0,-31.0,-27.0,-45.0,13.0,53.0,85.0,-9.0,19.0,35.0
1216,14.0,-32.0,-26.0,-46.0,14.0,52.0,86.0,-10.0,20.0,34.0
1217,15.0,-33.0,-27.0,-45.0,15.0,51.0,85.0,-9.0,19.0,33.0
1218,14.0,-34.0,-26.0,-44.0,14.0,50.0,84.0,-8.0,20.0,32.0
1219,13.0,-33.0,-27.0,-43.0,15.0,49.0,85.0,-9.0,21.0,33.0
1220,12.0,-34.0,-28.0,-44.0,14.0,48.0,84.0,-10.0,20.0,34.0
1221,13.0,-35.0,-29.0,-43.0,15.0,47.0,83.0,-9.0,21.0,33.0
1222,12.0,-34.0,-28.0,-44.0,14.0,48.0,84.0,-10.0,20.0,34.0
1223,13.0,-35.0,-27.0,-45.0,15.0,47.0,83.0,-9.0,19.0,35.0
1224,14.0,-36.0,-28.0,-44.0,16.0,46.0,82.0,-8.0,20.0,34.0
1225,13.0,-35.0,-29.0,-43.0,15.0,47.0,81.0,-7.0,21.0,33.0
1226,12.0,-36.0,-30.0,-44.0,14.0,46.0,80.0,-8.0,20.0,32.0
1227,13.0,-37.0,-31.0,-43.0,15.0,45.0,81.0,-7.0,19.0,31.0
1228,14.0,-36.0,-30.0,-44.0,14.0,44.0,82.0,-6.0,20.0,32.0
1229,13.0,-37.0,-31.0,-45.0,13.0,45.0,83.0,-5.0,21.0,33.0
1230,12.0,-36.0,-32.0,-46.0,14.0,44.0,82.0,-4.0,20.0,32.0
1231,13.0,-37.0,-31.0,-45.0,13.0,45.0,83.0,-5.0,21.0,31.0
1232,12.0,-38.0,-32.0,-46.0,14.0,46.0,84.0,-4.0,20.0,30.0
1233,13.0,-37.0,-31.0,-45.0,13.0,45.0,83.0,-5.0,21.0,31.0
1234,14.0,-38.0,-30.0,-44.0,12.0,46.0,84.0,-6.0,22.0,32.0
1235,15.0,-37.0,-29.0,-43.0,13.0,47.0,85.0,-7.0,21.0,31.0
1236,14.0,-38.0,-30.0,-44.0,12.0,46.0,84.0,-8.0,20.0,30.0
1237,13.0,-39.0,-31.0,-43.0,13.0,47.0,83.0,-9.0,19.0,31.0
1238,12.0,-40.0,-32.0,-44.0,12.0,46.0,82.0,-10.0,18.0,30.0
1239,13.0,-39.0,-31.0,-43.0,13.0,47.0,83.0,-9.0,19.0,31.0
1240,12.0,-38.0,-32.0,-44.0,14.0,46.0,82.0,-8.0,18.0,30.0
1241,11.0,-37.0,-33.0,-43.0,13.0,47.0,81.0,-7.0,17.0,31.0
1242,12.0,-36.0,-34.0,-44.0,14.0,48.0,82.0,-8.0,16.0,32.0
1243,13.0,-35.0,-35.0,-45.0,15.0,49.0,81.0,-9.0,17.0,33.0
1244,12.0,-36.0,-36.0,-46.0,14.0,48.0,82.0,-8.0,18.0,34.0
1245,13.0,-35.0,-37.0,-47.0,15.0,49.0,81.0,-9.0,19.0,35.0
1246,14.0,-34.0,-36.0,-46.0,16.0,48.0,80.0,-10.0,18.0,34.0
1247,13.0,-33.0,-35.0,-47.0,15.0,49.0,79.0,-11.0,19.0,35.0
1248,14.0,-34.0,-34.0,-48.0,16.0,50.0,78.0,-10.0,18.0,36.0
1249,15.0,-33.0,-33.0,-47.0,17.0,51.0,79.0,-9.0,17.0,35.0
1250,16.0,-32.0,-32.0,-46.0,18.0,52.0,78.0,-10.0,16.0,34.0
1251,17.0,-33.0,-33.0,-45.0,19.0,51.0,79.0,-9.0,15.0,33.0
1252,18.0,-32.0,-34.0,-46.0,20.0,52.0,80.0,-10.0,14.0,34.0
1253,19.0,-33.0,-33.0,-47.0,21.0,51.0,81.0,-11.0,15.0,33.0
1254,18.0,-34.0,-32.0,-46.0,20.0,50.0,82.0,-10.0,14.0,32.0
1255,19.0,-35.0,-31.0,-47.0,19.0,51.0,81.0,-9.0,13.0,31.0
1256,20.0,-34.0,-30.0,-46.0,20.0,52.0,82.0,-8.0,14.0,32.0
1257,19.0,-35.0,-29.0,-45.0,19.0,51.0,83.0,-7.0,13.0,31.0
1258,20.0,-36.0,-28.0,-44.0,18.0,52.0,84.0,-8.0,14.0,32.0
1259,19.0,-37.0,-29.0,-45.0,17.0,51.0,83.0,-9.0,15.0,33.0
1260,18.0,-36.0,-28.0,-46.0,16.0,52.0,84.0,-10.0,14.0,34.0
1261,19.0,-37.0,-29.0,-45.0,17.0,51.0,83.0,-9.0,13.0,33.0
1262,20.0,-38.0,-28.0,-46.0,18.0,50.0,84.0,-10.0,14.0,32.0
1263,19.0,-37.0,-29.0,-47.0,19.0,49.0,83.0,-9.0,13.0,31.0
1264,18.0,-36.0,-30.0,-46.0,18.0,50.0,82.0,-8.0,12.0,32.0
1265,17.0,-35.0,-31.0,-45.0,17.0,51.0,81.0,-7.0,11.0,33.0
1266,18.0,-34.0,-30.0,-44.0,18.0,52.0,82.0,-6.0,12.0,34.0
1267,19.0,-35.0,-29.0,-45.0,19.0,53.0,81.0,-5.0,11.0,35.0
1268,20.0,-34.0,-30.0,-46.0,18.0,54.0,82.0,-6.0,10.0,34.0
1269,19.0,-35.0,-31.0,-47.0,19.0,55.0,83.0,-5.0,11.0,33.0
1270,18.0,-34.0,-30.0,-48.0,20.0,56.0,82.0,-6.0,12.0,32.0
1271,17.0,-35.0,-31.0,-49.0,21.0,57.0,83.0,-5.0,13.0,31.0
1272,16.0,-34.0,-30.0,-50.0,20.0,58.0,84.0,-6.0,14.0,32.0
1273,15.0,-33.0,-31.0,-51.0,21.0,57.0,83.0,-5.0,13.0,31.0
1274,16.0,-34.0,-30.0,-52.0,22.0,56.0,84.0,-6.0,14.0,30.0
1275,17.0,-35.0,-31.0,-51.0,23.0,55.0,85.0,-5.0,13.0,29.0
1276,18.0,-34.0,-32.0,-52.0,22.0,56.0,86.0,-6.0,12.0,28.0
1277,17.0,-35.0,-33.0,-53.0,21.0,55.0,85.0,-7.0,11.0,29.0
1278,18.0,-36.0,-32.0,-52.0,20.0,56.0,84.0,-8.0,12.0,28.0
1279,19.0,-37.0,-31.0,-53.0,21.0,55.0,85.0,-9.0,11.0,29.0
1280,18.0,-36.0,-32.0,-52.0,20.0,56.0,84.0,-8.0,10.0,30.0
1281,19.0,-37.0,-31.0,-53.0,21.0,55.0,85.0,-9.0,11.0,29.0
1282,18.0,-38.0,-32.0,-52.0,22.0,56.0,84.0,-10.0,10.0,30.0
1283,19.0,-37.0,-31.0,-51.0,23.0,57.0,85.0,-9.0,11.0,31.0
1284,20.0,-36.0,-32.0,-52.0,24.0,58.0,84.0,-10.0,12.0,32.0
1285,19.0,-37.0,-31.0,-51.0,25.0,57.0,83.0,-11.0,13.0,33.0
1286,20.0,-38.0,-32.0,-50.0,26.0,56.0,82.0,-10.0,14.0,32.0
1287,19.0,-39.0,-31.0,-49.0,25.0,55.0,83.0,-9.0,13.0,31.0
1288,20.0,-40.0,-30.0,-50.0,26.0,54.0,84.0,-10.0,14.0,30.0
1289,19.0,-39.0,-29.0,-51.0,25.0,55.0,85.0,-11.0,13.0,31.0
1290,18.0,-38.0,-28.0,-52.0,24.0,56.0,84.0,-12.0,14.0,32.0
1291,17.0,-39.0,-27.0,-51.0,23.0,55.0,83.0,-11.0,15.0,31.0
1292,16.0,-38.0,-28.0,-52.0,24.0,54.0,84.0,-10.0,14.0,32.0
1293,15.0,-37.0,-29.0,-53.0,25.0,53.0,83.0,-9.0,13.0,31.0
1294,16.0,-38.0,-28.0,-54.0,24.0,54.0,82.0,-8.0,12.0,30.0
1295,17.0,-37.0,-27.0,-55.0,23.0,53.0,81.0,-7.0,13.0,31.0
1296,16.0,-36.0,-26.0,-56.0,24.0,54.0,80.0,-8.0,14.0,30.0
1297,17.0,-35.0,-25.0,-55.0,25.0,55.0,81.0,-9.0,13.0,29.0
1298,18.0,-36.0,-26.0,-54.0,24.0,54.0,82.0,-8.0,12.0,30.0
1299,19.0,-35.0,-25.0,-55.0,23.0,53.0,83.0,-7.0,13.0,29.0
1300,20.0,-36.0,-24.0,-56.0,24.0,52.0,84.0,-8.0,14.0,28.0
1301,21.0,-35.0,-23.0,-55.0,25.0,53.0,83.0,-9.0,13.0,27.0
1302,20.0,-34.0,-24.0,-56.0,26.0,52.0,84.0,-8.0,12.0,28.0
1303,21.0,-35.0,-23.0,-57.0,27.0,53.0,83.0,-7.0,11.0,29.0
1304,22.0,-36.0,-22.0,-58.0,28.0,52.0,84.0,-8.0,10.0,30.0
1305,23.0,-37.0,-23.0,-57.0,29.0,51.0,83.0,-7.0,11.0,29.0
1306,22.0,-38.0,-24.0,-58.0,28.0,50.0,82.0,-8.0,10.0,28.0
1307,23.0,-37.0,-25.0,-59.0,27.0,51.0,83.0,-7.0,9.0,27.0
1308,24.0,-38.0,-24.0,-60.0,28.0,50.0,84.0,-8.0,10.0,26.0
1309,23.0,-39.0,-25.0,-59.0,29.0,51.0,83.0,-9.0,9.0,27.0
1310,22.0,-40.0,-26.0,-60.0,28.0,52.0,84.0,-8.0,10.0,28.0
1311,21.0,-41.0,-27.0,-61.0,27.0,51.0,83.0,-9.0,9.0,27.0
1312,20.0,-42.0,-26.0,-60.0,26.0,50.0,82.0,-8.0,10.0,26.0
1313,21.0,-43.0,-27.0,-59.0,27.0,49.0,81.0,-7.0,11.0,25.0
1314,22.0,-42.0,-26.0,-58.0,28.0,50.0,82.0,-8.0,10.0,24.0
1315,21.0,-43.0,-27.0,-57.0,29.0,51.0,81.0,-9.0,9.0,25.0
1316,20.0,-42.0,-28.0,-58.0,30.0,50.0,80.0,-8.0,8.0,24.0
1317,21.0,-41.0,-27.0,-57.0,31.0,51.0,81.0,-9.0,7.0,23.0
1318,22.0,-40.0,-28.0,-58.0,30.0,52.0,82.0,-8.0,6.0,22.0
1319,23.0,-39.0,-27.0,-59.0,29.0,51.0,83.0,-7.0,7.0,23.0
1320,22.0,-40.0,-28.0,-60.0,28.0,50.0,82.0,-8.0,6.0,22.0
1321,23.0,-39.0,-27.0,-59.0,29.0,51.0,81.0,-9.0,5.0,21.0
1322,24.0,-40.0,-26.0,-58.0,28.0,52.0,82.0,-10.0,6.0,20.0
1323,25.0,-41.0,-25.0,-57.0,27.0,53.0,81.0,-11.0,7.0,19.0
1324,26.0,-40.0,-24.0,-56.0,28.0,54.0,82.0,-10.0,8.0,20.0
1325,27.0,-39.0,-23.0,-55.0,29.0,55.0,83.0,-9.0,9.0,21.0
1326,26.0,-40.0,-24.0,-54.0,30.0,56.0,84.0,-10.0,8.0,20.0
1327,25.0,-39.0,-23.0,-55.0,29.0,57.0,85.0,-11.0,7.0,21.0
1328,24.0,-38.0,-24.0,-56.0,30.0,56.0,84.0,-10.0,6.0,20.0
1329,25.0,-37.0,-23.0,-55.0,31.0,57.0,85.0,-9.0,7.0,21.0
1330,26.0,-36.0,-22.0,-54.0,30.0,56.0,84.0,-10.0,8.0,22.0
1331,25.0,-35.0,-23.0,-53.0,29.0,57.0,85.0,-11.0,9.0,21.0
1332,24.0,-34.0,-22.0,-54.0,28.0,58.0,86.0,-12.0,8.0,22.0
1333,23.0,-33.0,-21.0,-55.0,27.0,59.0,87.0,-13.0,7.0,23.0
1334,22.0,-32.0,-20.0,-56.0,28.0,60.0,86.0,-12.0,8.0,22.0
1335,23.0,-33.0,-21.0,-55.0,27.0,59.0,87.0,-13.0,7.0,23.0
1336,24.0,-32.0,-20.0,-54.0,28.0,58.0,86.0,-14.0,6.0,22.0
1337,25.0,-33.0,-19.0,-55.0,29.0,57.0,87.0,-15.0,7.0,21.0
1338,26.0,-34.0,-18.0,-56.0,30.0,56.0,88.0,-14.0,6.0,22.0
1339,25.0,-35.0,-19.0,-57.0,29.0,55.0,87.0,-15.0,5.0,21.0
1340,24.0,-34.0,-20.0,-56.0,30.0,54.0,88.0,-16.0,6.0,22.0
1341,25.0,-33.0,-19.0,-55.0,31.0,55.0,89.0,-15.0,7.0,23.0
1342,26.0,-34.0,-18.0,-54.0,30.0,56.0,88.0,-16.0,8.0,22.0
1343,27.0,-33.0,-17.0,-55.0,29.0,55.0,89.0,-15.0,9.0,21.0
1344,28.0,-32.0,-16.0,-54.0,30.0,56.0,90.0,-16.0,8.0,20.0
1345,27.0,-33.0,-17.0,-53.0,31.0,57.0,91.0,-17.0,7.0,19.0
1346,28.0,-32.0,-16.0,-52.0,32.0,58.0,92.0,-16.0,8.0,20.0
1347,29.0,-31.0,-15.0,-51.0,33.0,59.0,93.0,-15.0,9.0,21.0
1348,28.0,-32.0,-16.0,-52.0,32.0,58.0,94.0,-14.0,10.0,22.0
1349,29.0,-31.0,-15.0,-51.0,33.0,59.0,95.0,-13.0,9.0,21.0
1350,28.0,-30.0,-16.0,-52.0,34.0,58.0,94.0,-12.0,8.0,22.0
1351,27.0,-29.0,-15.0,-53.0,33.0,59.0,95.0,-13.0,9.0,23.0
1352,28.0,-30.0,-14.0,-54.0,32.0,60.0,94.0,-12.0,10.0,22.0
1353,29.0,-31.0,-13.0,-53.0,31.0,61.0,95.0,-13.0,11.0,23.0
1354,28.0,-32.0,-14.0,-52.0,32.0,62.0,94.0,-14.0,10.0,22.0
1355,29.0,-33.0,-13.0,-53.0,31.0,63.0,93.0,-13.0,11.0,21.0
1356,30.0,-34.0,-12.0,-52.0,30.0,64.0,92.0,-14.0,12.0,20.0
1357,31.0,-35.0,-11.0,-51.0,29.0,65.0,91.0,-15.0,13.0,19.0
1358,32.0,-36.0,-10.0,-52.0,30.0,64.0,92.0,-16.0,14.0,18.0
1359,31.0,-35.0,-9.0,-53.0,31.0,65.0,91.0,-17.0,15.0,17.0
1360,30.0,-36.0,-10.0,-52.0,32.0,66.0,92.0,-18.0,14.0,16.0
1361,31.0,-35.0,-9.0,-53.0,31.0,65.0,91.0,-17.0,15.0,17.0
1362,32.0,-34.0,-8.0,-54.0,30.0,64.0,92.0,-16.0,16.0,18.0
1363,31.0,-33.0,-9.0,-53.0,29.0,65.0,91.0,-15.0,17.0,17.0
1364,32.0,-34.0,-10.0,-52.0,30.0,64.0,90.0,-14.0,18.0,16.0
1365,31.0,-35.0,-11.0,-53.0,29.0,65.0,91.0,-13.0,19.0,17.0
1366,32.0,-36.0,-10.0,-52.0,28.0,66.0,90.0,-14.0,20.0,16.0
1367,33.0,-37.0,-9.0,-51.0,27.0,67.0,89.0,-15.0,21.0,15.0
1368,34.0,-38.0,-8.0,-52.0,26.0,68.0,88.0,-14.0,22.0,14.0
1369,35.0,-37.0,-9.0,-53.0,27.0,69.0,87.0,-15.0,23.0,15.0
1370,34.0,-38.0,-8.0,-52.0,28.0,68.0,86.0,-16.0,24.0,16.0
1371,33.0,-37.0,-7.0,-53.0,29.0,69.0,85.0,-15.0,25.0,15.0
1372,32.0,-36.0,-6.0,-54.0,30.0,70.0,84.0,-14.0,26.0,14.0
1373,33.0,-35.0,-5.0,-53.0,29.0,69.0,83.0,-15.0,27.0,15.0
1374,32.0,-34.0,-6.0,-52.0,28.0,70.0,84.0,-16.0,28.0,14.0
1375,33.0,-35.0,-5.0,-53.0,29.0,69.0,85.0,-17.0,29.0,15.0
1376,32.0,-36.0,-4.0,-52.0,28.0,68.0,86.0,-16.0,28.0,14.0
1377,31.0,-35.0,-5.0,-51.0,27.0,69.0,85.0,-15.0,27.0,15.0
1378,30.0,-34.0,-4.0,-52.0,26.0,70.0,86.0,-16.0,26.0,16.0
1379,29.0,-33.0,-3.0,-53.0,27.0,71.0,85.0,-15.0,27.0,15.0
1380,28.0,-32.0,-4.0,-54.0,28.0,70.0,86.0,-14.0,26.0,16.0
1381,27.0,-33.0,-5.0,-53.0,29.0,71.0,85.0,-15.0,25.0,17.0
1382,28.0,-34.0,-4.0,-54.0,30.0,70.0,84.0,-14.0,24.0,18.0
1383,27.0,-35.0,-3.0,-53.0,29.0,69.0,85.0,-13.0,23.0,17.0
1384,28.0,-36.0,-4.0,-52.0,28.0,68.0,86.0,-14.0,22.0,18.0
1385,29.0,-35.0,-3.0,-53.0,27.0,67.0,87.0,-13.0,23.0,19.0
1386,30.0,-34.0,-2.0,-54.0,26.0,66.0,86.0,-12.0,24.0,20.0
1387,31.0,-35.0,-3.0,-53.0,27.0,65.0,87.0,-11.0,23.0,19.0
1388,30.0,-36.0,-4.0,-54.0,28.0,66.0,88.0,-10.0,22.0,18.0
1389,29.0,-35.0,-3.0,-55.0,27.0,67.0,89.0,-11.0,21.0,19.0
1390,30.0,-36.0,-2.0,-54.0,26.0,68.0,90.0,-12.0,22.0,20.0
1391,29.0,-35.0,-1.0,-55.0,27.0,69.0,89.0,-11.0,23.0,19.0
1392,30.0,-34.0,0.0,-54.0,28.0,70.0,90.0,-12.0,22.0,18.0
1393,31.0,-35.0,-1.0,-53.0,29.0,69.0,89.0,-11.0,23.0,17.0
1394,32.0,-34.0,0.0,-54.0,28.0,68.0,88.0,-10.0,24.0,18.0
1395,33.0,-33.0,-1.0,-55.0,29.0,69.0,87.0,-11.0,25.0,19.0
1396,32.0,-32.0,0.0,-56.0,28.0,70.0,88.0,-12.0,24.0,20.0
1397,33.0,-31.0,-1.0,-57.0,29.0,71.0,87.0,-13.0,25.0,21.0
1398,32.0,-32.0,0.0,-56.0,28.0,70.0,88.0,-12.0,24.0,20.0
1399,31.0,-31.0,-1.0,-55.0,27.0,71.0,87.0,-11.0,23.0,21.0
1400,32.0,-32.0,-2.0,-54.0,26.0,70.0,88.0,-12.0,22.0,22.0
1401,31.0,-33.0,-1.0,-53.0,27.0,69.0,87.0,-13.0,23.0,23.0
1402,32.0,-34.0,-2.0,-52.0,28.0,68.0,86.0,-12.0,24.0,22.0
1403,33.0,-33.0,-1.0,-51.0,29.0,69.0,87.0,-11.0,25.0,23.0
1404,34.0,-32.0,0.0,-52.0,28.0,68.0,88.0,-10.0,26.0,24.0
1405,33.0,-33.0,1.0,-51.0,27.0,67.0,87.0,-9.0,27.0,23.0
1406,32.0,-32.0,0.0,-50.0,26.0,68.0,86.0,-8.0,26.0,24.0
1407,33.0,-33.0,1.0,-51.0,27.0,67.0,87.0,-9.0,27.0,23.0
1408,34.0,-32.0,2.0,-50.0,28.0,66.0,86.0,-10.0,26.0,22.0
1409,33.0,-33.0,1.0,-51.0,27.0,65.0,85.0,-9.0,27.0,23.0
1410,34.0,-34.0,0.0,-50.0,28.0,64.0,84.0,-8.0,26.0,22.0
1411,33.0,-33.0,-1.0,-49.0,29.0,63.0,85.0,-9.0,27.0,23.0
1412,32.0,-34.0,-2.0,-50.0,28.0,62.0,84.0,-10.0,26.0,22.0
1413,31.0,-35.0,-3.0,-51.0,27.0,61.0,83.0,-11.0,25.0,21.0
1414,32.0,-34.0,-2.0,-52.0,26.0,60.0,82.0,-10.0,26.0,22.0
1415,33.0,-33.0,-1.0,-53.0,25.0,59.0,83.0,-9.0,27.0,21.0
1416,32.0,-34.0,-2.0,-54.0,24.0,58.0,84.0,-8.0,28.0,22.0
1417,31.0,-35.0,-3.0,-55.0,25.0,59.0,85.0,-7.0,27.0,21.0
1418,30.0,-36.0,-4.0,-56.0,24.0,58.0,84.0,-8.0,26.0,20.0
1419,31.0,-37.0,-3.0,-55.0,23.0,59.0,83.0,-9.0,27.0,19.0
1420,32.0,-36.0,-2.0,-56.0,22.0,58.0,82.0,-8.0,28.0,20.0
1421,33.0,-37.0,-1.0,-57.0,23.0,57.0,83.0,-9.0,29.0,19.0
1422,34.0,-38.0,-2.0,-56.0,24.0,56.0,82.0,-8.0,28.0,18.0
1423,33.0,-39.0,-3.0,-57.0,23.0,55.0,81.0,-9.0,27.0,17.0
1424,32.0,-40.0,-4.0,-56.0,24.0,56.0,80.0,-10.0,26.0,18.0
1425,33.0,-39.0,-3.0,-55.0,23.0,55.0,79.0,-11.0,27.0,19.0
1426,34.0,-40.0,-4.0,-54.0,22.0,54.0,80.0,-12.0,26.0,20.0
1427,35.0,-41.0,-3.0,-55.0,23.0,53.0,81.0,-11.0,25.0,21.0
1428,34.0,-40.0,-2.0,-56.0,22.0,54.0,80.0,-12.0,26.0,22.0
1429,33.0,-39.0,-3.0,-55.0,21.0,55.0,81.0,-13.0,27.0,21.0
1430,34.0,-38.0,-2.0,-54.0,22.0,56.0,82.0,-12.0,28.0,22.0
1431,33.0,-37.0,-3.0,-53.0,21.0,57.0,81.0,-11.0,27.0,21.0
1432,34.0,-36.0,-2.0,-52.0,22.0,58.0,82.0,-10.0,28.0,22.0
1433,35.0,-37.0,-3.0,-51.0,23.0,57.0,81.0,-9.0,27.0,21.0
1434,34.0,-36.0,-4.0,-50.0,22.0,58.0,80.0,-8.0,26.0,22.0
1435,33.0,-37.0,-3.0,-49.0,21.0,57.0,81.0,-7.0,25.0,21.0
1436,32.0,-36.0,-4.0,-48.0,22.0,56.0,82.0,-8.0,24.0,22.0
1437,33.0,-35.0,-3.0,-49.0,21.0,55.0,83.0,-7.0,25.0,23.0
1438,34.0,-36.0,-4.0,-48.0,20.0,54.0,84.0,-6.0,24.0,24.0
1439,33.0,-37.0,-5.0,-49.0,19.0,53.0,83.0,-5.0,25.0,25.0
1440,34.0,-38.0,-4.0,-50.0,20.0,52.0,84.0,-6.0,24.0,26.0
1441,35.0,-37.0,-3.0,-49.0,21.0,53.0,85.0,-5.0,25.0,27.0
1442,34.0,-36.0,-4.0,-50.0,22.0,52.0,86.0,-4.0,24.0,28.0
1443,33.0,-37.0,-5.0,-51.0,21.0,51.0,87.0,-3.0,25.0,29.0
1444,34.0,-36.0,-6.0,-52.0,20.0,52.0,88.0,-4.0,24.0,28.0
1445,33.0,-35.0,-7.0,-51.0,19.0,51.0,89.0,-5.0,25.0,27.0
1446,32.0,-34.0,-8.0,-52.0,20.0,50.0,90.0,-4.0,24.0,28.0
1447,31.0,-33.0,-9.0,-51.0,19.0,51.0,89.0,-5.0,25.0,27.0
1448,30.0,-34.0,-10.0,-50.0,20.0,52.0,88.0,-6.0,24.0,28.0
1449,29.0,-35.0,-9.0,-49.0,19.0,51.0,87.0,-5.0,25.0,27.0
1450,30.0,-34.0,-8.0,-48.0,20.0,52.0,88.0,-4.0,26.0,28.0
1451,29.0,-33.0,-7.0,-49.0,19.0,53.0,89.0,-5.0,25.0,29.0
1452,28.0,-32.0,-6.0,-50.0,20.0,54.0,88.0,-4.0,26.0,28.0
1453,29.0,-33.0,-5.0,-51.0,21.0,53.0,89.0,-5.0,27.0,27.0
1454,28.0,-32.0,-6.0,-50.0,22.0,52.0,90.0,-6.0,28.0,28.0
1455,27.0,-33.0,-7.0,-51.0,21.0,51.0,89.0,-7.0,27.0,27.0
1456,28.0,-34.0,-6.0,-52.0,22.0,50.0,90.0,-6.0,26.0,28.0
1457,27.0,-35.0,-7.0,-53.0,21.0,49.0,91.0,-5.0,27.0,29.0
1458,28.0,-36.0,-8.0,-52.0,22.0,48.0,90.0,-4.0,28.0,28.0
1459,27.0,-37.0,-7.0,-51.0,21.0,47.0,89.0,-3.0,29.0,27.0
1460,26.0,-38.0,-8.0,-52.0,20.0,46.0,88.0,-4.0,30.0,28.0
1461,27.0,-39.0,-7.0,-53.0,19.0,47.0,87.0,-3.0,29.0,27.0
1462,28.0,-38.0,-6.0,-52.0,20.0,48.0,88.0,-2.0,30.0,28.0
1463,27.0,-37.0,-7.0,-51.0,19.0,49.0,87.0,-1.0,29.0,29.0
1464,28.0,-38.0,-6.0,-50.0,18.0,50.0,86.0,-2.0,30.0,28.0
1465,27.0,-37.0,-5.0,-51.0,19.0,51.0,85.0,-3.0,31.0,27.0
1466,28.0,-36.0,-4.0,-50.0,20.0,52.0,84.0,-4.0,30.0,26.0
1467,27.0,-37.0,-5.0,-51.0,19.0,51.0,83.0,-5.0,29.0,25.0
1468,26.0,-36.0,-6.0,-52.0,20.0,50.0,82.0,-4.0,28.0,24.0
1469,25.0,-35.0,-7.0,-51.0,21.0,49.0,83.0,-5.0,27.0,25.0
1470,24.0,-34.0,-8.0,-52.0,22.0,48.0,84.0,-4.0,26.0,26.0
1471,25.0,-35.0,-7.0,-53.0,23.0,49.0,83.0,-3.0,25.0,27.0
1472,24.0,-34.0,-8.0,-54.0,24.0,48.0,82.0,-2.0,24.0,28.0
1473,25.0,-33.0,-7.0,-55.0,23.0,47.0,81.0,-1.0,25.0,29.0
1474,26.0,-34.0,-8.0,-54.0,22.0,46.0,82.0,-2.0,24.0,30.0
1475,27.0,-35.0,-7.0,-55.0,23.0,45.0,83.0,-3.0,25.0,29.0
1476,28.0,-34.0,-8.0,-56.0,22.0,46.0,84.0,-2.0,24.0,28.0
1477,27.0,-33.0,-9.0,-55.0,21.0,47.0,83.0,-1.0,23.0,29.0
1478,28.0,-32.0,-10.0,-56.0,20.0,48.0,84.0,0.0,22.0,28.0
1479,29.0,-31.0,-9.0,-55.0,21.0,49.0,85.0,1.0,23.0,29.0
1480,28.0,-32.0,-10.0,-56.0,20.0,48.0,84.0,0.0,22.0,28.0
1481,27.0,-31.0,-11.0,-55.0,19.0,49.0,83.0,1.0,21.0,29.0
1482,28.0,-32.0,-10.0,-56.0,18.0,50.0,82.0,2.0,20.0,28.0
1483,27.0,-33.0,-9.0,-55.0,19.0,49.0,81.0,1.0,21.0,29.0
1484,26.0,-32.0,-10.0,-54.0,18.0,50.0,80.0,2.0,20.0,30.0
1485,27.0,-33.0,-9.0,-55.0,19.0,49.0,81.0,3.0,19.0,31.0
1486,26.0,-32.0,-10.0,-54.0,18.0,50.0,80.0,4.0,18.0,30.0
1487,27.0,-31.0,-11.0,-55.0,19.0,51.0,81.0,3.0,17.0,31.0
1488,26.0,-32.0,-10.0,-54.0,18.0,50.0,80.0,4.0,18.0,30.0
1489,25.0,-31.0,-9.0,-55.0,19.0,51.0,79.0,5.0,19.0,29.0
1490,24.0,-32.0,-10.0,-56.0,18.0,50.0,78.0,4.0,18.0,28.0
1491,23.0,-33.0,-11.0,-55.0,19.0,51.0,79.0,3.0,17.0,27.0
1492,24.0,-34.0,-10.0,-56.0,20.0,50.0,80.0,4.0,16.0,28.0
1493,25.0,-33.0,-9.0,-55.0,19.0,49.0,79.0,3.0,17.0,29.0
1494,26.0,-32.0,-10.0,-56.0,18.0,50.0,80.0,4.0,16.0,28.0
1495,25.0,-31.0,-11.0,-57.0,19.0,49.0,81.0,5.0,15.0,29.0
1496,24.0,-32.0,-10.0,-56.0,20.0,48.0,80.0,4.0,16.0,30.0
1497,25.0,-31.0,-9.0,-55.0,21.0,49.0,81.0,5.0,17.0,31.0
1498,26.0,-30.0,-8.0,-56.0,20.0,48.0,80.0,6.0,18.0,32.0
1499,25.0,-29.0,-7.0,-57.0,21.0,49.0,79.0,7.0,19.0,31.0
1500,26.0,-28.0,-6.0,-58.0,20.0,48.0,80.0,8.0,20.0,32.0
1501,27.0,-29.0,-5.0,-59.0,21.0,47.0,81.0,7.0,21.0,31.0
1502,26.0,-30.0,-6.0,-60.0,20.0,46.0,82.0,8.0,22.0,32.0
1503,27.0,-29.0,-5.0,-59.0,21.0,47.0,83.0,7.0,21.0,31.0
1504,28.0,-28.0,-4.0,-60.0,20.0,46.0,84.0,8.0,22.0,30.0
1505,27.0,-27.0,-5.0,-59.0,21.0,45.0,85.0,7.0,23.0,31.0
1506,26.0,-28.0,-6.0,-60.0,20.0,44.0,84.0,6.0,22.0,32.0
1507,25.0,-29.0,-7.0,-61.0,19.0,43.0,83.0,5.0,21.0,33.0
1508,24.0,-30.0,-6.0,-60.0,18.0,42.0,84.0,6.0,22.0,32.0
1509,23.0,-29.0,-7.0,-59.0,17.0,43.0,83.0,7.0,21.0,33.0
1510,24.0,-28.0,-8.0,-60.0,16.0,44.0,84.0,6.0,20.0,32.0
1511,23.0,-29.0,-9.0,-59.0,17.0,45.0,83.0,5.0,19.0,33.0
1512,22.0,-28.0,-10.0,-58.0,16.0,46.0,82.0,6.0,18.0,32.0
1513,23.0,-27.0,-9.0,-57.0,17.0,47.0,83.0,7.0,19.0,33.0
1514,22.0,-28.0,-10.0,-58.0,16.0,48.0,84.0,8.0,20.0,34.0
1515,21.0,-29.0,-9.0,-57.0,15.0,47.0,85.0,9.0,19.0,33.0
1516,20.0,-30.0,-8.0,-56.0,16.0,46.0,84.0,10.0,20.0,34.0
1517,21.0,-31.0,-7.0,-57.0,17.0,47.0,83.0,11.0,19.0,35.0
1518,20.0,-30.0,-8.0,-56.0,16.0,46.0,84.0,10.0,20.0,34.0
1519,21.0,-31.0,-9.0,-55.0,17.0,45.0,83.0,11.0,21.0,33.0
1520,20.0,-30.0,-10.0,-54.0,16.0,46.0,82.0,12.0,20.0,34.0
1521,19.0,-31.0,-11.0,-55.0,15.0,45.0,81.0,13.0,21.0,35.0
1522,20.0,-30.0,-12.0,-56.0,16.0,46.0,80.0,12.0,22.0,36.0
1523,21.0,-31.0,-11.0,-55.0,15.0,47.0,79.0,11.0,23.0,35.0
1524,20.0,-32.0,-12.0,-54.0,16.0,48.0,78.0,10.0,22.0,36.0
1525,19.0,-31.0,-11.0,-55.0,15.0,49.0,79.0,9.0,21.0,37.0
1526,18.0,-32.0,-12.0,-56.0,14.0,48.0,78.0,8.0,22.0,38.0
1527,17.0,-33.0,-13.0,-55.0,15.0,49.0,79.0,7.0,21.0,37.0
1528,18.0,-34.0,-12.0,-56.0,16.0,48.0,80.0,6.0,22.0,36.0
1529,19.0,-33.0,-11.0,-55.0,17.0,49.0,81.0,5.0,21.0,35.0
1530,20.0,-32.0,-10.0,-54.0,18.0,50.0,82.0,6.0,22.0,36.0
1531,21.0,-33.0,-11.0,-53.0,19.0,49.0,83.0,7.0,21.0,35.0
1532,20.0,-32.0,-10.0,-54.0,18.0,50.0,84.0,6.0,22.0,36.0
1533,19.0,-31.0,-11.0,-53.0,17.0,51.0,83.0,7.0,21.0,37.0
1534,18.0,-30.0,-12.0,-52.0,16.0,52.0,84.0,6.0,22.0,36.0
1535,19.0,-29.0,-11.0,-51.0,17.0,53.0,85.0,5.0,21.0,35.0
1536,18.0,-30.0,-12.0,-52.0,16.0,52.0,84.0,4.0,20.0,34.0
1537,17.0,-29.0,-13.0,-51.0,17.0,51.0,85.0,3.0,19.0,35.0
1538,18.0,-28.0,-14.0,-52.0,18.0,52.0,84.0,2.0,20.0,36.0
1539,19.0,-27.0,-13.0,-51.0,19.0,53.0,85.0,3.0,21.0,37.0
1540,18.0,-26.0,-14.0,-50.0,20.0,52.0,86.0,2.0,22.0,38.0
1541,17.0,-27.0,-15.0,-51.0,19.0,51.0,85.0,3.0,23.0,39.0
1542,16.0,-26.0,-14.0,-52.0,18.0,52.0,84.0,2.0,24.0,40.0
1543,17.0,-27.0,-13.0,-53.0,19.0,51.0,85.0,1.0,25.0,39.0
1544,18.0,-26.0,-12.0,-54.0,18.0,50.0,86.0,2.0,26.0,40.0
1545,17.0,-27.0,-13.0,-55.0,17.0,49.0,85.0,1.0,25.0,39.0
1546,18.0,-28.0,-12.0,-56.0,18.0,48.0,86.0,0.0,26.0,38.0
1547,19.0,-27.0,-11.0,-55.0,17.0,47.0,85.0,-1.0,27.0,39.0
1548,18.0,-28.0,-12.0,-56.0,18.0,48.0,86.0,0.0,28.0,38.0
1549,17.0,-27.0,-13.0,-55.0,17.0,49.0,85.0,1.0,27.0,39.0
1550,16.0,-28.0,-14.0,-54.0,18.0,50.0,86.0,0.0,26.0,38.0
1551,17.0,-29.0,-13.0,-53.0,17.0,51.0,85.0,-1.0,27.0,37.0
1552,18.0,-30.0,-12.0,-54.0,18.0,50.0,86.0,-2.0,28.0,36.0
1553,19.0,-29.0,-13.0,-55.0,17.0,51.0,87.0,-3.0,27.0,35.0
1554,20.0,-28.0,-12.0,-56.0,16.0,50.0,86.0,-2.0,28.0,36.0
1555,21.0,-27.0,-13.0,-57.0,15.0,51.0,87.0,-1.0,27.0,35.0
1556,22.0,-28.0,-12.0,-56.0,14.0,52.0,88.0,-2.0,28.0,34.0
1557,21.0,-27.0,-13.0,-55.0,15.0,51.0,89.0,-3.0,27.0,35.0
1558,20.0,-28.0,-14.0,-56.0,14.0,50.0,88.0,-4.0,26.0,34.0
1559,21.0,-29.0,-15.0,-55.0,13.0,49.0,89.0,-5.0,25.0,35.0
1560,22.0,-28.0,-16.0,-56.0,12.0,50.0,90.0,-6.0,24.0,34.0
1561,21.0,-29.0,-17.0,-57.0,11.0,49.0,89.0,-7.0,23.0,35.0
1562,20.0,-30.0,-18.0,-58.0,12.0,50.0,90.0,-6.0,22.0,34.0
1563,21.0,-31.0,-19.0,-57.0,13.0,49.0,89.0,-5.0,23.0,33.0
1564,22.0,-32.0,-18.0,-58.0,14.0,48.0,90.0,-6.0,24.0,34.0
1565,21.0,-31.0,-17.0,-59.0,13.0,49.0,91.0,-7.0,23.0,35.0
1566,22.0,-32.0,-18.0,-58.0,12.0,48.0,92.0,-6.0,22.0,36.0
1567,23.0,-33.0,-19.0,-57.0,13.0,47.0,91.0,-5.0,21.0,35.0
1568,22.0,-32.0,-20.0,-56.0,14.0,46.0,92.0,-6.0,22.0,36.0
1569,21.0,-31.0,-21.0,-57.0,15.0,45.0,93.0,-5.0,21.0,37.0
1570,20.0,-32.0,-22.0,-58.0,16.0,46.0,94.0,-4.0,20.0,36.0
1571,21.0,-31.0,-21.0,-57.0,17.0,47.0,95.0,-3.0,21.0,37.0
1572,20.0,-30.0,-22.0,-56.0,16.0,48.0,94.0,-2.0,20.0,38.0
1573,19.0,-29.0,-23.0,-57.0,17.0,47.0,95.0,-1.0,19.0,39.0
1574,20.0,-28.0,-24.0,-58.0,18.0,48.0,94.0,-2.0,20.0,40.0
1575,21.0,-27.0,-23.0,-57.0,17.0,47.0,93.0,-3.0,19.0,41.0
1576,20.0,-28.0,-22.0,-56.0,16.0,46.0,94.0,-2.0,18.0,40.0
1577,19.0,-27.0,-23.0,-55.0,15.0,47.0,93.0,-1.0,17.0,41.0
1578,20.0,-28.0,-22.0,-56.0,16.0,48.0,92.0,0.0,16.0,42.0
1579,19.0,-27.0,-21.0,-57.0,15.0,49.0,91.0,-1.0,17.0,43.0
1580,20.0,-28.0,-22.0,-56.0,14.0,48.0,92.0,-2.0,16.0,44.0
1581,21.0,-29.0,-21.0,-55.0,13.0,49.0,93.0,-3.0,17.0,45.0
1582,22.0,-30.0,-22.0,-54.0,12.0,48.0,94.0,-2.0,16.0,46.0
1583,21.0,-29.0,-23.0,-53.0,11.0,49.0,93.0,-1.0,15.0,47.0
1584,20.0,-30.0,-24.0,-52.0,12.0,50.0,94.0,-2.0,14.0,46.0
1585,21.0,-29.0,-23.0,-51.0,11.0,49.0,93.0,-3.0,13.0,47.0
1586,22.0,-28.0,-24.0,-52.0,10.0,50.0,94.0,-2.0,12.0,46.0
1587,23.0,-27.0,-23.0,-53.0,9.0,49.0,95.0,-1.0,13.0,47.0
1588,22.0,-26.0,-24.0,-52.0,10.0,48.0,96.0,-2.0,14.0,48.0
1589,23.0,-27.0,-23.0,-51.0,9.0,49.0,97.0,-3.0,15.0,47.0
1590,24.0,-26.0,-22.0,-50.0,10.0,48.0,96.0,-4.0,14.0,46.0
1591,25.0,-25.0,-21.0,-51.0,9.0,47.0,95.0,-3.0,15.0,47.0
1592,24.0,-24.0,-20.0,-52.0,10.0,48.0,94.0,-4.0,16.0,46.0
1593,23.0,-25.0,-21.0,-53.0,9.0,47.0,93.0,-3.0,17.0,47.0
1594,24.0,-26.0,-20.0,-54.0,10.0,46.0,92.0,-2.0,16.0,48.0
1595,23.0,-25.0,-19.0,-55.0,11.0,47.0,91.0,-1.0,17.0,47.0
1596,24.0,-26.0,-18.0,-56.0,12.0,46.0,92.0,0.0,16.0,48.0
1597,23.0,-27.0,-19.0,-55.0,13.0,47.0,91.0,-1.0,15.0,49.0
1598,22.0,-28.0,-18.0,-54.0,12.0,46.0,90.0,0.0,16.0,48.0
1599,23.0,-29.0,-19.0,-53.0,13.0,45.0,89.0,1.0,17.0,47.0
1600,22.0,-28.0,-20.0,-52.0,12.0,46.0,88.0,2.0,16.0,48.0
1601,21.0,-29.0,-19.0,-51.0,11.0,45.0,89.0,3.0,15.0,47.0
1602,22.0,-30.0,-18.0,-52.0,12.0,44.0,90.0,2.0,16.0,46.0
1603,21.0,-31.0,-17.0,-51.0,11.0,43.0,89.0,3.0,17.0,45.0
1604,22.0,-32.0,-16.0,-52.0,12.0,42.0,90.0,2.0,18.0,44.0
1605,23.0,-33.0,-15.0,-51.0,11.0,43.0,91.0,1.0,19.0,45.0
1606,24.0,-34.0,-16.0,-50.0,12.0,42.0,90.0,2.0,18.0,44.0
1607,25.0,-33.0,-17.0,-51.0,13.0,43.0,89.0,1.0,19.0,45.0
1608,24.0,-32.0,-18.0,-50.0,12.0,44.0,88.0,0.0,20.0,44.0
1609,23.0,-33.0,-19.0,-51.0,11.0,43.0,87.0,1.0,21.0,45.0
1610,22.0,-32.0,-20.0,-50.0,12.0,42.0,88.0,0.0,20.0,46.0
1611,21.0,-31.0,-19.0,-51.0,11.0,43.0,89.0,-1.0,19.0,47.0
1612,22.0,-32.0,-18.0,-50.0,10.0,44.0,88.0,-2.0,20.0,46.0
1613,23.0,-33.0,-19.0,-49.0,11.0,43.0,87.0,-1.0,21.0,45.0
1614,24.0,-32.0,-18.0,-48.0,12.0,44.0,88.0,0.0,22.0,44.0
1615,23.0,-31.0,-17.0,-49.0,11.0,45.0,87.0,-1.0,23.0,45.0
1616,22.0,-32.0,-18.0,-48.0,12.0,46.0,86.0,-2.0,22.0,46.0
1617,21.0,-33.0,-17.0,-47.0,13.0,45.0,85.0,-1.0,23.0,47.0
1618,22.0,-34.0,-16.0,-48.0,14.0,46.0,84.0,0.0,22.0,48.0
1619,21.0,-33.0,-15.0,-49.0,15.0,47.0,83.0,-1.0,23.0,47.0
1620,22.0,-32.0,-14.0,-48.0,16.0,46.0,82.0,-2.0,22.0,46.0
1621,21.0,-33.0,-15.0,-49.0,15.0,45.0,81.0,-3.0,21.0,45.0
1622,22.0,-34.0,-14.0,-50.0,16.0,44.0,82.0,-4.0,22.0,44.0
1623,21.0,-35.0,-15.0,-51.0,15.0,43.0,81.0,-5.0,21.0,45.0
1624,20.0,-36.0,-16.0,-50.0,16.0,44.0,82.0,-6.0,20.0,44.0
1625,21.0,-35.0,-15.0,-49.0,15.0,43.0,81.0,-7.0,21.0,45.0
1626,22.0,-34.0,-14.0,-50.0,14.0,42.0,80.0,-6.0,22.0,46.0
1627,23.0,-33.0,-13.0,-49.0,13.0,41.0,79.0,-7.0,21.0,47.0
1628,24.0,-34.0,-14.0,-48.0,12.0,40.0,80.0,-8.0,20.0,48.0
1629,23.0,-35.0,-15.0,-49.0,11.0,39.0,79.0,-9.0,19.0,47.0
1630,22.0,-34.0,-16.0,-50.0,12.0,38.0,80.0,-8.0,18.0,48.0
1631,21.0,-33.0,-17.0,-49.0,11.0,37.0,81.0,-9.0,19.0,47.0
1632,22.0,-32.0,-18.0,-50.0,12.0,38.0,80.0,-10.0,20.0,48.0
1633,23.0,-31.0,-17.0,-49.0,13.0,39.0,81.0,-9.0,21.0,49.0
1634,24.0,-30.0,-16.0,-48.0,14.0,40.0,80.0,-10.0,20.0,48.0
1635,25.0,-29.0,-17.0,-49.0,13.0,41.0,81.0,-9.0,19.0,47.0
1636,24.0,-28.0,-18.0,-48.0,12.0,42.0,80.0,-8.0,20.0,46.0
1637,25.0,-29.0,-19.0,-47.0,11.0,41.0,81.0,-7.0,19.0,47.0
1638,24.0,-28.0,-18.0,-48.0,10.0,42.0,82.0,-8.0,18.0,48.0
1639,23.0,-27.0,-19.0,-49.0,11.0,41.0,81.0,-7.0,17.0,47.0
1640,22.0,-28.0,-20.0,-50.0,10.0,40.0,80.0,-8.0,18.0,48.0
1641,23.0,-29.0,-19.0,-49.0,9.0,41.0,81.0,-9.0,19.0,49.0
1642,22.0,-30.0,-20.0,-50.0,8.0,40.0,80.0,-10.0,18.0,48.0
1643,21.0,-29.0,-21.0,-49.0,7.0,41.0,79.0,-11.0,19.0,47.0
1644,20.0,-30.0,-22.0,-50.0,6.0,40.0,78.0,-10.0,20.0,48.0
1645,21.0,-29.0,-21.0,-49.0,7.0,41.0,79.0,-9.0,21.0,49.0
1646,22.0,-28.0,-20.0,-48.0,8.0,40.0,78.0,-10.0,20.0,48.0
1647,21.0,-29.0,-21.0,-49.0,7.0,39.0,77.0,-11.0,21.0,49.0
1648,20.0,-30.0,-20.0,-48.0,6.0,38.0,78.0,-10.0,20.0,48.0
1649,19.0,-29.0,-21.0,-47.0,5.0,39.0,77.0,-9.0,19.0,49.0
1650,20.0,-28.0,-20.0,-46.0,6.0,40.0,78.0,-8.0,20.0,48.0
1651,21.0,-27.0,-21.0,-47.0,7.0,41.0,77.0,-9.0,19.0,49.0
1652,20.0,-26.0,-22.0,-48.0,8.0,40.0,76.0,-8.0,18.0,48.0
1653,21.0,-25.0,-23.0,-49.0,9.0,41.0,77.0,-9.0,17.0,49.0
1654,20.0,-26.0,-24.0,-48.0,10.0,42.0,76.0,-10.0,16.0,50.0
1655,21.0,-27.0,-25.0,-47.0,11.0,41.0,75.0,-9.0,17.0,49.0
1656,22.0,-26.0,-24.0,-46.0,12.0,42.0,76.0,-10.0,16.0,48.0
1657,23.0,-25.0,-23.0,-45.0,13.0,43.0,77.0,-9.0,15.0,47.0
1658,24.0,-24.0,-24.0,-46.0,12.0,44.0,78.0,-10.0,14.0,46.0
1659,23.0,-23.0,-25.0,-45.0,13.0,43.0,79.0,-11.0,15.0,47.0
1660,22.0,-22.0,-26.0,-44.0,12.0,44.0,78.0,-10.0,14.0,48.0
1661,23.0,-21.0,-25.0,-43.0,13.0,45.0,79.0,-9.0,13.0,47.0
1662,22.0,-20.0,-26.0,-42.0,12.0,46.0,78.0,-8.0,14.0,46.0
1663,21.0,-19.0,-25.0,-43.0,11.0,47.0,77.0,-9.0,15.0,47.0
1664,22.0,-18.0,-26.0,-44.0,12.0,48.0,76.0,-10.0,16.0,48.0
1665,21.0,-19.0,-25.0,-43.0,13.0,47.0,75.0,-11.0,17.0,49.0
1666,22.0,-20.0,-24.0,-44.0,14.0,46.0,76.0,-12.0,18.0,50.0
1667,21.0,-21.0,-25.0,-45.0,13.0,45.0,75.0,-13.0,19.0,51.0
1668,20.0,-20.0,-24.0,-46.0,14.0,46.0,74.0,-14.0,20.0,50.0
1669,21.0,-21.0,-23.0,-47.0,13.0,47.0,73.0,-13.0,21.0,49.0
1670,22.0,-20.0,-24.0,-48.0,14.0,48.0,74.0,-14.0,20.0,50.0
1671,21.0,-21.0,-25.0,-49.0,15.0,49.0,75.0,-13.0,21.0,49.0
1672,20.0,-20.0,-26.0,-48.0,14.0,48.0,76.0,-14.0,22.0,48.0
1673,21.0,-21.0,-25.0,-49.0,15.0,47.0,77.0,-15.0,23.0,47.0
1674,22.0,-20.0,-26.0,-50.0,14.0,48.0,78.0,-14.0,22.0,46.0
1675,23.0,-21.0,-25.0,-51.0,13.0,49.0,77.0,-13.0,23.0,45.0
1676,24.0,-22.0,-24.0,-52.0,14.0,48.0,78.0,-14.0,24.0,44.0
1677,23.0,-21.0,-23.0,-53.0,13.0,49.0,77.0,-15.0,25.0,45.0
1678,24.0,-22.0,-22.0,-54.0,12.0,50.0,76.0,-14.0,24.0,44.0
1679,25.0,-23.0,-21.0,-55.0,13.0,49.0,77.0,-15.0,25.0,43.0
1680,26.0,-22.0,-22.0,-56.0,14.0,50.0,78.0,-16.0,24.0,44.0
1681,27.0,-23.0,-21.0,-57.0,13.0,51.0,77.0,-15.0,23.0,43.0
1682,28.0,-22.0,-22.0,-58.0,14.0,52.0,76.0,-16.0,24.0,44.0
1683,27.0,-21.0,-23.0,-57.0,13.0,51.0,77.0,-17.0,25.0,43.0
1684,26.0,-20.0,-24.0,-56.0,12.0,52.0,76.0,-16.0,24.0,42.0
1685,25.0,-19.0,-23.0,-57.0,13.0,53.0,75.0,-17.0,25.0,41.0
1686,26.0,-20.0,-22.0,-56.0,12.0,54.0,76.0,-18.0,26.0,42.0
1687,25.0,-19.0,-23.0,-55.0,11.0,55.0,75.0,-17.0,25.0,43.0
1688,24.0,-18.0,-24.0,-54.0,10.0,56.0,76.0,-18.0,26.0,42.0
1689,25.0,-17.0,-23.0,-53.0,11.0,57.0,77.0,-17.0,27.0,43.0
1690,26.0,-18.0,-24.0,-52.0,10.0,56.0,78.0,-16.0,26.0,44.0
1691,27.0,-17.0,-23.0,-51.0,9.0,55.0,77.0,-17.0,27.0,45.0
1692,26.0,-18.0,-24.0,-50.0,10.0,56.0,78.0,-18.0,26.0,44.0
1693,25.0,-17.0,-25.0,-49.0,9.0,57.0,77.0,-17.0,25.0,45.0
1694,24.0,-16.0,-26.0,-48.0,8.0,56.0,78.0,-18.0,26.0,44.0
1695,25.0,-17.0,-25.0,-49.0,9.0,55.0,79.0,-19.0,27.0,43.0
1696,26.0,-18.0,-24.0,-48.0,8.0,56.0,80.0,-20.0,28.0,42.0
1697,27.0,-19.0,-25.0,-47.0,9.0,55.0,81.0,-19.0,27.0,41.0
1698,28.0,-20.0,-24.0,-48.0,10.0,54.0,82.0,-20.0,28.0,40.0
1699,29.0,-21.0,-23.0,-49.0,11.0,53.0,81.0,-19.0,27.0,41.0
1700,28.0,-20.0,-22.0,-50.0,12.0,54.0,80.0,-18.0,28.0,40.0
1701,27.0,-19.0,-23.0,-51.0,13.0,53.0,81.0,-17.0,27.0,41.0
1702,26.0,-20.0,-22.0,-50.0,12.0,52.0,82.0,-16.0,28.0,40.0
1703,25.0,-19.0,-23.0,-49.0,11.0,53.0,81.0,-15.0,27.0,41.0
1704,24.0,-18.0,-22.0,-50.0,10.0,54.0,80.0,-16.0,28.0,42.0
1705,23.0,-17.0,-23.0,-49.0,9.0,55.0,81.0,-17.0,29.0,41.0
1706,24.0,-16.0,-22.0,-48.0,10.0,56.0,82.0,-16.0,30.0,42.0
1707,23.0,-15.0,-23.0,-47.0,9.0,57.0,81.0,-15.0,29.0,43.0
1708,22.0,-16.0,-22.0,-46.0,8.0,56.0,80.0,-14.0,30.0,42.0
1709,21.0,-15.0,-23.0,-45.0,7.0,55.0,81.0,-15.0,31.0,41.0
1710,20.0,-16.0,-22.0,-44.0,8.0,54.0,80.0,-16.0,32.0,42.0
1711,21.0,-15.0,-21.0,-43.0,9.0,55.0,81.0,-15.0,33.0,43.0
1712,22.0,-16.0,-20.0,-44.0,10.0,54.0,82.0,-16.0,34.0,42.0
1713,21.0,-17.0,-21.0,-45.0,9.0,53.0,81.0,-17.0,33.0,41.0
1714,22.0,-18.0,-20.0,-46.0,10.0,52.0,82.0,-18.0,34.0,40.0
1715,21.0,-19.0,-19.0,-45.0,9.0,51.0,81.0,-17.0,35.0,39.0
1716,22.0,-20.0,-20.0,-44.0,10.0,50.0,80.0,-16.0,36.0,38.0
1717,21.0,-19.0,-21.0,-45.0,11.0,49.0,79.0,-15.0,35.0,37.0
1718,20.0,-20.0,-20.0,-44.0,12.0,48.0,78.0,-16.0,36.0,38.0
1719,19.0,-21.0,-21.0,-45.0,13.0,49.0,79.0,-15.0,37.0,37.0
1720,18.0,-20.0,-20.0,-46.0,12.0,50.0,80.0,-16.0,36.0,38.0
1721,17.0,-21.0,-21.0,-47.0,13.0,51.0,81.0,-15.0,35.0,37.0
1722,18.0,-20.0,-20.0,-48.0,12.0,50.0,82.0,-14.0,36.0,36.0
1723,19.0,-19.0,-21.0,-49.0,13.0,51.0,83.0,-15.0,35.0,37.0
1724,18.0,-20.0,-20.0,-48.0,12.0,50.0,84.0,-14.0,34.0,36.0
1725,17.0,-21.0,-21.0,-47.0,13.0,51.0,83.0,-15.0,33.0,35.0
1726,18.0,-22.0,-20.0,-48.0,14.0,50.0,84.0,-16.0,34.0,34.0
1727,17.0,-21.0,-21.0,-49.0,15.0,49.0,83.0,-15.0,33.0,33.0
1728,18.0,-22.0,-20.0,-50.0,16.0,48.0,84.0,-16.0,34.0,32.0
1729,17.0,-21.0,-21.0,-49.0,15.0,49.0,83.0,-15.0,33.0,33.0
1730,16.0,-22.0,-22.0,-48.0,16.0,50.0,84.0,-16.0,32.0,32.0
1731,17.0,-23.0,-21.0,-49.0,15.0,51.0,83.0,-15.0,31.0,31.0
1732,18.0,-22.0,-20.0,-48.0,16.0,52.0,82.0,-16.0,30.0,30.0
1733,17.0,-21.0,-21.0,-49.0,17.0,51.0,81.0,-15.0,29.0,29.0
1734,18.0,-20.0,-20.0,-48.0,18.0,52.0,82.0,-14.0,30.0,30.0
1735,19.0,-19.0,-19.0,-47.0,19.0,51.0,81.0,-15.0,29.0,29.0
1736,18.0,-20.0,-20.0,-48.0,18.0,50.0,80.0,-16.0,28.0,28.0
1737,17.0,-21.0,-21.0,-49.0,19.0,51.0,81.0,-15.0,27.0,27.0
1738,16.0,-22.0,-20.0,-48.0,18.0,50.0,82.0,-14.0,28.0,26.0
1739,15.0,-21.0,-21.0,-47.0,17.0,51.0,81.0,-13.0,27.0,27.0
1740,16.0,-22.0,-22.0,-46.0,16.0,50.0,82.0,-14.0,26.0,28.0
1741,17.0,-21.0,-23.0,-47.0,17.0,51.0,81.0,-15.0,25.0,29.0
1742,16.0,-22.0,-24.0,-46.0,18.0,52.0,82.0,-16.0,24.0,28.0
1743,15.0,-23.0,-25.0,-45.0,19.0,53.0,81.0,-17.0,23.0,29.0
1744,16.0,-24.0,-26.0,-44.0,20.0,52.0,80.0,-16.0,24.0,28.0
1745,15.0,-25.0,-25.0,-43.0,21.0,51.0,79.0,-17.0,25.0,29.0
1746,16.0,-24.0,-24.0,-44.0,20.0,50.0,80.0,-16.0,26.0,28.0
1747,15.0,-23.0,-25.0,-43.0,19.0,51.0,79.0,-15.0,25.0,29.0
1748,16.0,-22.0,-24.0,-42.0,20.0,52.0,80.0,-14.0,26.0,30.0
1749,17.0,-23.0,-23.0,-41.0,19.0,53.0,79.0,-15.0,27.0,29.0
1750,18.0,-24.0,-24.0,-40.0,20.0,52.0,78.0,-14.0,28.0,28.0
1751,17.0,-25.0,-25.0,-41.0,19.0,51.0,77.0,-15.0,27.0,27.0
1752,16.0,-26.0,-24.0,-40.0,18.0,50.0,76.0,-14.0,28.0,26.0
1753,17.0,-27.0,-25.0,-39.0,17.0,49.0,77.0,-15.0,27.0,27.0
1754,16.0,-26.0,-24.0,-40.0,16.0,50.0,76.0,-16.0,28.0,28.0
1755,17.0,-27.0,-25.0,-39.0,17.0,49.0,75.0,-15.0,29.0,27.0
1756,16.0,-26.0,-24.0,-40.0,18.0,50.0,74.0,-16.0,30.0,26.0
1757,15.0,-25.0,-23.0,-41.0,19.0,51.0,73.0,-15.0,31.0,25.0
1758,16.0,-26.0,-24.0,-40.0,20.0,50.0,72.0,-14.0,32.0,24.0
1759,17.0,-27.0,-25.0,-39.0,21.0,49.0,73.0,-13.0,31.0,23.0
1760,16.0,-26.0,-26.0,-38.0,20.0,50.0,72.0,-12.0,30.0,24.0
1761,15.0,-27.0,-27.0,-39.0,19.0,49.0,71.0,-13.0,29.0,23.0
1762,16.0,-26.0,-28.0,-40.0,20.0,50.0,70.0,-14.0,30.0,24.0
1763,15.0,-25.0,-27.0,-41.0,21.0,51.0,69.0,-13.0,31.0,23.0
1764,16.0,-26.0,-26.0,-40.0,20.0,52.0,70.0,-14.0,32.0,22.0
1765,17.0,-25.0,-25.0,-39.0,19.0,51.0,69.0,-15.0,33.0,23.0
1766,18.0,-26.0,-26.0,-38.0,20.0,50.0,70.0,-14.0,32.0,22.0
1767,17.0,-25.0,-25.0,-39.0,21.0,51.0,69.0,-15.0,33.0,21.0
1768,18.0,-24.0,-26.0,-40.0,20.0,52.0,70.0,-14.0,32.0,20.0
1769,19.0,-25.0,-25.0,-41.0,21.0,51.0,71.0,-15.0,33.0,19.0
1770,20.0,-26.0,-24.0,-42.0,22.0,50.0,72.0,-16.0,34.0,20.0
1771,19.0,-25.0,-25.0,-41.0,21.0,51.0,71.0,-15.0,33.0,21.0
1772,18.0,-26.0,-26.0,-42.0,20.0,50.0,70.0,-16.0,32.0,20.0
1773,17.0,-27.0,-27.0,-41.0,21.0,51.0,69.0,-17.0,31.0,19.0
1774,16.0,-26.0,-28.0,-42.0,22.0,50.0,70.0,-16.0,30.0,20.0
1775,15.0,-27.0,-27.0,-41.0,23.0,49.0,69.0,-17.0,31.0,21.0
1776,14.0,-26.0,-26.0,-42.0,22.0,50.0,68.0,-18.0,32.0,22.0
1777,15.0,-25.0,-25.0,-41.0,23.0,51.0,69.0,-17.0,33.0,23.0
1778,14.0,-24.0,-26.0,-40.0,22.0,52.0,68.0,-16.0,32.0,24.0
1779,13.0,-23.0,-25.0,-41.0,21.0,53.0,69.0,-17.0,31.0,25.0
1780,12.0,-24.0,-26.0,-42.0,20.0,52.0,68.0,-16.0,32.0,26.0
1781,11.0,-23.0,-27.0,-41.0,19.0,51.0,69.0,-17.0,33.0,25.0
1782,12.0,-22.0,-28.0,-42.0,18.0,52.0,70.0,-16.0,32.0,24.0
1783,13.0,-21.0,-27.0,-41.0,19.0,51.0,69.0,-17.0,31.0,23.0
1784,14.0,-20.0,-28.0,-42.0,20.0,52.0,68.0,-18.0,30.0,24.0
1785,15.0,-21.0,-27.0,-41.0,19.0,53.0,69.0,-19.0,31.0,25.0
1786,16.0,-22.0,-26.0,-42.0,20.0,52.0,70.0,-20.0,32.0,24.0
1787,15.0,-21.0,-25.0,-43.0,19.0,53.0,69.0,-21.0,33.0,25.0
1788,14.0,-22.0,-26.0,-44.0,18.0,52.0,68.0,-22.0,32.0,24.0
1789,13.0,-21.0,-25.0,-45.0,17.0,53.0,67.0,-23.0,33.0,25.0
1790,14.0,-22.0,-24.0,-46.0,18.0,52.0,68.0,-24.0,34.0,24.0
1791,15.0,-23.0,-23.0,-47.0,19.0,51.0,69.0,-25.0,35.0,23.0
1792,14.0,-24.0,-22.0,-46.0,20.0,50.0,68.0,-24.0,36.0,24.0
1793,13.0,-25.0,-21.0,-45.0,19.0,49.0,69.0,-23.0,35.0,23.0
1794,12.0,-24.0,-20.0,-46.0,20.0,50.0,68.0,-22.0,36.0,22.0
1795,11.0,-25.0,-19.0,-45.0,19.0,49.0,69.0,-21.0,37.0,21.0
1796,10.0,-26.0,-18.0,-44.0,20.0,48.0,68.0,-20.0,38.0,22.0
1797,11.0,-27.0,-19.0,-43.0,21.0,47.0,67.0,-19.0,37.0,21.0
1798,10.0,-26.0,-18.0,-44.0,22.0,48.0,66.0,-18.0,38.0,20.0
1799,9.0,-25.0,-19.0,-45.0,23.0,47.0,65.0,-17.0,37.0,21.0
1800,8.0,-26.0,-18.0,-44.0,22.0,46.0,64.0,-16.0,38.0,20.0
1801,9.0,-27.0,-19.0,-43.0,23.0,45.0,65.0,-15.0,37.0,19.0
1802,8.0,-28.0,-20.0,-44.0,22.0,44.0,64.0,-16.0,36.0,18.0
1803,7.0,-27.0,-19.0,-45.0,21.0,45.0,63.0,-17.0,37.0,19.0
1804,6.0,-28.0,-18.0,-44.0,20.0,44.0,62.0,-16.0,38.0,18.0
1805,5.0,-29.0,-19.0,-45.0,19.0,43.0,61.0,-17.0,37.0,17.0
1806,4.0,-30.0,-20.0,-46.0,18.0,42.0,60.0,-18.0,36.0,16.0
1807,3.0,-31.0,-21.0,-45.0,19.0,43.0,59.0,-19.0,35.0,17.0
1808,4.0,-32.0,-20.0,-46.0,20.0,42.0,60.0,-20.0,36.0,18.0
1809,3.0,-33.0,-21.0,-47.0,19.0,41.0,59.0,-21.0,35.0,17.0
1810,2.0,-32.0,-22.0,-46.0,20.0,40.0,60.0,-22.0,34.0,18.0
1811,3.0,-33.0,-21.0,-45.0,19.0,41.0,59.0,-23.0,35.0,17.0
1812,2.0,-32.0,-22.0,-44.0,18.0,42.0,58.0,-22.0,34.0,18.0
1813,1.0,-31.0,-23.0,-43.0,19.0,41.0,59.0,-23.0,33.0,19.0
1814,2.0,-30.0,-24.0,-44.0,18.0,42.0,60.0,-24.0,32.0,18.0
1815,3.0,-29.0,-23.0,-43.0,17.0,41.0,59.0,-25.0,31.0,19.0
1816,4.0,-30.0,-24.0,-42.0,16.0,40.0,60.0,-26.0,30.0,20.0
1817,5.0,-31.0,-23.0,-43.0,17.0,39.0,61.0,-27.0,31.0,21.0
1818,4.0,-32.0,-24.0,-42.0,18.0,40.0,62.0,-28.0,30.0,20.0
1819,3.0,-33.0,-23.0,-41.0,17.0,39.0,63.0,-27.0,31.0,19.0
1820,2.0,-32.0,-24.0,-40.0,16.0,40.0,62.0,-28.0,32.0,18.0
1821,3.0,-31.0,-23.0,-39.0,17.0,41.0,63.0,-27.0,33.0,17.0
1822,4.0,-32.0,-22.0,-40.0,16.0,42.0,62.0,-26.0,34.0,16.0
1823,3.0,-33.0,-23.0,-41.0,15.0,41.0,61.0,-27.0,33.0,15.0
1824,2.0,-34.0,-24.0,-42.0,16.0,42.0,62.0,-26.0,34.0,14.0
1825,3.0,-33.0,-25.0,-43.0,17.0,43.0,61.0,-27.0,35.0,15.0
1826,2.0,-34.0,-26.0,-44.0,16.0,42.0,60.0,-28.0,36.0,16.0
1827,3.0,-33.0,-25.0,-43.0,17.0,41.0,59.0,-29.0,35.0,15.0
1828,2.0,-32.0,-24.0,-44.0,16.0,42.0,60.0,-30.0,34.0,16.0
1829,3.0,-33.0,-23.0,-45.0,15.0,43.0,59.0,-29.0,35.0,15.0
1830,2.0,-32.0,-24.0,-46.0,16.0,42.0,60.0,-28.0,34.0,16.0
1831,1.0,-31.0,-25.0,-45.0,15.0,43.0,59.0,-27.0,35.0,15.0
1832,2.0,-32.0,-26.0,-44.0,16.0,42.0,58.0,-26.0,34.0,14.0
1833,3.0,-31.0,-27.0,-45.0,17.0,43.0,59.0,-27.0,33.0,15.0
1834,2.0,-30.0,-28.0,-44.0,16.0,44.0,58.0,-26.0,32.0,16.0
1835,1.0,-29.0,-29.0,-43.0,15.0,45.0,57.0,-25.0,31.0,17.0
1836,2.0,-30.0,-28.0,-44.0,14.0,46.0,56.0,-24.0,32.0,16.0
1837,3.0,-31.0,-27.0,-45.0,13.0,47.0,55.0,-23.0,31.0,15.0
1838,4.0,-30.0,-26.0,-44.0,14.0,48.0,56.0,-22.0,32.0,16.0
1839,5.0,-29.0,-25.0,-43.0,15.0,49.0,55.0,-23.0,31.0,15.0
1840,4.0,-28.0,-26.0,-42.0,14.0,50.0,54.0,-22.0,30.0,16.0
1841,3.0,-29.0,-25.0,-41.0,15.0,49.0,53.0,-23.0,31.0,17.0
1842,4.0,-28.0,-24.0,-42.0,14.0,48.0,52.0,-22.0,32.0,18.0
1843,5.0,-29.0,-23.0,-41.0,13.0,49.0,51.0,-23.0,33.0,17.0
1844,6.0,-28.0,-24.0,-42.0,14.0,50.0,50.0,-24.0,34.0,18.0
1845,7.0,-29.0,-23.0,-43.0,15.0,49.0,49.0,-23.0,33.0,19.0
1846,6.0,-28.0,-22.0,-44.0,14.0,50.0,48.0,-24.0,34.0,20.0
1847,5.0,-29.0,-21.0,-43.0,13.0,49.0,47.0,-23.0,35.0,19.0
1848,4.0,-28.0,-22.0,-42.0,12.0,50.0,48.0,-24.0,36.0,18.0
1849,5.0,-27.0,-21.0,-41.0,13.0,51.0,47.0,-25.0,35.0,17.0
1850,4.0,-26.0,-20.0,-42.0,14.0,52.0,46.0,-24.0,36.0,16.0
1851,3.0,-25.0,-19.0,-43.0,13.0,53.0,45.0,-25.0,37.0,17.0
1852,2.0,-26.0,-20.0,-44.0,12.0,54.0,46.0,-24.0,38.0,18.0
1853,3.0,-25.0,-21.0,-45.0,13.0,55.0,47.0,-25.0,37.0,19.0
1854,4.0,-26.0,-22.0,-44.0,14.0,54.0,46.0,-24.0,38.0,18.0
1855,3.0,-25.0,-23.0,-45.0,15.0,53.0,45.0,-23.0,37.0,19.0
1856,4.0,-26.0,-22.0,-44.0,14.0,54.0,44.0,-24.0,38.0,18.0
1857,3.0,-25.0,-23.0,-43.0,13.0,53.0,45.0,-25.0,39.0,17.0
1858,4.0,-24.0,-22.0,-42.0,14.0,54.0,44.0,-26.0,38.0,16.0
1859,5.0,-25.0,-21.0,-43.0,15.0,53.0,45.0,-25.0,37.0,17.0
1860,6.0,-26.0,-20.0,-42.0,14.0,54.0,46.0,-26.0,38.0,18.0
1861,5.0,-27.0,-21.0,-43.0,15.0,55.0,47.0,-25.0,39.0,17.0
1862,6.0,-26.0,-22.0,-44.0,14.0,56.0,48.0,-24.0,38.0,16.0
1863,7.0,-25.0,-21.0,-45.0,13.0,55.0,49.0,-23.0,39.0,17.0
1864,6.0,-26.0,-22.0,-46.0,12.0,54.0,48.0,-24.0,38.0,16.0
1865,7.0,-27.0,-23.0,-45.0,11.0,53.0,49.0,-25.0,37.0,17.0
1866,8.0,-26.0,-22.0,-44.0,12.0,54.0,50.0,-24.0,38.0,18.0
1867,9.0,-25.0,-21.0,-43.0,13.0,55.0,51.0,-23.0,39.0,19.0
1868,8.0,-24.0,-22.0,-42.0,12.0,56.0,50.0,-22.0,38.0,20.0
1869,9.0,-23.0,-23.0,-43.0,13.0,57.0,49.0,-23.0,39.0,21.0
1870,8.0,-24.0,-22.0,-42.0,12.0,56.0,50.0,-22.0,38.0,20.0
1871,9.0,-25.0,-21.0,-43.0,13.0,55.0,51.0,-21.0,37.0,21.0
1872,8.0,-24.0,-22.0,-42.0,12.0,54.0,52.0,-22.0,38.0,20.0
1873,7.0,-25.0,-23.0,-43.0,11.0,53.0,51.0,-23.0,39.0,21.0
1874,8.0,-26.0,-22.0,-44.0,12.0,52.0,52.0,-24.0,40.0,20.0
1875,7.0,-25.0,-23.0,-45.0,13.0,51.0,53.0,-23.0,39.0,21.0
1876,8.0,-24.0,-22.0,-44.0,14.0,50.0,52.0,-24.0,38.0,20.0
1877,7.0,-23.0,-21.0,-45.0,13.0,51.0,51.0,-25.0,39.0,21.0
1878,8.0,-24.0,-22.0,-44.0,14.0,50.0,50.0,-24.0,40.0,20.0
1879,7.0,-23.0,-21.0,-45.0,15.0,51.0,49.0,-23.0,41.0,19.0
1880,6.0,-24.0,-22.0,-46.0,16.0,52.0,50.0,-22.0,40.0,18.0
1881,7.0,-25.0,-23.0,-45.0,15.0,51.0,51.0,-21.0,39.0,19.0
1882,6.0,-24.0,-22.0,-46.0,16.0,52.0,50.0,-20.0,40.0,18.0
1883,7.0,-25.0,-21.0,-47.0,17.0,51.0,51.0,-21.0,41.0,17.0
1884,8.0,-26.0,-20.0,-48.0,18.0,52.0,50.0,-20.0,40.0,18.0
1885,7.0,-27.0,-21.0,-49.0,17.0,51.0,49.0,-21.0,39.0,17.0
1886,8.0,-28.0,-20.0,-50.0,18.0,50.0,50.0,-22.0,40.0,16.0
1887,7.0,-27.0,-21.0,-49.0,17.0,51.0,49.0,-21.0,39.0,17.0
1888,6.0,-28.0,-20.0,-48.0,18.0,50.0,48.0,-22.0,40.0,18.0
1889,7.0,-27.0,-19.0,-49.0,17.0,49.0,49.0,-21.0,41.0,17.0
1890,6.0,-28.0,-20.0,-50.0,18.0,50.0,50.0,-20.0,40.0,16.0
1891,7.0,-29.0,-21.0,-49.0,17.0,49.0,51.0,-21.0,39.0,17.0
1892,8.0,-28.0,-20.0,-48.0,18.0,50.0,52.0,-20.0,40.0,18.0
1893,9.0,-29.0,-21.0,-47.0,19.0,49.0,53.0,-19.0,39.0,17.0
1894,8.0,-30.0,-22.0,-46.0,20.0,50.0,52.0,-20.0,38.0,18.0
1895,9.0,-29.0,-23.0,-47.0,21.0,51.0,51.0,-21.0,39.0,19.0
1896,8.0,-28.0,-22.0,-48.0,20.0,52.0,50.0,-22.0,40.0,20.0
1897,9.0,-29.0,-23.0,-47.0,21.0,51.0,49.0,-21.0,41.0,19.0
1898,8.0,-30.0,-22.0,-46.0,20.0,50.0,50.0,-20.0,42.0,18.0
1899,9.0,-29.0,-23.0,-47.0,21.0,51.0,49.0,-21.0,43.0,19.0
1900,10.0,-30.0,-24.0,-46.0,22.0,50.0,48.0,-20.0,42.0,18.0
1901,11.0,-29.0,-23.0,-45.0,23.0,51.0,49.0,-19.0,43.0,19.0
1902,10.0,-30.0,-24.0,-46.0,22.0,50.0,48.0,-18.0,44.0,20.0
1903,9.0,-31.0,-25.0,-47.0,21.0,49.0,47.0,-19.0,43.0,19.0
1904,8.0,-32.0,-26.0,-48.0,20.0,48.0,46.0,-20.0,42.0,18.0
1905,9.0,-31.0,-27.0,-49.0,21.0,49.0,45.0,-21.0,43.0,19.0
1906,8.0,-30.0,-28.0,-48.0,20.0,48.0,46.0,-22.0,44.0,18.0
1907,7.0,-29.0,-29.0,-49.0,21.0,47.0,45.0,-21.0,43.0,19.0
1908,6.0,-30.0,-30.0,-50.0,20.0,46.0,44.0,-20.0,44.0,20.0
1909,5.0,-29.0,-31.0,-49.0,19.0,47.0,43.0,-19.0,43.0,21.0
1910,6.0,-28.0,-30.0,-50.0,18.0,46.0,44.0,-18.0,44.0,20.0
1911,7.0,-29.0,-29.0,-49.0,17.0,47.0,45.0,-19.0,45.0,19.0
1912,8.0,-28.0,-30.0,-50.0,16.0,48.0,46.0,-18.0,44.0,18.0
1913,9.0,-27.0,-29.0,-49.0,15.0,47.0,45.0,-19.0,43.0,19.0
1914,8.0,-26.0,-28.0,-50.0,16.0,48.0,44.0,-20.0,44.0,18.0
1915,7.0,-25.0,-29.0,-49.0,15.0,49.0,43.0,-19.0,43.0,17.0
1916,8.0,-26.0,-28.0,-50.0,16.0,48.0,44.0,-18.0,42.0,18.0
1917,9.0,-27.0,-27.0,-51.0,17.0,49.0,43.0,-17.0,41.0,19.0
1918,8.0,-28.0,-28.0,-52.0,16.0,48.0,44.0,-16.0,42.0,20.0
1919,9.0,-29.0,-27.0,-51.0,15.0,49.0,45.0,-17.0,43.0,21.0
1920,8.0,-30.0,-26.0,-50.0,16.0,48.0,44.0,-16.0,44.0,22.0
1921,7.0,-29.0,-25.0,-51.0,15.0,49.0,45.0,-17.0,43.0,23.0
1922,6.0,-28.0,-26.0,-50.0,14.0,50.0,44.0,-16.0,42.0,24.0
1923,7.0,-29.0,-27.0,-49.0,13.0,49.0,45.0,-17.0,41.0,25.0
1924,6.0,-28.0,-28.0,-50.0,14.0,48.0,46.0,-16.0,40.0,26.0
1925,5.0,-29.0,-29.0,-51.0,13.0,47.0,47.0,-15.0,41.0,27.0
1926,4.0,-28.0,-28.0,-52.0,12.0,48.0,46.0,-16.0,42.0,28.0
1927,5.0,-27.0,-27.0,-51.0,13.0,49.0,47.0,-15.0,43.0,29.0
1928,6.0,-26.0,-26.0,-50.0,14.0,50.0,48.0,-14.0,44.0,30.0
1929,7.0,-27.0,-27.0,-49.0,15.0,49.0,47.0,-13.0,45.0,29.0
1930,8.0,-28.0,-26.0,-50.0,16.0,48.0,48.0,-14.0,46.0,28.0
1931,7.0,-29.0,-25.0,-49.0,15.0,47.0,49.0,-13.0,45.0,27.0
1932,8.0,-30.0,-24.0,-48.0,14.0,48.0,48.0,-14.0,46.0,26.0
1933,9.0,-29.0,-25.0,-49.0,13.0,49.0,49.0,-13.0,45.0,25.0
1934,8.0,-28.0,-26.0,-48.0,14.0,48.0,50.0,-14.0,46.0,26.0
1935,9.0,-27.0,-27.0,-49.0,13.0,49.0,51.0,-15.0,45.0,25.0
1936,10.0,-28.0,-26.0,-50.0,12.0,50.0,50.0,-14.0,44.0,24.0
1937,9.0,-27.0,-27.0,-49.0,13.0,49.0,51.0,-15.0,43.0,25.0
1938,10.0,-26.0,-26.0,-48.0,14.0,48.0,50.0,-16.0,42.0,24.0
1939,9.0,-27.0,-27.0,-47.0,15.0,49.0,51.0,-17.0,41.0,23.0
1940,8.0,-26.0,-28.0,-46.0,14.0,48.0,52.0,-18.0,42.0,22.0
1941,9.0,-27.0,-27.0,-47.0,15.0,47.0,53.0,-19.0,43.0,21.0
1942,8.0,-26.0,-28.0,-46.0,14.0,48.0,52.0,-18.0,42.0,22.0
1943,7.0,-27.0,-27.0,-45.0,13.0,47.0,51.0,-17.0,43.0,21.0
1944,6.0,-28.0,-26.0,-44.0,14.0,46.0,50.0,-18.0,44.0,22.0
1945,5.0,-29.0,-25.0,-43.0,15.0,45.0,49.0,-17.0,45.0,23.0
1946,6.0,-28.0,-26.0,-44.0,16.0,46.0,48.0,-18.0,46.0,24.0
1947,7.0,-27.0,-25.0,-43.0,17.0,47.0,49.0,-17.0,47.0,25.0
1948,8.0,-26.0,-26.0,-44.0,16.0,48.0,50.0,-18.0,46.0,24.0
1949,9.0,-27.0,-27.0,-43.0,17.0,47.0,49.0,-17.0,47.0,23.0
1950,10.0,-26.0,-26.0,-44.0,16.0,46.0,48.0,-16.0,48.0,24.0
1951,9.0,-27.0,-27.0,-45.0,15.0,45.0,47.0,-17.0,47.0,23.0
1952,8.0,-28.0,-28.0,-44.0,16.0,46.0,48.0,-18.0,46.0,22.0
1953,7.0,-29.0,-29.0,-43.0,17.0,47.0,47.0,-19.0,45.0,23.0
1954,6.0,-28.0,-30.0,-44.0,18.0,46.0,48.0,-18.0,44.0,24.0
1955,7.0,-29.0,-29.0,-45.0,19.0,45.0,49.0,-19.0,45.0,23.0
1956,6.0,-30.0,-28.0,-44.0,18.0,44.0,48.0,-18.0,46.0,22.0
1957,7.0,-29.0,-29.0,-45.0,19.0,45.0,49.0,-19.0,45.0,23.0
1958,6.0,-28.0,-30.0,-44.0,18.0,46.0,48.0,-18.0,44.0,22.0
1959,5.0,-27.0,-31.0,-43.0,19.0,45.0,49.0,-19.0,45.0,23.0
1960,6.0,-28.0,-30.0,-42.0,18.0,46.0,50.0,-20.0,46.0,24.0
1961,5.0,-27.0,-29.0,-43.0,17.0,47.0,49.0,-21.0,47.0,25.0
1962,4.0,-26.0,-28.0,-44.0,16.0,48.0,50.0,-22.0,48.0,26.0
1963,5.0,-25.0,-29.0,-45.0,17.0,49.0,49.0,-23.0,47.0,27.0
1964,6.0,-24.0,-28.0,-44.0,16.0,48.0,48.0,-24.0,48.0,28.0
1965,5.0,-25.0,-27.0,-43.0,15.0,47.0,49.0,-23.0,47.0,27.0
1966,4.0,-26.0,-28.0,-44.0,14.0,46.0,48.0,-24.0,46.0,26.0
1967,5.0,-27.0,-29.0,-43.0,15.0,45.0,47.0,-23.0,47.0,25.0
1968,6.0,-28.0,-30.0,-42.0,16.0,44.0,48.0,-22.0,46.0,24.0
1969,5.0,-27.0,-31.0,-41.0,15.0,45.0,47.0,-21.0,45.0,25.0
1970,6.0,-26.0,-30.0,-40.0,16.0,44.0,46.0,-22.0,44.0,24.0
1971,7.0,-27.0,-31.0,-39.0,17.0,43.0,45.0,-21.0,45.0,23.0
1972,8.0,-28.0,-32.0,-38.0,18.0,42.0,44.0,-20.0,46.0,22.0
1973,9.0,-27.0,-31.0,-37.0,19.0,41.0,43.0,-21.0,45.0,21.0
1974,8.0,-28.0,-30.0,-36.0,20.0,40.0,42.0,-20.0,46.0,22.0
1975,7.0,-29.0,-31.0,-35.0,21.0,41.0,41.0,-21.0,45.0,23.0
1976,6.0,-28.0,-32.0,-34.0,20.0,40.0,42.0,-22.0,46.0,22.0
1977,7.0,-29.0,-31.0,-35.0,21.0,39.0,41.0,-21.0,45.0,23.0
1978,8.0,-30.0,-30.0,-36.0,22.0,38.0,42.0,-22.0,46.0,22.0
1979,7.0,-31.0,-29.0,-35.0,21.0,37.0,43.0,-21.0,45.0,21.0
1980,6.0,-32.0,-30.0,-36.0,20.0,36.0,42.0,-22.0,44.0,20.0
1981,5.0,-33.0,-29.0,-35.0,19.0,35.0,43.0,-21.0,43.0,19.0
1982,6.0,-34.0,-30.0,-34.0,18.0,34.0,44.0,-22.0,42.0,20.0
1983,5.0,-33.0,-31.0,-33.0,17.0,35.0,43.0,-21.0,41.0,21.0
1984,6.0,-34.0,-32.0,-32.0,18.0,34.0,44.0,-20.0,40.0,20.0
1985,5.0,-33.0,-31.0,-33.0,19.0,35.0,43.0,-19.0,41.0,19.0
1986,4.0,-32.0,-30.0,-34.0,18.0,36.0,44.0,-20.0,42.0,20.0
1987,5.0,-31.0,-29.0,-33.0,19.0,37.0,45.0,-19.0,43.0,21.0
1988,6.0,-30.0,-28.0,-32.0,20.0,36.0,44.0,-20.0,42.0,20.0
1989,7.0,-31.0,-29.0,-31.0,19.0,35.0,45.0,-19.0,41.0,21.0
1990,8.0,-30.0,-28.0,-30.0,20.0,36.0,46.0,-18.0,42.0,22.0
1991,9.0,-29.0,-27.0,-29.0,21.0,37.0,47.0,-17.0,43.0,23.0
1992,10.0,-28.0,-28.0,-30.0,22.0,38.0,46.0,-18.0,44.0,24.0
1993,11.0,-27.0,-27.0,-31.0,21.0,37.0,45.0,-17.0,45.0,25.0
1994,12.0,-26.0,-28.0,-32.0,20.0,38.0,46.0,-18.0,44.0,24.0
1995,11.0,-25.0,-27.0,-33.0,19.0,39.0,47.0,-19.0,45.0,25.0
1996,12.0,-26.0,-26.0,-34.0,18.0,40.0,46.0,-18.0,44.0,24.0
1997,11.0,-27.0,-25.0,-33.0,19.0,39.0,45.0,-19.0,45.0,25.0
1998,12.0,-28.0,-24.0,-34.0,20.0,38.0,46.0,-20.0,46.0,24.0
1999,11.0,-29.0,-25.0,-33.0,21.0,39.0,47.0,-21.0,45.0,23.0
2000,10.0,-28.0,-24.0,-34.0,20.0,40.0,48.0,-22.0,46.0,24.0
2001,9.0,-27.0,-25.0,-33.0,19.0,41.0,47.0,-21.0,45.0,23.0
2002,10.0,-26.0,-26.0,-34.0,20.0,42.0,46.0,-22.0,46.0,24.0
2003,11.0,-25.0,-27.0,-35.0,19.0,43.0,47.0,-21.0,45.0,23.0
2004,10.0,-26.0,-28.0,-36.0,18.0,42.0,46.0,-22.0,44.0,22.0
2005,9.0,-25.0,-29.0,-35.0,17.0,41.0,47.0,-23.0,45.0,21.0
2006,8.0,-26.0,-30.0,-36.0,16.0,40.0,46.0,-24.0,46.0,22.0
2007,9.0,-27.0,-29.0,-37.0,17.0,39.0,47.0,-25.0,47.0,21.0
2008,8.0,-26.0,-28.0,-38.0,16.0,40.0,48.0,-26.0,46.0,22.0
2009,9.0,-25.0,-27.0,-37.0,17.0,41.0,47.0,-27.0,45.0,21.0
2010,8.0,-24.0,-28.0,-38.0,18.0,40.0,46.0,-26.0,44.0,20.0
2011,7.0,-23.0,-29.0,-39.0,19.0,39.0,45.0,-25.0,43.0,19.0
2012,8.0,-24.0,-28.0,-40.0,20.0,38.0,46.0,-26.0,44.0,20.0
2013,9.0,-23.0,-27.0,-41.0,19.0,37.0,45.0,-25.0,45.0,21.0
2014,8.0,-22.0,-28.0,-40.0,20.0,36.0,46.0,-26.0,44.0,22.0
2015,9.0,-23.0,-29.0,-39.0,21.0,35.0,45.0,-25.0,45.0,21.0
2016,8.0,-22.0,-30.0,-38.0,20.0,36.0,44.0,-24.0,44.0,22.0
2017,7.0,-21.0,-31.0,-39.0,21.0,35.0,43.0,-23.0,43.0,23.0
2018,8.0,-22.0,-30.0,-40.0,20.0,36.0,42.0,-22.0,44.0,22.0
2019,7.0,-21.0,-31.0,-39.0,19.0,37.0,41.0,-21.0,43.0,23.0
2020,8.0,-22.0,-30.0,-40.0,18.0,38.0,40.0,-20.0,44.0,22.0
2021,9.0,-21.0,-31.0,-41.0,17.0,39.0,41.0,-21.0,43.0,21.0
2022,8.0,-22.0,-32.0,-40.0,18.0,40.0,40.0,-22.0,42.0,22.0
2023,7.0,-21.0,-31.0,-41.0,19.0,41.0,39.0,-21.0,43.0,21.0
2024,6.0,-22.0,-30.0,-40.0,20.0,40.0,38.0,-22.0,44.0,22.0
2025,7.0,-21.0,-29.0,-39.0,21.0,39.0,37.0,-23.0,43.0,21.0
2026,8.0,-22.0,-30.0,-38.0,22.0,38.0,36.0,-22.0,44.0,20.0
2027,9.0,-23.0,-29.0,-37.0,21.0,39.0,37.0,-23.0,45.0,19.0
2028,10.0,-24.0,-28.0,-38.0,22.0,38.0,36.0,-22.0,44.0,20.0
2029,11.0,-23.0,-29.0,-39.0,23.0,39.0,35.0,-23.0,45.0,21.0
2030,10.0,-24.0,-28.0,-38.0,22.0,38.0,36.0,-22.0,44.0,20.0
2031,11.0,-25.0,-27.0,-39.0,23.0,37.0,37.0,-23.0,45.0,21.0
2032,12.0,-24.0,-26.0,-40.0,22.0,36.0,36.0,-22.0,46.0,22.0
2033,13.0,-23.0,-27.0,-41.0,21.0,37.0,37.0,-21.0,45.0,21.0
2034,14.0,-22.0,-26.0,-40.0,22.0,36.0,36.0,-22.0,44.0,20.0
2035,13.0,-23.0,-27.0,-39.0,23.0,37.0,35.0,-23.0,43.0,19.0
2036,14.0,-22.0,-26.0,-38.0,24.0,38.0,36.0,-24.0,42.0,18.0
2037,15.0,-21.0,-25.0,-39.0,23.0,37.0,37.0,-23.0,43.0,19.0
2038,14.0,-22.0,-24.0,-38.0,24.0,36.0,36.0,-22.0,44.0,20.0
2039,13.0,-23.0,-23.0,-37.0,23.0,35.0,37.0,-21.0,43.0,19.0
2040,14.0,-24.0,-22.0,-36.0,22.0,36.0,38.0,-22.0,44.0,18.0
2041,15.0,-25.0,-23.0,-35.0,21.0,35.0,39.0,-21.0,43.0,19.0
2042,14.0,-26.0,-24.0,-34.0,22.0,36.0,38.0,-22.0,42.0,18.0
2043,15.0,-25.0,-23.0,-33.0,23.0,37.0,39.0,-21.0,43.0,19.0
2044,16.0,-24.0,-24.0,-34.0,24.0,38.0,38.0,-22.0,44.0,20.0
2045,15.0,-25.0,-25.0,-33.0,25.0,39.0,39.0,-23.0,43.0,19.0
2046,14.0,-26.0,-26.0,-32.0,26.0,40.0,40.0,-24.0,42.0,18.0
2047,15.0,-27.0,-27.0,-31.0,25.0,39.0,41.0,-25.0,41.0,19.0
2048,16.0,-28.0,-26.0,-32.0,26.0,38.0,42.0,-26.0,42.0,18.0
2049,15.0,-27.0,-27.0,-31.0,25.0,37.0,43.0,-27.0,43.0,17.0
2050,14.0,-28.0,-28.0,-32.0,24.0,36.0,42.0,-28.0,42.0,16.0
2051,15.0,-27.0,-27.0,-31.0,25.0,35.0,41.0,-29.0,41.0,15.0
2052,14.0,-28.0,-28.0,-32.0,24.0,34.0,40.0,-30.0,40.0,14.0
2053,15.0,-27.0,-29.0,-33.0,25.0,35.0,41.0,-31.0,39.0,15.0
2054,16.0,-26.0,-28.0,-32.0,26.0,34.0,40.0,-32.0,38.0,14.0
2055,15.0,-25.0,-29.0,-33.0,27.0,33.0,41.0,-31.0,37.0,15.0
2056,16.0,-24.0,-28.0,-32.0,28.0,34.0,42.0,-30.0,38.0,16.0
2057,17.0,-23.0,-27.0,-31.0,27.0,33.0,41.0,-31.0,39.0,17.0
2058,18.0,-24.0,-26.0,-32.0,28.0,32.0,40.0,-30.0,38.0,18.0
2059,17.0,-25.0,-25.0,-31.0,27.0,31.0,41.0,-29.0,37.0,17.0
2060,16.0,-24.0,-26.0,-30.0,26.0,32.0,40.0,-28.0,36.0,18.0
2061,17.0,-23.0,-25.0,-31.0,25.0,31.0,41.0,-27.0,37.0,17.0
2062,16.0,-24.0,-26.0,-32.0,24.0,30.0,40.0,-28.0,36.0,16.0
2063,17.0,-23.0,-25.0,-31.0,25.0,31.0,41.0,-27.0,37.0,17.0
2064,16.0,-24.0,-26.0,-32.0,24.0,30.0,42.0,-26.0,38.0,18.0
2065,17.0,-23.0,-25.0,-31.0,25.0,31.0,43.0,-25.0,39.0,19.0
2066,16.0,-22.0,-24.0,-32.0,24.0,32.0,42.0,-26.0,40.0,20.0
2067,15.0,-23.0,-25.0,-31.0,25.0,33.0,41.0,-27.0,39.0,21.0
2068,14.0,-22.0,-24.0,-32.0,26.0,34.0,40.0,-28.0,40.0,20.0
2069,15.0,-23.0,-23.0,-33.0,27.0,33.0,41.0,-29.0,41.0,19.0
2070,14.0,-24.0,-24.0,-32.0,28.0,34.0,42.0,-30.0,40.0,18.0
2071,13.0,-25.0,-25.0,-33.0,27.0,33.0,41.0,-29.0,41.0,19.0
2072,12.0,-26.0,-26.0,-32.0,28.0,34.0,42.0,-30.0,40.0,18.0
2073,11.0,-27.0,-27.0,-31.0,29.0,35.0,43.0,-31.0,39.0,17.0
2074,12.0,-28.0,-26.0,-30.0,28.0,36.0,42.0,-32.0,40.0,16.0
2075,13.0,-29.0,-25.0,-31.0,29.0,35.0,43.0,-33.0,41.0,15.0
2076,14.0,-30.0,-24.0,-32.0,28.0,36.0,42.0,-32.0,42.0,14.0
2077,13.0,-29.0,-25.0,-31.0,27.0,37.0,43.0,-33.0,43.0,13.0
2078,14.0,-28.0,-24.0,-32.0,26.0,36.0,44.0,-32.0,44.0,12.0
2079,15.0,-29.0,-23.0,-31.0,25.0,37.0,43.0,-33.0,45.0,11.0
2080,16.0,-30.0,-22.0,-32.0,26.0,36.0,44.0,-34.0,46.0,10.0
2081,17.0,-31.0,-21.0,-33.0,27.0,35.0,43.0,-33.0,45.0,11.0
2082,16.0,-32.0,-20.0,-32.0,28.0,34.0,42.0,-34.0,46.0,12.0
2083,15.0,-31.0,-21.0,-31.0,27.0,33.0,43.0,-35.0,47.0,11.0
2084,14.0,-30.0,-20.0,-32.0,28.0,34.0,42.0,-34.0,48.0,10.0
2085,13.0,-31.0,-19.0,-31.0,27.0,33.0,43.0,-33.0,47.0,9.0
2086,14.0,-30.0,-18.0,-30.0,26.0,32.0,42.0,-34.0,46.0,10.0
2087,15.0,-31.0,-17.0,-29.0,25.0,33.0,41.0,-35.0,47.0,9.0
2088,14.0,-32.0,-18.0,-30.0,24.0,34.0,42.0,-34.0,48.0,10.0
2089,15.0,-31.0,-19.0,-31.0,25.0,35.0,41.0,-35.0,47.0,11.0
2090,16.0,-32.0,-20.0,-30.0,26.0,34.0,40.0,-34.0,48.0,10.0
2091,17.0,-33.0,-19.0,-31.0,25.0,35.0,39.0,-33.0,49.0,9.0
2092,16.0,-34.0,-20.0,-32.0,26.0,36.0,40.0,-32.0,48.0,8.0
2093,15.0,-33.0,-21.0,-31.0,25.0,37.0,39.0,-31.0,47.0,9.0
2094,14.0,-32.0,-22.0,-30.0,26.0,36.0,40.0,-32.0,46.0,10.0
2095,15.0,-31.0,-21.0,-29.0,27.0,37.0,41.0,-31.0,47.0,11.0
2096,16.0,-32.0,-20.0,-30.0,28.0,38.0,40.0,-30.0,46.0,12.0
2097,17.0,-33.0,-21.0,-29.0,27.0,37.0,41.0,-29.0,45.0,13.0
2098,18.0,-34.0,-22.0,-28.0,28.0,36.0,40.0,-28.0,46.0,12.0
2099,19.0,-35.0,-23.0,-27.0,27.0,35.0,41.0,-27.0,45.0,13.0
2100,18.0,-34.0,-22.0,-28.0,28.0,36.0,40.0,-28.0,46.0,12.0
2101,19.0,-33.0,-21.0,-27.0,27.0,35.0,39.0,-29.0,45.0,13.0
2102,18.0,-34.0,-22.0,-26.0,28.0,36.0,40.0,-30.0,44.0,12.0
2103,17.0,-35.0,-21.0,-25.0,27.0,35.0,39.0,-29.0,45.0,11.0
2104,18.0,-36.0,-22.0,-24.0,26.0,34.0,40.0,-30.0,44.0,12.0
2105,19.0,-37.0,-21.0,-23.0,25.0,35.0,39.0,-31.0,45.0,11.0
2106,20.0,-36.0,-20.0,-24.0,24.0,34.0,38.0,-30.0,46.0,12.0
2107,19.0,-37.0,-21.0,-23.0,25.0,35.0,39.0,-31.0,45.0,11.0
2108,20.0,-36.0,-20.0,-22.0,26.0,36.0,38.0,-32.0,44.0,10.0
2109,21.0,-37.0,-19.0,-21.0,25.0,37.0,37.0,-33.0,45.0,9.0
2110,20.0,-36.0,-18.0,-22.0,24.0,38.0,38.0,-34.0,46.0,10.0
2111,21.0,-35.0,-17.0,-23.0,23.0,37.0,39.0,-33.0,47.0,9.0
2112,22.0,-36.0,-16.0,-24.0,24.0,36.0,38.0,-32.0,46.0,10.0
2113,23.0,-35.0,-17.0,-25.0,23.0,37.0,39.0,-31.0,45.0,9.0
2114,24.0,-36.0,-16.0,-26.0,22.0,38.0,38.0,-30.0,46.0,8.0
2115,23.0,-35.0,-15.0,-27.0,23.0,39.0,37.0,-31.0,47.0,7.0
2116,24.0,-34.0,-14.0,-26.0,24.0,38.0,36.0,-32.0,46.0,6.0
2117,23.0,-35.0,-15.0,-27.0,23.0,37.0,37.0,-31.0,47.0,7.0
2118,24.0,-34.0,-14.0,-26.0,24.0,38.0,36.0,-32.0,46.0,6.0
2119,23.0,-33.0,-15.0,-25.0,23.0,39.0,37.0,-33.0,47.0,5.0
2120,22.0,-32.0,-14.0,-26.0,24.0,40.0,36.0,-34.0,48.0,4.0
2121,23.0,-31.0,-15.0,-27.0,25.0,41.0,35.0,-35.0,49.0,5.0
2122,24.0,-30.0,-14.0,-26.0,26.0,42.0,34.0,-36.0,48.0,4.0
2123,25.0,-31.0,-15.0,-25.0,27.0,41.0,35.0,-35.0,47.0,3.0
2124,26.0,-32.0,-16.0,-24.0,26.0,40.0,36.0,-34.0,46.0,4.0
2125,25.0,-31.0,-17.0,-23.0,25.0,41.0,37.0,-35.0,47.0,3.0
2126,24.0,-32.0,-18.0,-24.0,24.0,40.0,36.0,-36.0,46.0,4.0
2127,23.0,-31.0,-19.0,-25.0,25.0,39.0,37.0,-35.0,45.0,5.0
2128,22.0,-30.0,-18.0,-26.0,26.0,40.0,36.0,-34.0,46.0,4.0
2129,21.0,-31.0,-19.0,-27.0,25.0,39.0,35.0,-35.0,45.0,3.0
2130,20.0,-30.0,-18.0,-28.0,26.0,40.0,34.0,-34.0,46.0,2.0
2131,21.0,-29.0,-17.0,-27.0,27.0,41.0,35.0,-35.0,45.0,1.0
2132,22.0,-28.0,-16.0,-28.0,26.0,40.0,34.0,-34.0,46.0,2.0
2133,21.0,-27.0,-15.0,-29.0,27.0,41.0,33.0,-33.0,47.0,1.0
2134,22.0,-28.0,-14.0,-30.0,28.0,40.0,34.0,-34.0,48.0,0.0
2135,21.0,-27.0,-15.0,-29.0,27.0,41.0,33.0,-35.0,49.0,-1.0
2136,22.0,-26.0,-14.0,-28.0,28.0,42.0,34.0,-34.0,50.0,0.0
2137,23.0,-27.0,-15.0,-27.0,29.0,41.0,33.0,-33.0,51.0,-1.0
2138,24.0,-28.0,-14.0,-28.0,28.0,42.0,32.0,-32.0,52.0,-2.0
2139,25.0,-29.0,-13.0,-27.0,27.0,43.0,33.0,-33.0,53.0,-3.0
2140,24.0,-30.0,-14.0,-28.0,26.0,42.0,32.0,-34.0,52.0,-2.0
2141,23.0,-29.0,-13.0,-29.0,27.0,43.0,31.0,-33.0,53.0,-3.0
2142,22.0,-30.0,-12.0,-28.0,26.0,42.0,30.0,-32.0,54.0,-4.0
2143,21.0,-31.0,-13.0,-29.0,25.0,41.0,29.0,-33.0,53.0,-3.0
2144,22.0,-30.0,-14.0,-30.0,26.0,42.0,28.0,-34.0,52.0,-2.0
2145,21.0,-29.0,-13.0,-31.0,25.0,43.0,29.0,-35.0,51.0,-1.0
2146,22.0,-28.0,-12.0,-30.0,26.0,42.0,28.0,-36.0,50.0,-2.0
2147,23.0,-27.0,-13.0,-31.0,27.0,43.0,27.0,-37.0,51.0,-1.0
2148,22.0,-26.0,-14.0,-32.0,28.0,42.0,26.0,-36.0,50.0,0.0
2149,21.0,-25.0,-15.0,-31.0,27.0,41.0,27.0,-37.0,51.0,-1.0
2150,22.0,-24.0,-14.0,-30.0,28.0,40.0,26.0,-38.0,50.0,-2.0
2151,21.0,-23.0,-13.0,-31.0,29.0,41.0,25.0,-39.0,51.0,-3.0
2152,20.0,-22.0,-14.0,-30.0,28.0,42.0,24.0,-38.0,50.0,-2.0
2153,19.0,-21.0,-13.0,-31.0,27.0,43.0,23.0,-39.0,51.0,-1.0
2154,18.0,-20.0,-14.0,-30.0,26.0,42.0,24.0,-40.0,52.0,-2.0
2155,17.0,-21.0,-15.0,-29.0,27.0,43.0,23.0,-41.0,51.0,-3.0
2156,16.0,-22.0,-16.0,-28.0,28.0,44.0,22.0,-42.0,50.0,-4.0
2157,15.0,-21.0,-17.0,-27.0,27.0,45.0,21.0,-41.0,49.0,-5.0
2158,14.0,-22.0,-18.0,-28.0,26.0,44.0,20.0,-42.0,48.0,-6.0
2159,15.0,-21.0,-17.0,-29.0,25.0,43.0,21.0,-41.0,49.0,-7.0
2160,14.0,-20.0,-18.0,-28.0,24.0,44.0,22.0,-42.0,50.0,-8.0
2161,13.0,-19.0,-19.0,-29.0,25.0,43.0,21.0,-41.0,49.0,-9.0
2162,12.0,-20.0,-20.0,-30.0,24.0,42.0,20.0,-40.0,50.0,-8.0
2163,11.0,-19.0,-19.0,-31.0,23.0,43.0,21.0,-41.0,49.0,-7.0
2164,10.0,-18.0,-18.0,-32.0,24.0,44.0,20.0,-40.0,50.0,-8.0
2165,11.0,-17.0,-17.0,-33.0,23.0,43.0,21.0,-39.0,51.0,-7.0
2166,10.0,-18.0,-18.0,-32.0,24.0,44.0,22.0,-40.0,50.0,-8.0
2167,9.0,-19.0,-19.0,-31.0,25.0,45.0,21.0,-41.0,49.0,-7.0
2168,10.0,-18.0,-18.0,-30.0,26.0,46.0,22.0,-40.0,48.0,-8.0
2169,11.0,-19.0,-17.0,-31.0,27.0,45.0,21.0,-39.0,47.0,-7.0
2170,10.0,-20.0,-16.0,-30.0,26.0,44.0,22.0,-38.0,46.0,-8.0
2171,9.0,-19.0,-15.0,-31.0,25.0,45.0,21.0,-39.0,47.0,-7.0
2172,8.0,-18.0,-16.0,-30.0,26.0,44.0,22.0,-40.0,48.0,-6.0
2173,7.0,-17.0,-17.0,-29.0,25.0,45.0,21.0,-39.0,47.0,-5.0
2174,6.0,-16.0,-18.0,-30.0,26.0,44.0,20.0,-38.0,46.0,-6.0
2175,5.0,-17.0,-19.0,-31.0,25.0,43.0,21.0,-37.0,47.0,-5.0
2176,6.0,-18.0,-18.0,-30.0,24.0,44.0,20.0,-38.0,48.0,-6.0
2177,7.0,-17.0,-19.0,-31.0,25.0,45.0,19.0,-39.0,49.0,-5.0
2178,6.0,-16.0,-20.0,-30.0,24.0,46.0,20.0,-40.0,50.0,-6.0
2179,5.0,-15.0,-19.0,-31.0,23.0,47.0,21.0,-41.0,49.0,-5.0
2180,4.0,-14.0,-20.0,-30.0,22.0,48.0,22.0,-42.0,50.0,-6.0
2181,5.0,-15.0,-21.0,-29.0,21.0,47.0,23.0,-43.0,49.0,-5.0
2182,4.0,-14.0,-22.0,-28.0,20.0,48.0,22.0,-42.0,48.0,-4.0
2183,3.0,-13.0,-23.0,-27.0,19.0,49.0,21.0,-43.0,49.0,-5.0
2184,2.0,-14.0,-24.0,-26.0,20.0,50.0,20.0,-44.0,48.0,-4.0
2185,1.0,-15.0,-23.0,-25.0,21.0,49.0,19.0,-45.0,49.0,-3.0
2186,0.0,-14.0,-24.0,-24.0,20.0,48.0,20.0,-46.0,50.0,-4.0
2187,-1.0,-15.0,-25.0,-25.0,21.0,49.0,21.0,-45.0,49.0,-5.0
2188,0.0,-16.0,-26.0,-24.0,22.0,48.0,22.0,-44.0,48.0,-6.0
2189,1.0,-17.0,-27.0,-23.0,23.0,47.0,21.0,-43.0,49.0,-7.0
2190,2.0,-16.0,-26.0,-22.0,24.0,46.0,20.0,-44.0,48.0,-8.0
2191,3.0,-17.0,-25.0,-23.0,25.0,47.0,19.0,-43.0,47.0,-7.0
2192,2.0,-16.0,-26.0,-22.0,24.0,48.0,18.0,-42.0,46.0,-8.0
2193,3.0,-15.0,-25.0,-21.0,25.0,49.0,19.0,-41.0,47.0,-7.0
2194,4.0,-16.0,-24.0,-22.0,26.0,50.0,18.0,-40.0,46.0,-6.0
2195,5.0,-17.0,-23.0,-23.0,27.0,49.0,19.0,-39.0,45.0,-5.0
2196,4.0,-18.0,-24.0,-24.0,26.0,48.0,18.0,-40.0,44.0,-6.0
2197,5.0,-19.0,-23.0,-25.0,27.0,47.0,17.0,-39.0,43.0,-5.0
2198,4.0,-20.0,-24.0,-26.0,28.0,48.0,18.0,-38.0,44.0,-6.0
2199,5.0,-21.0,-23.0,-27.0,29.0,47.0,17.0,-37.0,43.0,-5.0
2200,4.0,-20.0,-24.0,-26.0,28.0,48.0,16.0,-36.0,44.0,-6.0
2201,3.0,-19.0,-23.0,-27.0,29.0,49.0,15.0,-35.0,45.0,-7.0
2202,2.0,-20.0,-24.0,-26.0,30.0,50.0,14.0,-36.0,44.0,-8.0
2203,3.0,-21.0,-23.0,-27.0,29.0,51.0,13.0,-35.0,45.0,-9.0
2204,4.0,-22.0,-24.0,-26.0,28.0,50.0,14.0,-34.0,44.0,-8.0
2205,5.0,-23.0,-23.0,-27.0,29.0,49.0,15.0,-35.0,43.0,-7.0
2206,6.0,-24.0,-24.0,-26.0,30.0,48.0,14.0,-34.0,44.0,-8.0
2207,5.0,-25.0,-25.0,-27.0,29.0,47.0,13.0,-35.0,45.0,-7.0
2208,6.0,-26.0,-26.0,-26.0,28.0,46.0,14.0,-34.0,44.0,-6.0
2209,7.0,-25.0,-27.0,-27.0,29.0,47.0,13.0,-35.0,45.0,-5.0
2210,8.0,-24.0,-26.0,-28.0,28.0,46.0,12.0,-34.0,46.0,-4.0
2211,7.0,-25.0,-27.0,-27.0,29.0,47.0,13.0,-35.0,45.0,-5.0
2212,6.0,-24.0,-28.0,-26.0,28.0,48.0,12.0,-34.0,44.0,-4.0
2213,7.0,-23.0,-27.0,-25.0,29.0,49.0,13.0,-33.0,45.0,-3.0
2214,8.0,-22.0,-26.0,-26.0,28.0,48.0,12.0,-32.0,46.0,-2.0
2215,7.0,-23.0,-27.0,-27.0,27.0,47.0,11.0,-33.0,45.0,-1.0
2216,6.0,-24.0,-28.0,-26.0,28.0,48.0,10.0,-34.0,44.0,0.0
2217,7.0,-25.0,-27.0,-27.0,27.0,49.0,9.0,-33.0,43.0,-1.0
2218,8.0,-24.0,-26.0,-26.0,28.0,50.0,10.0,-32.0,44.0,-2.0
2219,7.0,-25.0,-27.0,-27.0,27.0,51.0,11.0,-31.0,45.0,-1.0
2220,8.0,-24.0,-26.0,-26.0,26.0,50.0,10.0,-32.0,46.0,0.0
2221,7.0,-25.0,-25.0,-25.0,27.0,49.0,9.0,-33.0,47.0,1.0
2222,6.0,-24.0,-26.0,-24.0,26.0,48.0,10.0,-34.0,48.0,0.0
2223,5.0,-23.0,-25.0,-25.0,27.0,49.0,9.0,-35.0,49.0,-1.0
2224,4.0,-24.0,-26.0,-26.0,28.0,50.0,10.0,-34.0,50.0,-2.0
2225,3.0,-23.0,-27.0,-25.0,29.0,49.0,11.0,-35.0,51.0,-1.0
2226,2.0,-24.0,-26.0,-24.0,28.0,48.0,10.0,-34.0,52.0,-2.0
2227,1.0,-23.0,-27.0,-23.0,29.0,47.0,11.0,-35.0,53.0,-1.0
2228,2.0,-24.0,-26.0,-24.0,30.0,46.0,12.0,-36.0,54.0,-2.0
2229,3.0,-23.0,-27.0,-25.0,29.0,47.0,13.0,-35.0,53.0,-3.0
2230,4.0,-22.0,-26.0,-24.0,30.0,48.0,14.0,-34.0,54.0,-2.0
2231,5.0,-23.0,-27.0,-23.0,31.0,47.0,15.0,-33.0,53.0,-3.0
2232,6.0,-24.0,-28.0,-22.0,32.0,46.0,14.0,-32.0,54.0,-4.0
2233,7.0,-23.0,-27.0,-23.0,31.0,45.0,15.0,-31.0,55.0,-5.0
2234,8.0,-22.0,-26.0,-24.0,30.0,44.0,16.0,-30.0,56.0,-6.0
2235,7.0,-23.0,-27.0,-25.0,31.0,45.0,17.0,-29.0,55.0,-7.0
2236,6.0,-22.0,-28.0,-24.0,30.0,44.0,18.0,-30.0,56.0,-8.0
2237,7.0,-21.0,-27.0,-23.0,31.0,45.0,19.0,-29.0,55.0,-9.0
2238,6.0,-22.0,-28.0,-24.0,30.0,44.0,18.0,-30.0,56.0,-8.0
2239,5.0,-23.0,-29.0,-23.0,31.0,45.0,17.0,-31.0,55.0,-9.0
2240,6.0,-24.0,-30.0,-22.0,30.0,44.0,18.0,-32.0,54.0,-8.0
2241,7.0,-23.0,-29.0,-21.0,31.0,45.0,19.0,-31.0,55.0,-7.0
2242,8.0,-24.0,-28.0,-22.0,32.0,44.0,20.0,-32.0,56.0,-8.0
2243,9.0,-23.0,-27.0,-23.0,31.0,43.0,21.0,-31.0,57.0,-9.0
2244,10.0,-24.0,-26.0,-24.0,32.0,44.0,20.0,-30.0,56.0,-8.0
2245,11.0,-25.0,-27.0,-23.0,31.0,43.0,21.0,-31.0,55.0,-7.0
2246,12.0,-26.0,-28.0,-22.0,32.0,42.0,22.0,-30.0,54.0,-8.0
2247,13.0,-25.0,-29.0,-23.0,33.0,43.0,21.0,-31.0,55.0,-7.0
2248,12.0,-24.0,-30.0,-22.0,34.0,42.0,22.0,-32.0,54.0,-6.0
2249,11.0,-25.0,-31.0,-23.0,33.0,41.0,21.0,-33.0,53.0,-7.0
2250,12.0,-26.0,-32.0,-22.0,32.0,40.0,22.0,-34.0,52.0,-6.0
2251,11.0,-27.0,-33.0,-21.0,33.0,41.0,21.0,-35.0,51.0,-7.0
2252,12.0,-28.0,-32.0,-22.0,34.0,40.0,22.0,-36.0,52.0,-8.0
2253,13.0,-27.0,-31.0,-23.0,33.0,39.0,23.0,-35.0,53.0,-7.0
2254,14.0,-26.0,-30.0,-22.0,32.0,38.0,22.0,-36.0,54.0,-6.0
2255,15.0,-27.0,-29.0,-23.0,31.0,39.0,21.0,-35.0,53.0,-7.0
2256,14.0,-26.0,-30.0,-24.0,32.0,38.0,22.0,-34.0,52.0,-6.0
2257,13.0,-27.0,-31.0,-25.0,31.0,37.0,23.0,-33.0,53.0,-5.0
2258,14.0,-26.0,-30.0,-24.0,32.0,38.0,24.0,-32.0,54.0,-4.0
2259,15.0,-25.0,-29.0,-23.0,33.0,39.0,23.0,-33.0,53.0,-5.0
2260,14.0,-24.0,-30.0,-22.0,32.0,40.0,24.0,-34.0,54.0,-6.0
2261,13.0,-25.0,-31.0,-21.0,33.0,41.0,25.0,-35.0,53.0,-7.0
2262,12.0,-24.0,-30.0,-22.0,34.0,42.0,24.0,-34.0,54.0,-8.0
2263,11.0,-23.0,-31.0,-23.0,35.0,41.0,23.0,-33.0,53.0,-9.0
2264,12.0,-24.0,-30.0,-24.0,36.0,42.0,22.0,-32.0,52.0,-8.0
2265,11.0,-25.0,-29.0,-23.0,35.0,41.0,23.0,-31.0,51.0,-9.0
2266,10.0,-26.0,-30.0,-24.0,36.0,42.0,24.0,-30.0,52.0,-10.0
2267,11.0,-27.0,-31.0,-23.0,37.0,41.0,25.0,-29.0,51.0,-11.0
2268,10.0,-26.0,-30.0,-24.0,36.0,42.0,26.0,-30.0,50.0,-10.0
2269,11.0,-27.0,-29.0,-23.0,35.0,43.0,27.0,-31.0,51.0,-9.0
2270,10.0,-26.0,-30.0,-22.0,34.0,44.0,28.0,-32.0,52.0,-10.0
2271,11.0,-25.0,-29.0,-21.0,35.0,45.0,27.0,-33.0,51.0,-11.0
2272,12.0,-26.0,-28.0,-20.0,34.0,46.0,28.0,-34.0,52.0,-12.0
2273,13.0,-27.0,-29.0,-19.0,35.0,45.0,27.0,-33.0,53.0,-13.0
2274,14.0,-28.0,-28.0,-20.0,36.0,44.0,28.0,-34.0,54.0,-14.0
2275,15.0,-29.0,-29.0,-19.0,37.0,43.0,27.0,-33.0,55.0,-15.0
2276,16.0,-28.0,-28.0,-18.0,36.0,42.0,26.0,-34.0,56.0,-14.0
2277,15.0,-29.0,-29.0,-17.0,37.0,43.0,25.0,-35.0,55.0,-13.0
2278,14.0,-30.0,-30.0,-18.0,36.0,42.0,24.0,-34.0,56.0,-12.0
2279,13.0,-31.0,-31.0,-19.0,37.0,43.0,25.0,-33.0,55.0,-13.0
2280,14.0,-32.0,-30.0,-20.0,38.0,44.0,24.0,-32.0,54.0,-12.0
2281,13.0,-33.0,-31.0,-21.0,37.0,43.0,23.0,-33.0,53.0,-13.0
2282,14.0,-32.0,-30.0,-20.0,38.0,42.0,22.0,-34.0,52.0,-14.0
2283,13.0,-33.0,-29.0,-19.0,37.0,41.0,23.0,-33.0,53.0,-15.0
2284,12.0,-34.0,-30.0,-20.0,36.0,40.0,22.0,-34.0,54.0,-14.0
2285,11.0,-33.0,-31.0,-19.0,35.0,41.0,21.0,-33.0,53.0,-13.0
2286,10.0,-32.0,-32.0,-18.0,34.0,42.0,20.0,-32.0,52.0,-12.0
2287,11.0,-31.0,-31.0,-17.0,35.0,43.0,21.0,-31.0,53.0,-11.0
2288,12.0,-30.0,-30.0,-16.0,36.0,42.0,20.0,-32.0,52.0,-12.0
2289,11.0,-31.0,-29.0,-15.0,35.0,41.0,19.0,-31.0,53.0,-13.0
2290,10.0,-30.0,-30.0,-14.0,34.0,42.0,18.0,-30.0,54.0,-14.0
2291,9.0,-31.0,-31.0,-15.0,33.0,41.0,19.0,-29.0,55.0,-13.0
2292,10.0,-32.0,-30.0,-16.0,32.0,42.0,18.0,-28.0,54.0,-14.0
2293,9.0,-31.0,-31.0,-15.0,31.0,41.0,19.0,-29.0,55.0,-15.0
2294,8.0,-32.0,-30.0,-14.0,32.0,40.0,18.0,-28.0,56.0,-14.0
2295,9.0,-33.0,-29.0,-15.0,31.0,41.0,17.0,-27.0,57.0,-15.0
2296,10.0,-34.0,-28.0,-16.0,32.0,40.0,18.0,-26.0,56.0,-14.0
2297,9.0,-35.0,-29.0,-15.0,33.0,41.0,17.0,-27.0,55.0,-15.0
2298,10.0,-36.0,-28.0,-16.0,34.0,40.0,18.0,-28.0,56.0,-14.0
2299,9.0,-35.0,-29.0,-15.0,33.0,41.0,17.0,-27.0,55.0,-13.0
2300,10.0,-36.0,-30.0,-14.0,34.0,40.0,16.0,-26.0,54.0,-14.0
2301,11.0,-35.0,-29.0,-13.0,35.0,39.0,15.0,-27.0,53.0,-15.0
2302,12.0,-34.0,-28.0,-12.0,36.0,40.0,14.0,-28.0,52.0,-16.0
2303,11.0,-33.0,-29.0,-11.0,35.0,39.0,15.0,-29.0,53.0,-17.0
2304,12.0,-32.0,-28.0,-10.0,36.0,40.0,16.0,-28.0,54.0,-16.0
2305,11.0,-33.0,-29.0,-11.0,35.0,39.0,15.0,-29.0,53.0,-17.0
2306,12.0,-34.0,-30.0,-10.0,36.0,38.0,14.0,-28.0,54.0,-18.0
2307,11.0,-35.0,-29.0,-9.0,37.0,37.0,13.0,-27.0,55.0,-17.0
2308,10.0,-36.0,-30.0,-10.0,36.0,36.0,12.0,-28.0,56.0,-16.0
2309,9.0,-37.0,-29.0,-9.0,35.0,35.0,13.0,-27.0,57.0,-17.0
2310,8.0,-38.0,-30.0,-10.0,34.0,34.0,14.0,-26.0,58.0,-16.0
2311,7.0,-39.0,-31.0,-11.0,33.0,33.0,15.0,-25.0,59.0,-15.0
2312,6.0,-40.0,-32.0,-12.0,34.0,34.0,16.0,-24.0,58.0,-16.0
2313,5.0,-39.0,-33.0,-11.0,33.0,35.0,15.0,-23.0,57.0,-15.0
2314,6.0,-40.0,-32.0,-10.0,32.0,36.0,16.0,-24.0,58.0,-14.0
2315,5.0,-39.0,-31.0,-11.0,31.0,37.0,17.0,-25.0,57.0,-13.0
2316,6.0,-40.0,-32.0,-10.0,32.0,36.0,18.0,-24.0,56.0,-14.0
2317,7.0,-39.0,-33.0,-11.0,33.0,37.0,17.0,-25.0,57.0,-13.0
2318,6.0,-40.0,-32.0,-10.0,34.0,36.0,16.0,-24.0,58.0,-12.0
2319,5.0,-39.0,-33.0,-9.0,33.0,37.0,15.0,-23.0,57.0,-11.0
2320,4.0,-40.0,-32.0,-8.0,32.0,36.0,14.0,-22.0,58.0,-12.0
2321,5.0,-39.0,-31.0,-7.0,31.0,35.0,13.0,-23.0,57.0,-11.0
2322,6.0,-40.0,-30.0,-8.0,32.0,34.0,14.0,-22.0,56.0,-10.0
2323,7.0,-41.0,-31.0,-7.0,31.0,33.0,15.0,-23.0,55.0,-9.0
2324,6.0,-42.0,-32.0,-6.0,32.0,34.0,16.0,-24.0,54.0,-10.0
2325,7.0,-41.0,-31.0,-7.0,31.0,33.0,15.0,-23.0,55.0,-9.0
2326,6.0,-40.0,-32.0,-6.0,30.0,34.0,14.0,-22.0,54.0,-8.0
2327,7.0,-39.0,-31.0,-5.0,31.0,35.0,15.0,-21.0,55.0,-7.0
2328,8.0,-40.0,-30.0,-6.0,30.0,36.0,14.0,-20.0,54.0,-8.0
2329,9.0,-39.0,-29.0,-5.0,31.0,37.0,15.0,-19.0,55.0,-7.0
2330,8.0,-40.0,-30.0,-6.0,32.0,38.0,16.0,-18.0,54.0,-8.0
2331,9.0,-41.0,-29.0,-5.0,31.0,39.0,17.0,-19.0,55.0,-9.0
2332,10.0,-40.0,-28.0,-4.0,30.0,38.0,16.0,-20.0,56.0,-8.0
2333,9.0,-39.0,-29.0,-3.0,31.0,37.0,17.0,-21.0,57.0,-7.0
2334,8.0,-40.0,-28.0,-2.0,30.0,36.0,16.0,-20.0,58.0,-8.0
2335,7.0,-41.0,-27.0,-1.0,31.0,35.0,15.0,-21.0,59.0,-7.0
2336,6.0,-40.0,-28.0,-2.0,32.0,34.0,14.0,-20.0,58.0,-8.0
2337,5.0,-39.0,-29.0,-1.0,33.0,33.0,15.0,-21.0,57.0,-7.0
2338,4.0,-38.0,-30.0,-2.0,34.0,32.0,16.0,-20.0,56.0,-6.0
2339,5.0,-39.0,-29.0,-1.0,33.0,33.0,15.0,-21.0,57.0,-7.0
2340,6.0,-40.0,-28.0,-2.0,34.0,32.0,16.0,-22.0,56.0,-6.0
2341,7.0,-39.0,-27.0,-1.0,33.0,31.0,15.0,-23.0,57.0,-5.0
2342,8.0,-38.0,-26.0,0.0,34.0,32.0,16.0,-22.0,58.0,-4.0
2343,7.0,-39.0,-27.0,-1.0,33.0,31.0,15.0,-23.0,57.0,-5.0
2344,8.0,-40.0,-28.0,0.0,32.0,30.0,16.0,-24.0,56.0,-4.0
2345,7.0,-39.0,-29.0,1.0,31.0,31.0,17.0,-25.0,57.0,-5.0
2346,8.0,-40.0,-28.0,0.0,32.0,30.0,18.0,-26.0,58.0,-6.0
2347,9.0,-39.0,-29.0,-1.0,31.0,31.0,19.0,-27.0,57.0,-7.0
2348,10.0,-38.0,-30.0,-2.0,32.0,32.0,18.0,-28.0,58.0,-6.0
2349,11.0,-37.0,-29.0,-3.0,31.0,31.0,19.0,-27.0,59.0,-5.0
2350,10.0,-38.0,-30.0,-4.0,30.0,32.0,20.0,-26.0,60.0,-4.0
2351,9.0,-39.0,-31.0,-3.0,31.0,33.0,21.0,-27.0,59.0,-5.0
2352,10.0,-38.0,-32.0,-4.0,32.0,34.0,22.0,-28.0,58.0,-4.0
2353,11.0,-39.0,-33.0,-3.0,33.0,33.0,23.0,-27.0,57.0,-5.0
2354,12.0,-40.0,-34.0,-2.0,34.0,32.0,24.0,-26.0,56.0,-6.0
2355,13.0,-39.0,-35.0,-3.0,35.0,33.0,23.0,-27.0,57.0,-5.0
2356,12.0,-40.0,-36.0,-4.0,34.0,32.0,22.0,-28.0,56.0,-6.0
2357,13.0,-41.0,-35.0,-5.0,33.0,33.0,21.0,-27.0,57.0,-7.0
2358,14.0,-42.0,-34.0,-4.0,32.0,34.0,22.0,-28.0,58.0,-6.0
2359,15.0,-41.0,-35.0,-5.0,33.0,35.0,21.0,-29.0,59.0,-5.0
2360,14.0,-40.0,-36.0,-4.0,32.0,36.0,20.0,-28.0,58.0,-4.0
2361,13.0,-39.0,-37.0,-5.0,33.0,35.0,21.0,-27.0,57.0,-3.0
2362,14.0,-38.0,-36.0,-4.0,34.0,36.0,22.0,-26.0,58.0,-2.0
2363,15.0,-37.0,-37.0,-5.0,35.0,37.0,21.0,-27.0,59.0,-1.0
2364,14.0,-38.0,-36.0,-4.0,34.0,36.0,22.0,-26.0,58.0,-2.0
2365,13.0,-39.0,-35.0,-3.0,33.0,35.0,23.0,-25.0,57.0,-3.0
2366,14.0,-40.0,-34.0,-4.0,34.0,34.0,24.0,-26.0,58.0,-4.0
2367,13.0,-39.0,-33.0,-5.0,33.0,35.0,25.0,-27.0,57.0,-3.0
2368,12.0,-40.0,-32.0,-4.0,32.0,34.0,24.0,-26.0,58.0,-4.0
2369,13.0,-41.0,-33.0,-3.0,33.0,33.0,25.0,-25.0,57.0,-5.0
2370,12.0,-40.0,-34.0,-2.0,32.0,34.0,24.0,-24.0,56.0,-6.0
2371,13.0,-41.0,-33.0,-3.0,33.0,33.0,25.0,-25.0,57.0,-7.0
2372,14.0,-42.0,-32.0,-4.0,34.0,32.0,26.0,-26.0,58.0,-8.0
2373,13.0,-43.0,-33.0,-5.0,33.0,31.0,25.0,-25.0,59.0,-7.0
2374,12.0,-44.0,-34.0,-6.0,32.0,30.0,24.0,-26.0,58.0,-8.0
2375,13.0,-45.0,-33.0,-7.0,33.0,31.0,23.0,-25.0,57.0,-7.0
2376,12.0,-44.0,-34.0,-8.0,34.0,30.0,22.0,-24.0,56.0,-8.0
2377,13.0,-45.0,-33.0,-9.0,35.0,29.0,21.0,-23.0,55.0,-7.0
2378,12.0,-46.0,-32.0,-8.0,36.0,28.0,20.0,-24.0,56.0,-6.0
2379,11.0,-45.0,-31.0,-9.0,35.0,29.0,21.0,-25.0,55.0,-5.0
2380,12.0,-44.0,-32.0,-10.0,34.0,30.0,22.0,-24.0,54.0,-6.0
2381,13.0,-45.0,-31.0,-11.0,35.0,31.0,21.0,-23.0,53.0,-5.0
2382,14.0,-46.0,-30.0,-12.0,34.0,32.0,20.0,-22.0,52.0,-6.0
2383,15.0,-47.0,-31.0,-11.0,35.0,31.0,19.0,-21.0,53.0,-7.0
2384,16.0,-48.0,-30.0,-12.0,36.0,30.0,20.0,-22.0,54.0,-8.0
2385,15.0,-49.0,-31.0,-11.0,37.0,31.0,19.0,-23.0,53.0,-7.0
2386,16.0,-48.0,-32.0,-12.0,38.0,32.0,18.0,-24.0,54.0,-6.0
2387,17.0,-49.0,-33.0,-11.0,39.0,31.0,19.0,-23.0,53.0,-7.0
2388,18.0,-50.0,-32.0,-12.0,40.0,30.0,20.0,-24.0,54.0,-8.0
2389,19.0,-49.0,-33.0,-13.0,41.0,31.0,19.0,-25.0,55.0,-7.0
2390,18.0,-48.0,-32.0,-14.0,42.0,32.0,18.0,-26.0,56.0,-8.0
2391,19.0,-49.0,-33.0,-13.0,41.0,31.0,19.0,-25.0,55.0,-7.0
2392,18.0,-50.0,-32.0,-12.0,40.0,30.0,20.0,-24.0,54.0,-8.0
2393,19.0,-51.0,-31.0,-13.0,41.0,29.0,21.0,-25.0,55.0,-9.0
2394,20.0,-52.0,-30.0,-14.0,42.0,28.0,22.0,-26.0,56.0,-10.0
2395,21.0,-53.0,-29.0,-15.0,43.0,29.0,21.0,-25.0,55.0,-9.0
2396,20.0,-52.0,-30.0,-14.0,42.0,30.0,20.0,-24.0,54.0,-8.0
2397,21.0,-51.0,-29.0,-13.0,43.0,29.0,19.0,-25.0,53.0,-9.0
2398,22.0,-52.0,-30.0,-12.0,42.0,28.0,20.0,-26.0,52.0,-8.0
2399,23.0,-53.0,-31.0,-11.0,41.0,27.0,21.0,-27.0,51.0,-7.0
2400,22.0,-54.0,-32.0,-12.0,42.0,28.0,22.0,-26.0,50.0,-8.0
2401,21.0,-55.0,-33.0,-13.0,41.0,27.0,23.0,-25.0,51.0,-7.0
2402,22.0,-54.0,-34.0,-14.0,42.0,28.0,22.0,-26.0,50.0,-6.0
2403,21.0,-55.0,-33.0,-13.0,41.0,27.0,23.0,-25.0,51.0,-7.0
2404,20.0,-56.0,-32.0,-12.0,40.0,26.0,24.0,-24.0,50.0,-8.0
2405,21.0,-55.0,-33.0,-13.0,41.0,27.0,23.0,-25.0,49.0,-7.0
2406,22.0,-56.0,-34.0,-12.0,40.0,26.0,24.0,-26.0,48.0,-6.0
2407,23.0,-57.0,-33.0,-13.0,41.0,25.0,25.0,-27.0,49.0,-7.0
2408,22.0,-56.0,-34.0,-14.0,42.0,24.0,26.0,-26.0,48.0,-6.0
2409,23.0,-55.0,-33.0,-13.0,43.0,25.0,27.0,-25.0,49.0,-5.0
2410,22.0,-56.0,-34.0,-14.0,42.0,24.0,26.0,-26.0,48.0,-6.0
2411,21.0,-57.0,-33.0,-13.0,43.0,23.0,25.0,-27.0,49.0,-5.0
2412,22.0,-58.0,-34.0,-12.0,44.0,22.0,24.0,-26.0,50.0,-6.0
2413,23.0,-59.0,-35.0,-11.0,45.0,21.0,25.0,-25.0,49.0,-7.0
2414,22.0,-60.0,-36.0,-12.0,44.0,20.0,24.0,-26.0,48.0,-8.0
2415,21.0,-61.0,-37.0,-13.0,43.0,21.0,25.0,-25.0,49.0,-7.0
2416,22.0,-60.0,-36.0,-12.0,44.0,20.0,24.0,-26.0,48.0,-8.0
2417,21.0,-59.0,-37.0,-11.0,43.0,21.0,23.0,-25.0,47.0,-7.0
2418,22.0,-60.0,-36.0,-12.0,44.0,20.0,24.0,-24.0,46.0,-6.0
2419,23.0,-61.0,-35.0,-13.0,45.0,19.0,25.0,-25.0,47.0,-7.0
2420,22.0,-60.0,-36.0,-12.0,44.0,20.0,24.0,-26.0,48.0,-8.0
2421,23.0,-61.0,-37.0,-11.0,45.0,19.0,23.0,-25.0,49.0,-9.0
2422,24.0,-62.0,-36.0,-12.0,46.0,20.0,22.0,-24.0,48.0,-8.0
2423,25.0,-61.0,-35.0,-11.0,45.0,19.0,21.0,-25.0,49.0,-7.0
2424,26.0,-62.0,-36.0,-10.0,46.0,18.0,22.0,-24.0,48.0,-8.0
2425,25.0,-61.0,-37.0,-11.0,47.0,17.0,23.0,-23.0,47.0,-7.0
2426,24.0,-60.0,-38.0,-12.0,48.0,16.0,22.0,-22.0,46.0,-6.0
2427,23.0,-61.0,-39.0,-13.0,47.0,15.0,21.0,-23.0,45.0,-7.0
2428,22.0,-60.0,-38.0,-14.0,46.0,16.0,22.0,-24.0,46.0,-6.0
2429,23.0,-59.0,-37.0,-13.0,47.0,17.0,23.0,-23.0,45.0,-7.0
2430,24.0,-58.0,-38.0,-14.0,46.0,18.0,24.0,-22.0,44.0,-8.0
2431,23.0,-59.0,-39.0,-15.0,45.0,17.0,23.0,-23.0,43.0,-9.0
2432,22.0,-58.0,-40.0,-14.0,44.0,16.0,24.0,-24.0,44.0,-10.0
2433,21.0,-59.0,-41.0,-13.0,45.0,17.0,23.0,-25.0,43.0,-9.0
2434,20.0,-60.0,-40.0,-12.0,44.0,16.0,22.0,-24.0,44.0,-10.0
2435,21.0,-61.0,-41.0,-11.0,43.0,15.0,23.0,-25.0,43.0,-9.0
2436,22.0,-60.0,-42.0,-12.0,44.0,16.0,24.0,-26.0,42.0,-8.0
2437,21.0,-59.0,-43.0,-13.0,45.0,15.0,23.0,-25.0,41.0,-9.0
2438,22.0,-60.0,-44.0,-12.0,46.0,14.0,22.0,-24.0,42.0,-10.0
2439,21.0,-61.0,-45.0,-11.0,47.0,15.0,21.0,-25.0,41.0,-9.0
2440,20.0,-60.0,-44.0,-12.0,48.0,16.0,20.0,-24.0,42.0,-10.0
2441,21.0,-61.0,-45.0,-11.0,47.0,15.0,21.0,-25.0,41.0,-9.0
2442,22.0,-62.0,-44.0,-12.0,48.0,16.0,20.0,-24.0,40.0,-8.0
2443,23.0,-63.0,-43.0,-13.0,47.0,17.0,19.0,-23.0,41.0,-9.0
2444,22.0,-64.0,-42.0,-12.0,46.0,16.0,18.0,-22.0,42.0,-10.0
2445,23.0,-65.0,-41.0,-13.0,47.0,15.0,19.0,-23.0,43.0,-11.0
2446,22.0,-66.0,-42.0,-14.0,46.0,14.0,18.0,-24.0,44.0,-10.0
2447,23.0,-65.0,-41.0,-13.0,47.0,15.0,19.0,-23.0,45.0,-9.0
2448,24.0,-64.0,-42.0,-14.0,48.0,16.0,18.0,-24.0,46.0,-8.0
2449,23.0,-65.0,-43.0,-15.0,47.0,17.0,19.0,-23.0,47.0,-7.0
2450,24.0,-66.0,-42.0,-16.0,48.0,16.0,20.0,-24.0,48.0,-8.0
2451,23.0,-65.0,-43.0,-17.0,49.0,15.0,19.0,-23.0,47.0,-9.0
2452,24.0,-64.0,-42.0,-16.0,48.0,14.0,18.0,-24.0,46.0,-8.0
2453,25.0,-65.0,-41.0,-17.0,49.0,13.0,19.0,-25.0,47.0,-9.0
2454,24.0,-66.0,-40.0,-16.0,50.0,12.0,18.0,-26.0,48.0,-8.0
2455,23.0,-67.0,-41.0,-17.0,49.0,11.0,17.0,-27.0,47.0,-9.0
2456,24.0,-68.0,-42.0,-16.0,50.0,10.0,18.0,-26.0,46.0,-10.0
2457,23.0,-69.0,-41.0,-15.0,51.0,9.0,17.0,-27.0,47.0,-9.0
2458,24.0,-70.0,-40.0,-14.0,50.0,10.0,16.0,-28.0,48.0,-10.0
2459,23.0,-69.0,-41.0,-13.0,49.0,11.0,15.0,-27.0,47.0,-9.0
2460,24.0,-70.0,-42.0,-12.0,48.0,10.0,16.0,-28.0,46.0,-8.0
2461,25.0,-71.0,-41.0,-13.0,47.0,11.0,15.0,-27.0,47.0,-9.0
2462,26.0,-70.0,-40.0,-12.0,46.0,10.0,14.0,-28.0,48.0,-8.0
2463,27.0,-71.0,-41.0,-11.0,45.0,9.0,15.0,-29.0,47.0,-7.0
2464,26.0,-70.0,-42.0,-10.0,44.0,10.0,14.0,-28.0,46.0,-6.0
2465,25.0,-71.0,-43.0,-11.0,45.0,11.0,15.0,-27.0,47.0,-7.0
2466,24.0,-70.0,-42.0,-12.0,46.0,12.0,14.0,-28.0,48.0,-8.0
2467,23.0,-69.0,-43.0,-13.0,47.0,11.0,15.0,-27.0,47.0,-7.0
2468,22.0,-68.0,-44.0,-12.0,46.0,12.0,14.0,-28.0,48.0,-8.0
2469,23.0,-69.0,-43.0,-11.0,45.0,13.0,15.0,-29.0,49.0,-7.0
2470,24.0,-68.0,-42.0,-12.0,44.0,12.0,16.0,-28.0,50.0,-6.0
2471,25.0,-69.0,-43.0,-11.0,45.0,11.0,15.0,-27.0,49.0,-7.0
2472,26.0,-68.0,-42.0,-10.0,46.0,10.0,14.0,-28.0,48.0,-8.0
2473,25.0,-67.0,-41.0,-11.0,47.0,11.0,13.0,-27.0,49.0,-9.0
2474,24.0,-68.0,-42.0,-12.0,46.0,10.0,12.0,-28.0,48.0,-10.0
2475,25.0,-67.0,-41.0,-11.0,47.0,11.0,13.0,-27.0,47.0,-11.0
2476,24.0,-66.0,-42.0,-12.0,48.0,10.0,14.0,-26.0,46.0,-10.0
2477,23.0,-67.0,-43.0,-13.0,49.0,11.0,15.0,-25.0,47.0,-11.0
2478,22.0,-66.0,-44.0,-14.0,50.0,10.0,14.0,-24.0,46.0,-10.0
2479,23.0,-65.0,-45.0,-15.0,51.0,11.0,15.0,-25.0,45.0,-9.0
2480,22.0,-64.0,-46.0,-14.0,50.0,10.0,16.0,-26.0,46.0,-10.0
2481,21.0,-65.0,-45.0,-13.0,49.0,9.0,15.0,-25.0,47.0,-11.0
2482,22.0,-64.0,-44.0,-14.0,48.0,8.0,14.0,-24.0,48.0,-10.0
2483,23.0,-65.0,-43.0,-15.0,49.0,7.0,13.0,-23.0,47.0,-9.0
2484,24.0,-66.0,-42.0,-16.0,50.0,6.0,14.0,-22.0,46.0,-8.0
2485,25.0,-67.0,-41.0,-15.0,49.0,7.0,15.0,-23.0,47.0,-9.0
2486,26.0,-66.0,-40.0,-14.0,50.0,8.0,16.0,-22.0,48.0,-8.0
2487,27.0,-65.0,-39.0,-13.0,51.0,9.0,17.0,-21.0,47.0,-9.0
2488,28.0,-64.0,-40.0,-14.0,52.0,10.0,16.0,-22.0,48.0,-8.0
2489,27.0,-65.0,-39.0,-13.0,51.0,9.0,17.0,-21.0,47.0,-9.0
2490,28.0,-66.0,-38.0,-12.0,50.0,10.0,16.0,-22.0,48.0,-10.0
2491,27.0,-67.0,-39.0,-13.0,49.0,9.0,15.0,-23.0,47.0,-11.0
2492,26.0,-68.0,-40.0,-14.0,50.0,10.0,16.0,-22.0,46.0,-12.0
2493,27.0,-67.0,-41.0,-15.0,51.0,11.0,17.0,-23.0,45.0,-11.0
2494,28.0,-68.0,-40.0,-16.0,52.0,12.0,16.0,-22.0,44.0,-10.0
2495,29.0,-67.0,-39.0,-15.0,51.0,11.0,15.0,-23.0,43.0,-9.0
2496,28.0,-66.0,-40.0,-14.0,50.0,12.0,14.0,-22.0,44.0,-10.0
2497,29.0,-67.0,-39.0,-15.0,51.0,11.0,13.0,-21.0,43.0,-9.0
2498,28.0,-68.0,-40.0,-16.0,50.0,10.0,12.0,-22.0,42.0,-10.0
2499,29.0,-69.0,-39.0,-15.0,49.0,11.0,13.0,-23.0,43.0,-9.0
2500,28.0,-70.0,-40.0,-16.0,48.0,10.0,12.0,-24.0,44.0,-8.0
2501,29.0,-71.0,-39.0,-17.0,49.0,9.0,13.0,-25.0,45.0,-7.0
2502,30.0,-72.0,-38.0,-16.0,48.0,10.0,12.0,-26.0,46.0,-8.0
2503,29.0,-71.0,-39.0,-15.0,47.0,11.0,13.0,-27.0,47.0,-9.0
2504,28.0,-72.0,-40.0,-14.0,48.0,12.0,12.0,-28.0,46.0,-8.0
2505,29.0,-73.0,-41.0,-13.0,49.0,11.0,11.0,-27.0,47.0,-9.0
2506,30.0,-74.0,-42.0,-12.0,50.0,10.0,10.0,-26.0,48.0,-10.0
2507,29.0,-73.0,-43.0,-11.0,51.0,9.0,11.0,-27.0,47.0,-9.0
2508,30.0,-74.0,-42.0,-12.0,52.0,8.0,12.0,-28.0,48.0,-10.0
2509,31.0,-75.0,-43.0,-11.0,53.0,7.0,11.0,-27.0,49.0,-11.0
2510,30.0,-76.0,-44.0,-12.0,52.0,6.0,10.0,-28.0,48.0,-12.0
2511,31.0,-75.0,-43.0,-11.0,53.0,7.0,9.0,-29.0,47.0,-13.0
2512,32.0,-74.0,-44.0,-12.0,54.0,8.0,10.0,-30.0,46.0,-12.0
2513,33.0,-75.0,-43.0,-11.0,53.0,9.0,9.0,-31.0,47.0,-13.0
2514,32.0,-74.0,-44.0,-12.0,54.0,8.0,8.0,-30.0,46.0,-14.0
2515,31.0,-75.0,-45.0,-13.0,53.0,7.0,9.0,-29.0,47.0,-13.0
2516,30.0,-76.0,-44.0,-12.0,52.0,6.0,10.0,-28.0,46.0,-14.0
2517,31.0,-75.0,-43.0,-11.0,53.0,7.0,11.0,-29.0,45.0,-15.0
2518,32.0,-76.0,-42.0,-10.0,52.0,8.0,12.0,-30.0,46.0,-16.0
2519,33.0,-75.0,-41.0,-11.0,51.0,7.0,13.0,-29.0,47.0,-15.0
2520,32.0,-74.0,-42.0,-12.0,52.0,6.0,12.0,-28.0,46.0,-16.0
2521,31.0,-73.0,-41.0,-13.0,51.0,7.0,11.0,-29.0,47.0,-15.0
2522,30.0,-74.0,-40.0,-12.0,50.0,6.0,12.0,-28.0,48.0,-16.0
2523,29.0,-75.0,-39.0,-11.0,49.0,5.0,13.0,-27.0,47.0,-17.0
2524,30.0,-74.0,-38.0,-10.0,48.0,4.0,12.0,-28.0,46.0,-16.0
2525,29.0,-73.0,-37.0,-11.0,47.0,5.0,13.0,-29.0,45.0,-15.0
2526,30.0,-72.0,-36.0,-10.0,48.0,6.0,12.0,-30.0,44.0,-16.0
2527,29.0,-71.0,-37.0,-11.0,49.0,5.0,13.0,-29.0,43.0,-15.0
2528,30.0,-70.0,-36.0,-10.0,50.0,6.0,14.0,-28.0,44.0,-14.0
2529,31.0,-69.0,-35.0,-11.0,49.0,5.0,15.0,-27.0,45.0,-15.0
2530,32.0,-70.0,-34.0,-10.0,48.0,6.0,14.0,-28.0,46.0,-16.0
2531,33.0,-71.0,-33.0,-9.0,47.0,7.0,15.0,-29.0,47.0,-15.0
2532,34.0,-72.0,-32.0,-10.0,48.0,6.0,16.0,-30.0,46.0,-14.0
2533,33.0,-73.0,-31.0,-9.0,47.0,5.0,17.0,-29.0,47.0,-15.0
2534,32.0,-72.0,-32.0,-8.0,46.0,6.0,16.0,-28.0,46.0,-14.0
2535,33.0,-73.0,-31.0,-9.0,47.0,7.0,15.0,-27.0,45.0,-13.0
2536,34.0,-72.0,-32.0,-10.0,48.0,8.0,14.0,-28.0,46.0,-12.0
2537,33.0,-71.0,-33.0,-9.0,47.0,9.0,13.0,-27.0,45.0,-11.0
2538,34.0,-72.0,-32.0,-10.0,48.0,8.0,12.0,-26.0,44.0,-10.0
2539,35.0,-73.0,-33.0,-9.0,49.0,7.0,11.0,-25.0,45.0,-11.0
2540,36.0,-74.0,-32.0,-10.0,50.0,6.0,10.0,-24.0,44.0,-10.0
2541,35.0,-73.0,-31.0,-11.0,51.0,7.0,9.0,-25.0,45.0,-11.0
2542,36.0,-72.0,-32.0,-12.0,50.0,8.0,10.0,-24.0,44.0,-12.0
2543,37.0,-73.0,-31.0,-11.0,49.0,9.0,9.0,-25.0,45.0,-13.0
2544,36.0,-72.0,-32.0,-10.0,48.0,10.0,8.0,-24.0,44.0,-12.0
2545,37.0,-71.0,-33.0,-11.0,49.0,11.0,9.0,-25.0,43.0,-11.0
2546,36.0,-70.0,-32.0,-12.0,48.0,12.0,8.0,-26.0,44.0,-10.0
2547,35.0,-71.0,-33.0,-13.0,47.0,11.0,7.0,-27.0,45.0,-9.0
2548,36.0,-72.0,-34.0,-12.0,46.0,10.0,8.0,-26.0,44.0,-8.0
2549,37.0,-71.0,-33.0,-11.0,47.0,11.0,9.0,-25.0,45.0,-9.0
2550,36.0,-70.0,-32.0,-12.0,46.0,12.0,10.0,-26.0,44.0,-8.0
2551,35.0,-71.0,-33.0,-11.0,47.0,13.0,11.0,-27.0,43.0,-9.0
2552,36.0,-72.0,-32.0,-12.0,48.0,14.0,10.0,-26.0,42.0,-8.0
2553,35.0,-73.0,-33.0,-11.0,49.0,15.0,9.0,-27.0,41.0,-7.0
2554,34.0,-72.0,-32.0,-12.0,48.0,16.0,10.0,-28.0,40.0,-6.0
2555,35.0,-73.0,-31.0,-13.0,49.0,15.0,11.0,-29.0,41.0,-7.0
2556,36.0,-72.0,-30.0,-12.0,48.0,14.0,10.0,-30.0,40.0,-6.0
2557,35.0,-71.0,-31.0,-11.0,47.0,15.0,9.0,-29.0,39.0,-5.0
2558,34.0,-70.0,-32.0,-10.0,46.0,16.0,8.0,-28.0,38.0,-4.0
2559,35.0,-71.0,-31.0,-11.0,47.0,15.0,9.0,-29.0,39.0,-5.0
2560,36.0,-72.0,-32.0,-10.0,46.0,14.0,10.0,-28.0,38.0,-4.0
2561,37.0,-73.0,-31.0,-11.0,47.0,13.0,11.0,-29.0,39.0,-5.0
2562,36.0,-72.0,-30.0,-12.0,46.0,14.0,12.0,-30.0,40.0,-4.0
2563,35.0,-71.0,-31.0,-11.0,45.0,15.0,11.0,-29.0,39.0,-5.0
2564,36.0,-72.0,-32.0,-10.0,46.0,14.0,12.0,-28.0,38.0,-6.0
2565,35.0,-71.0,-33.0,-11.0,47.0,13.0,11.0,-27.0,37.0,-7.0
2566,34.0,-70.0,-32.0,-12.0,48.0,14.0,10.0,-26.0,38.0,-8.0
2567,33.0,-69.0,-33.0,-11.0,47.0,13.0,11.0,-27.0,39.0,-9.0
2568,32.0,-70.0,-34.0,-10.0,48.0,14.0,12.0,-28.0,38.0,-10.0
2569,31.0,-69.0,-35.0,-9.0,47.0,13.0,13.0,-29.0,39.0,-11.0
2570,30.0,-68.0,-34.0,-10.0,48.0,14.0,12.0,-30.0,40.0,-12.0
2571,29.0,-69.0,-35.0,-11.0,47.0,15.0,13.0,-29.0,41.0,-11.0
2572,28.0,-68.0,-36.0,-10.0,46.0,16.0,12.0,-28.0,42.0,-12.0
2573,27.0,-67.0,-37.0,-9.0,45.0,17.0,11.0,-27.0,41.0,-13.0
2574,26.0,-68.0,-38.0,-8.0,46.0,18.0,10.0,-28.0,40.0,-12.0
2575,25.0,-69.0,-39.0,-9.0,45.0,17.0,9.0,-29.0,39.0,-13.0
2576,26.0,-68.0,-40.0,-10.0,46.0,18.0,8.0,-30.0,40.0,-12.0
2577,25.0,-69.0,-41.0,-11.0,45.0,17.0,9.0,-29.0,41.0,-11.0
2578,24.0,-68.0,-40.0,-12.0,46.0,18.0,8.0,-28.0,42.0,-12.0
2579,23.0,-67.0,-41.0,-11.0,45.0,19.0,7.0,-29.0,43.0,-13.0
2580,22.0,-68.0,-40.0,-10.0,46.0,18.0,6.0,-28.0,44.0,-12.0
2581,21.0,-67.0,-41.0,-11.0,47.0,17.0,7.0,-27.0,43.0,-11.0
2582,20.0,-68.0,-40.0,-10.0,48.0,16.0,6.0,-28.0,44.0,-10.0
2583,19.0,-69.0,-41.0,-11.0,49.0,17.0,7.0,-27.0,43.0,-11.0
2584,20.0,-70.0,-40.0,-12.0,50.0,16.0,8.0,-28.0,44.0,-12.0
2585,21.0,-69.0,-41.0,-13.0,51.0,17.0,9.0,-29.0,43.0,-11.0
2586,20.0,-70.0,-40.0,-12.0,52.0,16.0,8.0,-30.0,44.0,-10.0
2587,19.0,-71.0,-39.0,-11.0,53.0,15.0,7.0,-31.0,45.0,-9.0
2588,20.0,-70.0,-38.0,-12.0,52.0,14.0,6.0,-30.0,46.0,-8.0
2589,19.0,-71.0,-39.0,-13.0,51.0,13.0,5.0,-31.0,45.0,-9.0
2590,18.0,-70.0,-40.0,-12.0,50.0,12.0,6.0,-32.0,46.0,-10.0
2591,19.0,-71.0,-41.0,-11.0,49.0,11.0,7.0,-33.0,45.0,-9.0
2592,20.0,-70.0,-40.0,-10.0,50.0,12.0,6.0,-34.0,44.0,-10.0
2593,21.0,-69.0,-39.0,-9.0,49.0,11.0,5.0,-35.0,45.0,-9.0
2594,20.0,-68.0,-40.0,-10.0,50.0,10.0,4.0,-34.0,44.0,-10.0
2595,21.0,-67.0,-39.0,-9.0,51.0,11.0,5.0,-35.0,43.0,-11.0
2596,22.0,-68.0,-38.0,-10.0,52.0,10.0,6.0,-36.0,44.0,-12.0
2597,21.0,-67.0,-39.0,-9.0,51.0,11.0,5.0,-37.0,45.0,-13.0
2598,20.0,-68.0,-40.0,-10.0,50.0,10.0,4.0,-36.0,46.0,-12.0
2599,19.0,-67.0,-39.0,-11.0,49.0,11.0,5.0,-37.0,45.0,-11.0
2600,18.0,-66.0,-38.0,-12.0,48.0,12.0,6.0,-38.0,44.0,-10.0
2601,19.0,-65.0,-37.0,-11.0,49.0,11.0,5.0,-39.0,43.0,-11.0
2602,18.0,-66.0,-36.0,-10.0,48.0,10.0,6.0,-38.0,42.0,-12.0
2603,19.0,-67.0,-37.0,-9.0,47.0,9.0,7.0,-37.0,41.0,-11.0
2604,18.0,-68.0,-36.0,-8.0,46.0,8.0,6.0,-36.0,42.0,-12.0
2605,17.0,-67.0,-35.0,-9.0,47.0,9.0,5.0,-37.0,43.0,-13.0
2606,18.0,-68.0,-34.0,-8.0,46.0,10.0,6.0,-38.0,44.0,-14.0
2607,19.0,-69.0,-33.0,-7.0,45.0,11.0,5.0,-39.0,45.0,-15.0
2608,20.0,-68.0,-32.0,-6.0,46.0,12.0,6.0,-38.0,46.0,-16.0
2609,21.0,-67.0,-33.0,-7.0,45.0,13.0,7.0,-37.0,45.0,-17.0
2610,20.0,-68.0,-34.0,-8.0,44.0,12.0,6.0,-38.0,44.0,-18.0
2611,21.0,-67.0,-33.0,-7.0,45.0,13.0,7.0,-37.0,45.0,-17.0
2612,20.0,-68.0,-34.0,-8.0,46.0,14.0,8.0,-36.0,44.0,-18.0
2613,21.0,-69.0,-33.0,-9.0,47.0,15.0,7.0,-35.0,43.0,-17.0
2614,22.0,-68.0,-32.0,-8.0,48.0,16.0,8.0,-34.0,44.0,-16.0
2615,21.0,-69.0,-33.0,-9.0,49.0,17.0,9.0,-33.0,43.0,-17.0
2616,22.0,-68.0,-34.0,-10.0,48.0,18.0,10.0,-32.0,42.0,-18.0
2617,21.0,-69.0,-35.0,-11.0,47.0,19.0,11.0,-31.0,43.0,-17.0
2618,22.0,-68.0,-34.0,-10.0,46.0,18.0,10.0,-32.0,44.0,-16.0
2619,23.0,-67.0,-35.0,-11.0,45.0,19.0,11.0,-33.0,43.0,-17.0
2620,24.0,-68.0,-34.0,-12.0,46.0,18.0,12.0,-34.0,42.0,-16.0
2621,25.0,-69.0,-33.0,-13.0,47.0,17.0,11.0,-33.0,41.0,-15.0
2622,26.0,-68.0,-32.0,-12.0,48.0,18.0,10.0,-34.0,40.0,-16.0
2623,27.0,-67.0,-31.0,-11.0,49.0,19.0,9.0,-35.0,39.0,-17.0
2624,28.0,-66.0,-32.0,-12.0,50.0,20.0,8.0,-36.0,40.0,-16.0
2625,29.0,-67.0,-33.0,-11.0,51.0,19.0,7.0,-35.0,39.0,-17.0
2626,28.0,-68.0,-32.0,-10.0,50.0,18.0,8.0,-34.0,40.0,-18.0
2627,29.0,-69.0,-31.0,-9.0,49.0,19.0,7.0,-35.0,41.0,-19.0
2628,30.0,-70.0,-30.0,-8.0,48.0,20.0,8.0,-36.0,42.0,-18.0
2629,31.0,-71.0,-29.0,-9.0,49.0,19.0,9.0,-35.0,41.0,-17.0
2630,30.0,-72.0,-28.0,-8.0,50.0,18.0,8.0,-36.0,42.0,-16.0
2631,29.0,-71.0,-29.0,-7.0,49.0,19.0,7.0,-35.0,41.0,-15.0
2632,28.0,-72.0,-28.0,-6.0,50.0,18.0,6.0,-36.0,42.0,-14.0
2633,27.0,-73.0,-27.0,-5.0,51.0,17.0,5.0,-37.0,43.0,-13.0
2634,28.0,-74.0,-26.0,-6.0,52.0,16.0,6.0,-38.0,42.0,-12.0
2635,29.0,-75.0,-25.0,-7.0,53.0,17.0,5.0,-37.0,41.0,-11.0
2636,28.0,-74.0,-26.0,-8.0,54.0,16.0,6.0,-36.0,40.0,-10.0
2637,29.0,-73.0,-25.0,-9.0,53.0,15.0,7.0,-35.0,41.0,-11.0
2638,30.0,-74.0,-24.0,-10.0,54.0,14.0,6.0,-34.0,40.0,-10.0
2639,29.0,-73.0,-25.0,-9.0,53.0,15.0,5.0,-33.0,39.0,-11.0
2640,28.0,-74.0,-26.0,-10.0,52.0,14.0,4.0,-34.0,38.0,-12.0
2641,29.0,-73.0,-25.0,-9.0,51.0,13.0,3.0,-35.0,37.0,-11.0
2642,28.0,-74.0,-24.0,-8.0,52.0,12.0,2.0,-36.0,38.0,-10.0
2643,27.0,-75.0,-23.0,-7.0,51.0,11.0,3.0,-35.0,37.0,-11.0
2644,28.0,-74.0,-22.0,-6.0,50.0,10.0,2.0,-36.0,36.0,-10.0
2645,27.0,-73.0,-23.0,-5.0,49.0,11.0,1.0,-35.0,35.0,-9.0
2646,26.0,-72.0,-24.0,-4.0,50.0,10.0,2.0,-36.0,34.0,-8.0
2647,25.0,-71.0,-25.0,-3.0,51.0,9.0,3.0,-37.0,33.0,-7.0
2648,24.0,-70.0,-26.0,-2.0,50.0,10.0,4.0,-38.0,34.0,-8.0
2649,25.0,-71.0,-27.0,-1.0,51.0,9.0,5.0,-37.0,33.0,-9.0
2650,24.0,-72.0,-26.0,0.0,50.0,8.0,6.0,-36.0,32.0,-10.0
2651,25.0,-73.0,-27.0,1.0,51.0,7.0,5.0,-35.0,31.0,-11.0
2652,24.0,-74.0,-26.0,2.0,50.0,6.0,4.0,-34.0,32.0,-12.0
2653,23.0,-73.0,-25.0,1.0,49.0,7.0,5.0,-35.0,31.0,-11.0
2654,24.0,-72.0,-24.0,2.0,50.0,8.0,6.0,-36.0,30.0,-12.0
2655,23.0,-71.0,-25.0,3.0,49.0,9.0,7.0,-37.0,31.0,-13.0
2656,24.0,-72.0,-24.0,2.0,50.0,8.0,6.0,-36.0,30.0,-12.0
2657,23.0,-71.0,-23.0,1.0,49.0,9.0,7.0,-37.0,31.0,-11.0
2658,24.0,-72.0,-24.0,2.0,50.0,8.0,6.0,-36.0,32.0,-12.0
2659,23.0,-71.0,-25.0,3.0,49.0,9.0,5.0,-35.0,31.0,-11.0
2660,22.0,-70.0,-26.0,4.0,48.0,10.0,4.0,-34.0,30.0,-10.0
2661,23.0,-71.0,-25.0,3.0,47.0,11.0,3.0,-33.0,29.0,-11.0
2662,22.0,-72.0,-26.0,4.0,48.0,12.0,4.0,-34.0,28.0,-12.0
2663,23.0,-73.0,-25.0,3.0,49.0,11.0,5.0,-35.0,29.0,-13.0
2664,22.0,-72.0,-26.0,2.0,50.0,10.0,4.0,-34.0,28.0,-14.0
2665,23.0,-71.0,-25.0,3.0,51.0,11.0,5.0,-35.0,27.0,-15.0
2666,24.0,-70.0,-26.0,2.0,52.0,12.0,4.0,-36.0,28.0,-14.0
2667,25.0,-69.0,-25.0,3.0,53.0,13.0,5.0,-35.0,29.0,-13.0
2668,26.0,-68.0,-24.0,4.0,54.0,14.0,6.0,-34.0,30.0,-12.0
2669,25.0,-67.0,-23.0,3.0,55.0,15.0,5.0,-33.0,31.0,-13.0
2670,26.0,-66.0,-22.0,4.0,56.0,16.0,6.0,-32.0,30.0,-14.0
2671,25.0,-65.0,-21.0,3.0,57.0,17.0,5.0,-31.0,31.0,-15.0
2672,24.0,-66.0,-22.0,2.0,58.0,18.0,6.0,-30.0,32.0,-16.0
2673,23.0,-67.0,-21.0,3.0,59.0,17.0,5.0,-29.0,33.0,-15.0
2674,24.0,-68.0,-22.0,4.0,60.0,16.0,6.0,-28.0,32.0,-16.0
2675,25.0,-69.0,-21.0,5.0,59.0,17.0,5.0,-29.0,33.0,-17.0
2676,24.0,-70.0,-22.0,6.0,60.0,18.0,4.0,-30.0,32.0,-16.0
2677,23.0,-69.0,-21.0,5.0,59.0,19.0,5.0,-31.0,31.0,-15.0
2678,24.0,-70.0,-20.0,6.0,58.0,20.0,4.0,-32.0,32.0,-16.0
2679,25.0,-69.0,-21.0,5.0,59.0,21.0,3.0,-33.0,33.0,-15.0
2680,24.0,-68.0,-22.0,4.0,60.0,20.0,4.0,-32.0,32.0,-14.0
2681,23.0,-67.0,-23.0,5.0,59.0,21.0,3.0,-31.0,31.0,-13.0
2682,24.0,-66.0,-22.0,6.0,60.0,20.0,2.0,-32.0,30.0,-14.0
2683,25.0,-67.0,-23.0,7.0,61.0,19.0,1.0,-31.0,31.0,-15.0
2684,24.0,-66.0,-24.0,8.0,60.0,18.0,2.0,-32.0,32.0,-16.0
2685,25.0,-67.0,-23.0,7.0,61.0,17.0,3.0,-33.0,33.0,-17.0
2686,26.0,-66.0,-22.0,8.0,62.0,18.0,2.0,-34.0,32.0,-18.0
2687,25.0,-65.0,-23.0,9.0,61.0,19.0,1.0,-33.0,31.0,-17.0
2688,26.0,-64.0,-22.0,10.0,60.0,18.0,0.0,-34.0,32.0,-16.0
2689,25.0,-65.0,-23.0,11.0,61.0,19.0,-1.0,-35.0,31.0,-15.0
2690,26.0,-64.0,-22.0,10.0,60.0,18.0,-2.0,-34.0,32.0,-14.0
2691,25.0,-65.0,-23.0,9.0,59.0,19.0,-1.0,-33.0,33.0,-13.0
2692,26.0,-66.0,-22.0,8.0,60.0,18.0,0.0,-34.0,34.0,-14.0
2693,25.0,-65.0,-23.0,9.0,59.0,19.0,-1.0,-35.0,35.0,-15.0
2694,24.0,-64.0,-22.0,8.0,58.0,20.0,-2.0,-36.0,36.0,-14.0
2695,23.0,-65.0,-23.0,9.0,59.0,21.0,-3.0,-37.0,35.0,-13.0
2696,22.0,-66.0,-24.0,8.0,58.0,20.0,-4.0,-38.0,34.0,-14.0
2697,23.0,-65.0,-23.0,9.0,59.0,21.0,-5.0,-39.0,33.0,-15.0
2698,24.0,-66.0,-22.0,8.0,58.0,22.0,-6.0,-38.0,34.0,-16.0
2699,25.0,-65.0,-21.0,7.0,57.0,21.0,-5.0,-37.0,35.0,-17.0
2700,24.0,-66.0,-22.0,6.0,58.0,22.0,-4.0,-36.0,36.0,-18.0
2701,23.0,-67.0,-21.0,7.0,59.0,21.0,-5.0,-37.0,37.0,-17.0
2702,22.0,-66.0,-22.0,8.0,58.0,22.0,-6.0,-36.0,36.0,-16.0
2703,21.0,-67.0,-23.0,7.0,57.0,23.0,-5.0,-35.0,37.0,-15.0
2704,22.0,-66.0,-22.0,8.0,56.0,22.0,-6.0,-36.0,38.0,-14.0
2705,23.0,-67.0,-21.0,7.0,57.0,23.0,-7.0,-35.0,37.0,-13.0
2706,24.0,-66.0,-22.0,6.0,58.0,24.0,-6.0,-36.0,36.0,-12.0
2707,23.0,-67.0,-23.0,5.0,59.0,25.0,-5.0,-35.0,35.0,-13.0
2708,22.0,-68.0,-22.0,6.0,58.0,24.0,-4.0,-34.0,34.0,-14.0
2709,21.0,-67.0,-23.0,7.0,57.0,25.0,-5.0,-33.0,35.0,-15.0
2710,20.0,-68.0,-24.0,8.0,58.0,26.0,-6.0,-34.0,34.0,-14.0
2711,19.0,-69.0,-25.0,7.0,57.0,25.0,-7.0,-33.0,35.0,-13.0
2712,20.0,-68.0,-24.0,8.0,58.0,26.0,-6.0,-32.0,36.0,-12.0
2713,19.0,-67.0,-25.0,7.0,59.0,25.0,-7.0,-31.0,35.0,-13.0
2714,18.0,-66.0,-24.0,6.0,60.0,26.0,-8.0,-30.0,36.0,-14.0
2715,19.0,-65.0,-25.0,5.0,61.0,27.0,-9.0,-31.0,37.0,-13.0
2716,20.0,-64.0,-24.0,6.0,62.0,28.0,-8.0,-30.0,38.0,-12.0
2717,19.0,-65.0,-23.0,7.0,63.0,27.0,-9.0,-29.0,39.0,-11.0
2718,18.0,-64.0,-24.0,8.0,62.0,26.0,-8.0,-30.0,40.0,-12.0
2719,17.0,-65.0,-25.0,7.0,61.0,25.0,-9.0,-31.0,39.0,-13.0
2720,16.0,-64.0,-26.0,6.0,62.0,24.0,-10.0,-30.0,38.0,-12.0
2721,15.0,-63.0,-27.0,7.0,61.0,25.0,-11.0,-29.0,37.0,-11.0
2722,16.0,-62.0,-26.0,8.0,62.0,24.0,-12.0,-30.0,36.0,-12.0
2723,15.0,-61.0,-27.0,9.0,61.0,25.0,-13.0,-29.0,35.0,-11.0
2724,16.0,-62.0,-26.0,8.0,62.0,24.0,-12.0,-30.0,36.0,-12.0
2725,15.0,-63.0,-25.0,9.0,61.0,23.0,-13.0,-29.0,37.0,-13.0
2726,16.0,-64.0,-26.0,10.0,62.0,22.0,-14.0,-28.0,38.0,-14.0
2727,17.0,-65.0,-25.0,9.0,63.0,21.0,-13.0,-29.0,39.0,-15.0
2728,18.0,-64.0,-26.0,8.0,62.0,22.0,-12.0,-28.0,38.0,-16.0
2729,17.0,-63.0,-25.0,7.0,61.0,23.0,-13.0,-29.0,39.0,-15.0
2730,16.0,-64.0,-26.0,6.0,60.0,22.0,-14.0,-28.0,40.0,-14.0
2731,15.0,-65.0,-27.0,5.0,59.0,21.0,-15.0,-27.0,41.0,-13.0
2732,16.0,-64.0,-26.0,6.0,60.0,22.0,-14.0,-26.0,42.0,-12.0
2733,15.0,-65.0,-27.0,5.0,59.0,21.0,-15.0,-27.0,41.0,-13.0
2734,14.0,-66.0,-28.0,6.0,60.0,22.0,-14.0,-28.0,40.0,-14.0
2735,13.0,-67.0,-29.0,7.0,61.0,23.0,-15.0,-29.0,39.0,-13.0
2736,14.0,-66.0,-28.0,8.0,62.0,24.0,-14.0,-28.0,40.0,-12.0
2737,15.0,-65.0,-27.0,7.0,61.0,23.0,-15.0,-27.0,41.0,-11.0
2738,14.0,-64.0,-28.0,6.0,62.0,22.0,-16.0,-26.0,40.0,-10.0
2739,15.0,-65.0,-27.0,7.0,61.0,23.0,-17.0,-27.0,41.0,-11.0
2740,16.0,-64.0,-28.0,6.0,62.0,24.0,-18.0,-28.0,40.0,-10.0
2741,17.0,-65.0,-29.0,7.0,63.0,23.0,-19.0,-27.0,39.0,-11.0
2742,16.0,-66.0,-30.0,6.0,62.0,24.0,-18.0,-26.0,40.0,-10.0
2743,15.0,-67.0,-31.0,5.0,63.0,25.0,-17.0,-25.0,41.0,-11.0
2744,16.0,-68.0,-30.0,4.0,64.0,24.0,-16.0,-26.0,42.0,-10.0
2745,15.0,-67.0,-29.0,3.0,65.0,25.0,-17.0,-25.0,43.0,-11.0
2746,14.0,-66.0,-28.0,2.0,64.0,26.0,-18.0,-26.0,44.0,-10.0
2747,13.0,-67.0,-27.0,3.0,63.0,25.0,-17.0,-25.0,43.0,-11.0
2748,12.0,-68.0,-28.0,2.0,62.0,24.0,-18.0,-26.0,42.0,-12.0
2749,13.0,-67.0,-27.0,3.0,61.0,23.0,-19.0,-27.0,43.0,-11.0
2750,14.0,-66.0,-28.0,2.0,60.0,24.0,-18.0,-28.0,42.0,-12.0
2751,13.0,-67.0,-29.0,1.0,61.0,25.0,-17.0,-27.0,41.0,-13.0
2752,14.0,-66.0,-30.0,0.0,60.0,26.0,-16.0,-26.0,40.0,-14.0
2753,13.0,-65.0,-29.0,-1.0,61.0,27.0,-17.0,-27.0,41.0,-15.0
2754,14.0,-64.0,-30.0,-2.0,62.0,28.0,-18.0,-28.0,40.0,-14.0
2755,15.0,-63.0,-31.0,-3.0,61.0,29.0,-17.0,-29.0,39.0,-15.0
2756,14.0,-64.0,-32.0,-4.0,60.0,28.0,-18.0,-30.0,38.0,-16.0
2757,15.0,-63.0,-31.0,-5.0,59.0,27.0,-17.0,-29.0,39.0,-17.0
2758,14.0,-62.0,-30.0,-6.0,58.0,28.0,-16.0,-30.0,38.0,-16.0
2759,13.0,-63.0,-29.0,-5.0,57.0,27.0,-17.0,-29.0,39.0,-17.0
2760,12.0,-62.0,-30.0,-4.0,56.0,28.0,-18.0,-28.0,38.0,-16.0
2761,11.0,-61.0,-31.0,-3.0,57.0,27.0,-17.0,-29.0,37.0,-15.0
2762,10.0,-60.0,-30.0,-4.0,58.0,28.0,-18.0,-28.0,38.0,-16.0
2763,11.0,-61.0,-29.0,-5.0,59.0,27.0,-17.0,-29.0,39.0,-17.0
2764,10.0,-60.0,-30.0,-4.0,58.0,28.0,-18.0,-28.0,38.0,-16.0
2765,9.0,-59.0,-31.0,-5.0,59.0,27.0,-17.0,-27.0,37.0,-15.0
2766,10.0,-58.0,-30.0,-4.0,60.0,28.0,-16.0,-26.0,38.0,-14.0
2767,9.0,-57.0,-31.0,-3.0,59.0,29.0,-17.0,-25.0,37.0,-15.0
2768,10.0,-58.0,-30.0,-2.0,58.0,30.0,-16.0,-26.0,38.0,-16.0
2769,9.0,-59.0,-31.0,-3.0,59.0,31.0,-15.0,-25.0,39.0,-17.0
2770,10.0,-58.0,-32.0,-4.0,60.0,32.0,-14.0,-26.0,38.0,-16.0
2771,9.0,-57.0,-33.0,-3.0,59.0,33.0,-13.0,-27.0,39.0,-17.0
2772,10.0,-56.0,-34.0,-4.0,58.0,34.0,-12.0,-26.0,38.0,-18.0
2773,9.0,-55.0,-33.0,-5.0,57.0,35.0,-11.0,-27.0,37.0,-17.0
2774,8.0,-56.0,-32.0,-4.0,56.0,34.0,-10.0,-26.0,36.0,-18.0
2775,7.0,-55.0,-33.0,-5.0,57.0,33.0,-11.0,-25.0,35.0,-17.0
2776,8.0,-56.0,-32.0,-4.0,56.0,34.0,-10.0,-26.0,36.0,-16.0
2777,9.0,-57.0,-31.0,-5.0,57.0,33.0,-9.0,-27.0,37.0,-17.0
2778,10.0,-56.0,-30.0,-4.0,58.0,34.0,-8.0,-26.0,38.0,-16.0
2779,11.0,-55.0,-29.0,-3.0,57.0,33.0,-9.0,-27.0,37.0,-15.0
2780,12.0,-56.0,-28.0,-4.0,58.0,32.0,-10.0,-26.0,36.0,-14.0
2781,13.0,-57.0,-27.0,-5.0,59.0,31.0,-9.0,-27.0,37.0,-15.0
2782,12.0,-56.0,-28.0,-4.0,60.0,30.0,-8.0,-28.0,36.0,-14.0
2783,13.0,-55.0,-27.0,-5.0,59.0,29.0,-7.0,-27.0,37.0,-13.0
2784,12.0,-56.0,-28.0,-6.0,58.0,28.0,-8.0,-28.0,36.0,-14.0
2785,11.0,-55.0,-29.0,-5.0,57.0,29.0,-9.0,-29.0,37.0,-15.0
2786,12.0,-54.0,-28.0,-6.0,56.0,28.0,-10.0,-28.0,38.0,-14.0
2787,11.0,-55.0,-29.0,-7.0,55.0,27.0,-11.0,-29.0,37.0,-15.0
2788,12.0,-54.0,-28.0,-8.0,54.0,26.0,-10.0,-28.0,38.0,-14.0
2789,11.0,-53.0,-27.0,-9.0,53.0,27.0,-9.0,-29.0,37.0,-13.0
2790,12.0,-52.0,-28.0,-10.0,52.0,28.0,-8.0,-28.0,36.0,-14.0
2791,13.0,-51.0,-29.0,-11.0,51.0,29.0,-7.0,-27.0,35.0,-15.0
2792,12.0,-52.0,-30.0,-12.0,52.0,30.0,-6.0,-26.0,34.0,-16.0
2793,11.0,-51.0,-29.0,-13.0,53.0,31.0,-7.0,-27.0,35.0,-17.0
2794,10.0,-52.0,-30.0,-14.0,52.0,30.0,-8.0,-26.0,36.0,-16.0
2795,9.0,-53.0,-31.0,-13.0,53.0,31.0,-7.0,-27.0,35.0,-17.0
2796,10.0,-52.0,-32.0,-14.0,52.0,32.0,-6.0,-26.0,34.0,-18.0
2797,9.0,-53.0,-31.0,-13.0,51.0,31.0,-7.0,-25.0,35.0,-19.0
2798,10.0,-54.0,-30.0,-12.0,50.0,32.0,-6.0,-26.0,36.0,-18.0
2799,9.0,-55.0,-31.0,-11.0,51.0,33.0,-5.0,-27.0,35.0,-19.0
2800,8.0,-56.0,-32.0,-10.0,52.0,34.0,-6.0,-28.0,34.0,-18.0
2801,9.0,-55.0,-31.0,-9.0,53.0,33.0,-7.0,-29.0,33.0,-19.0
2802,8.0,-56.0,-32.0,-10.0,54.0,34.0,-6.0,-28.0,34.0,-20.0
2803,7.0,-55.0,-33.0,-9.0,55.0,33.0,-5.0,-29.0,33.0,-19.0
2804,8.0,-54.0,-32.0,-8.0,56.0,34.0,-4.0,-28.0,34.0,-20.0
2805,7.0,-55.0,-33.0,-9.0,55.0,33.0,-5.0,-29.0,33.0,-21.0
2806,8.0,-56.0,-32.0,-10.0,56.0,32.0,-4.0,-30.0,34.0,-22.0
2807,9.0,-57.0,-33.0,-9.0,55.0,31.0,-3.0,-31.0,33.0,-21.0
2808,8.0,-58.0,-34.0,-10.0,54.0,30.0,-4.0,-32.0,32.0,-22.0
2809,9.0,-57.0,-33.0,-9.0,55.0,31.0,-3.0,-31.0,33.0,-21.0
2810,8.0,-58.0,-34.0,-10.0,54.0,32.0,-2.0,-30.0,34.0,-20.0
2811,7.0,-59.0,-35.0,-11.0,53.0,31.0,-3.0,-31.0,33.0,-21.0
2812,8.0,-60.0,-36.0,-10.0,54.0,30.0,-4.0,-30.0,34.0,-22.0
2813,9.0,-59.0,-37.0,-11.0,55.0,31.0,-5.0,-31.0,35.0,-21.0
2814,10.0,-58.0,-36.0,-12.0,54.0,30.0,-4.0,-30.0,36.0,-22.0
2815,9.0,-57.0,-37.0,-11.0,53.0,29.0,-3.0,-31.0,37.0,-23.0
2816,8.0,-58.0,-36.0,-10.0,52.0,28.0,-4.0,-30.0,38.0,-24.0
2817,9.0,-59.0,-35.0,-9.0,51.0,29.0,-5.0,-31.0,39.0,-25.0
2818,10.0,-60.0,-34.0,-10.0,52.0,30.0,-6.0,-30.0,38.0,-24.0
2819,11.0,-59.0,-33.0,-9.0,53.0,29.0,-7.0,-31.0,37.0,-25.0
2820,10.0,-60.0,-34.0,-10.0,54.0,30.0,-6.0,-30.0,36.0,-26.0
2821,11.0,-61.0,-33.0,-11.0,55.0,29.0,-5.0,-31.0,37.0,-27.0
2822,10.0,-60.0,-34.0,-10.0,56.0,28.0,-4.0,-32.0,36.0,-26.0
2823,9.0,-61.0,-35.0,-9.0,57.0,29.0,-3.0,-33.0,35.0,-27.0
2824,8.0,-62.0,-36.0,-10.0,56.0,28.0,-4.0,-34.0,34.0,-28.0
2825,9.0,-63.0,-35.0,-11.0,57.0,27.0,-3.0,-35.0,33.0,-27.0
2826,8.0,-62.0,-36.0,-10.0,56.0,28.0,-4.0,-34.0,34.0,-28.0
2827,9.0,-61.0,-35.0,-9.0,57.0,27.0,-5.0,-35.0,33.0,-29.0
2828,10.0,-62.0,-34.0,-8.0,56.0,28.0,-4.0,-36.0,34.0,-28.0
2829,9.0,-61.0,-35.0,-7.0,55.0,29.0,-3.0,-37.0,35.0,-29.0
2830,8.0,-62.0,-34.0,-6.0,54.0,28.0,-2.0,-36.0,34.0,-30.0
2831,7.0,-61.0,-35.0,-5.0,55.0,27.0,-1.0,-37.0,33.0,-29.0
2832,6.0,-62.0,-36.0,-6.0,54.0,26.0,-2.0,-38.0,34.0,-28.0
2833,7.0,-63.0,-35.0,-7.0,55.0,25.0,-1.0,-39.0,35.0,-29.0
2834,8.0,-64.0,-34.0,-6.0,54.0,26.0,0.0,-40.0,36.0,-28.0
2835,7.0,-63.0,-33.0,-7.0,55.0,27.0,-1.0,-39.0,37.0,-29.0
2836,6.0,-62.0,-32.0,-8.0,56.0,28.0,-2.0,-40.0,38.0,-30.0
2837,5.0,-61.0,-31.0,-9.0,55.0,29.0,-1.0,-41.0,39.0,-29.0
2838,4.0,-62.0,-30.0,-8.0,56.0,28.0,-2.0,-40.0,40.0,-28.0
2839,3.0,-61.0,-31.0,-9.0,57.0,27.0,-1.0,-39.0,39.0,-27.0
2840,2.0,-62.0,-32.0,-8.0,58.0,28.0,0.0,-40.0,38.0,-28.0
2841,1.0,-63.0,-33.0,-9.0,57.0,27.0,-1.0,-41.0,37.0,-29.0
2842,0.0,-62.0,-32.0,-10.0,58.0,28.0,-2.0,-40.0,38.0,-30.0
2843,-1.0,-61.0,-33.0,-9.0,57.0,29.0,-3.0,-39.0,37.0,-29.0
2844,-2.0,-62.0,-34.0,-8.0,58.0,30.0,-2.0,-40.0,36.0,-30.0
2845,-3.0,-63.0,-35.0,-9.0,57.0,29.0,-3.0,-39.0,37.0,-29.0
2846,-4.0,-64.0,-36.0,-8.0,58.0,30.0,-2.0,-40.0,36.0,-30.0
2847,-5.0,-63.0,-35.0,-9.0,59.0,31.0,-3.0,-39.0,37.0,-31.0
2848,-4.0,-64.0,-34.0,-10.0,60.0,30.0,-2.0,-38.0,36.0,-30.0
2849,-5.0,-65.0,-35.0,-11.0,61.0,31.0,-1.0,-37.0,37.0,-31.0
2850,-6.0,-64.0,-34.0,-12.0,60.0,32.0,0.0,-38.0,36.0,-30.0
2851,-5.0,-63.0,-33.0,-11.0,59.0,31.0,-1.0,-39.0,37.0,-29.0
2852,-4.0,-62.0,-34.0,-12.0,60.0,32.0,-2.0,-40.0,38.0,-28.0
2853,-5.0,-63.0,-33.0,-11.0,59.0,31.0,-1.0,-39.0,37.0,-29.0
2854,-6.0,-64.0,-32.0,-10.0,58.0,30.0,0.0,-38.0,36.0,-30.0
2855,-5.0,-63.0,-31.0,-11.0,57.0,29.0,-1.0,-37.0,37.0,-29.0
2856,-6.0,-62.0,-32.0,-10.0,56.0,28.0,0.0,-38.0,38.0,-30.0
2857,-5.0,-61.0,-31.0,-11.0,55.0,27.0,1.0,-37.0,39.0,-31.0
2858,-6.0,-62.0,-32.0,-10.0,56.0,28.0,2.0,-38.0,38.0,-32.0
2859,-7.0,-61.0,-33.0,-11.0,57.0,27.0,1.0,-37.0,37.0,-31.0
2860,-6.0,-60.0,-34.0,-12.0,58.0,28.0,0.0,-38.0,38.0,-30.0
2861,-5.0,-59.0,-33.0,-11.0,59.0,29.0,1.0,-37.0,39.0,-29.0
2862,-6.0,-60.0,-32.0,-10.0,60.0,28.0,0.0,-38.0,40.0,-28.0
2863,-5.0,-61.0,-33.0,-9.0,61.0,27.0,-1.0,-37.0,39.0,-29.0
2864,-6.0,-62.0,-32.0,-8.0,62.0,26.0,-2.0,-38.0,40.0,-28.0
2865,-7.0,-63.0,-33.0,-9.0,61.0,25.0,-3.0,-39.0,39.0,-27.0
2866,-6.0,-64.0,-32.0,-10.0,62.0,24.0,-2.0,-40.0,40.0,-28.0
2867,-7.0,-65.0,-33.0,-9.0,63.0,25.0,-1.0,-41.0,39.0,-29.0
2868,-8.0,-66.0,-32.0,-8.0,62.0,24.0,0.0,-40.0,38.0,-30.0
2869,-9.0,-65.0,-33.0,-7.0,61.0,23.0,1.0,-41.0,39.0,-31.0
2870,-10.0,-64.0,-32.0,-8.0,62.0,24.0,0.0,-40.0,40.0,-32.0
2871,-9.0,-63.0,-33.0,-9.0,63.0,25.0,1.0,-41.0,39.0,-31.0
2872,-10.0,-64.0,-34.0,-8.0,64.0,26.0,2.0,-42.0,38.0,-32.0
2873,-9.0,-63.0,-33.0,-7.0,65.0,27.0,1.0,-43.0,37.0,-33.0
2874,-8.0,-64.0,-32.0,-8.0,66.0,26.0,2.0,-44.0,38.0,-34.0
2875,-7.0,-65.0,-33.0,-7.0,67.0,25.0,1.0,-43.0,37.0,-35.0
2876,-6.0,-66.0,-34.0,-6.0,68.0,24.0,0.0,-42.0,36.0,-36.0
2877,-5.0,-65.0,-33.0,-5.0,69.0,25.0,1.0,-41.0,37.0,-35.0
2878,-4.0,-64.0,-32.0,-4.0,70.0,26.0,2.0,-40.0,38.0,-34.0
2879,-3.0,-65.0,-33.0,-3.0,71.0,25.0,3.0,-39.0,37.0,-35.0
2880,-2.0,-64.0,-32.0,-4.0,70.0,24.0,4.0,-38.0,38.0,-36.0
2881,-3.0,-63.0,-33.0,-5.0,71.0,23.0,3.0,-37.0,37.0,-35.0
2882,-4.0,-62.0,-34.0,-4.0,70.0,24.0,4.0,-38.0,38.0,-36.0
2883,-3.0,-61.0,-35.0,-5.0,71.0,25.0,3.0,-39.0,37.0,-35.0
2884,-4.0,-62.0,-36.0,-6.0,70.0,24.0,4.0,-38.0,38.0,-34.0
2885,-3.0,-61.0,-37.0,-7.0,69.0,25.0,5.0,-37.0,37.0,-35.0
2886,-2.0,-62.0,-36.0,-8.0,70.0,24.0,6.0,-38.0,36.0,-34.0
2887,-3.0,-61.0,-35.0,-9.0,69.0,25.0,5.0,-39.0,37.0,-33.0
2888,-2.0,-62.0,-34.0,-10.0,70.0,24.0,6.0,-40.0,38.0,-34.0
2889,-1.0,-61.0,-33.0,-9.0,71.0,25.0,7.0,-39.0,39.0,-33.0
2890,0.0,-62.0,-32.0,-10.0,72.0,26.0,6.0,-38.0,38.0,-32.0
2891,1.0,-63.0,-33.0,-9.0,73.0,25.0,5.0,-37.0,39.0,-33.0
2892,0.0,-64.0,-32.0,-8.0,72.0,24.0,6.0,-36.0,38.0,-34.0
2893,-1.0,-65.0,-31.0,-7.0,73.0,23.0,5.0,-37.0,39.0,-33.0
2894,-2.0,-64.0,-32.0,-6.0,74.0,22.0,6.0,-38.0,40.0,-32.0
2895,-1.0,-65.0,-33.0,-5.0,75.0,21.0,7.0,-37.0,39.0,-33.0
2896,-2.0,-66.0,-32.0,-4.0,76.0,20.0,6.0,-36.0,40.0,-32.0
2897,-1.0,-67.0,-33.0,-3.0,75.0,19.0,7.0,-37.0,39.0,-31.0
2898,0.0,-66.0,-32.0,-2.0,76.0,20.0,8.0,-36.0,40.0,-30.0
2899,-1.0,-65.0,-31.0,-3.0,75.0,21.0,7.0,-37.0,41.0,-29.0
2900,0.0,-64.0,-30.0,-2.0,76.0,20.0,6.0,-38.0,40.0,-30.0
2901,1.0,-65.0,-29.0,-1.0,75.0,21.0,7.0,-39.0,41.0,-29.0
2902,2.0,-64.0,-28.0,0.0,76.0,22.0,8.0,-38.0,42.0,-30.0
2903,1.0,-65.0,-29.0,1.0,77.0,23.0,7.0,-39.0,41.0,-31.0
2904,2.0,-66.0,-30.0,2.0,76.0,22.0,8.0,-40.0,40.0,-30.0
2905,3.0,-67.0,-31.0,3.0,75.0,21.0,9.0,-41.0,39.0,-29.0
2906,2.0,-68.0,-32.0,2.0,74.0,20.0,8.0,-42.0,38.0,-30.0
2907,3.0,-69.0,-33.0,3.0,75.0,19.0,7.0,-41.0,39.0,-31.0
2908,2.0,-68.0,-34.0,4.0,76.0,18.0,8.0,-42.0,38.0,-30.0
2909,3.0,-67.0,-35.0,3.0,77.0,19.0,7.0,-43.0,39.0,-29.0
2910,4.0,-68.0,-34.0,2.0,78.0,18.0,8.0,-44.0,40.0,-28.0
2911,5.0,-69.0,-33.0,3.0,77.0,19.0,9.0,-45.0,41.0,-29.0
2912,6.0,-68.0,-32.0,2.0,76.0,18.0,10.0,-44.0,42.0,-28.0
2913,5.0,-67.0,-33.0,3.0,75.0,19.0,9.0,-43.0,43.0,-29.0
2914,4.0,-66.0,-34.0,2.0,76.0,18.0,8.0,-42.0,42.0,-30.0
2915,5.0,-65.0,-33.0,3.0,77.0,19.0,9.0,-41.0,43.0,-31.0
2916,6.0,-66.0,-32.0,2.0,76.0,20.0,8.0,-40.0,42.0,-32.0
2917,7.0,-65.0,-31.0,3.0,75.0,19.0,7.0,-41.0,41.0,-31.0
2918,6.0,-66.0,-32.0,2.0,74.0,18.0,8.0,-40.0,42.0,-30.0
2919,7.0,-65.0,-31.0,1.0,73.0,17.0,9.0,-39.0,43.0,-31.0
2920,6.0,-66.0,-32.0,2.0,74.0,18.0,10.0,-40.0,42.0,-32.0
2921,7.0,-65.0,-31.0,1.0,73.0,17.0,9.0,-39.0,43.0,-31.0
2922,8.0,-64.0,-30.0,2.0,74.0,18.0,10.0,-38.0,44.0,-30.0
2923,9.0,-65.0,-31.0,3.0,75.0,17.0,9.0,-37.0,45.0,-31.0
2924,8.0,-64.0,-30.0,2.0,76.0,18.0,8.0,-38.0,46.0,-32.0
2925,9.0,-63.0,-31.0,1.0,75.0,19.0,9.0,-37.0,45.0,-33.0
2926,10.0,-62.0,-32.0,0.0,76.0,20.0,10.0,-38.0,44.0,-32.0
2927,11.0,-63.0,-33.0,1.0,77.0,19.0,11.0,-37.0,43.0,-33.0
2928,10.0,-64.0,-32.0,2.0,76.0,18.0,12.0,-36.0,42.0,-34.0
2929,11.0,-65.0,-33.0,3.0,75.0,17.0,13.0,-37.0,41.0,-33.0
2930,10.0,-66.0,-32.0,4.0,76.0,16.0,12.0,-38.0,42.0,-32.0
2931,11.0,-65.0,-31.0,3.0,75.0,15.0,13.0,-37.0,43.0,-33.0
2932,10.0,-64.0,-32.0,2.0,76.0,14.0,14.0,-36.0,42.0,-32.0
2933,9.0,-65.0,-33.0,1.0,75.0,13.0,15.0,-35.0,43.0,-31.0
2934,10.0,-66.0,-32.0,2.0,74.0,14.0,16.0,-36.0,44.0,-30.0
2935,9.0,-65.0,-33.0,3.0,73.0,15.0,15.0,-35.0,43.0,-29.0
2936,8.0,-64.0,-34.0,4.0,72.0,16.0,14.0,-34.0,42.0,-28.0
2937,7.0,-65.0,-35.0,3.0,71.0,15.0,13.0,-33.0,43.0,-27.0
2938,8.0,-64.0,-34.0,4.0,70.0,14.0,12.0,-34.0,44.0,-26.0
2939,9.0,-63.0,-33.0,5.0,69.0,13.0,11.0,-35.0,45.0,-25.0
2940,8.0,-64.0,-32.0,6.0,70.0,12.0,10.0,-36.0,46.0,-24.0
2941,7.0,-63.0,-33.0,7.0,69.0,13.0,9.0,-35.0,45.0,-23.0
2942,8.0,-64.0,-32.0,6.0,70.0,12.0,10.0,-36.0,46.0,-24.0
2943,7.0,-65.0,-33.0,7.0,71.0,13.0,11.0,-37.0,45.0,-25.0
2944,8.0,-66.0,-32.0,8.0,70.0,14.0,10.0,-38.0,46.0,-26.0
2945,9.0,-65.0,-33.0,7.0,69.0,15.0,11.0,-37.0,45.0,-27.0
2946,10.0,-64.0,-32.0,8.0,70.0,14.0,10.0,-38.0,44.0,-28.0
2947,9.0,-65.0,-33.0,7.0,69.0,13.0,9.0,-39.0,43.0,-29.0
2948,10.0,-64.0,-32.0,8.0,68.0,12.0,8.0,-40.0,44.0,-28.0
2949,11.0,-65.0,-31.0,7.0,69.0,13.0,7.0,-39.0,43.0,-27.0
2950,12.0,-64.0,-30.0,8.0,70.0,14.0,8.0,-38.0,44.0,-26.0
2951,11.0,-65.0,-29.0,9.0,69.0,13.0,9.0,-37.0,43.0,-27.0
2952,12.0,-64.0,-28.0,10.0,70.0,14.0,10.0,-36.0,44.0,-26.0
2953,11.0,-63.0,-29.0,9.0,71.0,13.0,9.0,-35.0,43.0,-27.0
2954,12.0,-62.0,-28.0,10.0,72.0,14.0,10.0,-34.0,44.0,-28.0
2955,11.0,-63.0,-29.0,9.0,71.0,13.0,9.0,-35.0,43.0,-29.0
2956,12.0,-62.0,-30.0,8.0,70.0,14.0,10.0,-34.0,42.0,-30.0
2957,11.0,-61.0,-31.0,9.0,69.0,13.0,11.0,-35.0,43.0,-31.0
2958,12.0,-60.0,-32.0,8.0,68.0,14.0,12.0,-34.0,42.0,-32.0
2959,11.0,-61.0,-31.0,9.0,69.0,13.0,11.0,-33.0,43.0,-31.0
2960,10.0,-60.0,-32.0,8.0,70.0,12.0,12.0,-32.0,42.0,-30.0
2961,11.0,-59.0,-33.0,7.0,69.0,13.0,13.0,-31.0,41.0,-31.0
2962,12.0,-58.0,-32.0,8.0,68.0,12.0,12.0,-32.0,42.0,-30.0
2963,11.0,-57.0,-33.0,9.0,67.0,13.0,11.0,-31.0,41.0,-29.0
2964,12.0,-58.0,-32.0,10.0,66.0,14.0,12.0,-32.0,42.0,-28.0
2965,11.0,-59.0,-33.0,9.0,65.0,13.0,11.0,-33.0,41.0,-29.0
2966,10.0,-60.0,-34.0,10.0,66.0,14.0,12.0,-34.0,40.0,-30.0
2967,11.0,-61.0,-35.0,11.0,65.0,13.0,13.0,-35.0,39.0,-29.0
2968,10.0,-62.0,-34.0,12.0,64.0,12.0,14.0,-34.0,38.0,-30.0
2969,11.0,-61.0,-33.0,13.0,65.0,13.0,15.0,-33.0,37.0,-31.0
2970,12.0,-62.0,-32.0,12.0,64.0,14.0,14.0,-32.0,36.0,-32.0
2971,11.0,-61.0,-31.0,11.0,63.0,15.0,13.0,-33.0,37.0,-31.0
2972,10.0,-60.0,-32.0,12.0,62.0,16.0,12.0,-32.0,36.0,-30.0
2973,9.0,-61.0,-31.0,13.0,61.0,15.0,11.0,-31.0,37.0,-31.0
2974,8.0,-60.0,-32.0,14.0,62.0,14.0,12.0,-32.0,36.0,-30.0
2975,7.0,-61.0,-31.0,15.0,63.0,13.0,11.0,-33.0,37.0,-29.0
2976,6.0,-60.0,-32.0,16.0,62.0,14.0,10.0,-34.0,38.0,-30.0
2977,7.0,-61.0,-31.0,15.0,61.0,15.0,9.0,-33.0,37.0,-31.0
2978,6.0,-60.0,-32.0,14.0,62.0,14.0,8.0,-32.0,36.0,-32.0
2979,7.0,-59.0,-31.0,13.0,61.0,13.0,7.0,-31.0,37.0,-31.0
2980,6.0,-60.0,-32.0,12.0,60.0,12.0,6.0,-32.0,36.0,-32.0
2981,7.0,-61.0,-31.0,13.0,59.0,13.0,7.0,-33.0,37.0,-31.0
2982,6.0,-62.0,-30.0,14.0,58.0,12.0,6.0,-32.0,38.0,-32.0
2983,5.0,-63.0,-31.0,13.0,57.0,11.0,5.0,-33.0,37.0,-33.0
2984,4.0,-62.0,-32.0,14.0,56.0,12.0,4.0,-34.0,38.0,-34.0
2985,5.0,-63.0,-33.0,15.0,57.0,11.0,5.0,-33.0,37.0,-35.0
2986,6.0,-64.0,-32.0,14.0,58.0,10.0,4.0,-32.0,36.0,-34.0
2987,7.0,-63.0,-31.0,15.0,59.0,11.0,5.0,-31.0,37.0,-33.0
2988,6.0,-62.0,-30.0,14.0,58.0,12.0,4.0,-32.0,38.0,-32.0
2989,5.0,-61.0,-31.0,15.0,57.0,13.0,3.0,-31.0,37.0,-31.0
2990,6.0,-60.0,-32.0,14.0,58.0,14.0,2.0,-32.0,38.0,-30.0
2991,5.0,-59.0,-31.0,13.0,59.0,15.0,1.0,-31.0,39.0,-31.0
2992,6.0,-60.0,-30.0,12.0,60.0,14.0,2.0,-32.0,40.0,-32.0
2993,7.0,-61.0,-31.0,13.0,59.0,13.0,3.0,-33.0,39.0,-31.0
2994,6.0,-60.0,-30.0,12.0,58.0,14.0,4.0,-34.0,38.0,-30.0
2995,7.0,-59.0,-29.0,13.0,57.0,13.0,3.0,-35.0,37.0,-29.0
2996,6.0,-60.0,-30.0,14.0,58.0,14.0,2.0,-36.0,36.0,-28.0
2997,7.0,-59.0,-29.0,15.0,59.0,15.0,3.0,-37.0,35.0,-29.0
2998,8.0,-60.0,-28.0,14.0,58.0,16.0,2.0,-36.0,36.0,-30.0
2999,7.0,-59.0,-29.0,13.0,59.0,15.0,1.0,-35.0,35.0,-29.0
3000,8.0,-58.0,-28.0,12.0,58.0,14.0,0.0,-34.0,36.0,-28.0
3001,7.0,-59.0,-27.0,13.0,57.0,13.0,1.0,-33.0,35.0,-29.0
3002,6.0,-60.0,-28.0,12.0,56.0,12.0,0.0,-32.0,36.0,-28.0
3003,7.0,-61.0,-27.0,11.0,57.0,11.0,1.0,-33.0,37.0,-29.0
3004,8.0,-62.0,-28.0,12.0,56.0,10.0,2.0,-34.0,36.0,-28.0
3005,9.0,-61.0,-27.0,13.0,55.0,9.0,1.0,-35.0,35.0,-27.0
3006,10.0,-62.0,-26.0,12.0,56.0,8.0,2.0,-36.0,36.0,-28.0
3007,11.0,-63.0,-27.0,13.0,55.0,7.0,3.0,-37.0,35.0,-27.0
3008,10.0,-62.0,-28.0,14.0,54.0,6.0,4.0,-38.0,36.0,-28.0
3009,11.0,-61.0,-27.0,15.0,55.0,7.0,5.0,-37.0,37.0,-27.0
3010,10.0,-62.0,-28.0,14.0,54.0,6.0,4.0,-38.0,36.0,-28.0
3011,9.0,-61.0,-29.0,13.0,55.0,5.0,3.0,-37.0,35.0,-29.0
3012,8.0,-62.0,-30.0,14.0,56.0,6.0,4.0,-38.0,34.0,-30.0
3013,7.0,-63.0,-31.0,13.0,55.0,5.0,3.0,-39.0,33.0,-31.0
3014,6.0,-64.0,-30.0,14.0,54.0,4.0,4.0,-38.0,34.0,-32.0
3015,7.0,-65.0,-29.0,13.0,55.0,3.0,5.0,-39.0,35.0,-33.0
3016,6.0,-64.0,-30.0,14.0,54.0,4.0,4.0,-38.0,34.0,-34.0
3017,7.0,-63.0,-29.0,13.0,53.0,3.0,5.0,-37.0,35.0,-35.0
3018,6.0,-62.0,-30.0,14.0,54.0,2.0,6.0,-38.0,34.0,-34.0
3019,7.0,-63.0,-29.0,13.0,55.0,1.0,7.0,-39.0,35.0,-35.0
3020,6.0,-64.0,-30.0,12.0,54.0,0.0,6.0,-40.0,34.0,-36.0
3021,7.0,-65.0,-31.0,13.0,53.0,-1.0,7.0,-41.0,33.0,-35.0
3022,8.0,-66.0,-32.0,14.0,52.0,-2.0,8.0,-42.0,32.0,-34.0
3023,9.0,-65.0,-31.0,15.0,53.0,-1.0,9.0,-41.0,33.0,-33.0
3024,10.0,-66.0,-32.0,16.0,54.0,-2.0,10.0,-40.0,32.0,-34.0
3025,9.0,-67.0,-31.0,17.0,53.0,-3.0,11.0,-39.0,33.0,-35.0
3026,8.0,-68.0,-32.0,16.0,52.0,-4.0,10.0,-40.0,32.0,-36.0
3027,7.0,-69.0,-31.0,17.0,51.0,-5.0,11.0,-39.0,33.0,-37.0
3028,6.0,-70.0,-32.0,16.0,52.0,-4.0,12.0,-38.0,32.0,-38.0
3029,5.0,-71.0,-33.0,15.0,53.0,-3.0,13.0,-37.0,31.0,-39.0
3030,4.0,-70.0,-32.0,14.0,54.0,-2.0,12.0,-36.0,32.0,-40.0
3031,5.0,-71.0,-31.0,13.0,55.0,-3.0,13.0,-37.0,33.0,-39.0
3032,6.0,-72.0,-32.0,14.0,56.0,-4.0,14.0,-36.0,32.0,-40.0
3033,7.0,-71.0,-33.0,13.0,57.0,-3.0,15.0,-37.0,31.0,-39.0
3034,8.0,-72.0,-34.0,14.0,56.0,-4.0,16.0,-38.0,30.0,-38.0
3035,7.0,-71.0,-35.0,15.0,57.0,-5.0,17.0,-39.0,29.0,-37.0
3036,8.0,-70.0,-36.0,14.0,58.0,-4.0,18.0,-40.0,28.0,-36.0
3037,9.0,-71.0,-37.0,15.0,59.0,-5.0,17.0,-39.0,29.0,-37.0
3038,8.0,-70.0,-36.0,14.0,58.0,-4.0,18.0,-40.0,28.0,-36.0
3039,7.0,-69.0,-37.0,15.0,57.0,-3.0,17.0,-39.0,27.0,-35.0
3040,8.0,-68.0,-36.0,14.0,56.0,-4.0,16.0,-38.0,28.0,-34.0
3041,7.0,-69.0,-37.0,13.0,55.0,-5.0,15.0,-39.0,27.0,-35.0
3042,6.0,-70.0,-36.0,14.0,56.0,-6.0,14.0,-40.0,28.0,-34.0
3043,5.0,-69.0,-37.0,15.0,55.0,-5.0,13.0,-39.0,29.0,-35.0
3044,6.0,-70.0,-38.0,16.0,56.0,-6.0,12.0,-38.0,30.0,-36.0
3045,5.0,-69.0,-39.0,17.0,55.0,-5.0,11.0,-37.0,29.0,-35.0
3046,4.0,-70.0,-38.0,18.0,56.0,-6.0,10.0,-38.0,30.0,-34.0
3047,5.0,-71.0,-37.0,17.0,55.0,-5.0,9.0,-37.0,31.0,-35.0
3048,6.0,-70.0,-36.0,16.0,54.0,-6.0,10.0,-36.0,32.0,-36.0
3049,7.0,-69.0,-35.0,17.0,55.0,-5.0,11.0,-35.0,33.0,-35.0
3050,6.0,-70.0,-36.0,16.0,56.0,-4.0,12.0,-34.0,34.0,-36.0
3051,5.0,-69.0,-37.0,17.0,57.0,-5.0,13.0,-35.0,35.0,-35.0
3052,4.0,-68.0,-36.0,16.0,58.0,-4.0,12.0,-34.0,36.0,-36.0
3053,5.0,-67.0,-35.0,17.0,59.0,-3.0,13.0,-33.0,37.0,-35.0
3054,4.0,-66.0,-36.0,18.0,58.0,-2.0,12.0,-32.0,36.0,-34.0
3055,3.0,-65.0,-37.0,19.0,57.0,-3.0,13.0,-33.0,37.0,-35.0
3056,2.0,-64.0,-38.0,20.0,58.0,-4.0,14.0,-34.0,38.0,-34.0
3057,3.0,-63.0,-37.0,19.0,57.0,-5.0,13.0,-33.0,39.0,-33.0
3058,2.0,-62.0,-38.0,20.0,56.0,-4.0,12.0,-32.0,38.0,-34.0
3059,1.0,-63.0,-37.0,21.0,55.0,-5.0,13.0,-31.0,37.0,-35.0
3060,0.0,-62.0,-38.0,22.0,54.0,-4.0,14.0,-32.0,38.0,-36.0
3061,-1.0,-61.0,-37.0,21.0,53.0,-3.0,15.0,-33.0,37.0,-35.0
3062,-2.0,-60.0,-36.0,20.0,54.0,-2.0,14.0,-32.0,38.0,-36.0
3063,-3.0,-59.0,-37.0,19.0,55.0,-3.0,13.0,-31.0,37.0,-37.0
3064,-4.0,-58.0,-38.0,20.0,54.0,-2.0,12.0,-30.0,36.0,-36.0
3065,-3.0,-59.0,-39.0,21.0,55.0,-3.0,11.0,-29.0,37.0,-37.0
3066,-4.0,-58.0,-38.0,20.0,56.0,-2.0,10.0,-28.0,38.0,-38.0
3067,-5.0,-59.0,-39.0,19.0,55.0,-1.0,11.0,-27.0,39.0,-37.0
3068,-4.0,-60.0,-40.0,20.0,56.0,-2.0,10.0,-26.0,40.0,-38.0
3069,-5.0,-59.0,-41.0,21.0,55.0,-3.0,11.0,-27.0,41.0,-39.0
3070,-6.0,-60.0,-42.0,20.0,54.0,-4.0,10.0,-28.0,40.0,-40.0
3071,-5.0,-59.0,-43.0,19.0,55.0,-3.0,9.0,-29.0,39.0,-39.0
3072,-4.0,-58.0,-42.0,20.0,54.0,-4.0,8.0,-30.0,40.0,-38.0
3073,-5.0,-57.0,-41.0,19.0,53.0,-3.0,9.0,-31.0,39.0,-37.0
3074,-4.0,-58.0,-42.0,20.0,52.0,-4.0,10.0,-32.0,38.0,-36.0
3075,-5.0,-59.0,-43.0,21.0,53.0,-3.0,9.0,-33.0,37.0,-37.0
3076,-6.0,-60.0,-42.0,22.0,54.0,-4.0,8.0,-32.0,38.0,-36.0
3077,-7.0,-61.0,-43.0,21.0,53.0,-5.0,7.0,-33.0,37.0,-37.0
3078,-8.0,-62.0,-44.0,20.0,52.0,-4.0,8.0,-32.0,38.0,-36.0
3079,-7.0,-63.0,-45.0,21.0,51.0,-5.0,9.0,-33.0,37.0,-35.0
3080,-6.0,-64.0,-44.0,20.0,52.0,-4.0,8.0,-32.0,36.0,-34.0
3081,-7.0,-65.0,-45.0,21.0,53.0,-3.0,9.0,-33.0,35.0,-35.0
3082,-6.0,-66.0,-46.0,22.0,54.0,-4.0,10.0,-32.0,34.0,-36.0
3083,-5.0,-67.0,-45.0,21.0,55.0,-3.0,9.0,-31.0,33.0,-35.0
3084,-6.0,-68.0,-46.0,20.0,54.0,-4.0,8.0,-32.0,32.0,-34.0
3085,-7.0,-69.0,-45.0,21.0,53.0,-5.0,7.0,-31.0,33.0,-35.0
3086,-8.0,-68.0,-46.0,22.0,52.0,-4.0,6.0,-30.0,32.0,-34.0
3087,-9.0,-67.0,-45.0,21.0,51.0,-3.0,5.0,-31.0,33.0,-33.0
3088,-10.0,-68.0,-44.0,22.0,50.0,-4.0,4.0,-30.0,34.0,-34.0
3089,-9.0,-67.0,-45.0,21.0,49.0,-3.0,5.0,-31.0,33.0,-35.0
3090,-10.0,-68.0,-46.0,20.0,48.0,-2.0,6.0,-30.0,34.0,-34.0
3091,-11.0,-69.0,-47.0,19.0,47.0,-3.0,5.0,-31.0,33.0,-35.0
3092,-12.0,-70.0,-48.0,18.0,46.0,-4.0,4.0,-32.0,32.0,-34.0
3093,-13.0,-69.0,-49.0,19.0,45.0,-3.0,3.0,-31.0,31.0,-33.0
3094,-12.0,-68.0,-48.0,20.0,46.0,-2.0,4.0,-30.0,32.0,-32.0
3095,-11.0,-69.0,-47.0,19.0,47.0,-3.0,5.0,-31.0,31.0,-31.0
3096,-10.0,-70.0,-48.0,20.0,48.0,-4.0,4.0,-30.0,32.0,-32.0
3097,-9.0,-69.0,-47.0,21.0,49.0,-3.0,5.0,-31.0,31.0,-33.0
3098,-10.0,-68.0,-46.0,20.0,50.0,-2.0,4.0,-30.0,32.0,-34.0
3099,-11.0,-69.0,-45.0,21.0,49.0,-3.0,5.0,-29.0,31.0,-35.0
3100,-10.0,-70.0,-44.0,22.0,48.0,-2.0,6.0,-30.0,32.0,-34.0
3101,-11.0,-69.0,-43.0,21.0,49.0,-1.0,5.0,-29.0,33.0,-35.0
3102,-12.0,-70.0,-44.0,20.0,48.0,-2.0,4.0,-28.0,34.0,-34.0
3103,-11.0,-71.0,-45.0,21.0,47.0,-3.0,5.0,-29.0,33.0,-33.0
3104,-12.0,-70.0,-46.0,20.0,48.0,-4.0,4.0,-28.0,32.0,-34.0
3105,-11.0,-71.0,-45.0,19.0,47.0,-3.0,3.0,-27.0,33.0,-35.0
3106,-12.0,-70.0,-46.0,20.0,46.0,-2.0,2.0,-26.0,32.0,-34.0
3107,-11.0,-69.0,-45.0,21.0,47.0,-1.0,3.0,-25.0,33.0,-33.0
3108,-10.0,-68.0,-44.0,22.0,48.0,0.0,4.0,-24.0,34.0,-32.0
3109,-11.0,-69.0,-45.0,23.0,49.0,1.0,3.0,-25.0,33.0,-31.0
3110,-12.0,-70.0,-46.0,22.0,48.0,2.0,4.0,-24.0,34.0,-30.0
3111,-13.0,-69.0,-47.0,23.0,47.0,3.0,3.0,-23.0,33.0,-29.0
3112,-14.0,-68.0,-48.0,24.0,46.0,4.0,4.0,-24.0,34.0,-30.0
3113,-15.0,-69.0,-49.0,25.0,47.0,5.0,5.0,-25.0,33.0,-31.0
3114,-16.0,-68.0,-50.0,24.0,48.0,4.0,6.0,-24.0,32.0,-30.0
3115,-15.0,-69.0,-49.0,23.0,49.0,3.0,7.0,-25.0,33.0,-31.0
3116,-16.0,-68.0,-50.0,24.0,48.0,4.0,6.0,-26.0,34.0,-32.0
3117,-15.0,-69.0,-49.0,23.0,47.0,5.0,5.0,-25.0,35.0,-33.0
3118,-14.0,-70.0,-50.0,24.0,48.0,4.0,6.0,-24.0,34.0,-34.0
3119,-15.0,-71.0,-51.0,25.0,49.0,5.0,5.0,-25.0,33.0,-33.0
3120,-16.0,-70.0,-50.0,24.0,50.0,6.0,4.0,-24.0,34.0,-34.0
3121,-17.0,-69.0,-51.0,23.0,51.0,5.0,3.0,-23.0,33.0,-33.0
3122,-16.0,-70.0,-50.0,22.0,52.0,4.0,4.0,-24.0,34.0,-34.0
3123,-17.0,-71.0,-51.0,21.0,51.0,3.0,3.0,-25.0,33.0,-35.0
3124,-18.0,-72.0,-52.0,20.0,52.0,4.0,4.0,-24.0,32.0,-36.0
3125,-19.0,-71.0,-51.0,19.0,51.0,5.0,3.0,-25.0,33.0,-35.0
3126,-18.0,-72.0,-52.0,20.0,50.0,4.0,4.0,-26.0,32.0,-34.0
3127,-19.0,-71.0,-53.0,21.0,49.0,5.0,3.0,-25.0,31.0,-35.0
3128,-20.0,-72.0,-54.0,20.0,50.0,6.0,4.0,-24.0,30.0,-36.0
3129,-21.0,-73.0,-53.0,21.0,51.0,5.0,3.0,-25.0,31.0,-35.0
3130,-20.0,-74.0,-52.0,20.0,52.0,4.0,4.0,-26.0,32.0,-36.0
3131,-19.0,-73.0,-51.0,21.0,53.0,5.0,3.0,-27.0,31.0,-37.0
3132,-20.0,-74.0,-52.0,20.0,52.0,4.0,2.0,-28.0,30.0,-38.0
3133,-19.0,-75.0,-53.0,21.0,51.0,3.0,3.0,-27.0,29.0,-37.0
3134,-18.0,-74.0,-52.0,20.0,50.0,2.0,4.0,-26.0,30.0,-38.0
3135,-17.0,-75.0,-51.0,19.0,51.0,3.0,3.0,-25.0,29.0,-37.0
3136,-18.0,-74.0,-50.0,18.0,50.0,4.0,4.0,-26.0,30.0,-36.0
3137,-17.0,-73.0,-49.0,19.0,51.0,5.0,5.0,-25.0,29.0,-37.0
3138,-18.0,-72.0,-48.0,18.0,50.0,6.0,6.0,-26.0,30.0,-36.0
3139,-17.0,-73.0,-47.0,19.0,49.0,7.0,7.0,-27.0,31.0,-35.0
3140,-18.0,-74.0,-48.0,18.0,50.0,8.0,8.0,-26.0,32.0,-36.0
3141,-17.0,-75.0,-47.0,17.0,51.0,7.0,9.0,-27.0,33.0,-37.0
3142,-16.0,-76.0,-48.0,18.0,52.0,6.0,8.0,-26.0,32.0,-38.0
3143,-17.0,-75.0,-47.0,17.0,53.0,7.0,7.0,-27.0,33.0,-39.0
3144,-18.0,-74.0,-48.0,18.0,52.0,8.0,6.0,-26.0,32.0,-38.0
3145,-19.0,-75.0,-47.0,19.0,53.0,7.0,5.0,-27.0,33.0,-37.0
3146,-20.0,-76.0,-48.0,18.0,52.0,6.0,4.0,-28.0,32.0,-38.0
3147,-21.0,-75.0,-49.0,19.0,51.0,5.0,5.0,-29.0,33.0,-39.0
3148,-22.0,-74.0,-50.0,18.0,52.0,4.0,6.0,-28.0,32.0,-38.0
3149,-21.0,-73.0,-49.0,17.0,51.0,3.0,5.0,-27.0,33.0,-37.0
3150,-22.0,-74.0,-50.0,18.0,52.0,4.0,6.0,-28.0,32.0,-38.0
3151,-23.0,-73.0,-51.0,19.0,53.0,3.0,7.0,-29.0,31.0,-37.0
3152,-22.0,-74.0,-50.0,18.0,54.0,4.0,6.0,-28.0,30.0,-36.0
3153,-23.0,-75.0,-51.0,17.0,53.0,5.0,7.0,-27.0,31.0,-35.0
3154,-22.0,-74.0,-50.0,18.0,54.0,6.0,8.0,-26.0,30.0,-36.0
3155,-23.0,-75.0,-49.0,19.0,53.0,5.0,7.0,-25.0,31.0,-37.0
3156,-22.0,-76.0,-48.0,20.0,52.0,6.0,8.0,-26.0,32.0,-36.0
3157,-21.0,-77.0,-49.0,21.0,53.0,5.0,7.0,-25.0,31.0,-37.0
3158,-20.0,-76.0,-48.0,22.0,52.0,4.0,6.0,-26.0,32.0,-36.0
3159,-19.0,-77.0,-49.0,23.0,51.0,3.0,7.0,-27.0,31.0,-35.0
3160,-20.0,-78.0,-48.0,24.0,52.0,2.0,6.0,-26.0,32.0,-34.0
3161,-19.0,-79.0,-47.0,23.0,53.0,1.0,7.0,-27.0,31.0,-33.0
3162,-20.0,-78.0,-48.0,22.0,54.0,0.0,8.0,-26.0,30.0,-32.0
3163,-19.0,-77.0,-49.0,21.0,53.0,1.0,9.0,-27.0,29.0,-33.0
3164,-20.0,-78.0,-50.0,20.0,54.0,2.0,10.0,-26.0,28.0,-34.0
3165,-19.0,-77.0,-51.0,19.0,53.0,3.0,11.0,-25.0,27.0,-35.0
3166,-18.0,-78.0,-52.0,20.0,54.0,2.0,12.0,-24.0,26.0,-36.0
3167,-17.0,-77.0,-51.0,19.0,53.0,1.0,13.0,-23.0,27.0,-35.0
3168,-16.0,-76.0,-50.0,20.0,54.0,2.0,12.0,-24.0,26.0,-36.0
3169,-15.0,-75.0,-49.0,21.0,55.0,3.0,13.0,-23.0,27.0,-37.0
3170,-16.0,-76.0,-48.0,22.0,56.0,2.0,12.0,-24.0,28.0,-36.0
3171,-17.0,-77.0,-49.0,21.0,55.0,3.0,13.0,-23.0,29.0,-35.0
3172,-18.0,-78.0,-50.0,20.0,56.0,4.0,14.0,-22.0,30.0,-36.0
3173,-17.0,-79.0,-51.0,21.0,57.0,3.0,13.0,-21.0,31.0,-37.0
3174,-16.0,-78.0,-50.0,20.0,56.0,2.0,12.0,-20.0,32.0,-36.0
3175,-15.0,-77.0,-49.0,21.0,55.0,1.0,11.0,-21.0,31.0,-35.0
3176,-16.0,-76.0,-48.0,20.0,54.0,2.0,12.0,-22.0,30.0,-34.0
3177,-15.0,-75.0,-47.0,21.0,55.0,3.0,13.0,-21.0,31.0,-33.0
3178,-14.0,-76.0,-46.0,22.0,54.0,4.0,14.0,-22.0,32.0,-32.0
3179,-13.0,-75.0,-47.0,21.0,55.0,5.0,13.0,-23.0,31.0,-31.0
3180,-14.0,-76.0,-48.0,20.0,54.0,4.0,12.0,-24.0,30.0,-30.0
3181,-13.0,-75.0,-47.0,21.0,55.0,5.0,13.0,-23.0,31.0,-29.0
3182,-12.0,-74.0,-48.0,20.0,56.0,6.0,12.0,-24.0,32.0,-28.0
3183,-13.0,-73.0,-47.0,19.0,55.0,7.0,13.0,-25.0,33.0,-27.0
3184,-14.0,-74.0,-48.0,20.0,56.0,8.0,14.0,-26.0,32.0,-28.0
3185,-15.0,-73.0,-49.0,19.0,57.0,7.0,13.0,-25.0,31.0,-29.0
3186,-14.0,-72.0,-50.0,18.0,58.0,8.0,14.0,-26.0,30.0,-28.0
3187,-15.0,-73.0,-49.0,19.0,59.0,7.0,13.0,-25.0,31.0,-27.0
3188,-14.0,-72.0,-48.0,20.0,58.0,6.0,12.0,-26.0,32.0,-26.0
3189,-15.0,-71.0,-49.0,21.0,57.0,7.0,11.0,-25.0,33.0,-27.0
3190,-14.0,-70.0,-48.0,22.0,56.0,6.0,10.0,-26.0,34.0,-26.0
3191,-15.0,-71.0,-49.0,23.0,57.0,7.0,9.0,-27.0,33.0,-25.0
3192,-16.0,-70.0,-50.0,22.0,58.0,6.0,8.0,-26.0,32.0,-24.0
3193,-15.0,-69.0,-49.0,23.0,59.0,7.0,9.0,-25.0,33.0,-23.0
3194,-14.0,-70.0,-50.0,24.0,60.0,6.0,8.0,-24.0,34.0,-24.0
3195,-15.0,-71.0,-51.0,23.0,59.0,7.0,9.0,-23.0,35.0,-23.0
3196,-16.0,-70.0,-50.0,22.0,60.0,8.0,8.0,-24.0,36.0,-24.0
3197,-17.0,-71.0,-49.0,23.0,59.0,7.0,9.0,-23.0,35.0,-25.0
3198,-18.0,-72.0,-48.0,24.0,60.0,6.0,8.0,-24.0,36.0,-24.0
3199,-17.0,-71.0,-49.0,23.0,61.0,7.0,7.0,-25.0,37.0,-23.0
3200,-16.0,-70.0,-50.0,22.0,62.0,8.0,6.0,-26.0,38.0,-22.0
3201,-15.0,-71.0,-49.0,21.0,63.0,7.0,7.0,-27.0,37.0,-21.0
3202,-16.0,-70.0,-48.0,20.0,62.0,8.0,8.0,-28.0,36.0,-20.0
3203,-17.0,-71.0,-49.0,19.0,61.0,7.0,7.0,-29.0,35.0,-21.0
3204,-16.0,-72.0,-50.0,20.0,62.0,6.0,6.0,-28.0,36.0,-22.0
3205,-17.0,-71.0,-51.0,21.0,61.0,7.0,5.0,-27.0,35.0,-21.0
3206,-16.0,-72.0,-50.0,22.0,60.0,8.0,6.0,-28.0,36.0,-20.0
3207,-15.0,-73.0,-49.0,21.0,61.0,7.0,7.0,-29.0,37.0,-21.0
3208,-16.0,-74.0,-50.0,20.0,62.0,8.0,8.0,-28.0,36.0,-22.0
3209,-15.0,-75.0,-49.0,19.0,63.0,7.0,9.0,-29.0,37.0,-23.0
3210,-14.0,-74.0,-48.0,20.0,64.0,6.0,8.0,-30.0,36.0,-24.0
3211,-13.0,-73.0,-47.0,19.0,63.0,5.0,9.0,-29.0,37.0,-23.0
3212,-12.0,-74.0,-46.0,18.0,64.0,4.0,8.0,-28.0,36.0,-22.0
3213,-11.0,-75.0,-45.0,17.0,65.0,3.0,9.0,-29.0,37.0,-21.0
3214,-10.0,-74.0,-46.0,16.0,64.0,4.0,10.0,-28.0,36.0,-22.0
3215,-11.0,-75.0,-45.0,17.0,63.0,3.0,11.0,-27.0,35.0,-23.0
3216,-12.0,-76.0,-46.0,16.0,62.0,2.0,10.0,-28.0,34.0,-24.0
3217,-11.0,-77.0,-45.0,15.0,63.0,1.0,9.0,-27.0,33.0,-23.0
3218,-10.0,-78.0,-44.0,14.0,62.0,2.0,8.0,-26.0,32.0,-24.0
3219,-9.0,-77.0,-43.0,15.0,63.0,3.0,7.0,-27.0,31.0,-25.0
3220,-10.0,-78.0,-42.0,16.0,62.0,2.0,6.0,-26.0,32.0,-26.0
3221,-9.0,-79.0,-43.0,17.0,61.0,1.0,7.0,-25.0,31.0,-25.0
3222,-10.0,-78.0,-44.0,18.0,62.0,0.0,8.0,-26.0,32.0,-24.0
3223,-9.0,-79.0,-45.0,19.0,63.0,-1.0,7.0,-25.0,33.0,-25.0
3224,-8.0,-78.0,-44.0,20.0,64.0,0.0,8.0,-24.0,34.0,-24.0
3225,-7.0,-79.0,-43.0,21.0,63.0,1.0,9.0,-25.0,35.0,-25.0
3226,-8.0,-78.0,-44.0,22.0,64.0,0.0,10.0,-26.0,36.0,-24.0
3227,-7.0,-77.0,-45.0,21.0,65.0,1.0,11.0,-27.0,35.0,-23.0
3228,-8.0,-76.0,-46.0,22.0,64.0,0.0,12.0,-28.0,36.0,-24.0
3229,-7.0,-77.0,-45.0,21.0,65.0,-1.0,13.0,-29.0,37.0,-25.0
3230,-8.0,-78.0,-44.0,22.0,66.0,-2.0,12.0,-28.0,38.0,-24.0
3231,-7.0,-79.0,-45.0,23.0,65.0,-3.0,13.0,-29.0,37.0,-23.0
3232,-8.0,-78.0,-44.0,22.0,64.0,-2.0,14.0,-30.0,36.0,-22.0
3233,-9.0,-79.0,-45.0,21.0,63.0,-3.0,13.0,-31.0,37.0,-21.0
3234,-8.0,-78.0,-44.0,22.0,62.0,-4.0,12.0,-32.0,38.0,-20.0
3235,-9.0,-79.0,-45.0,21.0,61.0,-5.0,11.0,-33.0,37.0,-21.0
3236,-10.0,-78.0,-44.0,20.0,62.0,-4.0,10.0,-34.0,38.0,-22.0
3237,-11.0,-79.0,-45.0,19.0,61.0,-5.0,9.0,-35.0,37.0,-23.0
3238,-10.0,-78.0,-46.0,18.0,62.0,-4.0,8.0,-36.0,38.0,-22.0
3239,-11.0,-77.0,-47.0,19.0,61.0,-3.0,9.0,-37.0,39.0,-23.0
3240,-12.0,-78.0,-48.0,18.0,60.0,-2.0,10.0,-36.0,40.0,-22.0
3241,-11.0,-79.0,-49.0,19.0,61.0,-3.0,11.0,-35.0,39.0,-23.0
3242,-10.0,-78.0,-48.0,20.0,62.0,-2.0,12.0,-34.0,38.0,-24.0
3243,-9.0,-79.0,-47.0,21.0,61.0,-1.0,13.0,-35.0,39.0,-23.0
3244,-10.0,-78.0,-46.0,20.0,60.0,0.0,14.0,-36.0,38.0,-22.0
3245,-9.0,-77.0,-45.0,21.0,59.0,-1.0,13.0,-37.0,39.0,-21.0
3246,-8.0,-76.0,-46.0,20.0,58.0,0.0,14.0,-36.0,38.0,-22.0
3247,-7.0,-77.0,-45.0,19.0,59.0,-1.0,15.0,-37.0,39.0,-23.0
3248,-6.0,-78.0,-44.0,18.0,58.0,0.0,14.0,-36.0,40.0,-24.0
3249,-7.0,-79.0,-45.0,17.0,57.0,-1.0,13.0,-37.0,39.0,-25.0
3250,-8.0,-78.0,-44.0,16.0,58.0,0.0,12.0,-38.0,40.0,-26.0
3251,-7.0,-79.0,-45.0,17.0,59.0,-1.0,11.0,-37.0,41.0,-27.0
3252,-8.0,-80.0,-46.0,16.0,58.0,-2.0,10.0,-38.0,40.0,-28.0
3253,-9.0,-81.0,-45.0,17.0,57.0,-3.0,9.0,-37.0,41.0,-29.0
3254,-10.0,-80.0,-46.0,18.0,56.0,-2.0,10.0,-38.0,42.0,-30.0
3255,-9.0,-79.0,-45.0,19.0,57.0,-1.0,11.0,-37.0,43.0,-29.0
3256,-10.0,-80.0,-44.0,20.0,56.0,-2.0,10.0,-36.0,44.0,-30.0
3257,-11.0,-81.0,-45.0,21.0,57.0,-1.0,9.0,-37.0,43.0,-29.0
3258,-10.0,-82.0,-44.0,20.0,58.0,-2.0,10.0,-36.0,42.0,-28.0
3259,-9.0,-83.0,-43.0,19.0,59.0,-3.0,11.0,-37.0,43.0,-29.0
3260,-10.0,-84.0,-42.0,20.0,60.0,-4.0,10.0,-38.0,44.0,-28.0
3261,-11.0,-85.0,-43.0,21.0,61.0,-3.0,11.0,-39.0,43.0,-29.0
3262,-12.0,-86.0,-42.0,22.0,62.0,-4.0,10.0,-40.0,44.0,-28.0
3263,-13.0,-85.0,-43.0,23.0,63.0,-5.0,11.0,-41.0,43.0,-27.0
3264,-14.0,-86.0,-42.0,24.0,64.0,-6.0,10.0,-42.0,44.0,-26.0
3265,-15.0,-87.0,-41.0,25.0,63.0,-7.0,11.0,-41.0,43.0,-27.0
3266,-16.0,-86.0,-40.0,24.0,62.0,-6.0,12.0,-42.0,42.0,-26.0
3267,-17.0,-87.0,-41.0,25.0,63.0,-5.0,13.0,-43.0,41.0,-27.0
3268,-18.0,-86.0,-42.0,24.0,64.0,-6.0,14.0,-42.0,40.0,-26.0
3269,-19.0,-85.0,-43.0,25.0,63.0,-7.0,15.0,-43.0,41.0,-27.0
3270,-20.0,-86.0,-44.0,24.0,62.0,-6.0,16.0,-42.0,42.0,-26.0
3271,-21.0,-85.0,-43.0,23.0,61.0,-5.0,17.0,-43.0,41.0,-25.0
3272,-20.0,-86.0,-44.0,24.0,62.0,-6.0,16.0,-42.0,40.0,-26.0
3273,-19.0,-87.0,-45.0,25.0,63.0,-7.0,15.0,-41.0,41.0,-27.0
3274,-20.0,-88.0,-46.0,24.0,62.0,-8.0,14.0,-40.0,42.0,-26.0
3275,-19.0,-87.0,-45.0,25.0,63.0,-7.0,15.0,-39.0,43.0,-25.0
3276,-18.0,-88.0,-44.0,24.0,62.0,-6.0,14.0,-38.0,44.0,-26.0
3277,-19.0,-87.0,-45.0,25.0,61.0,-7.0,15.0,-39.0,45.0,-27.0
3278,-20.0,-88.0,-44.0,26.0,60.0,-8.0,16.0,-38.0,44.0,-28.0
3279,-21.0,-87.0,-45.0,27.0,59.0,-7.0,15.0,-37.0,43.0,-27.0
3280,-22.0,-88.0,-44.0,28.0,58.0,-8.0,16.0,-36.0,42.0,-28.0
3281,-21.0,-89.0,-45.0,29.0,59.0,-9.0,15.0,-35.0,41.0,-29.0
3282,-22.0,-88.0,-46.0,30.0,58.0,-10.0,16.0,-36.0,42.0,-30.0
3283,-21.0,-89.0,-45.0,29.0,59.0,-9.0,15.0,-35.0,41.0,-29.0
3284,-20.0,-88.0,-46.0,28.0,60.0,-8.0,14.0,-36.0,40.0,-28.0
3285,-19.0,-89.0,-45.0,27.0,61.0,-7.0,13.0,-35.0,39.0,-27.0
3286,-18.0,-88.0,-44.0,28.0,62.0,-8.0,12.0,-36.0,38.0,-28.0
3287,-17.0,-87.0,-45.0,27.0,63.0,-7.0,11.0,-37.0,37.0,-27.0
3288,-16.0,-86.0,-44.0,28.0,62.0,-8.0,10.0,-38.0,38.0,-26.0
3289,-15.0,-85.0,-43.0,29.0,63.0,-7.0,11.0,-37.0,39.0,-25.0
3290,-14.0,-86.0,-42.0,28.0,64.0,-8.0,12.0,-38.0,40.0,-26.0
3291,-15.0,-85.0,-43.0,29.0,63.0,-7.0,11.0,-37.0,39.0,-25.0
3292,-14.0,-86.0,-42.0,28.0,64.0,-8.0,12.0,-38.0,40.0,-26.0
3293,-15.0,-85.0,-43.0,29.0,63.0,-7.0,11.0,-37.0,39.0,-25.0
3294,-14.0,-84.0,-42.0,30.0,64.0,-6.0,12.0,-36.0,40.0,-24.0
3295,-15.0,-83.0,-43.0,29.0,65.0,-7.0,11.0,-35.0,39.0,-23.0
3296,-16.0,-84.0,-42.0,30.0,64.0,-8.0,12.0,-34.0,38.0,-24.0
3297,-15.0,-83.0,-41.0,31.0,65.0,-9.0,11.0,-35.0,37.0,-25.0
3298,-14.0,-84.0,-42.0,32.0,66.0,-10.0,10.0,-34.0,38.0,-26.0
3299,-13.0,-85.0,-43.0,33.0,67.0,-11.0,9.0,-33.0,39.0,-27.0
3300,-12.0,-86.0,-44.0,34.0,68.0,-12.0,8.0,-32.0,40.0,-28.0
3301,-13.0,-85.0,-45.0,35.0,67.0,-11.0,7.0,-33.0,41.0,-29.0
3302,-12.0,-86.0,-44.0,34.0,68.0,-12.0,8.0,-34.0,42.0,-30.0
3303,-13.0,-85.0,-43.0,33.0,67.0,-11.0,7.0,-35.0,43.0,-29.0
3304,-12.0,-84.0,-44.0,32.0,66.0,-10.0,8.0,-34.0,42.0,-30.0
3305,-11.0,-83.0,-43.0,33.0,65.0,-11.0,7.0,-35.0,43.0,-29.0
3306,-10.0,-82.0,-42.0,34.0,66.0,-10.0,8.0,-34.0,42.0,-30.0
3307,-11.0,-83.0,-43.0,33.0,65.0,-9.0,9.0,-33.0,43.0,-29.0
3308,-12.0,-82.0,-42.0,32.0,66.0,-8.0,8.0,-32.0,44.0,-30.0
3309,-13.0,-81.0,-43.0,31.0,67.0,-9.0,7.0,-31.0,43.0,-31.0
3310,-14.0,-80.0,-44.0,30.0,68.0,-10.0,6.0,-30.0,42.0,-32.0
3311,-15.0,-81.0,-45.0,29.0,69.0,-9.0,7.0,-29.0,41.0,-33.0
3312,-16.0,-82.0,-46.0,28.0,68.0,-8.0,8.0,-28.0,42.0,-32.0
3313,-15.0,-81.0,-47.0,27.0,67.0,-7.0,9.0,-29.0,41.0,-33.0
3314,-14.0,-82.0,-46.0,26.0,68.0,-8.0,10.0,-28.0,40.0,-32.0
3315,-15.0,-83.0,-47.0,25.0,67.0,-7.0,11.0,-27.0,41.0,-31.0
3316,-16.0,-82.0,-48.0,26.0,66.0,-8.0,12.0,-28.0,42.0,-32.0
3317,-17.0,-81.0,-49.0,27.0,65.0,-7.0,11.0,-27.0,41.0,-31.0
3318,-18.0,-82.0,-50.0,28.0,66.0,-6.0,10.0,-28.0,40.0,-30.0
3319,-17.0,-83.0,-51.0,29.0,67.0,-7.0,9.0,-27.0,41.0,-31.0
3320,-16.0,-84.0,-50.0,30.0,66.0,-6.0,8.0,-28.0,42.0,-32.0
3321,-15.0,-85.0,-49.0,29.0,67.0,-7.0,9.0,-29.0,43.0,-33.0
3322,-16.0,-86.0,-48.0,30.0,66.0,-8.0,8.0,-28.0,44.0,-34.0
3323,-15.0,-85.0,-49.0,29.0,67.0,-7.0,9.0,-29.0,43.0,-33.0
3324,-16.0,-84.0,-50.0,30.0,68.0,-8.0,10.0,-30.0,44.0,-32.0
3325,-15.0,-83.0,-49.0,31.0,67.0,-9.0,9.0,-31.0,43.0,-31.0
3326,-14.0,-82.0,-50.0,30.0,68.0,-8.0,10.0,-32.0,42.0,-30.0
3327,-15.0,-81.0,-51.0,31.0,67.0,-7.0,9.0,-33.0,43.0,-31.0
3328,-16.0,-80.0,-50.0,30.0,66.0,-6.0,10.0,-34.0,42.0,-30.0
3329,-17.0,-81.0,-51.0,29.0,67.0,-5.0,11.0,-33.0,43.0,-31.0
3330,-18.0,-82.0,-52.0,28.0,66.0,-6.0,10.0,-34.0,42.0,-32.0
3331,-19.0,-83.0,-53.0,27.0,65.0,-7.0,9.0,-35.0,41.0,-33.0
3332,-18.0,-82.0,-52.0,28.0,66.0,-8.0,8.0,-36.0,40.0,-34.0
3333,-19.0,-83.0,-53.0,29.0,67.0,-7.0,9.0,-37.0,39.0,-35.0
3334,-18.0,-84.0,-52.0,30.0,66.0,-6.0,10.0,-38.0,40.0,-34.0
3335,-19.0,-85.0,-53.0,31.0,67.0,-5.0,11.0,-39.0,39.0,-35.0
3336,-18.0,-84.0,-54.0,30.0,68.0,-4.0,10.0,-40.0,40.0,-34.0
3337,-19.0,-85.0,-55.0,31.0,69.0,-3.0,9.0,-41.0,39.0,-33.0
3338,-20.0,-86.0,-56.0,30.0,70.0,-2.0,10.0,-40.0,40.0,-34.0
3339,-19.0,-87.0,-55.0,29.0,71.0,-3.0,11.0,-39.0,39.0,-33.0
3340,-20.0,-88.0,-56.0,28.0,70.0,-2.0,12.0,-38.0,40.0,-32.0
3341,-21.0,-87.0,-57.0,29.0,69.0,-3.0,13.0,-39.0,41.0,-33.0
3342,-22.0,-88.0,-56.0,30.0,70.0,-4.0,12.0,-38.0,42.0,-32.0
3343,-23.0,-87.0,-57.0,29.0,71.0,-5.0,13.0,-37.0,41.0,-31.0
3344,-22.0,-88.0,-58.0,30.0,72.0,-6.0,12.0,-36.0,40.0,-32.0
3345,-23.0,-87.0,-59.0,31.0,71.0,-5.0,13.0,-37.0,41.0,-33.0
3346,-24.0,-86.0,-58.0,30.0,72.0,-4.0,12.0,-36.0,42.0,-34.0
3347,-23.0,-85.0,-57.0,29.0,71.0,-5.0,11.0,-35.0,43.0,-33.0
3348,-24.0,-84.0,-56.0,28.0,70.0,-4.0,12.0,-36.0,42.0,-32.0
3349,-23.0,-83.0,-55.0,29.0,71.0,-3.0,11.0,-37.0,41.0,-33.0
3350,-24.0,-84.0,-56.0,28.0,70.0,-4.0,10.0,-38.0,40.0,-34.0
3351,-25.0,-85.0,-55.0,29.0,69.0,-5.0,11.0,-37.0,39.0,-35.0
3352,-24.0,-84.0,-54.0,30.0,70.0,-4.0,12.0,-36.0,40.0,-34.0
3353,-25.0,-85.0,-55.0,31.0,71.0,-3.0,13.0,-37.0,39.0,-35.0
3354,-24.0,-86.0,-54.0,30.0,72.0,-4.0,14.0,-38.0,40.0,-34.0
3355,-23.0,-85.0,-53.0,29.0,71.0,-5.0,13.0,-37.0,41.0,-33.0
3356,-22.0,-86.0,-52.0,28.0,72.0,-6.0,14.0,-36.0,40.0,-32.0
3357,-21.0,-87.0,-53.0,29.0,71.0,-7.0,15.0,-37.0,39.0,-31.0
3358,-22.0,-86.0,-52.0,28.0,72.0,-6.0,14.0,-38.0,40.0,-32.0
3359,-21.0,-87.0,-51.0,27.0,71.0,-5.0,13.0,-37.0,39.0,-33.0
3360,-22.0,-86.0,-52.0,28.0,70.0,-4.0,12.0,-36.0,38.0,-34.0
3361,-21.0,-87.0,-51.0,29.0,69.0,-3.0,11.0,-37.0,39.0,-35.0
3362,-22.0,-86.0,-50.0,28.0,68.0,-2.0,10.0,-38.0,40.0,-34.0
3363,-23.0,-85.0,-51.0,29.0,67.0,-1.0,9.0,-37.0,39.0,-33.0
3364,-24.0,-86.0,-50.0,30.0,66.0,-2.0,10.0,-36.0,38.0,-34.0
3365,-23.0,-85.0,-51.0,29.0,67.0,-1.0,9.0,-37.0,39.0,-33.0
3366,-22.0,-84.0,-50.0,30.0,68.0,0.0,10.0,-36.0,40.0,-32.0
3367,-23.0,-83.0,-51.0,29.0,69.0,-1.0,9.0,-35.0,39.0,-31.0
3368,-24.0,-84.0,-52.0,28.0,70.0,0.0,10.0,-34.0,40.0,-32.0
3369,-25.0,-85.0,-53.0,27.0,69.0,-1.0,9.0,-35.0,39.0,-33.0
3370,-26.0,-86.0,-52.0,28.0,68.0,-2.0,10.0,-34.0,38.0,-34.0
3371,-27.0,-87.0,-53.0,27.0,67.0,-3.0,9.0,-35.0,39.0,-33.0
3372,-26.0,-86.0,-54.0,26.0,68.0,-2.0,10.0,-36.0,38.0,-32.0
3373,-27.0,-85.0,-55.0,27.0,67.0,-1.0,9.0,-37.0,39.0,-33.0
3374,-26.0,-86.0,-56.0,28.0,66.0,-2.0,10.0,-38.0,38.0,-32.0
3375,-25.0,-85.0,-57.0,27.0,67.0,-1.0,11.0,-39.0,37.0,-31.0
3376,-26.0,-86.0,-58.0,26.0,66.0,-2.0,10.0,-40.0,38.0,-30.0
3377,-25.0,-87.0,-59.0,27.0,67.0,-3.0,11.0,-39.0,37.0,-31.0
3378,-24.0,-86.0,-58.0,28.0,68.0,-2.0,12.0,-38.0,36.0,-32.0
3379,-25.0,-87.0,-59.0,29.0,69.0,-1.0,11.0,-39.0,35.0,-33.0
3380,-24.0,-88.0,-58.0,28.0,68.0,0.0,10.0,-38.0,36.0,-34.0
3381,-23.0,-87.0,-57.0,29.0,69.0,1.0,11.0,-37.0,37.0,-35.0
3382,-24.0,-86.0,-56.0,28.0,70.0,2.0,10.0,-36.0,38.0,-36.0
3383,-23.0,-87.0,-57.0,29.0,71.0,1.0,9.0,-35.0,39.0,-37.0
3384,-22.0,-86.0,-56.0,30.0,70.0,0.0,8.0,-36.0,40.0,-36.0
3385,-23.0,-87.0,-57.0,29.0,69.0,-1.0,9.0,-35.0,41.0,-35.0
3386,-22.0,-88.0,-56.0,28.0,70.0,-2.0,10.0,-36.0,42.0,-36.0
3387,-21.0,-87.0,-57.0,27.0,69.0,-1.0,11.0,-37.0,41.0,-37.0
3388,-20.0,-88.0,-58.0,28.0,70.0,-2.0,12.0,-36.0,40.0,-38.0
3389,-21.0,-87.0,-57.0,27.0,69.0,-1.0,13.0,-37.0,39.0,-37.0
3390,-22.0,-86.0,-58.0,28.0,68.0,-2.0,14.0,-38.0,40.0,-38.0
3391,-21.0,-85.0,-57.0,27.0,67.0,-3.0,13.0,-37.0,41.0,-37.0
3392,-22.0,-84.0,-58.0,28.0,66.0,-2.0,12.0,-38.0,42.0,-38.0
3393,-23.0,-85.0,-59.0,27.0,65.0,-3.0,13.0,-37.0,43.0,-37.0
3394,-22.0,-86.0,-58.0,26.0,66.0,-4.0,14.0,-38.0,44.0,-38.0
3395,-23.0,-85.0,-59.0,27.0,67.0,-5.0,15.0,-39.0,43.0,-37.0
3396,-24.0,-86.0,-58.0,28.0,68.0,-6.0,14.0,-38.0,44.0,-36.0
3397,-25.0,-87.0,-57.0,29.0,69.0,-7.0,13.0,-39.0,45.0,-35.0
3398,-24.0,-88.0,-56.0,28.0,70.0,-8.0,14.0,-40.0,46.0,-36.0
3399,-25.0,-89.0,-57.0,27.0,69.0,-7.0,15.0,-39.0,47.0,-35.0
3400,-26.0,-90.0,-58.0,28.0,70.0,-6.0,14.0,-40.0,46.0,-34.0
3401,-25.0,-91.0,-57.0,27.0,71.0,-5.0,13.0,-39.0,45.0,-33.0
3402,-24.0,-90.0,-56.0,28.0,72.0,-4.0,14.0,-38.0,46.0,-32.0
3403,-23.0,-89.0,-55.0,29.0,73.0,-3.0,15.0,-37.0,47.0,-31.0
3404,-22.0,-88.0,-56.0,28.0,74.0,-2.0,16.0,-38.0,46.0,-30.0
3405,-23.0,-89.0,-57.0,27.0,73.0,-3.0,15.0,-39.0,47.0,-29.0
3406,-22.0,-88.0,-56.0,28.0,74.0,-2.0,16.0,-38.0,46.0,-30.0
3407,-21.0,-89.0,-55.0,27.0,75.0,-3.0,17.0,-39.0,47.0,-31.0
3408,-20.0,-88.0,-54.0,28.0,76.0,-2.0,18.0,-38.0,48.0,-30.0
3409,-21.0,-89.0,-53.0,29.0,77.0,-3.0,17.0,-39.0,49.0,-29.0
3410,-20.0,-88.0,-52.0,30.0,78.0,-2.0,18.0,-38.0,50.0,-28.0
3411,-21.0,-89.0,-53.0,29.0,79.0,-1.0,19.0,-37.0,49.0,-29.0
3412,-20.0,-90.0,-52.0,28.0,80.0,-2.0,20.0,-38.0,50.0,-30.0
3413,-21.0,-89.0,-53.0,29.0,79.0,-1.0,19.0,-37.0,49.0,-29.0
3414,-22.0,-88.0,-52.0,28.0,78.0,0.0,20.0,-38.0,48.0,-28.0
3415,-23.0,-87.0,-53.0,29.0,77.0,1.0,19.0,-37.0,49.0,-29.0
3416,-22.0,-88.0,-54.0,30.0,78.0,0.0,18.0,-36.0,50.0,-30.0
3417,-21.0,-87.0,-53.0,29.0,77.0,-1.0,19.0,-35.0,51.0,-31.0
3418,-22.0,-86.0,-54.0,30.0,76.0,0.0,18.0,-34.0,50.0,-30.0
3419,-23.0,-85.0,-55.0,31.0,75.0,1.0,17.0,-33.0,49.0,-29.0
3420,-24.0,-84.0,-56.0,32.0,76.0,0.0,18.0,-34.0,48.0,-28.0
3421,-25.0,-85.0,-55.0,33.0,77.0,-1.0,17.0,-35.0,49.0,-27.0
3422,-26.0,-86.0,-56.0,32.0,76.0,-2.0,16.0,-36.0,50.0,-26.0
3423,-25.0,-87.0,-55.0,33.0,75.0,-1.0,17.0,-37.0,51.0,-25.0
3424,-24.0,-88.0,-54.0,32.0,76.0,-2.0,18.0,-38.0,52.0,-26.0
3425,-25.0,-87.0,-55.0,33.0,75.0,-1.0,17.0,-37.0,51.0,-25.0
3426,-24.0,-86.0,-54.0,34.0,76.0,0.0,18.0,-36.0,52.0,-24.0
3427,-23.0,-87.0,-53.0,33.0,77.0,-1.0,19.0,-37.0,53.0,-25.0
3428,-22.0,-88.0,-52.0,32.0,78.0,-2.0,20.0,-38.0,54.0,-26.0
3429,-21.0,-89.0,-53.0,33.0,79.0,-3.0,19.0,-37.0,53.0,-27.0
3430,-20.0,-88.0,-52.0,32.0,78.0,-4.0,20.0,-36.0,54.0,-26.0
3431,-21.0,-89.0,-53.0,31.0,77.0,-5.0,21.0,-35.0,55.0,-25.0
3432,-22.0,-88.0,-54.0,32.0,76.0,-4.0,20.0,-34.0,54.0,-24.0
3433,-23.0,-87.0,-55.0,33.0,75.0,-3.0,19.0,-35.0,55.0,-25.0
3434,-24.0,-88.0,-56.0,32.0,74.0,-4.0,18.0,-36.0,56.0,-24.0
3435,-25.0,-89.0,-57.0,33.0,75.0,-3.0,19.0,-37.0,55.0,-25.0
3436,-24.0,-88.0,-56.0,34.0,76.0,-2.0,20.0,-36.0,56.0,-24.0
3437,-23.0,-87.0,-55.0,35.0,77.0,-1.0,21.0,-35.0,57.0,-23.0
3438,-24.0,-88.0,-56.0,34.0,78.0,0.0,22.0,-34.0,56.0,-24.0
3439,-25.0,-87.0,-57.0,35.0,77.0,1.0,21.0,-33.0,55.0,-23.0
3440,-24.0,-86.0,-58.0,34.0,78.0,2.0,20.0,-34.0,56.0,-22.0
3441,-23.0,-87.0,-57.0,33.0,79.0,1.0,21.0,-35.0,57.0,-23.0
3442,-24.0,-86.0,-58.0,34.0,78.0,0.0,22.0,-36.0,58.0,-24.0
3443,-25.0,-85.0,-59.0,33.0,79.0,-1.0,21.0,-35.0,57.0,-25.0
3444,-26.0,-86.0,-60.0,32.0,78.0,-2.0,20.0,-36.0,56.0,-26.0
3445,-25.0,-87.0,-59.0,31.0,77.0,-1.0,19.0,-35.0,55.0,-27.0
3446,-24.0,-88.0,-58.0,30.0,76.0,0.0,18.0,-34.0,56.0,-28.0
3447,-23.0,-89.0,-57.0,29.0,77.0,-1.0,19.0,-35.0,57.0,-29.0
3448,-24.0,-90.0,-58.0,28.0,76.0,-2.0,18.0,-36.0,56.0,-30.0
3449,-25.0,-89.0,-59.0,29.0,75.0,-1.0,17.0,-35.0,55.0,-29.0
3450,-26.0,-90.0,-58.0,30.0,76.0,-2.0,16.0,-36.0,56.0,-28.0
3451,-25.0,-89.0,-59.0,29.0,77.0,-1.0,15.0,-37.0,57.0,-27.0
3452,-24.0,-90.0,-58.0,28.0,78.0,-2.0,16.0,-38.0,58.0,-28.0
3453,-23.0,-91.0,-57.0,27.0,79.0,-3.0,17.0,-39.0,59.0,-29.0
3454,-24.0,-92.0,-58.0,26.0,80.0,-2.0,18.0,-38.0,60.0,-30.0
3455,-25.0,-93.0,-57.0,27.0,81.0,-3.0,17.0,-39.0,61.0,-29.0
3456,-24.0,-92.0,-56.0,26.0,80.0,-4.0,16.0,-38.0,62.0,-28.0
3457,-23.0,-91.0,-55.0,27.0,81.0,-3.0,17.0,-39.0,61.0,-29.0
3458,-24.0,-90.0,-54.0,26.0,82.0,-2.0,16.0,-38.0,62.0,-30.0
3459,-25.0,-91.0,-55.0,25.0,81.0,-3.0,15.0,-39.0,61.0,-29.0
3460,-24.0,-90.0,-56.0,24.0,82.0,-2.0,14.0,-40.0,62.0,-28.0
3461,-23.0,-91.0,-57.0,25.0,83.0,-3.0,13.0,-39.0,61.0,-29.0
3462,-22.0,-90.0,-56.0,26.0,84.0,-2.0,14.0,-38.0,62.0,-30.0
3463,-23.0,-89.0,-57.0,27.0,83.0,-3.0,15.0,-39.0,63.0,-31.0
3464,-22.0,-88.0,-58.0,26.0,84.0,-2.0,14.0,-40.0,64.0,-30.0
3465,-21.0,-89.0,-57.0,25.0,85.0,-3.0,15.0,-41.0,65.0,-29.0
3466,-20.0,-90.0,-56.0,26.0,84.0,-2.0,14.0,-42.0,66.0,-30.0
3467,-21.0,-91.0,-57.0,27.0,85.0,-1.0,15.0,-43.0,65.0,-31.0
3468,-20.0,-90.0,-56.0,28.0,86.0,0.0,16.0,-42.0,66.0,-30.0
3469,-19.0,-89.0,-57.0,27.0,87.0,1.0,15.0,-43.0,65.0,-29.0
3470,-18.0,-88.0,-56.0,28.0,88.0,0.0,14.0,-44.0,64.0,-30.0
3471,-19.0,-87.0,-57.0,29.0,89.0,-1.0,15.0,-45.0,63.0,-29.0
3472,-20.0,-88.0,-58.0,28.0,88.0,-2.0,14.0,-46.0,62.0,-30.0
3473,-19.0,-87.0,-57.0,29.0,89.0,-1.0,15.0,-45.0,63.0,-29.0
3474,-18.0,-88.0,-56.0,28.0,90.0,-2.0,14.0,-44.0,62.0,-28.0
3475,-19.0,-89.0,-57.0,27.0,89.0,-3.0,13.0,-45.0,63.0,-27.0
3476,-18.0,-90.0,-58.0,28.0,88.0,-4.0,14.0,-44.0,62.0,-26.0
3477,-17.0,-89.0,-59.0,27.0,87.0,-3.0,15.0,-43.0,61.0,-27.0
3478,-16.0,-90.0,-58.0,26.0,88.0,-2.0,14.0,-42.0,60.0,-26.0
3479,-17.0,-91.0,-59.0,25.0,87.0,-1.0,15.0,-41.0,61.0,-25.0
3480,-18.0,-92.0,-60.0,24.0,86.0,-2.0,16.0,-40.0,62.0,-24.0
3481,-19.0,-91.0,-61.0,25.0,85.0,-1.0,15.0,-39.0,61.0,-25.0
3482,-20.0,-90.0,-60.0,24.0,84.0,0.0,16.0,-40.0,60.0,-24.0
3483,-19.0,-91.0,-61.0,25.0,83.0,-1.0,17.0,-39.0,59.0,-23.0
3484,-20.0,-92.0,-62.0,24.0,82.0,0.0,18.0,-38.0,60.0,-22.0
3485,-21.0,-93.0,-63.0,25.0,83.0,1.0,19.0,-39.0,59.0,-23.0
3486,-20.0,-94.0,-64.0,26.0,82.0,0.0,20.0,-38.0,58.0,-22.0
3487,-19.0,-95.0,-65.0,27.0,81.0,-1.0,21.0,-37.0,57.0,-21.0
3488,-20.0,-94.0,-66.0,28.0,80.0,0.0,20.0,-36.0,58.0,-22.0
3489,-19.0,-95.0,-65.0,27.0,81.0,-1.0,21.0,-37.0,57.0,-21.0
3490,-20.0,-94.0,-66.0,26.0,82.0,-2.0,22.0,-36.0,56.0,-20.0
3491,-19.0,-93.0,-67.0,25.0,83.0,-1.0,23.0,-37.0,55.0,-19.0
3492,-20.0,-92.0,-68.0,26.0,84.0,-2.0,24.0,-38.0,56.0,-18.0
3493,-19.0,-93.0,-69.0,27.0,83.0,-3.0,25.0,-37.0,55.0,-17.0
3494,-20.0,-94.0,-70.0,28.0,84.0,-2.0,24.0,-38.0,54.0,-16.0
3495,-21.0,-93.0,-71.0,29.0,85.0,-3.0,25.0,-39.0,55.0,-15.0
3496,-22.0,-92.0,-72.0,28.0,86.0,-4.0,24.0,-38.0,54.0,-16.0
3497,-21.0,-91.0,-73.0,27.0,87.0,-3.0,23.0,-39.0,55.0,-15.0
3498,-20.0,-92.0,-72.0,26.0,86.0,-2.0,22.0,-38.0,56.0,-16.0
3499,-19.0,-93.0,-73.0,27.0,87.0,-3.0,21.0,-37.0,57.0,-17.0
3500,-20.0,-92.0,-72.0,26.0,88.0,-2.0,20.0,-36.0,58.0,-18.0
3501,-21.0,-91.0,-73.0,27.0,89.0,-3.0,21.0,-37.0,57.0,-17.0
3502,-22.0,-90.0,-74.0,28.0,88.0,-2.0,20.0,-38.0,58.0,-18.0
3503,-23.0,-91.0,-73.0,29.0,89.0,-3.0,19.0,-37.0,59.0,-17.0
3504,-22.0,-92.0,-74.0,30.0,88.0,-4.0,20.0,-36.0,58.0,-16.0
3505,-23.0,-91.0,-75.0,31.0,87.0,-3.0,21.0,-37.0,59.0,-17.0
3506,-22.0,-92.0,-74.0,30.0,86.0,-2.0,20.0,-36.0,60.0,-18.0
3507,-23.0,-93.0,-73.0,31.0,85.0,-3.0,19.0,-35.0,61.0,-19.0
3508,-24.0,-92.0,-74.0,32.0,84.0,-4.0,20.0,-36.0,62.0,-20.0
3509,-25.0,-93.0,-73.0,33.0,85.0,-5.0,19.0,-37.0,63.0,-19.0
3510,-24.0,-94.0,-72.0,32.0,86.0,-6.0,20.0,-38.0,62.0,-18.0
3511,-25.0,-95.0,-71.0,33.0,85.0,-7.0,19.0,-37.0,63.0,-19.0
3512,-26.0,-96.0,-72.0,32.0,86.0,-6.0,20.0,-36.0,64.0,-20.0
3513,-27.0,-97.0,-73.0,33.0,87.0,-5.0,19.0,-37.0,63.0,-19.0
3514,-26.0,-96.0,-72.0,34.0,88.0,-4.0,20.0,-36.0,64.0,-18.0
3515,-27.0,-97.0,-71.0,35.0,89.0,-5.0,19.0,-37.0,65.0,-17.0
3516,-26.0,-96.0,-70.0,34.0,88.0,-6.0,20.0,-36.0,66.0,-18.0
3517,-25.0,-95.0,-69.0,33.0,87.0,-7.0,21.0,-35.0,67.0,-19.0
3518,-24.0,-94.0,-70.0,32.0,88.0,-6.0,20.0,-36.0,68.0,-18.0
3519,-23.0,-95.0,-69.0,31.0,89.0,-7.0,19.0,-35.0,67.0,-17.0
3520,-22.0,-96.0,-70.0,32.0,88.0,-8.0,20.0,-36.0,66.0,-16.0
3521,-21.0,-97.0,-69.0,31.0,87.0,-7.0,19.0,-35.0,67.0,-17.0
3522,-20.0,-98.0,-68.0,30.0,88.0,-8.0,20.0,-36.0,68.0,-18.0
3523,-21.0,-99.0,-67.0,31.0,87.0,-9.0,19.0,-35.0,69.0,-19.0
3524,-22.0,-100.0,-68.0,32.0,88.0,-8.0,18.0,-36.0,68.0,-20.0
3525,-21.0,-101.0,-67.0,31.0,89.0,-9.0,19.0,-37.0,69.0,-21.0
3526,-20.0,-100.0,-68.0,30.0,88.0,-8.0,20.0,-38.0,68.0,-22.0
3527,-19.0,-99.0,-69.0,29.0,89.0,-7.0,19.0,-39.0,69.0,-21.0
3528,-18.0,-98.0,-68.0,30.0,90.0,-6.0,20.0,-38.0,68.0,-22.0
3529,-17.0,-97.0,-69.0,29.0,89.0,-5.0,21.0,-39.0,67.0,-23.0
3530,-16.0,-96.0,-68.0,30.0,88.0,-6.0,20.0,-40.0,68.0,-22.0
3531,-17.0,-97.0,-69.0,29.0,87.0,-7.0,19.0,-41.0,67.0,-23.0
3532,-18.0,-98.0,-68.0,30.0,86.0,-8.0,20.0,-40.0,68.0,-24.0
3533,-19.0,-97.0,-69.0,31.0,85.0,-7.0,19.0,-41.0,69.0,-25.0
3534,-20.0,-96.0,-70.0,30.0,86.0,-8.0,18.0,-40.0,68.0,-24.0
3535,-21.0,-95.0,-69.0,29.0,87.0,-7.0,17.0,-41.0,69.0,-25.0
3536,-20.0,-96.0,-70.0,30.0,88.0,-8.0,16.0,-40.0,68.0,-26.0
3537,-21.0,-95.0,-71.0,31.0,87.0,-7.0,15.0,-39.0,67.0,-25.0
3538,-20.0,-96.0,-70.0,30.0,88.0,-8.0,16.0,-40.0,68.0,-26.0
3539,-21.0,-97.0,-71.0,29.0,87.0,-9.0,15.0,-41.0,67.0,-27.0
3540,-22.0,-98.0,-72.0,28.0,86.0,-8.0,16.0,-40.0,68.0,-26.0
3541,-23.0,-99.0,-71.0,29.0,85.0,-9.0,17.0,-39.0,67.0,-27.0
3542,-22.0,-100.0,-70.0,28.0,86.0,-10.0,18.0,-40.0,68.0,-28.0
3543,-23.0,-101.0,-69.0,29.0,87.0,-11.0,17.0,-41.0,69.0,-27.0
3544,-22.0,-100.0,-68.0,30.0,88.0,-10.0,18.0,-40.0,70.0,-26.0
3545,-21.0,-99.0,-67.0,31.0,87.0,-11.0,17.0,-41.0,71.0,-25.0
3546,-20.0,-98.0,-66.0,32.0,88.0,-10.0,18.0,-40.0,72.0,-24.0
3547,-21.0,-99.0,-67.0,31.0,87.0,-11.0,17.0,-41.0,71.0,-23.0
3548,-22.0,-100.0,-68.0,32.0,88.0,-10.0,16.0,-42.0,70.0,-22.0
3549,-23.0,-99.0,-69.0,31.0,89.0,-11.0,17.0,-41.0,69.0,-21.0
3550,-24.0,-98.0,-68.0,30.0,88.0,-10.0,18.0,-42.0,68.0,-20.0
3551,-23.0,-99.0,-67.0,29.0,89.0,-11.0,19.0,-41.0,67.0,-19.0
3552,-24.0,-100.0,-68.0,30.0,90.0,-10.0,18.0,-42.0,66.0,-18.0
3553,-23.0,-101.0,-69.0,31.0,89.0,-11.0,19.0,-41.0,65.0,-17.0
3554,-24.0,-100.0,-68.0,30.0,88.0,-10.0,20.0,-42.0,64.0,-16.0
3555,-25.0,-99.0,-69.0,31.0,87.0,-11.0,21.0,-43.0,65.0,-17.0
3556,-26.0,-100.0,-70.0,30.0,86.0,-12.0,22.0,-42.0,66.0,-16.0
3557,-27.0,-99.0,-71.0,31.0,85.0,-11.0,21.0,-41.0,65.0,-15.0
3558,-28.0,-100.0,-72.0,30.0,84.0,-12.0,20.0,-42.0,64.0,-16.0
3559,-29.0,-99.0,-73.0,31.0,85.0,-13.0,21.0,-43.0,63.0,-15.0
3560,-28.0,-98.0,-72.0,32.0,86.0,-12.0,20.0,-44.0,62.0,-16.0
3561,-27.0,-99.0,-73.0,33.0,87.0,-13.0,19.0,-43.0,63.0,-17.0
3562,-28.0,-100.0,-74.0,32.0,88.0,-12.0,20.0,-42.0,62.0,-18.0
3563,-29.0,-99.0,-73.0,31.0,89.0,-11.0,19.0,-41.0,63.0,-19.0
3564,-28.0,-98.0,-74.0,30.0,88.0,-10.0,20.0,-40.0,62.0,-20.0
3565,-29.0,-99.0,-73.0,31.0,89.0,-11.0,19.0,-41.0,63.0,-19.0
3566,-28.0,-98.0,-72.0,32.0,90.0,-10.0,20.0,-40.0,64.0,-18.0
3567,-27.0,-97.0,-71.0,33.0,91.0,-9.0,21.0,-39.0,63.0,-19.0
3568,-28.0,-98.0,-70.0,34.0,90.0,-10.0,22.0,-38.0,62.0,-20.0
3569,-27.0,-99.0,-71.0,35.0,91.0,-11.0,23.0,-37.0,61.0,-21.0
3570,-26.0,-100.0,-72.0,36.0,92.0,-12.0,22.0,-36.0,60.0,-22.0
3571,-27.0,-99.0,-73.0,35.0,93.0,-13.0,23.0,-35.0,59.0,-21.0
3572,-26.0,-98.0,-72.0,36.0,94.0,-12.0,24.0,-34.0,60.0,-20.0
3573,-27.0,-97.0,-73.0,37.0,93.0,-11.0,23.0,-33.0,59.0,-19.0
3574,-28.0,-96.0,-74.0,36.0,94.0,-12.0,24.0,-32.0,58.0,-18.0
3575,-27.0,-97.0,-75.0,37.0,95.0,-13.0,25.0,-31.0,57.0,-19.0
3576,-28.0,-98.0,-76.0,38.0,96.0,-12.0,24.0,-32.0,56.0,-20.0
3577,-29.0,-97.0,-77.0,37.0,97.0,-13.0,23.0,-31.0,55.0,-19.0
3578,-30.0,-96.0,-78.0,38.0,96.0,-12.0,24.0,-32.0,56.0,-20.0
3579,-31.0,-97.0,-77.0,39.0,95.0,-13.0,23.0,-31.0,57.0,-21.0
3580,-30.0,-96.0,-78.0,38.0,96.0,-12.0,22.0,-32.0,56.0,-20.0
3581,-31.0,-95.0,-77.0,37.0,95.0,-11.0,23.0,-33.0,57.0,-19.0
3582,-30.0,-94.0,-78.0,36.0,96.0,-10.0,22.0,-34.0,58.0,-18.0
3583,-31.0,-93.0,-79.0,37.0,97.0,-11.0,23.0,-35.0,57.0,-17.0
3584,-30.0,-94.0,-80.0,38.0,96.0,-12.0,24.0,-36.0,56.0,-16.0
3585,-29.0,-93.0,-79.0,39.0,97.0,-11.0,25.0,-35.0,57.0,-15.0
3586,-28.0,-94.0,-78.0,38.0,98.0,-12.0,26.0,-36.0,58.0,-16.0
3587,-27.0,-95.0,-79.0,39.0,97.0,-13.0,27.0,-35.0,57.0,-15.0
3588,-26.0,-94.0,-78.0,40.0,98.0,-12.0,28.0,-36.0,56.0,-16.0
3589,-27.0,-95.0,-79.0,39.0,97.0,-13.0,27.0,-37.0,55.0,-17.0
3590,-26.0,-94.0,-78.0,40.0,98.0,-12.0,28.0,-36.0,56.0,-18.0
3591,-27.0,-93.0,-77.0,39.0,97.0,-11.0,27.0,-37.0,57.0,-17.0
3592,-28.0,-92.0,-78.0,38.0,98.0,-12.0,26.0,-36.0,56.0,-18.0
3593,-29.0,-93.0,-79.0,37.0,97.0,-11.0,27.0,-35.0,57.0,-17.0
3594,-30.0,-92.0,-80.0,38.0,98.0,-12.0,28.0,-36.0,56.0,-16.0
3595,-31.0,-91.0,-79.0,37.0,97.0,-11.0,29.0,-37.0,57.0,-15.0
3596,-30.0,-92.0,-78.0,36.0,96.0,-10.0,28.0,-36.0,58.0,-16.0
3597,-31.0,-93.0,-77.0,37.0,97.0,-11.0,27.0,-37.0,59.0,-15.0
3598,-32.0,-92.0,-76.0,36.0,98.0,-10.0,26.0,-36.0,60.0,-16.0
3599,-31.0,-93.0,-75.0,35.0,99.0,-11.0,25.0,-35.0,59.0,-15.0
3600,-32.0,-92.0,-76.0,36.0,98.0,-10.0,24.0,-34.0,58.0,-16.0
3601,-31.0,-93.0,-77.0,37.0,97.0,-11.0,25.0,-35.0,57.0,-15.0
3602,-32.0,-94.0,-78.0,38.0,98.0,-10.0,26.0,-36.0,56.0,-16.0
3603,-33.0,-95.0,-77.0,39.0,97.0,-11.0,27.0,-35.0,55.0,-17.0
3604,-34.0,-96.0,-76.0,40.0,98.0,-12.0,26.0,-34.0,56.0,-16.0
3605,-35.0,-95.0,-75.0,39.0,97.0,-11.0,27.0,-35.0,55.0,-15.0
3606,-34.0,-96.0,-74.0,38.0,98.0,-12.0,28.0,-36.0,56.0,-16.0
3607,-33.0,-95.0,-73.0,37.0,97.0,-13.0,29.0,-35.0,57.0,-17.0
3608,-34.0,-96.0,-74.0,36.0,98.0,-12.0,30.0,-34.0,56.0,-18.0
3609,-33.0,-97.0,-73.0,37.0,97.0,-11.0,31.0,-35.0,57.0,-19.0
3610,-32.0,-98.0,-74.0,38.0,96.0,-12.0,32.0,-34.0,56.0,-18.0
3611,-33.0,-97.0,-75.0,39.0,95.0,-11.0,31.0,-33.0,55.0,-17.0
3612,-32.0,-98.0,-74.0,38.0,96.0,-12.0,30.0,-32.0,54.0,-16.0
3613,-31.0,-99.0,-73.0,37.0,97.0,-11.0,29.0,-31.0,53.0,-15.0
3614,-32.0,-98.0,-74.0,38.0,96.0,-10.0,30.0,-32.0,54.0,-16.0
3615,-33.0,-99.0,-75.0,37.0,95.0,-11.0,29.0,-33.0,53.0,-17.0
3616,-34.0,-98.0,-76.0,38.0,94.0,-10.0,28.0,-34.0,54.0,-18.0
3617,-35.0,-97.0,-77.0,39.0,93.0,-9.0,27.0,-33.0,53.0,-17.0
3618,-36.0,-98.0,-78.0,38.0,92.0,-10.0,26.0,-34.0,52.0,-18.0
3619,-37.0,-99.0,-77.0,39.0,91.0,-11.0,27.0,-33.0,51.0,-19.0
3620,-36.0,-100.0,-76.0,38.0,92.0,-12.0,28.0,-34.0,52.0,-20.0
3621,-37.0,-99.0,-77.0,37.0,93.0,-13.0,29.0,-33.0,51.0,-19.0
3622,-36.0,-98.0,-78.0,36.0,92.0,-12.0,30.0,-32.0,50.0,-20.0
3623,-35.0,-99.0,-77.0,35.0,93.0,-13.0,29.0,-31.0,49.0,-19.0
3624,-36.0,-100.0,-76.0,36.0,94.0,-14.0,28.0,-30.0,50.0,-18.0
3625,-35.0,-101.0,-77.0,37.0,93.0,-15.0,29.0,-31.0,49.0,-17.0
3626,-36.0,-102.0,-76.0,38.0,92.0,-16.0,30.0,-30.0,48.0,-18.0
3627,-35.0,-103.0,-75.0,39.0,91.0,-15.0,29.0,-31.0,49.0,-19.0
3628,-34.0,-104.0,-76.0,40.0,92.0,-16.0,28.0,-30.0,50.0,-20.0
3629,-33.0,-103.0,-75.0,39.0,91.0,-17.0,29.0,-29.0,51.0,-21.0
3630,-32.0,-104.0,-74.0,40.0,90.0,-16.0,30.0,-30.0,52.0,-20.0
3631,-33.0,-103.0,-73.0,39.0,89.0,-15.0,31.0,-31.0,51.0,-19.0
3632,-34.0,-102.0,-74.0,38.0,90.0,-16.0,30.0,-30.0,50.0,-20.0
3633,-33.0,-103.0,-73.0,37.0,91.0,-17.0,31.0,-31.0,51.0,-21.0
3634,-34.0,-102.0,-74.0,38.0,90.0,-16.0,32.0,-32.0,52.0,-22.0
3635,-35.0,-103.0,-73.0,39.0,91.0,-17.0,31.0,-31.0,53.0,-21.0
3636,-34.0,-102.0,-72.0,40.0,90.0,-18.0,30.0,-32.0,54.0,-20.0
3637,-33.0,-101.0,-73.0,39.0,89.0,-17.0,31.0,-33.0,53.0,-21.0
3638,-34.0,-102.0,-74.0,38.0,90.0,-16.0,32.0,-32.0,54.0,-22.0
3639,-35.0,-103.0,-75.0,37.0,89.0,-17.0,31.0,-33.0,53.0,-23.0
3640,-34.0,-102.0,-76.0,36.0,90.0,-16.0,30.0,-34.0,54.0,-22.0
3641,-33.0,-103.0,-75.0,35.0,91.0,-17.0,31.0,-35.0,55.0,-23.0
3642,-34.0,-102.0,-76.0,34.0,92.0,-18.0,30.0,-34.0,54.0,-22.0
3643,-35.0,-103.0,-75.0,35.0,93.0,-19.0,29.0,-35.0,55.0,-21.0
3644,-34.0,-104.0,-74.0,36.0,92.0,-18.0,30.0,-36.0,56.0,-22.0
3645,-33.0,-105.0,-73.0,35.0,91.0,-17.0,29.0,-35.0,57.0,-23.0
3646,-34.0,-104.0,-72.0,34.0,90.0,-16.0,30.0,-36.0,58.0,-22.0
3647,-33.0,-105.0,-73.0,35.0,91.0,-17.0,31.0,-35.0,57.0,-23.0
3648,-34.0,-106.0,-74.0,34.0,90.0,-16.0,32.0,-34.0,58.0,-22.0
3649,-35.0,-107.0,-75.0,35.0,91.0,-15.0,33.0,-35.0,57.0,-23.0
3650,-34.0,-108.0,-74.0,34.0,92.0,-16.0,34.0,-36.0,58.0,-24.0
3651,-33.0,-107.0,-73.0,35.0,93.0,-15.0,33.0,-37.0,57.0,-25.0
3652,-34.0,-108.0,-74.0,34.0,92.0,-16.0,34.0,-36.0,58.0,-24.0
3653,-35.0,-109.0,-75.0,33.0,93.0,-15.0,35.0,-35.0,59.0,-25.0
3654,-36.0,-110.0,-76.0,34.0,94.0,-14.0,34.0,-36.0,58.0,-24.0
3655,-35.0,-111.0,-77.0,35.0,93.0,-15.0,35.0,-37.0,57.0,-23.0
3656,-36.0,-110.0,-78.0,36.0,92.0,-16.0,36.0,-38.0,58.0,-24.0
3657,-37.0,-109.0,-77.0,35.0,93.0,-15.0,35.0,-37.0,59.0,-25.0
3658,-38.0,-110.0,-78.0,36.0,94.0,-14.0,34.0,-38.0,58.0,-24.0
3659,-39.0,-111.0,-79.0,35.0,93.0,-13.0,35.0,-37.0,59.0,-23.0
3660,-38.0,-110.0,-78.0,36.0,94.0,-12.0,36.0,-36.0,60.0,-22.0
3661,-39.0,-111.0,-79.0,35.0,93.0,-13.0,35.0,-37.0,59.0,-23.0
3662,-40.0,-110.0,-80.0,36.0,92.0,-12.0,36.0,-38.0,60.0,-24.0
3663,-39.0,-111.0,-79.0,37.0,91.0,-11.0,35.0,-39.0,61.0,-25.0
3664,-40.0,-110.0,-80.0,38.0,90.0,-10.0,34.0,-38.0,60.0,-24.0
3665,-41.0,-109.0,-81.0,37.0,91.0,-11.0,35.0,-37.0,59.0,-23.0
3666,-42.0,-108.0,-82.0,38.0,90.0,-10.0,34.0,-36.0,60.0,-24.0
3667,-43.0,-107.0,-81.0,37.0,89.0,-9.0,35.0,-37.0,59.0,-23.0
3668,-42.0,-106.0,-80.0,36.0,88.0,-10.0,36.0,-36.0,60.0,-22.0
3669,-43.0,-105.0,-81.0,37.0,87.0,-9.0,35.0,-35.0,59.0,-21.0
3670,-44.0,-104.0,-82.0,36.0,88.0,-10.0,36.0,-34.0,58.0,-20.0
3671,-45.0,-105.0,-81.0,37.0,87.0,-11.0,35.0,-33.0,59.0,-21.0
3672,-46.0,-106.0,-82.0,36.0,86.0,-12.0,34.0,-34.0,58.0,-22.0
3673,-47.0,-105.0,-81.0,35.0,87.0,-11.0,33.0,-33.0,59.0,-23.0
3674,-46.0,-104.0,-80.0,34.0,86.0,-12.0,32.0,-32.0,60.0,-22.0
3675,-47.0,-103.0,-81.0,33.0,87.0,-13.0,31.0,-31.0,59.0,-23.0
3676,-46.0,-102.0,-80.0,34.0,88.0,-12.0,32.0,-30.0,60.0,-22.0
3677,-45.0,-103.0,-79.0,33.0,89.0,-13.0,33.0,-31.0,61.0,-23.0
3678,-44.0,-102.0,-78.0,34.0,90.0,-12.0,34.0,-30.0,62.0,-22.0
3679,-43.0,-103.0,-77.0,33.0,89.0,-11.0,33.0,-29.0,61.0,-23.0
3680,-44.0,-102.0,-76.0,32.0,88.0,-10.0,34.0,-30.0,60.0,-22.0
3681,-45.0,-101.0,-77.0,31.0,89.0,-11.0,35.0,-29.0,59.0,-21.0
3682,-46.0,-100.0,-78.0,30.0,90.0,-12.0,36.0,-28.0,58.0,-20.0
3683,-47.0,-99.0,-79.0,31.0,89.0,-11.0,37.0,-29.0,59.0,-21.0
3684,-48.0,-98.0,-80.0,32.0,88.0,-10.0,38.0,-30.0,60.0,-22.0
3685,-47.0,-99.0,-79.0,31.0,89.0,-11.0,39.0,-31.0,61.0,-23.0
3686,-48.0,-98.0,-80.0,32.0,88.0,-10.0,38.0,-30.0,60.0,-22.0
3687,-47.0,-97.0,-79.0,33.0,89.0,-9.0,37.0,-31.0,59.0,-23.0
3688,-48.0,-98.0,-78.0,34.0,88.0,-10.0,38.0,-30.0,58.0,-24.0
3689,-49.0,-97.0,-77.0,33.0,87.0,-9.0,37.0,-31.0,59.0,-23.0
3690,-48.0,-98.0,-76.0,34.0,86.0,-8.0,36.0,-32.0,60.0,-24.0
3691,-49.0,-97.0,-75.0,33.0,85.0,-7.0,35.0,-33.0,61.0,-23.0
3692,-50.0,-96.0,-74.0,32.0,84.0,-6.0,36.0,-34.0,60.0,-22.0
3693,-51.0,-97.0,-73.0,33.0,85.0,-7.0,35.0,-35.0,61.0,-21.0
3694,-52.0,-98.0,-74.0,32.0,84.0,-8.0,34.0,-36.0,60.0,-22.0
3695,-53.0,-99.0,-75.0,31.0,83.0,-9.0,33.0,-37.0,59.0,-23.0
3696,-54.0,-98.0,-74.0,30.0,82.0,-8.0,34.0,-38.0,58.0,-22.0
3697,-55.0,-97.0,-75.0,31.0,81.0,-9.0,35.0,-39.0,59.0,-23.0
3698,-56.0,-96.0,-76.0,32.0,80.0,-8.0,34.0,-38.0,58.0,-22.0
3699,-55.0,-95.0,-77.0,31.0,81.0,-7.0,35.0,-39.0,57.0,-21.0
3700,-54.0,-96.0,-78.0,32.0,80.0,-8.0,36.0,-38.0,56.0,-20.0
3701,-55.0,-95.0,-79.0,33.0,79.0,-7.0,35.0,-37.0,55.0,-19.0
3702,-54.0,-94.0,-78.0,34.0,80.0,-6.0,36.0,-38.0,54.0,-20.0
3703,-55.0,-93.0,-79.0,35.0,79.0,-5.0,35.0,-37.0,53.0,-19.0
3704,-54.0,-94.0,-78.0,34.0,80.0,-6.0,36.0,-36.0,52.0,-18.0
3705,-53.0,-93.0,-77.0,33.0,79.0,-7.0,37.0,-35.0,53.0,-17.0
3706,-54.0,-94.0,-76.0,34.0,78.0,-8.0,36.0,-34.0,54.0,-18.0
3707,-55.0,-93.0,-77.0,33.0,79.0,-9.0,35.0,-33.0,53.0,-17.0
3708,-54.0,-92.0,-78.0,32.0,80.0,-8.0,36.0,-34.0,52.0,-16.0
3709,-55.0,-93.0,-77.0,33.0,81.0,-9.0,35.0,-33.0,53.0,-15.0
3710,-56.0,-92.0,-76.0,32.0,82.0,-8.0,34.0,-32.0,54.0,-16.0
3711,-55.0,-93.0,-75.0,31.0,81.0,-7.0,33.0,-31.0,53.0,-17.0
3712,-54.0,-94.0,-74.0,30.0,82.0,-6.0,32.0,-30.0,52.0,-16.0
3713,-53.0,-93.0,-73.0,31.0,83.0,-5.0,31.0,-31.0,51.0,-17.0
3714,-54.0,-94.0,-74.0,32.0,84.0,-4.0,32.0,-32.0,50.0,-18.0
3715,-53.0,-93.0,-75.0,31.0,85.0,-3.0,31.0,-33.0,51.0,-17.0
3716,-54.0,-94.0,-76.0,30.0,84.0,-4.0,30.0,-32.0,52.0,-16.0
3717,-53.0,-93.0,-75.0,29.0,83.0,-5.0,31.0,-31.0,53.0,-17.0
3718,-52.0,-92.0,-74.0,30.0,84.0,-4.0,30.0,-32.0,52.0,-18.0
3719,-51.0,-93.0,-75.0,31.0,85.0,-5.0,29.0,-31.0,53.0,-19.0
3720,-50.0,-94.0,-74.0,32.0,84.0,-4.0,30.0,-32.0,54.0,-20.0
3721,-49.0,-93.0,-73.0,33.0,85.0,-3.0,31.0,-31.0,53.0,-21.0
3722,-50.0,-92.0,-74.0,32.0,86.0,-4.0,32.0,-30.0,52.0,-20.0
3723,-51.0,-91.0,-75.0,33.0,85.0,-3.0,31.0,-29.0,51.0,-19.0
3724,-50.0,-92.0,-74.0,32.0,86.0,-4.0,32.0,-28.0,50.0,-18.0
3725,-49.0,-93.0,-75.0,33.0,85.0,-5.0,33.0,-29.0,49.0,-17.0
3726,-48.0,-94.0,-74.0,32.0,86.0,-4.0,32.0,-28.0,48.0,-16.0
3727,-49.0,-95.0,-75.0,31.0,85.0,-5.0,33.0,-27.0,49.0,-15.0
3728,-48.0,-94.0,-74.0,32.0,84.0,-6.0,32.0,-28.0,48.0,-14.0
3729,-49.0,-95.0,-75.0,31.0,85.0,-5.0,33.0,-27.0,47.0,-15.0
3730,-48.0,-96.0,-74.0,30.0,86.0,-6.0,32.0,-26.0,46.0,-14.0
3731,-47.0,-97.0,-73.0,31.0,85.0,-5.0,31.0,-27.0,47.0,-15.0
3732,-48.0,-98.0,-74.0,30.0,84.0,-6.0,30.0,-28.0,46.0,-16.0
3733,-47.0,-99.0,-75.0,31.0,85.0,-7.0,29.0,-27.0,47.0,-17.0
3734,-48.0,-100.0,-76.0,30.0,84.0,-8.0,28.0,-28.0,46.0,-18.0
3735,-49.0,-101.0,-75.0,31.0,83.0,-9.0,29.0,-27.0,47.0,-19.0
3736,-48.0,-100.0,-74.0,32.0,82.0,-10.0,28.0,-28.0,48.0,-18.0
3737,-47.0,-99.0,-73.0,33.0,83.0,-9.0,29.0,-27.0,49.0,-17.0
3738,-48.0,-100.0,-74.0,34.0,84.0,-8.0,30.0,-28.0,48.0,-18.0
3739,-49.0,-99.0,-73.0,33.0,83.0,-7.0,29.0,-29.0,49.0,-17.0
3740,-48.0,-98.0,-72.0,34.0,84.0,-6.0,30.0,-28.0,50.0,-16.0
3741,-49.0,-97.0,-73.0,35.0,83.0,-5.0,29.0,-27.0,49.0,-15.0
3742,-50.0,-96.0,-72.0,34.0,82.0,-4.0,30.0,-28.0,48.0,-14.0
3743,-51.0,-97.0,-71.0,35.0,81.0,-5.0,31.0,-27.0,47.0,-15.0
3744,-52.0,-98.0,-70.0,36.0,80.0,-6.0,32.0,-26.0,48.0,-16.0
3745,-53.0,-97.0,-69.0,35.0,81.0,-5.0,31.0,-25.0,49.0,-17.0
3746,-54.0,-98.0,-70.0,36.0,82.0,-4.0,30.0,-26.0,48.0,-16.0
3747,-53.0,-97.0,-69.0,35.0,81.0,-5.0,29.0,-25.0,49.0,-15.0
3748,-52.0,-98.0,-68.0,34.0,82.0,-6.0,30.0,-26.0,48.0,-14.0
3749,-53.0,-97.0,-67.0,33.0,83.0,-5.0,29.0,-25.0,49.0,-15.0
3750,-54.0,-96.0,-66.0,32.0,84.0,-4.0,28.0,-26.0,50.0,-16.0
3751,-55.0,-97.0,-65.0,33.0,83.0,-5.0,29.0,-25.0,49.0,-17.0
3752,-54.0,-98.0,-64.0,32.0,84.0,-6.0,28.0,-24.0,48.0,-16.0
3753,-55.0,-97.0,-63.0,31.0,83.0,-5.0,29.0,-25.0,47.0,-15.0
3754,-56.0,-98.0,-64.0,30.0,82.0,-6.0,28.0,-24.0,48.0,-14.0
3755,-55.0,-97.0,-65.0,29.0,83.0,-5.0,27.0,-25.0,49.0,-13.0
3756,-56.0,-98.0,-66.0,28.0,82.0,-6.0,26.0,-26.0,48.0,-14.0
3757,-55.0,-97.0,-67.0,27.0,83.0,-5.0,25.0,-27.0,49.0,-13.0
3758,-56.0,-98.0,-68.0,26.0,82.0,-6.0,24.0,-28.0,48.0,-14.0
3759,-57.0,-99.0,-69.0,25.0,81.0,-7.0,23.0,-29.0,49.0,-13.0
3760,-56.0,-98.0,-70.0,24.0,80.0,-6.0,24.0,-28.0,48.0,-14.0
3761,-55.0,-99.0,-71.0,25.0,79.0,-7.0,25.0,-29.0,47.0,-13.0
3762,-56.0,-100.0,-72.0,26.0,80.0,-6.0,24.0,-30.0,46.0,-14.0
3763,-57.0,-99.0,-71.0,25.0,79.0,-5.0,23.0,-31.0,47.0,-13.0
3764,-56.0,-100.0,-70.0,24.0,80.0,-6.0,24.0,-32.0,48.0,-14.0
3765,-57.0,-101.0,-71.0,23.0,79.0,-5.0,25.0,-31.0,49.0,-13.0
3766,-56.0,-100.0,-70.0,24.0,80.0,-4.0,26.0,-32.0,48.0,-14.0
3767,-57.0,-99.0,-71.0,25.0,79.0,-3.0,25.0,-33.0,49.0,-15.0
3768,-58.0,-98.0,-72.0,26.0,78.0,-2.0,24.0,-32.0,48.0,-14.0
3769,-59.0,-97.0,-71.0,25.0,79.0,-1.0,23.0,-33.0,49.0,-15.0
3770,-58.0,-96.0,-72.0,24.0,78.0,0.0,24.0,-34.0,48.0,-16.0
3771,-59.0,-95.0,-73.0,23.0,79.0,-1.0,25.0,-33.0,47.0,-15.0
3772,-60.0,-94.0,-72.0,22.0,80.0,0.0,24.0,-34.0,48.0,-16.0
3773,-61.0,-93.0,-73.0,23.0,79.0,1.0,23.0,-33.0,47.0,-15.0
3774,-60.0,-94.0,-74.0,24.0,80.0,0.0,24.0,-32.0,46.0,-16.0
3775,-61.0,-93.0,-75.0,25.0,79.0,-1.0,25.0,-33.0,47.0,-17.0
3776,-62.0,-94.0,-76.0,24.0,78.0,-2.0,24.0,-34.0,48.0,-16.0
3777,-63.0,-93.0,-77.0,25.0,77.0,-1.0,23.0,-33.0,47.0,-15.0
3778,-62.0,-94.0,-76.0,24.0,78.0,-2.0,22.0,-32.0,46.0,-14.0
3779,-63.0,-95.0,-77.0,23.0,77.0,-3.0,21.0,-33.0,45.0,-15.0
3780,-64.0,-96.0,-78.0,22.0,78.0,-2.0,22.0,-32.0,46.0,-16.0
3781,-63.0,-95.0,-77.0,21.0,77.0,-3.0,23.0,-31.0,47.0,-17.0
3782,-64.0,-94.0,-78.0,20.0,78.0,-4.0,24.0,-30.0,46.0,-16.0
3783,-65.0,-95.0,-79.0,19.0,77.0,-5.0,23.0,-29.0,47.0,-15.0
3784,-64.0,-94.0,-78.0,20.0,76.0,-6.0,22.0,-30.0,48.0,-14.0
3785,-63.0,-93.0,-77.0,21.0,77.0,-5.0,23.0,-29.0,49.0,-13.0
3786,-62.0,-94.0,-78.0,22.0,76.0,-6.0,24.0,-28.0,48.0,-12.0
3787,-61.0,-93.0,-77.0,21.0,75.0,-7.0,23.0,-27.0,49.0,-11.0
3788,-60.0,-94.0,-76.0,20.0,76.0,-8.0,22.0,-26.0,48.0,-10.0
3789,-59.0,-93.0,-77.0,19.0,77.0,-7.0,21.0,-27.0,49.0,-9.0
3790,-58.0,-92.0,-76.0,20.0,76.0,-8.0,20.0,-28.0,48.0,-8.0
3791,-57.0,-91.0,-75.0,19.0,75.0,-9.0,21.0,-27.0,49.0,-9.0
3792,-58.0,-90.0,-74.0,18.0,76.0,-8.0,20.0,-26.0,50.0,-10.0
3793,-59.0,-91.0,-75.0,17.0,75.0,-9.0,19.0,-25.0,51.0,-9.0
3794,-58.0,-90.0,-74.0,18.0,76.0,-8.0,20.0,-24.0,52.0,-8.0
3795,-57.0,-89.0,-73.0,17.0,75.0,-9.0,21.0,-23.0,53.0,-9.0
3796,-56.0,-88.0,-72.0,18.0,76.0,-8.0,22.0,-22.0,54.0,-8.0
3797,-57.0,-87.0,-71.0,17.0,75.0,-7.0,21.0,-23.0,55.0,-7.0
3798,-58.0,-88.0,-72.0,16.0,74.0,-8.0,20.0,-22.0,56.0,-6.0
3799,-59.0,-89.0,-73.0,17.0,75.0,-7.0,19.0,-23.0,55.0,-5.0
3800,-60.0,-90.0,-72.0,18.0,76.0,-8.0,18.0,-24.0,56.0,-4.0
3801,-61.0,-89.0,-73.0,19.0,75.0,-7.0,19.0,-25.0,57.0,-5.0
3802,-60.0,-88.0,-74.0,18.0,74.0,-6.0,20.0,-24.0,56.0,-6.0
3803,-59.0,-87.0,-73.0,19.0,75.0,-7.0,19.0,-25.0,55.0,-7.0
3804,-58.0,-88.0,-72.0,18.0,76.0,-8.0,18.0,-24.0,54.0,-6.0
3805,-59.0,-87.0,-71.0,17.0,75.0,-7.0,17.0,-25.0,55.0,-5.0
3806,-60.0,-88.0,-72.0,16.0,76.0,-6.0,18.0,-24.0,56.0,-6.0
3807,-59.0,-89.0,-71.0,15.0,77.0,-7.0,19.0,-25.0,57.0,-7.0
3808,-58.0,-88.0,-70.0,16.0,78.0,-8.0,18.0,-26.0,56.0,-8.0
3809,-57.0,-89.0,-69.0,15.0,77.0,-7.0,17.0,-25.0,57.0,-9.0
3810,-56.0,-88.0,-68.0,16.0,78.0,-6.0,18.0,-24.0,58.0,-8.0
3811,-57.0,-87.0,-69.0,17.0,77.0,-5.0,19.0,-25.0,59.0,-9.0
3812,-56.0,-88.0,-70.0,18.0,78.0,-6.0,18.0,-24.0,60.0,-10.0
3813,-57.0,-87.0,-71.0,19.0,77.0,-7.0,19.0,-25.0,61.0,-11.0
3814,-58.0,-86.0,-72.0,18.0,78.0,-8.0,18.0,-24.0,60.0,-10.0
3815,-59.0,-87.0,-71.0,19.0,77.0,-9.0,19.0,-23.0,61.0,-11.0
3816,-58.0,-88.0,-70.0,18.0,78.0,-10.0,18.0,-22.0,60.0,-10.0
3817,-57.0,-87.0,-69.0,19.0,79.0,-9.0,17.0,-23.0,59.0,-11.0
3818,-56.0,-86.0,-68.0,18.0,78.0,-10.0,18.0,-22.0,60.0,-10.0
3819,-57.0,-85.0,-69.0,17.0,79.0,-11.0,19.0,-21.0,59.0,-9.0
3820,-58.0,-84.0,-70.0,18.0,78.0,-10.0,18.0,-20.0,60.0,-10.0
3821,-57.0,-85.0,-69.0,17.0,79.0,-9.0,17.0,-19.0,59.0,-9.0
3822,-56.0,-86.0,-70.0,18.0,78.0,-10.0,18.0,-18.0,58.0,-8.0
3823,-57.0,-85.0,-71.0,17.0,79.0,-11.0,17.0,-17.0,57.0,-9.0
3824,-56.0,-84.0,-70.0,18.0,80.0,-10.0,18.0,-18.0,56.0,-10.0
3825,-55.0,-83.0,-69.0,19.0,81.0,-9.0,19.0,-17.0,57.0,-9.0
3826,-54.0,-84.0,-68.0,18.0,82.0,-10.0,20.0,-16.0,56.0,-8.0
3827,-53.0,-83.0,-67.0,19.0,83.0,-9.0,21.0,-15.0,57.0,-7.0
3828,-52.0,-82.0,-66.0,18.0,82.0,-10.0,22.0,-14.0,58.0,-8.0
3829,-51.0,-81.0,-67.0,17.0,83.0,-9.0,21.0,-15.0,59.0,-7.0
3830,-50.0,-80.0,-68.0,16.0,84.0,-8.0,22.0,-16.0,58.0,-6.0
3831,-51.0,-79.0,-69.0,17.0,83.0,-7.0,21.0,-17.0,59.0,-7.0
3832,-52.0,-80.0,-68.0,18.0,82.0,-8.0,22.0,-16.0,58.0,-8.0
3833,-51.0,-79.0,-67.0,19.0,83.0,-9.0,21.0,-17.0,57.0,-9.0
3834,-52.0,-80.0,-66.0,20.0,82.0,-10.0,22.0,-16.0,56.0,-10.0
3835,-53.0,-81.0,-67.0,19.0,81.0,-11.0,21.0,-17.0,55.0,-11.0
3836,-54.0,-80.0,-68.0,20.0,80.0,-10.0,20.0,-16.0,54.0,-10.0
3837,-53.0,-81.0,-69.0,21.0,81.0,-11.0,19.0,-15.0,55.0,-11.0
3838,-54.0,-82.0,-68.0,22.0,80.0,-12.0,18.0,-14.0,56.0,-12.0
3839,-55.0,-81.0,-69.0,23.0,79.0,-13.0,19.0,-15.0,57.0,-13.0
3840,-56.0,-80.0,-68.0,22.0,78.0,-12.0,20.0,-16.0,58.0,-12.0
3841,-55.0,-81.0,-69.0,23.0,79.0,-13.0,21.0,-15.0,57.0,-13.0
3842,-54.0,-80.0,-70.0,22.0,80.0,-12.0,20.0,-16.0,58.0,-12.0
3843,-55.0,-81.0,-69.0,23.0,81.0,-13.0,19.0,-17.0,59.0,-11.0
3844,-54.0,-82.0,-68.0,22.0,82.0,-14.0,20.0,-18.0,60.0,-12.0
3845,-55.0,-81.0,-69.0,21.0,83.0,-15.0,19.0,-17.0,59.0,-11.0
3846,-56.0,-82.0,-68.0,22.0,82.0,-16.0,18.0,-16.0,60.0,-12.0
3847,-55.0,-83.0,-67.0,23.0,81.0,-15.0,17.0,-17.0,61.0,-13.0
3848,-56.0,-82.0,-68.0,24.0,80.0,-14.0,16.0,-16.0,60.0,-12.0
3849,-55.0,-81.0,-67.0,23.0,79.0,-15.0,15.0,-15.0,61.0,-11.0
3850,-54.0,-82.0,-66.0,22.0,80.0,-16.0,16.0,-14.0,60.0,-10.0
3851,-55.0,-83.0,-65.0,23.0,79.0,-17.0,15.0,-13.0,61.0,-11.0
3852,-54.0,-82.0,-64.0,24.0,78.0,-18.0,14.0,-14.0,62.0,-10.0
3853,-55.0,-83.0,-63.0,25.0,77.0,-19.0,15.0,-13.0,61.0,-11.0
3854,-54.0,-84.0,-64.0,26.0,78.0,-20.0,16.0,-12.0,60.0,-12.0
3855,-53.0,-85.0,-65.0,27.0,79.0,-21.0,15.0,-11.0,59.0,-13.0
3856,-52.0,-86.0,-64.0,26.0,80.0,-22.0,14.0,-10.0,58.0,-12.0
3857,-51.0,-87.0,-63.0,25.0,81.0,-23.0,15.0,-11.0,59.0,-11.0
3858,-52.0,-88.0,-64.0,24.0,80.0,-24.0,14.0,-12.0,58.0,-12.0
3859,-53.0,-87.0,-65.0,23.0,81.0,-25.0,13.0,-11.0,57.0,-11.0
3860,-52.0,-86.0,-64.0,22.0,80.0,-26.0,14.0,-10.0,58.0,-10.0
3861,-51.0,-85.0,-63.0,23.0,81.0,-25.0,15.0,-9.0,59.0,-9.0
3862,-50.0,-84.0,-62.0,24.0,80.0,-26.0,14.0,-10.0,60.0,-8.0
3863,-51.0,-83.0,-63.0,25.0,81.0,-27.0,15.0,-11.0,59.0,-7.0
3864,-52.0,-82.0,-64.0,26.0,80.0,-26.0,14.0,-10.0,60.0,-8.0
3865,-53.0,-81.0,-63.0,25.0,81.0,-25.0,13.0,-9.0,61.0,-9.0
3866,-54.0,-80.0,-64.0,26.0,82.0,-26.0,14.0,-10.0,60.0,-8.0
3867,-53.0,-79.0,-63.0,27.0,83.0,-25.0,15.0,-9.0,61.0,-7.0
3868,-52.0,-80.0,-62.0,26.0,82.0,-24.0,14.0,-8.0,60.0,-8.0
3869,-51.0,-81.0,-61.0,25.0,83.0,-25.0,13.0,-7.0,59.0,-7.0
3870,-50.0,-82.0,-60.0,24.0,84.0,-24.0,12.0,-6.0,58.0,-6.0
3871,-51.0,-81.0,-61.0,23.0,85.0,-25.0,11.0,-5.0,57.0,-7.0
3872,-52.0,-80.0,-62.0,24.0,84.0,-26.0,12.0,-6.0,58.0,-8.0
3873,-53.0,-81.0,-61.0,25.0,83.0,-27.0,13.0,-5.0,57.0,-9.0
3874,-52.0,-80.0,-62.0,24.0,82.0,-26.0,14.0,-4.0,56.0,-10.0
3875,-53.0,-79.0,-61.0,23.0,83.0,-25.0,13.0,-5.0,57.0,-11.0
3876,-52.0,-80.0,-60.0,22.0,84.0,-26.0,14.0,-4.0,56.0,-10.0
3877,-53.0,-81.0,-61.0,23.0,85.0,-25.0,15.0,-5.0,55.0,-11.0
3878,-52.0,-80.0,-60.0,22.0,84.0,-26.0,14.0,-4.0,56.0,-10.0
3879,-53.0,-79.0,-61.0,23.0,83.0,-25.0,15.0,-5.0,57.0,-11.0
3880,-54.0,-78.0,-60.0,22.0,84.0,-24.0,14.0,-4.0,58.0,-12.0
3881,-53.0,-77.0,-61.0,21.0,83.0,-23.0,15.0,-3.0,57.0,-13.0
3882,-52.0,-76.0,-60.0,22.0,84.0,-22.0,16.0,-2.0,58.0,-14.0
3883,-51.0,-77.0,-61.0,23.0,85.0,-23.0,15.0,-1.0,59.0,-15.0
3884,-52.0,-76.0,-62.0,22.0,86.0,-24.0,16.0,0.0,58.0,-14.0
3885,-53.0,-75.0,-63.0,23.0,85.0,-23.0,15.0,1.0,57.0,-13.0
3886,-52.0,-74.0,-64.0,22.0,86.0,-22.0,14.0,0.0,58.0,-12.0
3887,-53.0,-75.0,-63.0,23.0,85.0,-23.0,15.0,1.0,57.0,-13.0
3888,-54.0,-76.0,-62.0,24.0,84.0,-24.0,16.0,2.0,58.0,-14.0
3889,-55.0,-77.0,-63.0,23.0,83.0,-25.0,15.0,1.0,57.0,-15.0
3890,-56.0,-78.0,-64.0,22.0,82.0,-26.0,14.0,2.0,58.0,-14.0
3891,-57.0,-77.0,-63.0,21.0,83.0,-25.0,13.0,1.0,59.0,-15.0
3892,-58.0,-76.0,-64.0,22.0,82.0,-24.0,12.0,2.0,58.0,-14.0
3893,-59.0,-75.0,-65.0,23.0,81.0,-23.0,11.0,3.0,57.0,-13.0
3894,-58.0,-76.0,-64.0,24.0,80.0,-22.0,10.0,2.0,58.0,-14.0
3895,-57.0,-77.0,-65.0,25.0,79.0,-23.0,11.0,1.0,57.0,-13.0
3896,-56.0,-78.0,-64.0,26.0,78.0,-22.0,10.0,0.0,58.0,-14.0
3897,-57.0,-79.0,-65.0,25.0,77.0,-23.0,11.0,1.0,59.0,-13.0
3898,-56.0,-80.0,-64.0,26.0,76.0,-22.0,12.0,0.0,60.0,-12.0
3899,-55.0,-81.0,-63.0,27.0,75.0,-21.0,13.0,-1.0,61.0,-11.0
3900,-54.0,-80.0,-62.0,28.0,74.0,-22.0,12.0,-2.0,62.0,-10.0
3901,-53.0,-79.0,-63.0,27.0,75.0,-21.0,11.0,-3.0,63.0,-9.0
3902,-54.0,-80.0,-64.0,26.0,74.0,-22.0,10.0,-4.0,62.0,-10.0
3903,-53.0,-79.0,-63.0,27.0,75.0,-21.0,11.0,-3.0,63.0,-9.0
3904,-52.0,-80.0,-62.0,26.0,76.0,-20.0,10.0,-2.0,62.0,-8.0
3905,-53.0,-81.0,-63.0,27.0,77.0,-19.0,11.0,-3.0,61.0,-9.0
3906,-54.0,-80.0,-64.0,28.0,76.0,-20.0,12.0,-4.0,62.0,-10.0
3907,-53.0,-81.0,-63.0,29.0,75.0,-19.0,11.0,-5.0,63.0,-11.0
3908,-52.0,-82.0,-62.0,28.0,76.0,-20.0,12.0,-6.0,64.0,-10.0
3909,-51.0,-83.0,-61.0,27.0,77.0,-21.0,13.0,-7.0,65.0,-11.0
3910,-50.0,-82.0,-60.0,28.0,76.0,-22.0,12.0,-8.0,66.0,-10.0
3911,-49.0,-83.0,-61.0,29.0,75.0,-23.0,13.0,-9.0,65.0,-9.0
3912,-50.0,-84.0,-60.0,30.0,74.0,-24.0,14.0,-8.0,66.0,-10.0
3913,-49.0,-85.0,-59.0,31.0,73.0,-23.0,13.0,-9.0,67.0,-11.0
3914,-50.0,-84.0,-60.0,30.0,74.0,-24.0,12.0,-8.0,66.0,-12.0
3915,-51.0,-85.0,-61.0,31.0,75.0,-23.0,11.0,-9.0,65.0,-11.0
3916,-50.0,-86.0,-60.0,30.0,76.0,-24.0,12.0,-10.0,66.0,-12.0
3917,-51.0,-85.0,-59.0,29.0,77.0,-23.0,11.0,-9.0,67.0,-13.0
3918,-52.0,-84.0,-58.0,28.0,78.0,-22.0,10.0,-8.0,68.0,-14.0
3919,-53.0,-85.0,-57.0,29.0,77.0,-23.0,11.0,-7.0,67.0,-15.0
3920,-52.0,-84.0,-56.0,30.0,78.0,-22.0,12.0,-6.0,68.0,-14.0
3921,-53.0,-85.0,-55.0,31.0,79.0,-23.0,11.0,-5.0,69.0,-13.0
3922,-54.0,-86.0,-54.0,32.0,78.0,-24.0,12.0,-4.0,68.0,-14.0
3923,-53.0,-85.0,-53.0,31.0,77.0,-25.0,11.0,-3.0,69.0,-13.0
3924,-54.0,-84.0,-52.0,30.0,76.0,-24.0,12.0,-4.0,68.0,-12.0
3925,-53.0,-85.0,-53.0,31.0,77.0,-25.0,11.0,-3.0,69.0,-13.0
3926,-52.0,-86.0,-52.0,30.0,76.0,-24.0,10.0,-2.0,68.0,-14.0
3927,-53.0,-85.0,-53.0,29.0,77.0,-25.0,9.0,-1.0,67.0,-15.0
3928,-52.0,-84.0,-52.0,28.0,76.0,-26.0,10.0,0.0,68.0,-16.0
3929,-51.0,-83.0,-53.0,27.0,75.0,-25.0,11.0,1.0,67.0,-17.0
3930,-52.0,-84.0,-52.0,28.0,74.0,-26.0,12.0,2.0,66.0,-18.0
3931,-53.0,-85.0,-51.0,29.0,73.0,-27.0,13.0,3.0,65.0,-19.0
3932,-52.0,-84.0,-50.0,30.0,74.0,-26.0,14.0,2.0,64.0,-20.0
3933,-51.0,-83.0,-49.0,31.0,75.0,-25.0,15.0,3.0,65.0,-19.0
3934,-52.0,-82.0,-50.0,30.0,76.0,-26.0,14.0,4.0,64.0,-18.0
3935,-51.0,-81.0,-49.0,31.0,75.0,-27.0,13.0,3.0,65.0,-17.0
3936,-52.0,-82.0,-50.0,30.0,74.0,-28.0,12.0,2.0,64.0,-18.0
3937,-51.0,-81.0,-51.0,29.0,75.0,-27.0,11.0,1.0,65.0,-17.0
3938,-50.0,-80.0,-50.0,30.0,74.0,-28.0,10.0,0.0,66.0,-16.0
3939,-49.0,-79.0,-49.0,31.0,75.0,-27.0,11.0,1.0,67.0,-15.0
3940,-50.0,-80.0,-50.0,32.0,76.0,-26.0,12.0,0.0,66.0,-16.0
3941,-51.0,-79.0,-51.0,33.0,75.0,-25.0,11.0,1.0,65.0,-15.0
3942,-50.0,-78.0,-50.0,34.0,76.0,-24.0,12.0,2.0,64.0,-16.0
3943,-49.0,-77.0,-49.0,35.0,75.0,-25.0,11.0,1.0,63.0,-15.0
3944,-50.0,-78.0,-48.0,36.0,74.0,-26.0,12.0,2.0,64.0,-16.0
3945,-51.0,-77.0,-49.0,37.0,75.0,-27.0,13.0,1.0,63.0,-15.0
3946,-50.0,-76.0,-48.0,38.0,76.0,-28.0,12.0,0.0,62.0,-16.0
3947,-51.0,-77.0,-47.0,39.0,75.0,-29.0,13.0,1.0,61.0,-17.0
3948,-50.0,-78.0,-46.0,38.0,76.0,-30.0,12.0,2.0,60.0,-16.0
3949,-49.0,-79.0,-47.0,39.0,75.0,-31.0,13.0,3.0,59.0,-15.0
3950,-50.0,-78.0,-46.0,38.0,76.0,-30.0,12.0,2.0,60.0,-16.0
3951,-51.0,-77.0,-45.0,37.0,75.0,-29.0,13.0,1.0,59.0,-15.0
3952,-50.0,-76.0,-44.0,38.0,74.0,-30.0,12.0,0.0,58.0,-14.0
3953,-49.0,-77.0,-43.0,37.0,75.0,-29.0,11.0,1.0,57.0,-13.0
3954,-48.0,-76.0,-44.0,36.0,76.0,-28.0,10.0,0.0,58.0,-12.0
3955,-47.0,-77.0,-43.0,35.0,77.0,-29.0,11.0,1.0,57.0,-11.0
3956,-46.0,-76.0,-44.0,34.0,78.0,-28.0,12.0,0.0,56.0,-10.0
3957,-47.0,-75.0,-45.0,35.0,77.0,-27.0,11.0,1.0,55.0,-9.0
3958,-48.0,-74.0,-44.0,34.0,78.0,-26.0,10.0,0.0,56.0,-10.0
3959,-47.0,-73.0,-43.0,35.0,79.0,-25.0,11.0,1.0,57.0,-9.0
3960,-46.0,-72.0,-42.0,36.0,78.0,-26.0,10.0,0.0,58.0,-8.0
3961,-45.0,-71.0,-41.0,35.0,77.0,-27.0,11.0,1.0,59.0,-7.0
3962,-44.0,-70.0,-40.0,36.0,78.0,-28.0,10.0,0.0,58.0,-8.0
3963,-45.0,-71.0,-39.0,37.0,77.0,-29.0,11.0,1.0,57.0,-9.0
3964,-44.0,-72.0,-40.0,38.0,76.0,-30.0,12.0,0.0,56.0,-8.0
3965,-43.0,-71.0,-39.0,37.0,75.0,-31.0,13.0,1.0,57.0,-7.0
3966,-42.0,-72.0,-38.0,38.0,74.0,-30.0,12.0,0.0,58.0,-8.0
3967,-41.0,-73.0,-37.0,37.0,75.0,-31.0,13.0,1.0,57.0,-7.0
3968,-40.0,-72.0,-38.0,36.0,76.0,-30.0,12.0,0.0,58.0,-6.0
3969,-39.0,-71.0,-39.0,35.0,75.0,-29.0,13.0,1.0,57.0,-7.0
3970,-40.0,-72.0,-38.0,36.0,74.0,-30.0,12.0,2.0,58.0,-8.0
3971,-39.0,-73.0,-39.0,37.0,75.0,-31.0,13.0,3.0,57.0,-9.0
3972,-38.0,-74.0,-38.0,36.0,76.0,-32.0,14.0,2.0,58.0,-10.0
3973,-39.0,-73.0,-39.0,37.0,75.0,-31.0,13.0,3.0,57.0,-11.0
3974,-40.0,-72.0,-40.0,38.0,74.0,-30.0,14.0,2.0,58.0,-12.0
3975,-39.0,-73.0,-39.0,37.0,75.0,-29.0,13.0,3.0,57.0,-11.0
3976,-38.0,-74.0,-38.0,38.0,74.0,-28.0,12.0,2.0,58.0,-12.0
3977,-37.0,-75.0,-37.0,37.0,75.0,-29.0,11.0,3.0,57.0,-11.0
3978,-38.0,-74.0,-38.0,38.0,74.0,-28.0,10.0,4.0,56.0,-10.0
3979,-39.0,-73.0,-37.0,37.0,73.0,-27.0,11.0,3.0,55.0,-9.0
3980,-38.0,-74.0,-36.0,36.0,74.0,-28.0,12.0,2.0,56.0,-8.0
3981,-39.0,-75.0,-35.0,37.0,73.0,-29.0,13.0,3.0,55.0,-9.0
3982,-38.0,-76.0,-34.0,36.0,72.0,-28.0,12.0,4.0,54.0,-10.0
3983,-39.0,-77.0,-33.0,37.0,71.0,-29.0,13.0,5.0,53.0,-11.0
3984,-40.0,-78.0,-34.0,36.0,70.0,-30.0,12.0,4.0,52.0,-12.0
3985,-41.0,-79.0,-33.0,37.0,71.0,-31.0,11.0,5.0,53.0,-11.0
3986,-42.0,-80.0,-32.0,38.0,70.0,-32.0,12.0,6.0,54.0,-12.0
3987,-43.0,-79.0,-33.0,39.0,69.0,-31.0,11.0,7.0,53.0,-11.0
3988,-42.0,-80.0,-32.0,38.0,70.0,-32.0,12.0,6.0,54.0,-12.0
3989,-43.0,-81.0,-33.0,39.0,71.0,-31.0,11.0,5.0,53.0,-11.0
3990,-42.0,-82.0,-34.0,40.0,70.0,-32.0,12.0,4.0,52.0,-10.0
3991,-41.0,-83.0,-33.0,39.0,69.0,-31.0,11.0,5.0,51.0,-11.0
3992,-40.0,-82.0,-32.0,40.0,70.0,-30.0,12.0,6.0,52.0,-10.0
3993,-41.0,-83.0,-33.0,39.0,69.0,-31.0,13.0,7.0,53.0,-9.0
3994,-42.0,-84.0,-32.0,40.0,68.0,-32.0,14.0,8.0,52.0,-10.0
3995,-41.0,-83.0,-31.0,39.0,67.0,-33.0,15.0,9.0,53.0,-11.0
3996,-40.0,-84.0,-30.0,38.0,68.0,-32.0,14.0,10.0,52.0,-10.0
3997,-41.0,-85.0,-31.0,39.0,69.0,-31.0,15.0,9.0,51.0,-11.0
3998,-42.0,-84.0,-32.0,40.0,68.0,-30.0,14.0,10.0,50.0,-10.0
3999,-43.0,-85.0,-33.0,41.0,69.0,-29.0,15.0,9.0,49.0,-11.0
4000,-44.0,-84.0,-32.0,40.0,70.0,-28.0,14.0,10.0,50.0,-12.0
4001,-43.0,-85.0,-31.0,39.0,69.0,-27.0,13.0,11.0,51.0,-13.0
4002,-42.0,-86.0,-32.0,40.0,68.0,-28.0,14.0,10.0,50.0,-12.0
4003,-41.0,-87.0,-31.0,41.0,67.0,-27.0,13.0,9.0,51.0,-13.0
4004,-42.0,-88.0,-32.0,42.0,68.0,-26.0,12.0,8.0,50.0,-12.0
4005,-43.0,-87.0,-33.0,43.0,67.0,-25.0,13.0,7.0,51.0,-13.0
4006,-44.0,-86.0,-34.0,42.0,68.0,-26.0,12.0,8.0,50.0,-12.0
4007,-43.0,-87.0,-33.0,41.0,69.0,-27.0,13.0,9.0,49.0,-11.0
4008,-42.0,-88.0,-34.0,42.0,70.0,-28.0,12.0,10.0,50.0,-12.0
4009,-43.0,-89.0,-35.0,41.0,69.0,-29.0,13.0,11.0,51.0,-11.0
4010,-42.0,-88.0,-34.0,42.0,70.0,-28.0,14.0,12.0,52.0,-10.0
4011,-43.0,-89.0,-35.0,41.0,69.0,-27.0,15.0,13.0,53.0,-9.0
4012,-42.0,-90.0,-34.0,42.0,68.0,-26.0,16.0,12.0,54.0,-8.0
4013,-43.0,-91.0,-33.0,43.0,67.0,-27.0,17.0,13.0,55.0,-9.0
4014,-44.0,-90.0,-32.0,42.0,66.0,-26.0,18.0,12.0,54.0,-8.0
4015,-43.0,-89.0,-31.0,41.0,65.0,-27.0,19.0,13.0,55.0,-9.0
4016,-44.0,-90.0,-30.0,42.0,64.0,-28.0,18.0,14.0,56.0,-10.0
4017,-45.0,-91.0,-31.0,41.0,65.0,-27.0,19.0,15.0,55.0,-11.0
4018,-46.0,-90.0,-32.0,42.0,64.0,-26.0,18.0,16.0,54.0,-10.0
4019,-45.0,-91.0,-33.0,43.0,65.0,-27.0,17.0,17.0,55.0,-11.0
4020,-46.0,-92.0,-32.0,44.0,66.0,-28.0,16.0,16.0,56.0,-10.0
4021,-45.0,-93.0,-31.0,45.0,65.0,-27.0,15.0,15.0,57.0,-11.0
4022,-44.0,-94.0,-32.0,46.0,66.0,-28.0,14.0,16.0,58.0,-12.0
4023,-43.0,-93.0,-31.0,45.0,65.0,-29.0,13.0,17.0,59.0,-11.0
4024,-44.0,-92.0,-32.0,46.0,66.0,-30.0,14.0,16.0,58.0,-10.0
4025,-45.0,-93.0,-33.0,47.0,67.0,-29.0,13.0,15.0,57.0,-9.0
4026,-46.0,-92.0,-34.0,48.0,66.0,-28.0,12.0,16.0,56.0,-8.0
4027,-45.0,-93.0,-33.0,47.0,67.0,-29.0,13.0,15.0,57.0,-9.0
4028,-46.0,-92.0,-32.0,46.0,68.0,-28.0,12.0,16.0,58.0,-10.0
4029,-47.0,-91.0,-33.0,47.0,67.0,-27.0,11.0,17.0,57.0,-9.0
4030,-48.0,-90.0,-32.0,46.0,66.0,-26.0,12.0,16.0,56.0,-8.0
4031,-47.0,-89.0,-31.0,45.0,65.0,-27.0,11.0,17.0,57.0,-7.0
4032,-48.0,-90.0,-32.0,44.0,64.0,-28.0,10.0,16.0,56.0,-8.0
4033,-49.0,-89.0,-33.0,43.0,65.0,-29.0,11.0,17.0,55.0,-7.0
4034,-50.0,-90.0,-34.0,42.0,64.0,-30.0,10.0,16.0,54.0,-8.0
4035,-51.0,-91.0,-33.0,43.0,63.0,-31.0,9.0,17.0,55.0,-9.0
4036,-52.0,-92.0,-32.0,44.0,62.0,-32.0,10.0,18.0,56.0,-10.0
4037,-51.0,-91.0,-31.0,45.0,63.0,-31.0,11.0,19.0,57.0,-9.0
4038,-50.0,-92.0,-32.0,46.0,64.0,-32.0,10.0,20.0,58.0,-10.0
4039,-49.0,-93.0,-31.0,45.0,65.0,-33.0,11.0,19.0,59.0,-11.0
4040,-48.0,-92.0,-32.0,44.0,64.0,-32.0,12.0,20.0,58.0,-12.0
4041,-49.0,-93.0,-33.0,43.0,65.0,-31.0,13.0,21.0,57.0,-13.0
4042,-48.0,-94.0,-32.0,42.0,66.0,-32.0,14.0,20.0,56.0,-12.0
4043,-47.0,-93.0,-31.0,43.0,67.0,-31.0,15.0,21.0,57.0,-11.0
4044,-48.0,-92.0,-32.0,44.0,66.0,-30.0,14.0,22.0,56.0,-10.0
4045,-47.0,-93.0,-31.0,43.0,67.0,-31.0,15.0,23.0,55.0,-9.0
4046,-46.0,-92.0,-32.0,42.0,68.0,-30.0,16.0,22.0,54.0,-8.0
4047,-45.0,-91.0,-33.0,41.0,69.0,-29.0,15.0,21.0,53.0,-7.0
4048,-44.0,-92.0,-32.0,40.0,70.0,-30.0,16.0,20.0,54.0,-8.0
4049,-43.0,-91.0,-31.0,41.0,71.0,-31.0,15.0,19.0,53.0,-9.0
4050,-42.0,-92.0,-30.0,40.0,72.0,-32.0,16.0,18.0,54.0,-10.0
4051,-43.0,-93.0,-29.0,41.0,73.0,-33.0,15.0,17.0,55.0,-9.0
4052,-42.0,-92.0,-30.0,40.0,72.0,-32.0,16.0,18.0,54.0,-10.0
4053,-43.0,-93.0,-29.0,41.0,71.0,-33.0,17.0,19.0,53.0,-11.0
4054,-44.0,-92.0,-30.0,42.0,72.0,-34.0,18.0,18.0,52.0,-10.0
4055,-43.0,-91.0,-29.0,41.0,71.0,-35.0,17.0,19.0,53.0,-9.0
4056,-44.0,-92.0,-30.0,40.0,70.0,-36.0,18.0,20.0,54.0,-8.0
4057,-43.0,-91.0,-31.0,39.0,71.0,-35.0,19.0,19.0,53.0,-7.0
4058,-44.0,-90.0,-32.0,40.0,70.0,-34.0,18.0,20.0,52.0,-6.0
4059,-45.0,-91.0,-33.0,39.0,69.0,-35.0,17.0,19.0,51.0,-7.0
4060,-44.0,-92.0,-32.0,40.0,68.0,-34.0,16.0,18.0,52.0,-8.0
4061,-43.0,-91.0,-33.0,39.0,69.0,-33.0,15.0,17.0,51.0,-7.0
4062,-42.0,-92.0,-32.0,38.0,70.0,-32.0,14.0,18.0,50.0,-6.0
4063,-41.0,-93.0,-31.0,37.0,71.0,-33.0,15.0,17.0,51.0,-5.0
4064,-40.0,-92.0,-30.0,38.0,70.0,-34.0,14.0,16.0,50.0,-4.0
4065,-41.0,-91.0,-31.0,39.0,69.0,-33.0,13.0,17.0,49.0,-3.0
4066,-42.0,-90.0,-32.0,38.0,70.0,-34.0,14.0,18.0,48.0,-2.0
4067,-43.0,-91.0,-33.0,37.0,71.0,-33.0,15.0,19.0,49.0,-3.0
4068,-42.0,-90.0,-34.0,36.0,70.0,-32.0,16.0,20.0,48.0,-4.0
4069,-41.0,-89.0,-33.0,35.0,69.0,-33.0,15.0,21.0,49.0,-3.0
4070,-42.0,-88.0,-34.0,34.0,70.0,-34.0,16.0,22.0,48.0,-2.0
4071,-41.0,-89.0,-33.0,33.0,71.0,-33.0,15.0,23.0,47.0,-1.0
4072,-42.0,-90.0,-34.0,32.0,70.0,-34.0,16.0,24.0,48.0,0.0
4073,-41.0,-89.0,-33.0,33.0,71.0,-33.0,15.0,23.0,47.0,-1.0
4074,-40.0,-88.0,-32.0,34.0,70.0,-34.0,14.0,22.0,48.0,0.0
4075,-41.0,-89.0,-31.0,35.0,69.0,-35.0,13.0,23.0,49.0,-1.0
4076,-40.0,-90.0,-32.0,36.0,68.0,-36.0,14.0,24.0,48.0,0.0
4077,-41.0,-89.0,-33.0,37.0,67.0,-35.0,13.0,25.0,47.0,1.0
4078,-42.0,-88.0,-34.0,36.0,68.0,-36.0,12.0,26.0,46.0,0.0
4079,-41.0,-89.0,-33.0,37.0,67.0,-35.0,11.0,25.0,47.0,-1.0
4080,-40.0,-88.0,-32.0,38.0,68.0,-34.0,12.0,26.0,48.0,0.0
4081,-39.0,-89.0,-31.0,37.0,67.0,-33.0,11.0,27.0,49.0,-1.0
4082,-38.0,-90.0,-32.0,38.0,66.0,-34.0,12.0,26.0,48.0,0.0
4083,-37.0,-89.0,-31.0,39.0,65.0,-35.0,11.0,25.0,47.0,1.0
4084,-38.0,-88.0,-32.0,38.0,66.0,-36.0,10.0,26.0,46.0,0.0
4085,-37.0,-89.0,-31.0,37.0,67.0,-37.0,11.0,25.0,47.0,-1.0
4086,-36.0,-88.0,-30.0,36.0,66.0,-38.0,12.0,26.0,48.0,-2.0
4087,-37.0,-89.0,-31.0,35.0,67.0,-37.0,13.0,27.0,49.0,-3.0
4088,-36.0,-88.0,-32.0,34.0,68.0,-36.0,12.0,26.0,50.0,-2.0
4089,-37.0,-89.0,-33.0,33.0,67.0,-37.0,11.0,25.0,51.0,-1.0
4090,-36.0,-88.0,-32.0,34.0,68.0,-38.0,10.0,24.0,50.0,-2.0
4091,-37.0,-89.0,-33.0,33.0,67.0,-39.0,9.0,25.0,51.0,-1.0
4092,-36.0,-88.0,-34.0,32.0,68.0,-38.0,10.0,24.0,50.0,0.0
4093,-37.0,-89.0,-35.0,31.0,67.0,-39.0,9.0,23.0,49.0,-1.0
4094,-38.0,-90.0,-34.0,32.0,68.0,-40.0,8.0,22.0,50.0,0.0
4095,-39.0,-91.0,-33.0,33.0,69.0,-41.0,7.0,23.0,51.0,1.0
4096,-38.0,-90.0,-32.0,34.0,68.0,-42.0,6.0,22.0,52.0,2.0
4097,-37.0,-89.0,-31.0,35.0,69.0,-41.0,5.0,21.0,51.0,1.0
4098,-38.0,-88.0,-32.0,36.0,70.0,-42.0,6.0,20.0,52.0,2.0
4099,-37.0,-87.0,-31.0,37.0,69.0,-43.0,5.0,19.0,51.0,3.0
4100,-36.0,-86.0,-30.0,38.0,70.0,-42.0,6.0,20.0,52.0,4.0
4101,-37.0,-85.0,-31.0,39.0,71.0,-43.0,7.0,19.0,51.0,5.0
4102,-38.0,-84.0,-32.0,38.0,72.0,-44.0,8.0,20.0,50.0,6.0
4103,-39.0,-85.0,-33.0,37.0,71.0,-45.0,7.0,19.0,49.0,5.0
4104,-38.0,-84.0,-34.0,36.0,72.0,-44.0,8.0,18.0,48.0,6.0
4105,-37.0,-83.0,-33.0,35.0,71.0,-45.0,7.0,19.0,49.0,7.0
4106,-36.0,-82.0,-32.0,34.0,70.0,-46.0,6.0,20.0,50.0,8.0
4107,-35.0,-81.0,-31.0,35.0,69.0,-47.0,5.0,19.0,49.0,9.0
4108,-36.0,-80.0,-32.0,36.0,68.0,-46.0,4.0,20.0,48.0,10.0
4109,-35.0,-81.0,-31.0,37.0,67.0,-45.0,5.0,19.0,49.0,9.0
4110,-34.0,-80.0,-32.0,36.0,68.0,-44.0,6.0,18.0,48.0,10.0
4111,-33.0,-81.0,-33.0,37.0,69.0,-45.0,7.0,19.0,47.0,9.0
4112,-32.0,-82.0,-34.0,38.0,70.0,-46.0,6.0,20.0,46.0,8.0
4113,-33.0,-81.0,-35.0,39.0,69.0,-45.0,5.0,21.0,45.0,9.0
4114,-34.0,-82.0,-34.0,40.0,70.0,-46.0,4.0,22.0,46.0,10.0
4115,-33.0,-81.0,-33.0,41.0,71.0,-47.0,3.0,21.0,45.0,9.0
4116,-34.0,-80.0,-32.0,40.0,72.0,-46.0,2.0,20.0,46.0,8.0
4117,-35.0,-79.0,-33.0,41.0,71.0,-45.0,1.0,21.0,47.0,7.0
4118,-34.0,-78.0,-32.0,42.0,72.0,-46.0,0.0,20.0,46.0,6.0
4119,-33.0,-77.0,-33.0,41.0,73.0,-45.0,1.0,19.0,45.0,7.0
4120,-34.0,-78.0,-34.0,40.0,72.0,-46.0,0.0,18.0,44.0,6.0
4121,-33.0,-77.0,-35.0,39.0,73.0,-45.0,1.0,17.0,43.0,7.0
4122,-34.0,-76.0,-34.0,38.0,72.0,-44.0,2.0,16.0,42.0,8.0
4123,-35.0,-77.0,-35.0,37.0,71.0,-43.0,3.0,17.0,43.0,9.0
4124,-34.0,-76.0,-36.0,36.0,72.0,-42.0,2.0,16.0,44.0,10.0
4125,-33.0,-77.0,-35.0,35.0,73.0,-43.0,3.0,17.0,43.0,11.0
4126,-34.0,-76.0,-34.0,34.0,72.0,-42.0,4.0,16.0,42.0,12.0
4127,-35.0,-77.0,-35.0,35.0,73.0,-41.0,3.0,15.0,41.0,11.0
4128,-36.0,-78.0,-36.0,34.0,72.0,-42.0,2.0,14.0,40.0,10.0
4129,-35.0,-77.0,-35.0,35.0,73.0,-41.0,3.0,15.0,41.0,9.0
4130,-34.0,-78.0,-34.0,36.0,72.0,-40.0,2.0,14.0,42.0,8.0
4131,-35.0,-77.0,-35.0,35.0,73.0,-41.0,3.0,15.0,41.0,9.0
4132,-34.0,-78.0,-34.0,34.0,74.0,-42.0,4.0,14.0,42.0,8.0
4133,-35.0,-77.0,-35.0,33.0,75.0,-43.0,3.0,15.0,41.0,7.0
4134,-36.0,-76.0,-36.0,34.0,74.0,-42.0,4.0,14.0,42.0,6.0
4135,-35.0,-75.0,-35.0,35.0,75.0,-43.0,3.0,13.0,41.0,5.0
4136,-34.0,-74.0,-36.0,34.0,74.0,-42.0,4.0,12.0,40.0,4.0
4137,-33.0,-73.0,-35.0,35.0,75.0,-41.0,5.0,11.0,39.0,3.0
4138,-34.0,-72.0,-34.0,34.0,74.0,-40.0,6.0,10.0,38.0,4.0
4139,-35.0,-73.0,-35.0,33.0,73.0,-41.0,5.0,9.0,39.0,5.0
4140,-36.0,-72.0,-36.0,34.0,72.0,-40.0,4.0,10.0,38.0,4.0
4141,-37.0,-73.0,-37.0,35.0,73.0,-39.0,3.0,9.0,37.0,5.0
4142,-36.0,-72.0,-36.0,36.0,74.0,-38.0,4.0,10.0,38.0,6.0
4143,-37.0,-71.0,-35.0,35.0,75.0,-37.0,3.0,11.0,39.0,5.0
4144,-38.0,-72.0,-34.0,36.0,74.0,-38.0,4.0,12.0,38.0,4.0
4145,-37.0,-73.0,-33.0,35.0,75.0,-37.0,3.0,13.0,37.0,5.0
4146,-36.0,-72.0,-32.0,36.0,74.0,-38.0,2.0,12.0,36.0,6.0
4147,-37.0,-71.0,-33.0,37.0,73.0,-37.0,1.0,13.0,35.0,7.0
4148,-38.0,-72.0,-34.0,36.0,74.0,-36.0,2.0,14.0,34.0,6.0
4149,-39.0,-73.0,-35.0,35.0,73.0,-37.0,1.0,13.0,33.0,5.0
4150,-38.0,-74.0,-34.0,34.0,74.0,-38.0,0.0,14.0,32.0,6.0
4151,-39.0,-75.0,-35.0,33.0,73.0,-39.0,-1.0,15.0,33.0,7.0
4152,-40.0,-74.0,-36.0,32.0,74.0,-40.0,0.0,16.0,32.0,8.0
4153,-39.0,-75.0,-37.0,33.0,75.0,-41.0,-1.0,17.0,33.0,7.0
4154,-40.0,-74.0,-38.0,34.0,74.0,-40.0,-2.0,18.0,32.0,8.0
4155,-39.0,-75.0,-37.0,33.0,75.0,-41.0,-1.0,19.0,31.0,9.0
4156,-40.0,-74.0,-36.0,32.0,76.0,-40.0,-2.0,20.0,32.0,8.0
4157,-39.0,-73.0,-35.0,33.0,75.0,-41.0,-3.0,19.0,31.0,9.0
4158,-40.0,-72.0,-36.0,34.0,74.0,-40.0,-4.0,18.0,32.0,8.0
4159,-41.0,-73.0,-35.0,35.0,73.0,-41.0,-5.0,19.0,33.0,7.0
4160,-42.0,-74.0,-36.0,34.0,72.0,-42.0,-6.0,18.0,32.0,6.0
4161,-43.0,-75.0,-37.0,33.0,73.0,-41.0,-5.0,19.0,33.0,5.0
4162,-42.0,-74.0,-36.0,34.0,74.0,-42.0,-6.0,18.0,32.0,4.0
4163,-41.0,-73.0,-35.0,35.0,75.0,-41.0,-5.0,19.0,33.0,5.0
4164,-42.0,-74.0,-36.0,36.0,76.0,-40.0,-6.0,18.0,32.0,6.0
4165,-43.0,-75.0,-35.0,37.0,77.0,-41.0,-7.0,19.0,33.0,7.0
4166,-42.0,-76.0,-34.0,36.0,78.0,-42.0,-6.0,18.0,34.0,6.0
4167,-43.0,-75.0,-35.0,37.0,77.0,-41.0,-7.0,19.0,33.0,7.0
4168,-44.0,-74.0,-36.0,38.0,76.0,-40.0,-8.0,20.0,32.0,8.0
4169,-43.0,-75.0,-35.0,37.0,77.0,-41.0,-7.0,19.0,33.0,7.0
4170,-44.0,-76.0,-36.0,36.0,78.0,-40.0,-6.0,20.0,34.0,6.0
4171,-43.0,-77.0,-35.0,35.0,79.0,-41.0,-5.0,21.0,33.0,7.0
4172,-44.0,-76.0,-36.0,36.0,78.0,-40.0,-6.0,22.0,32.0,8.0
4173,-43.0,-77.0,-35.0,37.0,77.0,-39.0,-7.0,21.0,33.0,7.0
4174,-42.0,-78.0,-34.0,36.0,78.0,-40.0,-6.0,20.0,34.0,6.0
4175,-43.0,-79.0,-33.0,37.0,77.0,-41.0,-7.0,21.0,35.0,5.0
4176,-42.0,-80.0,-32.0,36.0,76.0,-40.0,-8.0,22.0,36.0,4.0
4177,-41.0,-81.0,-31.0,35.0,77.0,-39.0,-9.0,23.0,35.0,5.0
4178,-42.0,-80.0,-32.0,36.0,76.0,-40.0,-8.0,22.0,36.0,4.0
4179,-41.0,-81.0,-31.0,35.0,77.0,-41.0,-7.0,21.0,37.0,3.0
4180,-42.0,-82.0,-32.0,34.0,76.0,-42.0,-8.0,22.0,38.0,4.0
4181,-43.0,-83.0,-31.0,35.0,77.0,-43.0,-9.0,23.0,39.0,5.0
4182,-42.0,-84.0,-32.0,36.0,76.0,-44.0,-8.0,22.0,38.0,6.0
4183,-41.0,-85.0,-31.0,35.0,75.0,-43.0,-9.0,23.0,39.0,5.0
4184,-40.0,-84.0,-30.0,36.0,76.0,-42.0,-8.0,24.0,40.0,6.0
4185,-41.0,-83.0,-31.0,37.0,77.0,-43.0,-7.0,23.0,41.0,7.0
4186,-42.0,-82.0,-32.0,36.0,78.0,-44.0,-6.0,24.0,40.0,8.0
4187,-41.0,-81.0,-33.0,35.0,79.0,-43.0,-7.0,23.0,41.0,9.0
4188,-42.0,-80.0,-34.0,34.0,80.0,-44.0,-8.0,24.0,40.0,8.0
4189,-41.0,-79.0,-33.0,35.0,81.0,-43.0,-7.0,25.0,41.0,9.0
4190,-40.0,-78.0,-34.0,34.0,82.0,-42.0,-8.0,24.0,42.0,10.0
4191,-41.0,-77.0,-35.0,33.0,83.0,-43.0,-7.0,25.0,41.0,11.0
4192,-40.0,-76.0,-36.0,32.0,82.0,-42.0,-6.0,26.0,40.0,10.0
4193,-39.0,-75.0,-37.0,31.0,83.0,-41.0,-7.0,25.0,41.0,11.0
4194,-40.0,-74.0,-38.0,32.0,82.0,-40.0,-6.0,24.0,42.0,10.0
4195,-39.0,-73.0,-39.0,31.0,83.0,-39.0,-7.0,23.0,41.0,11.0
4196,-38.0,-72.0,-38.0,32.0,84.0,-38.0,-6.0,24.0,42.0,12.0
4197,-39.0,-73.0,-39.0,31.0,83.0,-39.0,-7.0,23.0,43.0,13.0
4198,-38.0,-72.0,-38.0,32.0,84.0,-38.0,-6.0,24.0,44.0,14.0
4199,-37.0,-71.0,-37.0,31.0,83.0,-39.0,-7.0,25.0,45.0,15.0
4200,-36.0,-70.0,-38.0,30.0,82.0,-38.0,-6.0,26.0,44.0,14.0
4201,-35.0,-71.0,-39.0,31.0,83.0,-39.0,-7.0,27.0,45.0,13.0
4202,-36.0,-72.0,-38.0,32.0,82.0,-40.0,-6.0,28.0,44.0,12.0
4203,-35.0,-71.0,-37.0,33.0,83.0,-39.0,-5.0,29.0,43.0,11.0
4204,-36.0,-70.0,-38.0,32.0,84.0,-40.0,-6.0,30.0,42.0,10.0
4205,-35.0,-71.0,-39.0,33.0,83.0,-41.0,-5.0,31.0,41.0,11.0
4206,-36.0,-70.0,-38.0,32.0,82.0,-40.0,-6.0,30.0,42.0,12.0
4207,-37.0,-71.0,-39.0,33.0,83.0,-39.0,-7.0,29.0,41.0,13.0
4208,-38.0,-72.0,-38.0,34.0,82.0,-40.0,-6.0,30.0,40.0,12.0
4209,-37.0,-71.0,-37.0,35.0,83.0,-39.0,-5.0,31.0,41.0,13.0
4210,-38.0,-70.0,-38.0,36.0,82.0,-40.0,-4.0,30.0,42.0,12.0
4211,-39.0,-69.0,-39.0,37.0,81.0,-39.0,-5.0,31.0,41.0,13.0
4212,-38.0,-70.0,-40.0,38.0,82.0,-40.0,-6.0,32.0,42.0,12.0
4213,-39.0,-71.0,-41.0,37.0,83.0,-39.0,-5.0,33.0,43.0,11.0
4214,-40.0,-72.0,-40.0,38.0,84.0,-40.0,-6.0,32.0,44.0,12.0
4215,-41.0,-73.0,-41.0,37.0,85.0,-39.0,-5.0,33.0,43.0,11.0
4216,-40.0,-74.0,-40.0,36.0,84.0,-38.0,-6.0,34.0,42.0,10.0
4217,-41.0,-75.0,-41.0,35.0,83.0,-39.0,-7.0,33.0,41.0,11.0
4218,-42.0,-76.0,-40.0,36.0,84.0,-40.0,-8.0,32.0,42.0,12.0
4219,-43.0,-77.0,-39.0,37.0,83.0,-41.0,-7.0,33.0,41.0,11.0
4220,-44.0,-76.0,-38.0,36.0,82.0,-40.0,-6.0,32.0,40.0,12.0
4221,-43.0,-75.0,-37.0,37.0,83.0,-39.0,-5.0,33.0,41.0,13.0
4222,-44.0,-74.0,-36.0,36.0,84.0,-38.0,-6.0,34.0,42.0,12.0
4223,-45.0,-75.0,-37.0,37.0,85.0,-37.0,-7.0,33.0,41.0,13.0
4224,-44.0,-74.0,-38.0,36.0,86.0,-36.0,-6.0,32.0,40.0,14.0
4225,-45.0,-75.0,-39.0,37.0,87.0,-35.0,-7.0,31.0,39.0,15.0
4226,-46.0,-76.0,-38.0,38.0,88.0,-36.0,-8.0,30.0,40.0,16.0
4227,-45.0,-75.0,-39.0,37.0,87.0,-35.0,-7.0,31.0,39.0,15.0
4228,-46.0,-76.0,-40.0,36.0,86.0,-36.0,-8.0,30.0,40.0,16.0
4229,-45.0,-77.0,-39.0,37.0,85.0,-35.0,-9.0,29.0,41.0,15.0
4230,-44.0,-76.0,-38.0,38.0,86.0,-34.0,-8.0,30.0,42.0,16.0
4231,-45.0,-77.0,-39.0,37.0,85.0,-35.0,-9.0,29.0,41.0,15.0
4232,-46.0,-76.0,-40.0,36.0,86.0,-36.0,-8.0,30.0,40.0,16.0
4233,-47.0,-77.0,-41.0,35.0,85.0,-35.0,-7.0,31.0,41.0,17.0
4234,-48.0,-76.0,-42.0,34.0,86.0,-36.0,-8.0,32.0,40.0,18.0
4235,-49.0,-77.0,-43.0,35.0,87.0,-35.0,-9.0,31.0,39.0,19.0
4236,-48.0,-78.0,-44.0,36.0,88.0,-36.0,-8.0,32.0,38.0,18.0
4237,-47.0,-77.0,-43.0,37.0,89.0,-35.0,-7.0,33.0,39.0,19.0
4238,-46.0,-76.0,-44.0,36.0,90.0,-34.0,-6.0,32.0,38.0,20.0
4239,-45.0,-75.0,-45.0,35.0,89.0,-33.0,-5.0,33.0,37.0,19.0
4240,-44.0,-74.0,-44.0,34.0,88.0,-34.0,-4.0,34.0,38.0,20.0
4241,-45.0,-75.0,-45.0,33.0,87.0,-35.0,-5.0,33.0,37.0,21.0
4242,-44.0,-76.0,-44.0,32.0,88.0,-36.0,-4.0,32.0,38.0,20.0
4243,-45.0,-75.0,-45.0,33.0,87.0,-35.0,-5.0,31.0,39.0,19.0
4244,-46.0,-76.0,-46.0,32.0,88.0,-34.0,-4.0,32.0,40.0,18.0
4245,-45.0,-75.0,-45.0,31.0,87.0,-35.0,-5.0,33.0,41.0,19.0
4246,-44.0,-76.0,-44.0,30.0,86.0,-34.0,-6.0,34.0,42.0,18.0
4247,-43.0,-77.0,-45.0,31.0,85.0,-35.0,-5.0,33.0,41.0,19.0
4248,-44.0,-78.0,-46.0,30.0,84.0,-36.0,-4.0,34.0,42.0,20.0
4249,-43.0,-77.0,-45.0,29.0,83.0,-37.0,-5.0,35.0,43.0,21.0
4250,-44.0,-78.0,-44.0,30.0,82.0,-38.0,-4.0,36.0,42.0,20.0
4251,-43.0,-79.0,-43.0,31.0,81.0,-37.0,-5.0,35.0,43.0,19.0
4252,-44.0,-80.0,-44.0,30.0,80.0,-38.0,-6.0,34.0,42.0,18.0
4253,-45.0,-79.0,-45.0,31.0,81.0,-39.0,-5.0,33.0,41.0,19.0
4254,-44.0,-80.0,-46.0,32.0,82.0,-40.0,-6.0,34.0,42.0,18.0
4255,-45.0,-81.0,-47.0,31.0,83.0,-39.0,-5.0,35.0,43.0,17.0
4256,-46.0,-80.0,-48.0,32.0,82.0,-38.0,-6.0,36.0,42.0,18.0
4257,-45.0,-81.0,-47.0,31.0,83.0,-39.0,-5.0,37.0,41.0,19.0
4258,-46.0,-82.0,-48.0,30.0,84.0,-38.0,-4.0,38.0,40.0,18.0
4259,-45.0,-81.0,-47.0,31.0,85.0,-37.0,-3.0,39.0,41.0,19.0
4260,-46.0,-82.0,-48.0,30.0,84.0,-36.0,-2.0,40.0,42.0,20.0
4261,-45.0,-83.0,-47.0,31.0,83.0,-35.0,-3.0,39.0,43.0,19.0
4262,-46.0,-84.0,-48.0,32.0,84.0,-34.0,-2.0,38.0,42.0,18.0
4263,-47.0,-85.0,-49.0,31.0,83.0,-35.0,-3.0,37.0,41.0,17.0
4264,-48.0,-84.0,-50.0,32.0,82.0,-36.0,-2.0,36.0,42.0,16.0
4265,-49.0,-85.0,-51.0,33.0,83.0,-35.0,-1.0,35.0,41.0,15.0
4266,-50.0,-86.0,-52.0,32.0,82.0,-34.0,0.0,36.0,42.0,16.0
4267,-51.0,-85.0,-53.0,33.0,83.0,-35.0,1.0,35.0,41.0,17.0
4268,-50.0,-84.0,-52.0,34.0,84.0,-36.0,0.0,34.0,40.0,16.0
4269,-51.0,-85.0,-53.0,33.0,83.0,-37.0,-1.0,33.0,39.0,15.0
4270,-52.0,-86.0,-52.0,34.0,84.0,-38.0,-2.0,32.0,40.0,16.0
4271,-51.0,-85.0,-51.0,35.0,85.0,-37.0,-1.0,33.0,41.0,15.0
4272,-52.0,-86.0,-52.0,34.0,86.0,-36.0,0.0,34.0,42.0,14.0
4273,-53.0,-87.0,-51.0,35.0,85.0,-37.0,1.0,35.0,41.0,13.0
4274,-52.0,-88.0,-50.0,34.0,86.0,-38.0,0.0,36.0,40.0,14.0
4275,-51.0,-89.0,-49.0,33.0,85.0,-37.0,-1.0,37.0,39.0,13.0
4276,-50.0,-88.0,-48.0,34.0,86.0,-38.0,-2.0,36.0,38.0,12.0
4277,-51.0,-87.0,-49.0,33.0,87.0,-39.0,-3.0,37.0,37.0,11.0
4278,-50.0,-86.0,-48.0,32.0,86.0,-40.0,-4.0,38.0,38.0,12.0
4279,-49.0,-87.0,-47.0,31.0,87.0,-39.0,-5.0,39.0,37.0,13.0
4280,-50.0,-88.0,-48.0,30.0,86.0,-40.0,-6.0,38.0,38.0,14.0
4281,-51.0,-87.0,-47.0,29.0,85.0,-39.0,-5.0,37.0,37.0,15.0
4282,-50.0,-88.0,-48.0,30.0,86.0,-40.0,-6.0,38.0,38.0,14.0
4283,-49.0,-87.0,-49.0,29.0,87.0,-39.0,-7.0,37.0,39.0,15.0
4284,-48.0,-86.0,-50.0,28.0,88.0,-38.0,-6.0,36.0,38.0,16.0
4285,-47.0,-85.0,-49.0,29.0,89.0,-39.0,-7.0,35.0,37.0,15.0
4286,-48.0,-86.0,-48.0,30.0,88.0,-40.0,-8.0,36.0,38.0,14.0
4287,-49.0,-87.0,-47.0,31.0,89.0,-41.0,-9.0,37.0,39.0,15.0
4288,-48.0,-86.0,-48.0,30.0,88.0,-40.0,-8.0,38.0,38.0,14.0
4289,-47.0,-85.0,-47.0,29.0,87.0,-41.0,-7.0,39.0,39.0,13.0
4290,-46.0,-86.0,-48.0,30.0,88.0,-42.0,-8.0,40.0,40.0,12.0
4291,-47.0,-85.0,-49.0,31.0,87.0,-41.0,-9.0,41.0,39.0,13.0
4292,-46.0,-84.0,-50.0,30.0,88.0,-40.0,-10.0,40.0,40.0,14.0
4293,-45.0,-85.0,-49.0,29.0,89.0,-39.0,-11.0,41.0,39.0,15.0
4294,-46.0,-84.0,-48.0,28.0,90.0,-38.0,-12.0,40.0,40.0,14.0
4295,-45.0,-83.0,-47.0,29.0,91.0,-37.0,-11.0,41.0,41.0,15.0
4296,-44.0,-84.0,-46.0,30.0,90.0,-36.0,-10.0,40.0,42.0,14.0
4297,-43.0,-85.0,-45.0,29.0,91.0,-37.0,-9.0,39.0,43.0,13.0
4298,-42.0,-84.0,-46.0,28.0,92.0,-36.0,-8.0,38.0,42.0,14.0
4299,-41.0,-83.0,-45.0,29.0,93.0,-37.0,-9.0,37.0,41.0,13.0
4300,-42.0,-84.0,-46.0,30.0,94.0,-36.0,-8.0,36.0,40.0,12.0
4301,-43.0,-85.0,-47.0,29.0,93.0,-37.0,-9.0,35.0,39.0,11.0
4302,-44.0,-84.0,-48.0,30.0,94.0,-38.0,-8.0,34.0,40.0,12.0
4303,-43.0,-85.0,-47.0,29.0,95.0,-39.0,-7.0,33.0,41.0,11.0
4304,-44.0,-84.0,-46.0,28.0,96.0,-38.0,-8.0,34.0,42.0,10.0
4305,-43.0,-85.0,-45.0,27.0,97.0,-39.0,-7.0,33.0,43.0,9.0
4306,-44.0,-86.0,-46.0,26.0,98.0,-38.0,-6.0,34.0,42.0,8.0
4307,-45.0,-87.0,-45.0,27.0,97.0,-39.0,-5.0,35.0,41.0,7.0
4308,-44.0,-86.0,-44.0,28.0,98.0,-38.0,-4.0,36.0,42.0,8.0
4309,-45.0,-85.0,-45.0,29.0,97.0,-39.0,-3.0,35.0,43.0,7.0
4310,-44.0,-84.0,-46.0,28.0,98.0,-38.0,-4.0,34.0,44.0,8.0
4311,-43.0,-83.0,-45.0,27.0,97.0,-39.0,-5.0,35.0,45.0,9.0
4312,-44.0,-82.0,-46.0,28.0,96.0,-38.0,-6.0,36.0,44.0,10.0
4313,-43.0,-83.0,-45.0,27.0,97.0,-39.0,-5.0,35.0,45.0,9.0
4314,-42.0,-84.0,-44.0,26.0,98.0,-40.0,-4.0,34.0,46.0,10.0
4315,-43.0,-83.0,-43.0,25.0,99.0,-39.0,-5.0,33.0,47.0,9.0
4316,-42.0,-82.0,-42.0,24.0,98.0,-40.0,-4.0,34.0,48.0,8.0
4317,-43.0,-83.0,-41.0,25.0,97.0,-41.0,-3.0,35.0,47.0,7.0
4318,-42.0,-84.0,-40.0,24.0,98.0,-42.0,-2.0,34.0,48.0,6.0
4319,-43.0,-83.0,-41.0,23.0,99.0,-43.0,-3.0,35.0,47.0,5.0
4320,-44.0,-84.0,-40.0,24.0,98.0,-44.0,-2.0,36.0,46.0,4.0
4321,-45.0,-85.0,-41.0,23.0,97.0,-45.0,-3.0,37.0,47.0,5.0
4322,-44.0,-84.0,-42.0,22.0,98.0,-44.0,-4.0,36.0,48.0,6.0
4323,-43.0,-83.0,-41.0,23.0,99.0,-43.0,-5.0,35.0,47.0,5.0
4324,-42.0,-82.0,-42.0,22.0,98.0,-42.0,-4.0,36.0,46.0,4.0
4325,-41.0,-83.0,-43.0,23.0,99.0,-43.0,-5.0,37.0,47.0,3.0
4326,-42.0,-84.0,-42.0,24.0,98.0,-44.0,-4.0,38.0,46.0,2.0
4327,-43.0,-83.0,-43.0,25.0,97.0,-45.0,-3.0,37.0,47.0,1.0
4328,-42.0,-84.0,-42.0,26.0,96.0,-44.0,-4.0,36.0,48.0,0.0
4329,-43.0,-83.0,-43.0,27.0,95.0,-43.0,-5.0,37.0,47.0,1.0
4330,-44.0,-84.0,-42.0,28.0,94.0,-44.0,-4.0,38.0,46.0,0.0
4331,-45.0,-85.0,-43.0,29.0,95.0,-43.0,-5.0,37.0,45.0,1.0
4332,-44.0,-86.0,-42.0,28.0,94.0,-42.0,-6.0,38.0,46.0,0.0
4333,-45.0,-85.0,-43.0,27.0,95.0,-43.0,-5.0,39.0,45.0,1.0
4334,-44.0,-86.0,-44.0,28.0,94.0,-44.0,-4.0,38.0,44.0,2.0
4335,-45.0,-85.0,-45.0,29.0,93.0,-43.0,-5.0,39.0,43.0,1.0
4336,-44.0,-86.0,-46.0,30.0,92.0,-44.0,-4.0,38.0,42.0,2.0
4337,-45.0,-87.0,-47.0,31.0,93.0,-43.0,-3.0,37.0,41.0,1.0
4338,-46.0,-86.0,-48.0,30.0,94.0,-44.0,-2.0,38.0,40.0,2.0
4339,-47.0,-87.0,-49.0,29.0,95.0,-43.0,-1.0,39.0,39.0,1.0
4340,-46.0,-86.0,-48.0,30.0,96.0,-42.0,0.0,40.0,40.0,2.0
4341,-45.0,-85.0,-47.0,31.0,97.0,-41.0,1.0,41.0,41.0,1.0
4342,-44.0,-86.0,-46.0,32.0,96.0,-40.0,0.0,40.0,42.0,0.0
4343,-45.0,-87.0,-47.0,33.0,97.0,-39.0,-1.0,39.0,41.0,1.0
4344,-44.0,-88.0,-46.0,32.0,98.0,-40.0,0.0,38.0,42.0,0.0
4345,-43.0,-87.0,-45.0,33.0,99.0,-39.0,1.0,39.0,43.0,1.0
4346,-44.0,-86.0,-46.0,34.0,100.0,-40.0,2.0,38.0,44.0,2.0
4347,-45.0,-85.0,-47.0,35.0,101.0,-41.0,3.0,37.0,43.0,3.0
4348,-44.0,-84.0,-46.0,36.0,102.0,-40.0,4.0,38.0,42.0,2.0
4349,-43.0,-83.0,-45.0,37.0,103.0,-41.0,3.0,37.0,41.0,1.0
4350,-44.0,-84.0,-46.0,36.0,102.0,-42.0,2.0,38.0,42.0,2.0
4351,-45.0,-85.0,-47.0,35.0,101.0,-43.0,3.0,39.0,43.0,3.0
4352,-46.0,-84.0,-46.0,34.0,102.0,-42.0,2.0,40.0,44.0,2.0
4353,-45.0,-83.0,-47.0,33.0,101.0,-41.0,3.0,39.0,43.0,1.0
4354,-46.0,-84.0,-48.0,32.0,102.0,-40.0,4.0,40.0,42.0,0.0
4355,-45.0,-85.0,-47.0,31.0,103.0,-41.0,5.0,39.0,43.0,-1.0
4356,-44.0,-84.0,-46.0,32.0,104.0,-42.0,4.0,38.0,42.0,-2.0
4357,-45.0,-83.0,-45.0,31.0,103.0,-41.0,3.0,37.0,43.0,-1.0
4358,-46.0,-84.0,-46.0,32.0,104.0,-40.0,4.0,36.0,42.0,-2.0
4359,-47.0,-85.0,-47.0,31.0,103.0,-41.0,3.0,35.0,41.0,-3.0
4360,-46.0,-84.0,-46.0,30.0,102.0,-42.0,4.0,36.0,42.0,-4.0
4361,-47.0,-85.0,-47.0,29.0,101.0,-43.0,3.0,35.0,41.0,-5.0
4362,-46.0,-84.0,-48.0,28.0,102.0,-42.0,2.0,34.0,40.0,-4.0
4363,-47.0,-83.0,-49.0,29.0,101.0,-41.0,1.0,35.0,41.0,-5.0
4364,-48.0,-84.0,-50.0,30.0,102.0,-40.0,0.0,34.0,40.0,-4.0
4365,-47.0,-83.0,-49.0,29.0,101.0,-41.0,1.0,35.0,41.0,-3.0
4366,-46.0,-84.0,-48.0,28.0,100.0,-40.0,0.0,36.0,42.0,-4.0
4367,-45.0,-85.0,-47.0,27.0,101.0,-41.0,1.0,35.0,43.0,-5.0
4368,-46.0,-84.0,-46.0,26.0,100.0,-40.0,2.0,34.0,42.0,-4.0
4369,-45.0,-83.0,-45.0,27.0,99.0,-41.0,1.0,33.0,43.0,-3.0
4370,-44.0,-84.0,-44.0,28.0,98.0,-40.0,0.0,32.0,44.0,-4.0
4371,-45.0,-85.0,-43.0,29.0,99.0,-41.0,-1.0,31.0,45.0,-3.0
4372,-46.0,-86.0,-44.0,28.0,98.0,-42.0,-2.0,30.0,44.0,-4.0
4373,-45.0,-87.0,-45.0,29.0,97.0,-43.0,-1.0,31.0,43.0,-3.0
4374,-46.0,-86.0,-46.0,30.0,96.0,-42.0,-2.0,32.0,42.0,-2.0
4375,-47.0,-87.0,-47.0,29.0,95.0,-43.0,-1.0,33.0,43.0,-1.0
4376,-46.0,-88.0,-46.0,30.0,94.0,-42.0,0.0,32.0,44.0,0.0
4377,-47.0,-89.0,-47.0,29.0,95.0,-41.0,1.0,33.0,43.0,-1.0
4378,-46.0,-88.0,-48.0,28.0,96.0,-40.0,2.0,32.0,42.0,0.0
4379,-45.0,-87.0,-47.0,29.0,97.0,-39.0,3.0,33.0,41.0,-1.0
4380,-46.0,-88.0,-48.0,30.0,98.0,-38.0,4.0,32.0,40.0,-2.0
4381,-47.0,-87.0,-47.0,29.0,99.0,-37.0,3.0,33.0,41.0,-3.0
4382,-46.0,-86.0,-46.0,30.0,98.0,-38.0,2.0,32.0,42.0,-2.0
4383,-45.0,-87.0,-47.0,31.0,97.0,-39.0,3.0,33.0,41.0,-1.0
4384,-46.0,-88.0,-48.0,30.0,96.0,-38.0,4.0,34.0,42.0,0.0
4385,-47.0,-89.0,-47.0,31.0,97.0,-39.0,3.0,33.0,43.0,1.0
4386,-46.0,-90.0,-46.0,30.0,96.0,-38.0,2.0,34.0,44.0,0.0
4387,-45.0,-89.0,-45.0,31.0,97.0,-37.0,3.0,35.0,45.0,1.0
4388,-46.0,-90.0,-44.0,32.0,98.0,-38.0,2.0,36.0,46.0,2.0
4389,-47.0,-89.0,-45.0,33.0,97.0,-37.0,1.0,37.0,45.0,3.0
4390,-46.0,-90.0,-44.0,34.0,96.0,-36.0,0.0,36.0,46.0,2.0
4391,-47.0,-89.0,-45.0,35.0,95.0,-35.0,-1.0,37.0,45.0,3.0
4392,-48.0,-88.0,-46.0,36.0,94.0,-34.0,-2.0,38.0,44.0,4.0
4393,-49.0,-87.0,-47.0,37.0,95.0,-35.0,-1.0,37.0,43.0,5.0
4394,-50.0,-86.0,-48.0,38.0,94.0,-34.0,-2.0,38.0,44.0,4.0
4395,-49.0,-85.0,-49.0,37.0,93.0,-33.0,-1.0,37.0,43.0,3.0
4396,-48.0,-84.0,-48.0,38.0,92.0,-34.0,-2.0,36.0,44.0,4.0
4397,-49.0,-85.0,-49.0,37.0,91.0,-35.0,-1.0,37.0,45.0,5.0
4398,-50.0,-86.0,-48.0,38.0,90.0,-36.0,0.0,38.0,46.0,4.0
4399,-49.0,-87.0,-47.0,37.0,91.0,-37.0,1.0,37.0,47.0,5.0
4400,-48.0,-86.0,-46.0,36.0,90.0,-38.0,0.0,38.0,48.0,6.0
4401,-47.0,-85.0,-45.0,37.0,91.0,-37.0,1.0,37.0,47.0,5.0
4402,-48.0,-84.0,-46.0,38.0,90.0,-36.0,0.0,38.0,48.0,4.0
4403,-47.0,-83.0,-47.0,37.0,91.0,-35.0,-1.0,37.0,49.0,5.0
4404,-46.0,-82.0,-48.0,36.0,92.0,-34.0,-2.0,36.0,50.0,6.0
4405,-47.0,-83.0,-47.0,37.0,91.0,-35.0,-1.0,37.0,49.0,5.0
4406,-48.0,-84.0,-48.0,36.0,90.0,-36.0,-2.0,36.0,48.0,4.0
4407,-47.0,-85.0,-47.0,37.0,89.0,-35.0,-1.0,35.0,49.0,5.0
4408,-48.0,-86.0,-48.0,36.0,88.0,-36.0,-2.0,34.0,48.0,4.0
4409,-49.0,-85.0,-47.0,35.0,89.0,-35.0,-3.0,35.0,49.0,3.0
4410,-48.0,-86.0,-46.0,34.0,90.0,-34.0,-4.0,36.0,48.0,4.0
4411,-47.0,-87.0,-47.0,35.0,89.0,-35.0,-3.0,37.0,47.0,5.0
4412,-48.0,-86.0,-48.0,34.0,90.0,-36.0,-2.0,38.0,46.0,6.0
4413,-47.0,-85.0,-47.0,35.0,91.0,-35.0,-3.0,37.0,45.0,5.0
4414,-48.0,-84.0,-48.0,36.0,92.0,-36.0,-2.0,36.0,44.0,6.0
4415,-49.0,-83.0,-49.0,37.0,91.0,-35.0,-3.0,37.0,43.0,7.0
4416,-50.0,-82.0,-50.0,38.0,90.0,-34.0,-2.0,36.0,44.0,6.0
4417,-49.0,-83.0,-49.0,39.0,89.0,-33.0,-3.0,35.0,45.0,5.0
4418,-48.0,-82.0,-48.0,40.0,90.0,-32.0,-2.0,36.0,46.0,4.0
4419,-49.0,-81.0,-47.0,39.0,89.0,-31.0,-3.0,35.0,47.0,5.0
4420,-50.0,-82.0,-46.0,40.0,90.0,-32.0,-4.0,34.0,48.0,6.0
4421,-51.0,-83.0,-45.0,41.0,89.0,-33.0,-3.0,35.0,47.0,5.0
4422,-52.0,-82.0,-44.0,40.0,88.0,-32.0,-2.0,34.0,48.0,6.0
4423,-51.0,-83.0,-43.0,41.0,87.0,-31.0,-3.0,33.0,49.0,5.0
4424,-52.0,-82.0,-44.0,42.0,88.0,-32.0,-2.0,32.0,48.0,6.0
4425,-51.0,-83.0,-45.0,43.0,87.0,-33.0,-1.0,31.0,47.0,7.0
4426,-52.0,-84.0,-46.0,42.0,86.0,-34.0,-2.0,30.0,46.0,6.0
4427,-51.0,-83.0,-45.0,43.0,87.0,-33.0,-1.0,31.0,45.0,5.0
4428,-50.0,-84.0,-44.0,44.0,86.0,-32.0,-2.0,30.0,46.0,4.0
4429,-51.0,-85.0,-45.0,43.0,85.0,-33.0,-1.0,31.0,47.0,5.0
4430,-50.0,-86.0,-44.0,42.0,86.0,-34.0,0.0,30.0,48.0,4.0
4431,-51.0,-87.0,-45.0,41.0,85.0,-35.0,-1.0,29.0,47.0,3.0
4432,-50.0,-86.0,-44.0,42.0,86.0,-36.0,-2.0,28.0,46.0,2.0
4433,-51.0,-87.0,-43.0,43.0,85.0,-37.0,-1.0,29.0,45.0,1.0
4434,-52.0,-88.0,-44.0,44.0,86.0,-36.0,0.0,28.0,44.0,0.0
4435,-53.0,-89.0,-43.0,45.0,87.0,-37.0,-1.0,27.0,45.0,1.0
4436,-52.0,-90.0,-44.0,46.0,88.0,-38.0,-2.0,28.0,44.0,0.0
4437,-51.0,-89.0,-43.0,47.0,87.0,-39.0,-3.0,27.0,45.0,1.0
4438,-52.0,-90.0,-42.0,48.0,88.0,-40.0,-4.0,28.0,46.0,2.0
4439,-51.0,-89.0,-41.0,47.0,87.0,-41.0,-3.0,29.0,47.0,1.0
4440,-52.0,-90.0,-40.0,48.0,88.0,-42.0,-4.0,30.0,48.0,2.0
4441,-53.0,-91.0,-39.0,49.0,87.0,-43.0,-3.0,31.0,47.0,1.0
4442,-54.0,-90.0,-40.0,50.0,86.0,-42.0,-4.0,32.0,46.0,0.0
4443,-53.0,-91.0,-39.0,49.0,87.0,-43.0,-3.0,31.0,47.0,1.0
4444,-54.0,-92.0,-38.0,50.0,86.0,-44.0,-4.0,32.0,48.0,0.0
4445,-53.0,-91.0,-37.0,51.0,85.0,-45.0,-5.0,31.0,49.0,1.0
4446,-54.0,-90.0,-36.0,50.0,86.0,-44.0,-6.0,32.0,50.0,0.0
4447,-55.0,-89.0,-35.0,49.0,85.0,-43.0,-7.0,31.0,51.0,1.0
4448,-54.0,-88.0,-34.0,50.0,86.0,-42.0,-6.0,32.0,52.0,2.0
4449,-55.0,-87.0,-33.0,49.0,85.0,-41.0,-5.0,31.0,53.0,3.0
4450,-54.0,-86.0,-32.0,50.0,86.0,-40.0,-6.0,30.0,52.0,2.0
4451,-55.0,-85.0,-31.0,49.0,87.0,-39.0,-7.0,31.0,53.0,1.0
4452,-54.0,-84.0,-30.0,48.0,86.0,-40.0,-8.0,32.0,54.0,2.0
4453,-55.0,-83.0,-31.0,47.0,87.0,-41.0,-7.0,33.0,53.0,3.0
4454,-54.0,-82.0,-30.0,48.0,88.0,-40.0,-6.0,32.0,52.0,2.0
4455,-53.0,-81.0,-29.0,49.0,89.0,-39.0,-5.0,33.0,53.0,3.0
4456,-52.0,-82.0,-28.0,48.0,88.0,-38.0,-6.0,34.0,54.0,2.0
4457,-53.0,-83.0,-29.0,47.0,89.0,-37.0,-5.0,35.0,55.0,1.0
4458,-54.0,-82.0,-28.0,46.0,88.0,-36.0,-6.0,34.0,56.0,2.0
4459,-53.0,-83.0,-27.0,47.0,87.0,-35.0,-7.0,33.0,57.0,1.0
4460,-52.0,-82.0,-28.0,46.0,88.0,-34.0,-8.0,32.0,58.0,2.0
4461,-51.0,-83.0,-27.0,45.0,89.0,-35.0,-7.0,33.0,57.0,3.0
4462,-50.0,-84.0,-26.0,44.0,88.0,-34.0,-8.0,34.0,56.0,2.0
4463,-51.0,-85.0,-25.0,45.0,87.0,-35.0,-7.0,35.0,55.0,1.0
4464,-50.0,-86.0,-26.0,46.0,86.0,-36.0,-6.0,34.0,54.0,2.0
4465,-51.0,-85.0,-27.0,47.0,85.0,-35.0,-7.0,35.0,53.0,1.0
4466,-52.0,-84.0,-26.0,46.0,86.0,-34.0,-8.0,36.0,54.0,0.0
4467,-51.0,-83.0,-25.0,47.0,87.0,-33.0,-7.0,37.0,55.0,1.0
4468,-50.0,-82.0,-26.0,46.0,88.0,-32.0,-8.0,36.0,56.0,2.0
4469,-49.0,-81.0,-25.0,47.0,89.0,-33.0,-9.0,35.0,55.0,1.0
4470,-48.0,-80.0,-24.0,48.0,90.0,-32.0,-8.0,36.0,56.0,2.0
4471,-47.0,-79.0,-25.0,47.0,89.0,-31.0,-7.0,37.0,55.0,1.0
4472,-48.0,-78.0,-26.0,48.0,88.0,-30.0,-8.0,38.0,54.0,2.0
4473,-49.0,-77.0,-27.0,49.0,87.0,-29.0,-9.0,39.0,53.0,3.0
4474,-50.0,-78.0,-28.0,50.0,88.0,-28.0,-10.0,38.0,52.0,2.0
4475,-49.0,-79.0,-27.0,49.0,87.0,-27.0,-11.0,39.0,53.0,1.0
4476,-50.0,-78.0,-28.0,50.0,86.0,-26.0,-12.0,38.0,54.0,0.0
4477,-49.0,-79.0,-27.0,49.0,85.0,-25.0,-13.0,39.0,55.0,-1.0
4478,-50.0,-78.0,-28.0,48.0,86.0,-26.0,-12.0,40.0,54.0,0.0
4479,-49.0,-77.0,-27.0,49.0,87.0,-25.0,-11.0,41.0,55.0,1.0
4480,-50.0,-78.0,-28.0,48.0,86.0,-26.0,-12.0,40.0,54.0,2.0
4481,-51.0,-79.0,-29.0,47.0,85.0,-27.0,-13.0,39.0,53.0,1.0
4482,-52.0,-78.0,-28.0,46.0,84.0,-26.0,-14.0,38.0,54.0,2.0
4483,-53.0,-79.0,-29.0,47.0,85.0,-25.0,-13.0,37.0,53.0,1.0
4484,-54.0,-80.0,-30.0,46.0,86.0,-24.0,-12.0,38.0,52.0,0.0
4485,-55.0,-81.0,-31.0,45.0,87.0,-23.0,-11.0,39.0,53.0,-1.0
4486,-54.0,-80.0,-32.0,44.0,86.0,-22.0,-10.0,40.0,52.0,-2.0
4487,-53.0,-81.0,-31.0,45.0,85.0,-21.0,-11.0,39.0,53.0,-3.0
4488,-54.0,-80.0,-32.0,46.0,84.0,-20.0,-12.0,40.0,54.0,-4.0
4489,-53.0,-81.0,-31.0,45.0,85.0,-21.0,-11.0,39.0,55.0,-5.0
4490,-52.0,-82.0,-30.0,46.0,84.0,-20.0,-10.0,38.0,56.0,-4.0
4491,-51.0,-81.0,-31.0,45.0,85.0,-19.0,-11.0,37.0,57.0,-3.0
4492,-52.0,-80.0,-30.0,44.0,84.0,-18.0,-10.0,36.0,58.0,-2.0
4493,-53.0,-79.0,-29.0,43.0,83.0,-17.0,-9.0,35.0,57.0,-1.0
4494,-54.0,-78.0,-30.0,44.0,82.0,-16.0,-10.0,34.0,58.0,-2.0
4495,-55.0,-79.0,-29.0,45.0,81.0,-17.0,-9.0,35.0,57.0,-3.0
4496,-56.0,-78.0,-30.0,46.0,80.0,-16.0,-8.0,34.0,58.0,-4.0
4497,-55.0,-79.0,-29.0,45.0,79.0,-15.0,-9.0,35.0,57.0,-5.0
4498,-54.0,-80.0,-30.0,46.0,80.0,-16.0,-10.0,36.0,56.0,-6.0
4499,-55.0,-81.0,-31.0,45.0,79.0,-17.0,-11.0,35.0,57.0,-5.0
4500,-54.0,-80.0,-32.0,44.0,78.0,-16.0,-10.0,36.0,56.0,-6.0
4501,-53.0,-79.0,-31.0,45.0,79.0,-17.0,-11.0,35.0,55.0,-7.0
4502,-52.0,-78.0,-32.0,44.0,80.0,-16.0,-10.0,34.0,54.0,-6.0
4503,-51.0,-79.0,-33.0,45.0,79.0,-17.0,-9.0,35.0,53.0,-5.0
4504,-52.0,-80.0,-34.0,44.0,78.0,-18.0,-10.0,34.0,52.0,-6.0
4505,-53.0,-79.0,-35.0,45.0,77.0,-17.0,-11.0,35.0,51.0,-5.0
4506,-52.0,-80.0,-34.0,44.0,78.0,-18.0,-10.0,34.0,52.0,-6.0
4507,-51.0,-79.0,-33.0,45.0,79.0,-17.0,-9.0,33.0,51.0,-7.0
4508,-52.0,-78.0,-34.0,46.0,78.0,-16.0,-10.0,32.0,52.0,-8.0
4509,-51.0,-79.0,-35.0,47.0,79.0,-17.0,-11.0,33.0,53.0,-9.0
4510,-52.0,-78.0,-36.0,48.0,78.0,-16.0,-12.0,34.0,52.0,-8.0
4511,-53.0,-77.0,-35.0,47.0,79.0,-15.0,-13.0,33.0,53.0,-9.0
4512,-54.0,-76.0,-36.0,48.0,78.0,-14.0,-14.0,34.0,54.0,-10.0
4513,-53.0,-77.0,-35.0,47.0,77.0,-13.0,-15.0,35.0,55.0,-11.0
4514,-52.0,-76.0,-34.0,48.0,78.0,-14.0,-16.0,34.0,54.0,-12.0
4515,-51.0,-75.0,-35.0,47.0,77.0,-13.0,-15.0,35.0,53.0,-13.0
4516,-50.0,-74.0,-34.0,48.0,76.0,-14.0,-16.0,34.0,54.0,-12.0
4517,-51.0,-73.0,-35.0,49.0,75.0,-13.0,-17.0,35.0,53.0,-13.0
4518,-50.0,-72.0,-34.0,50.0,74.0,-14.0,-18.0,34.0,54.0,-12.0
4519,-49.0,-71.0,-33.0,51.0,75.0,-13.0,-17.0,35.0,55.0,-11.0
4520,-50.0,-70.0,-34.0,52.0,74.0,-12.0,-18.0,36.0,54.0,-10.0
4521,-49.0,-71.0,-33.0,51.0,75.0,-13.0,-19.0,37.0,53.0,-9.0
4522,-50.0,-72.0,-34.0,50.0,74.0,-14.0,-20.0,36.0,52.0,-10.0
4523,-49.0,-73.0,-33.0,49.0,73.0,-13.0,-21.0,37.0,53.0,-11.0
4524,-48.0,-72.0,-32.0,50.0,72.0,-14.0,-22.0,36.0,54.0,-10.0
4525,-49.0,-73.0,-31.0,51.0,71.0,-15.0,-23.0,37.0,55.0,-11.0
4526,-48.0,-72.0,-30.0,50.0,70.0,-16.0,-24.0,38.0,56.0,-10.0
4527,-47.0,-73.0,-29.0,49.0,71.0,-15.0,-25.0,39.0,55.0,-9.0
4528,-48.0,-72.0,-30.0,48.0,72.0,-16.0,-26.0,40.0,54.0,-10.0
4529,-49.0,-73.0,-29.0,49.0,73.0,-17.0,-27.0,39.0,55.0,-9.0
4530,-50.0,-72.0,-28.0,48.0,74.0,-16.0,-28.0,40.0,56.0,-10.0
4531,-51.0,-73.0,-29.0,49.0,75.0,-15.0,-29.0,39.0,55.0,-9.0
4532,-50.0,-72.0,-28.0,48.0,74.0,-16.0,-28.0,40.0,56.0,-10.0
4533,-49.0,-73.0,-27.0,47.0,75.0,-17.0,-27.0,39.0,57.0,-11.0
4534,-48.0,-74.0,-26.0,46.0,76.0,-18.0,-26.0,40.0,56.0,-10.0
4535,-49.0,-75.0,-25.0,47.0,77.0,-19.0,-27.0,39.0,57.0,-9.0
4536,-50.0,-76.0,-26.0,48.0,78.0,-18.0,-26.0,38.0,56.0,-10.0
4537,-49.0,-75.0,-25.0,49.0,77.0,-19.0,-27.0,37.0,57.0,-9.0
4538,-50.0,-76.0,-26.0,48.0,76.0,-20.0,-28.0,36.0,56.0,-10.0
4539,-49.0,-75.0,-27.0,47.0,75.0,-19.0,-27.0,37.0,55.0,-11.0
4540,-50.0,-74.0,-28.0,46.0,76.0,-20.0,-26.0,38.0,54.0,-10.0
4541,-51.0,-75.0,-29.0,47.0,77.0,-19.0,-27.0,37.0,53.0,-9.0
4542,-50.0,-76.0,-28.0,46.0,76.0,-18.0,-28.0,38.0,54.0,-10.0
4543,-49.0,-77.0,-27.0,47.0,75.0,-17.0,-29.0,37.0,55.0,-11.0
4544,-48.0,-76.0,-26.0,46.0,74.0,-18.0,-28.0,38.0,56.0,-12.0
4545,-49.0,-75.0,-27.0,47.0,73.0,-17.0,-29.0,39.0,55.0,-11.0
4546,-48.0,-74.0,-28.0,46.0,72.0,-16.0,-28.0,40.0,54.0,-12.0
4547,-49.0,-75.0,-29.0,45.0,71.0,-17.0,-29.0,39.0,53.0,-13.0
4548,-50.0,-76.0,-30.0,44.0,70.0,-18.0,-30.0,38.0,52.0,-14.0
4549,-51.0,-75.0,-31.0,43.0,71.0,-19.0,-31.0,39.0,51.0,-13.0
4550,-50.0,-76.0,-30.0,42.0,72.0,-20.0,-32.0,40.0,50.0,-12.0
4551,-49.0,-75.0,-31.0,41.0,71.0,-19.0,-31.0,41.0,49.0,-13.0
4552,-48.0,-74.0,-32.0,40.0,72.0,-18.0,-32.0,40.0,50.0,-12.0
4553,-47.0,-73.0,-31.0,41.0,73.0,-17.0,-31.0,39.0,49.0,-13.0
4554,-48.0,-74.0,-30.0,42.0,72.0,-18.0,-30.0,40.0,48.0,-14.0
4555,-49.0,-73.0,-31.0,43.0,71.0,-17.0,-31.0,41.0,47.0,-13.0
4556,-50.0,-72.0,-32.0,44.0,70.0,-16.0,-32.0,42.0,46.0,-12.0
4557,-51.0,-73.0,-33.0,43.0,69.0,-17.0,-33.0,41.0,45.0,-13.0
4558,-50.0,-74.0,-32.0,42.0,68.0,-16.0,-34.0,42.0,46.0,-14.0
4559,-49.0,-75.0,-33.0,43.0,69.0,-17.0,-33.0,43.0,45.0,-15.0
4560,-48.0,-74.0,-32.0,44.0,70.0,-16.0,-34.0,42.0,44.0,-16.0
4561,-47.0,-73.0,-31.0,45.0,71.0,-15.0,-33.0,43.0,43.0,-17.0
4562,-46.0,-74.0,-30.0,44.0,72.0,-16.0,-32.0,42.0,44.0,-16.0
4563,-47.0,-75.0,-31.0,45.0,73.0,-15.0,-31.0,41.0,43.0,-17.0
4564,-48.0,-74.0,-30.0,44.0,72.0,-14.0,-30.0,40.0,44.0,-16.0
4565,-49.0,-75.0,-31.0,45.0,73.0,-13.0,-29.0,39.0,43.0,-17.0
4566,-50.0,-74.0,-32.0,44.0,74.0,-14.0,-30.0,40.0,42.0,-18.0
4567,-51.0,-73.0,-33.0,43.0,75.0,-15.0,-29.0,41.0,41.0,-17.0
4568,-52.0,-72.0,-34.0,44.0,74.0,-14.0,-28.0,40.0,42.0,-18.0
4569,-51.0,-73.0,-33.0,45.0,73.0,-13.0,-29.0,39.0,43.0,-19.0
4570,-50.0,-72.0,-32.0,46.0,74.0,-12.0,-28.0,40.0,44.0,-18.0
4571,-51.0,-73.0,-31.0,47.0,73.0,-13.0,-29.0,41.0,45.0,-19.0
4572,-50.0,-72.0,-30.0,48.0,74.0,-12.0,-28.0,42.0,46.0,-18.0
4573,-51.0,-71.0,-31.0,49.0,73.0,-11.0,-29.0,43.0,45.0,-17.0
4574,-50.0,-70.0,-30.0,50.0,74.0,-10.0,-30.0,42.0,44.0,-18.0
4575,-51.0,-69.0,-31.0,51.0,73.0,-9.0,-31.0,43.0,43.0,-17.0
4576,-52.0,-70.0,-32.0,50.0,72.0,-10.0,-32.0,42.0,42.0,-16.0
4577,-51.0,-71.0,-31.0,49.0,71.0,-9.0,-33.0,43.0,41.0,-17.0
4578,-52.0,-72.0,-30.0,50.0,72.0,-10.0,-34.0,42.0,42.0,-16.0
4579,-53.0,-71.0,-29.0,49.0,71.0,-9.0,-33.0,41.0,41.0,-15.0
4580,-54.0,-72.0,-30.0,50.0,72.0,-8.0,-32.0,40.0,40.0,-16.0
4581,-53.0,-73.0,-29.0,51.0,71.0,-7.0,-31.0,39.0,41.0,-17.0
4582,-52.0,-74.0,-30.0,52.0,72.0,-8.0,-32.0,40.0,40.0,-18.0
4583,-51.0,-73.0,-29.0,53.0,71.0,-9.0,-33.0,39.0,39.0,-17.0
4584,-50.0,-72.0,-28.0,54.0,72.0,-8.0,-34.0,38.0,38.0,-18.0
4585,-51.0,-73.0,-29.0,53.0,71.0,-9.0,-35.0,39.0,39.0,-17.0
4586,-50.0,-72.0,-30.0,52.0,70.0,-8.0,-34.0,40.0,38.0,-18.0
4587,-49.0,-71.0,-31.0,51.0,71.0,-7.0,-35.0,39.0,37.0,-17.0
4588,-50.0,-72.0,-32.0,50.0,70.0,-8.0,-36.0,38.0,36.0,-18.0
4589,-51.0,-71.0,-31.0,49.0,69.0,-7.0,-35.0,37.0,35.0,-17.0
4590,-52.0,-72.0,-32.0,48.0,68.0,-8.0,-34.0,38.0,36.0,-16.0
4591,-53.0,-73.0,-33.0,49.0,69.0,-7.0,-35.0,37.0,35.0,-15.0
4592,-52.0,-74.0,-32.0,48.0,70.0,-8.0,-34.0,36.0,36.0,-16.0
4593,-53.0,-75.0,-33.0,47.0,69.0,-9.0,-35.0,37.0,37.0,-15.0
4594,-52.0,-74.0,-32.0,46.0,68.0,-10.0,-36.0,38.0,38.0,-14.0
4595,-51.0,-75.0,-31.0,45.0,69.0,-9.0,-37.0,39.0,37.0,-13.0
4596,-50.0,-74.0,-30.0,46.0,70.0,-8.0,-36.0,40.0,36.0,-14.0
4597,-49.0,-73.0,-29.0,45.0,69.0,-9.0,-35.0,41.0,37.0,-15.0
4598,-50.0,-72.0,-30.0,46.0,68.0,-8.0,-36.0,42.0,36.0,-14.0
4599,-49.0,-73.0,-29.0,47.0,67.0,-7.0,-35.0,41.0,37.0,-13.0
4600,-48.0,-74.0,-28.0,48.0,66.0,-6.0,-34.0,40.0,38.0,-14.0
4601,-47.0,-73.0,-29.0,47.0,67.0,-5.0,-35.0,39.0,39.0,-13.0
4602,-46.0,-72.0,-30.0,46.0,66.0,-4.0,-34.0,40.0,38.0,-14.0
4603,-47.0,-71.0,-29.0,45.0,67.0,-3.0,-35.0,39.0,39.0,-15.0
4604,-48.0,-70.0,-30.0,44.0,68.0,-4.0,-36.0,40.0,38.0,-16.0
4605,-47.0,-69.0,-31.0,43.0,69.0,-3.0,-35.0,39.0,37.0,-15.0
4606,-46.0,-68.0,-32.0,42.0,70.0,-2.0,-36.0,38.0,36.0,-14.0
4607,-47.0,-69.0,-33.0,41.0,69.0,-3.0,-37.0,37.0,35.0,-15.0
4608,-48.0,-70.0,-34.0,42.0,70.0,-2.0,-36.0,36.0,34.0,-16.0
4609,-47.0,-71.0,-35.0,43.0,71.0,-3.0,-35.0,37.0,33.0,-17.0
4610,-48.0,-72.0,-34.0,44.0,72.0,-4.0,-36.0,38.0,34.0,-16.0
4611,-49.0,-71.0,-35.0,45.0,73.0,-5.0,-35.0,37.0,33.0,-15.0
4612,-50.0,-72.0,-36.0,46.0,74.0,-4.0,-36.0,36.0,32.0,-14.0
4613,-49.0,-73.0,-37.0,47.0,73.0,-5.0,-35.0,37.0,31.0,-13.0
4614,-50.0,-72.0,-36.0,46.0,72.0,-4.0,-34.0,36.0,30.0,-12.0
4615,-49.0,-71.0,-35.0,47.0,73.0,-5.0,-35.0,35.0,29.0,-13.0
4616,-50.0,-72.0,-34.0,48.0,74.0,-6.0,-36.0,34.0,30.0,-12.0
4617,-49.0,-73.0,-33.0,49.0,73.0,-5.0,-35.0,33.0,31.0,-13.0
4618,-48.0,-74.0,-32.0,48.0,72.0,-4.0,-36.0,34.0,32.0,-14.0
4619,-47.0,-75.0,-31.0,47.0,73.0,-5.0,-35.0,33.0,31.0,-13.0
4620,-46.0,-76.0,-32.0,48.0,74.0,-6.0,-36.0,34.0,32.0,-14.0
4621,-45.0,-75.0,-33.0,47.0,73.0,-5.0,-35.0,35.0,31.0,-15.0
4622,-44.0,-76.0,-32.0,46.0,74.0,-6.0,-34.0,34.0,32.0,-16.0
4623,-45.0,-75.0,-33.0,47.0,73.0,-5.0,-35.0,35.0,31.0,-15.0
4624,-46.0,-74.0,-32.0,46.0,72.0,-4.0,-34.0,34.0,30.0,-14.0
4625,-47.0,-73.0,-31.0,45.0,71.0,-3.0,-33.0,33.0,29.0,-13.0
4626,-48.0,-72.0,-30.0,44.0,70.0,-2.0,-34.0,32.0,30.0,-12.0
4627,-49.0,-73.0,-31.0,43.0,71.0,-1.0,-33.0,33.0,29.0,-13.0
4628,-48.0,-74.0,-30.0,42.0,72.0,0.0,-34.0,34.0,28.0,-12.0
4629,-49.0,-73.0,-31.0,41.0,73.0,-1.0,-33.0,35.0,27.0,-11.0
4630,-48.0,-74.0,-30.0,42.0,72.0,0.0,-32.0,34.0,28.0,-10.0
4631,-47.0,-75.0,-31.0,43.0,73.0,-1.0,-31.0,35.0,27.0,-11.0
4632,-46.0,-76.0,-32.0,44.0,72.0,-2.0,-30.0,36.0,26.0,-10.0
4633,-45.0,-77.0,-33.0,45.0,73.0,-3.0,-31.0,37.0,25.0,-11.0
4634,-44.0,-76.0,-32.0,44.0,72.0,-4.0,-30.0,38.0,26.0,-10.0
4635,-45.0,-77.0,-33.0,45.0,73.0,-3.0,-29.0,37.0,25.0,-11.0
4636,-44.0,-76.0,-34.0,44.0,72.0,-2.0,-28.0,38.0,24.0,-12.0
4637,-43.0,-75.0,-33.0,45.0,73.0,-3.0,-29.0,37.0,23.0,-13.0
4638,-42.0,-74.0,-34.0,44.0,74.0,-2.0,-28.0,36.0,22.0,-12.0
4639,-41.0,-75.0,-35.0,45.0,75.0,-3.0,-29.0,37.0,23.0,-13.0
4640,-42.0,-74.0,-34.0,44.0,76.0,-2.0,-30.0,38.0,24.0,-14.0
4641,-41.0,-75.0,-33.0,45.0,75.0,-1.0,-31.0,37.0,25.0,-15.0
4642,-42.0,-74.0,-34.0,46.0,74.0,-2.0,-30.0,36.0,26.0,-16.0
4643,-43.0,-75.0,-35.0,47.0,75.0,-1.0,-31.0,35.0,25.0,-15.0
4644,-44.0,-74.0,-36.0,46.0,76.0,-2.0,-32.0,36.0,24.0,-16.0
4645,-45.0,-73.0,-35.0,45.0,75.0,-1.0,-33.0,35.0,25.0,-15.0
4646,-46.0,-74.0,-36.0,44.0,74.0,-2.0,-34.0,34.0,24.0,-16.0
4647,-45.0,-75.0,-35.0,43.0,75.0,-3.0,-33.0,33.0,25.0,-17.0
4648,-46.0,-74.0,-36.0,44.0,74.0,-2.0,-34.0,32.0,26.0,-18.0
4649,-47.0,-75.0,-35.0,45.0,75.0,-3.0,-35.0,31.0,27.0,-17.0
4650,-46.0,-74.0,-36.0,44.0,76.0,-2.0,-36.0,30.0,28.0,-16.0
4651,-45.0,-73.0,-35.0,43.0,75.0,-3.0,-37.0,31.0,29.0,-15.0
4652,-46.0,-72.0,-36.0,44.0,74.0,-4.0,-36.0,30.0,30.0,-16.0
4653,-45.0,-73.0,-35.0,43.0,73.0,-3.0,-37.0,31.0,29.0,-17.0
4654,-46.0,-72.0,-36.0,44.0,74.0,-4.0,-36.0,30.0,30.0,-16.0
4655,-47.0,-71.0,-37.0,45.0,73.0,-3.0,-37.0,31.0,29.0,-15.0
4656,-48.0,-70.0,-36.0,44.0,72.0,-2.0,-38.0,30.0,30.0,-14.0
4657,-49.0,-71.0,-37.0,43.0,71.0,-3.0,-39.0,29.0,29.0,-15.0
4658,-50.0,-72.0,-36.0,44.0,72.0,-4.0,-40.0,28.0,30.0,-14.0
4659,-51.0,-73.0,-37.0,43.0,71.0,-5.0,-41.0,27.0,29.0,-15.0
4660,-52.0,-72.0,-38.0,44.0,70.0,-4.0,-42.0,28.0,28.0,-14.0
4661,-51.0,-73.0,-37.0,43.0,69.0,-3.0,-43.0,29.0,29.0,-15.0
4662,-50.0,-72.0,-36.0,42.0,68.0,-4.0,-44.0,30.0,30.0,-14.0
4663,-49.0,-71.0,-35.0,43.0,69.0,-3.0,-43.0,31.0,31.0,-13.0
4664,-48.0,-70.0,-34.0,44.0,70.0,-4.0,-44.0,30.0,30.0,-14.0
4665,-47.0,-71.0,-35.0,45.0,69.0,-5.0,-43.0,29.0,29.0,-13.0
4666,-48.0,-72.0,-34.0,46.0,70.0,-6.0,-44.0,30.0,30.0,-12.0
4667,-49.0,-71.0,-35.0,47.0,71.0,-7.0,-43.0,29.0,29.0,-11.0
4668,-50.0,-70.0,-34.0,46.0,72.0,-6.0,-44.0,30.0,30.0,-12.0
4669,-51.0,-69.0,-33.0,45.0,71.0,-5.0,-43.0,29.0,31.0,-11.0
4670,-50.0,-68.0,-34.0,44.0,70.0,-4.0,-42.0,30.0,30.0,-12.0
4671,-51.0,-69.0,-33.0,45.0,71.0,-5.0,-43.0,29.0,31.0,-11.0
4672,-52.0,-70.0,-34.0,46.0,72.0,-4.0,-44.0,28.0,30.0,-10.0
4673,-53.0,-69.0,-33.0,45.0,71.0,-3.0,-43.0,27.0,31.0,-9.0
4674,-52.0,-68.0,-32.0,46.0,70.0,-4.0,-44.0,26.0,32.0,-8.0
4675,-51.0,-67.0,-31.0,47.0,71.0,-3.0,-43.0,27.0,33.0,-7.0
4676,-50.0,-68.0,-30.0,46.0,72.0,-4.0,-42.0,26.0,34.0,-8.0
4677,-51.0,-67.0,-31.0,45.0,73.0,-5.0,-43.0,27.0,33.0,-9.0
4678,-50.0,-68.0,-32.0,46.0,74.0,-6.0,-44.0,28.0,32.0,-10.0
4679,-51.0,-69.0,-33.0,45.0,73.0,-5.0,-43.0,29.0,33.0,-9.0
4680,-50.0,-68.0,-32.0,46.0,74.0,-4.0,-42.0,30.0,34.0,-8.0
4681,-51.0,-67.0,-33.0,47.0,75.0,-5.0,-41.0,29.0,35.0,-7.0
4682,-52.0,-68.0,-34.0,46.0,74.0,-6.0,-40.0,30.0,36.0,-6.0
4683,-53.0,-69.0,-35.0,45.0,73.0,-7.0,-41.0,29.0,35.0,-7.0
4684,-54.0,-70.0,-36.0,44.0,72.0,-6.0,-40.0,30.0,36.0,-6.0
4685,-55.0,-69.0,-35.0,43.0,73.0,-5.0,-41.0,31.0,37.0,-7.0
4686,-56.0,-70.0,-34.0,44.0,72.0,-6.0,-42.0,32.0,38.0,-8.0
4687,-55.0,-69.0,-33.0,43.0,71.0,-7.0,-41.0,33.0,39.0,-9.0
4688,-54.0,-70.0,-32.0,42.0,72.0,-8.0,-40.0,32.0,40.0,-10.0
4689,-53.0,-71.0,-31.0,43.0,71.0,-7.0,-39.0,31.0,41.0,-9.0
4690,-52.0,-70.0,-32.0,42.0,70.0,-6.0,-38.0,32.0,40.0,-10.0
4691,-51.0,-71.0,-31.0,41.0,71.0,-7.0,-37.0,31.0,41.0,-11.0
4692,-52.0,-70.0,-30.0,40.0,70.0,-6.0,-38.0,30.0,42.0,-10.0
4693,-53.0,-71.0,-29.0,41.0,69.0,-7.0,-39.0,31.0,43.0,-11.0
4694,-54.0,-70.0,-30.0,40.0,70.0,-8.0,-38.0,32.0,42.0,-10.0
4695,-55.0,-71.0,-31.0,39.0,69.0,-9.0,-39.0,33.0,43.0,-9.0
4696,-56.0,-72.0,-32.0,38.0,68.0,-10.0,-40.0,34.0,44.0,-8.0
4697,-55.0,-71.0,-33.0,37.0,69.0,-9.0,-39.0,33.0,43.0,-7.0
4698,-54.0,-70.0,-34.0,36.0,68.0,-8.0,-38.0,34.0,42.0,-8.0
4699,-53.0,-69.0,-33.0,37.0,67.0,-9.0,-39.0,33.0,41.0,-7.0
4700,-54.0,-70.0,-34.0,36.0,66.0,-10.0,-40.0,34.0,42.0,-6.0
4701,-53.0,-71.0,-35.0,37.0,67.0,-11.0,-41.0,35.0,41.0,-7.0
4702,-54.0,-72.0,-36.0,38.0,68.0,-10.0,-42.0,34.0,40.0,-6.0
4703,-55.0,-73.0,-37.0,37.0,69.0,-9.0,-41.0,35.0,41.0,-7.0
4704,-54.0,-72.0,-36.0,38.0,70.0,-10.0,-42.0,34.0,40.0,-8.0
4705,-55.0,-73.0,-35.0,39.0,69.0,-11.0,-41.0,35.0,41.0,-9.0
4706,-56.0,-72.0,-36.0,40.0,68.0,-10.0,-42.0,36.0,40.0,-8.0
4707,-55.0,-73.0,-35.0,39.0,69.0,-11.0,-41.0,35.0,41.0,-9.0
4708,-56.0,-72.0,-36.0,40.0,68.0,-12.0,-40.0,34.0,42.0,-10.0
4709,-57.0,-73.0,-37.0,39.0,67.0,-13.0,-41.0,33.0,43.0,-9.0
4710,-56.0,-72.0,-38.0,38.0,66.0,-12.0,-40.0,32.0,42.0,-10.0
4711,-55.0,-73.0,-37.0,37.0,67.0,-13.0,-39.0,31.0,43.0,-11.0
4712,-54.0,-74.0,-36.0,38.0,66.0,-12.0,-40.0,30.0,44.0,-12.0
4713,-53.0,-75.0,-35.0,39.0,65.0,-11.0,-39.0,29.0,45.0,-11.0
4714,-52.0,-74.0,-34.0,40.0,66.0,-10.0,-38.0,30.0,44.0,-12.0
4715,-51.0,-75.0,-33.0,39.0,67.0,-11.0,-37.0,31.0,43.0,-11.0
4716,-50.0,-74.0,-34.0,38.0,66.0,-10.0,-36.0,30.0,42.0,-12.0
4717,-49.0,-75.0,-33.0,37.0,65.0,-9.0,-37.0,31.0,43.0,-13.0
4718,-50.0,-76.0,-32.0,38.0,66.0,-10.0,-38.0,32.0,44.0,-12.0
4719,-49.0,-77.0,-31.0,39.0,65.0,-9.0,-37.0,31.0,45.0,-11.0
4720,-48.0,-78.0,-30.0,40.0,64.0,-8.0,-36.0,30.0,46.0,-10.0
4721,-47.0,-77.0,-29.0,41.0,65.0,-9.0,-37.0,29.0,45.0,-11.0
4722,-46.0,-78.0,-28.0,40.0,66.0,-10.0,-36.0,28.0,46.0,-12.0
4723,-45.0,-79.0,-27.0,39.0,67.0,-11.0,-37.0,29.0,45.0,-11.0
4724,-44.0,-78.0,-26.0,40.0,68.0,-10.0,-36.0,30.0,46.0,-10.0
4725,-43.0,-77.0,-27.0,39.0,69.0,-9.0,-37.0,29.0,47.0,-9.0
4726,-44.0,-78.0,-28.0,40.0,70.0,-8.0,-38.0,28.0,46.0,-10.0
4727,-45.0,-79.0,-29.0,39.0,69.0,-9.0,-39.0,27.0,47.0,-9.0
4728,-44.0,-80.0,-30.0,40.0,68.0,-10.0,-38.0,26.0,46.0,-8.0
4729,-43.0,-81.0,-29.0,41.0,67.0,-9.0,-37.0,25.0,47.0,-9.0
4730,-42.0,-80.0,-28.0,42.0,68.0,-8.0,-36.0,26.0,48.0,-10.0
4731,-43.0,-79.0,-29.0,43.0,67.0,-7.0,-35.0,25.0,49.0,-11.0
4732,-42.0,-78.0,-30.0,42.0,66.0,-6.0,-34.0,24.0,48.0,-12.0
4733,-43.0,-79.0,-31.0,43.0,67.0,-5.0,-35.0,23.0,47.0,-11.0
4734,-44.0,-78.0,-32.0,44.0,66.0,-4.0,-36.0,24.0,46.0,-10.0
4735,-43.0,-79.0,-31.0,45.0,65.0,-3.0,-35.0,23.0,47.0,-9.0
4736,-42.0,-80.0,-30.0,46.0,64.0,-2.0,-34.0,22.0,48.0,-8.0
4737,-41.0,-79.0,-31.0,45.0,65.0,-1.0,-35.0,21.0,49.0,-7.0
4738,-40.0,-80.0,-30.0,46.0,64.0,0.0,-36.0,20.0,50.0,-8.0
4739,-39.0,-81.0,-29.0,45.0,65.0,1.0,-37.0,21.0,49.0,-7.0
4740,-40.0,-80.0,-30.0,44.0,66.0,0.0,-38.0,22.0,48.0,-6.0
4741,-39.0,-81.0,-29.0,45.0,65.0,1.0,-37.0,21.0,49.0,-5.0
4742,-40.0,-82.0,-30.0,44.0,64.0,0.0,-38.0,20.0,48.0,-6.0
4743,-39.0,-81.0,-29.0,43.0,63.0,-1.0,-39.0,21.0,49.0,-5.0
4744,-40.0,-82.0,-30.0,42.0,64.0,0.0,-38.0,22.0,48.0,-6.0
4745,-41.0,-81.0,-31.0,43.0,63.0,1.0,-39.0,23.0,47.0,-5.0
4746,-42.0,-80.0,-32.0,44.0,62.0,2.0,-40.0,24.0,46.0,-4.0
4747,-41.0,-81.0,-31.0,45.0,61.0,3.0,-41.0,23.0,47.0,-5.0
4748,-42.0,-82.0,-32.0,44.0,60.0,2.0,-42.0,22.0,46.0,-6.0
4749,-41.0,-83.0,-33.0,45.0,59.0,1.0,-41.0,23.0,45.0,-5.0
4750,-42.0,-82.0,-32.0,44.0,58.0,2.0,-42.0,22.0,46.0,-4.0
4751,-41.0,-81.0,-31.0,45.0,59.0,3.0,-41.0,23.0,47.0,-5.0
4752,-42.0,-82.0,-32.0,44.0,60.0,4.0,-40.0,24.0,48.0,-6.0
4753,-41.0,-81.0,-33.0,43.0,59.0,5.0,-39.0,25.0,47.0,-7.0
4754,-42.0,-80.0,-34.0,44.0,60.0,4.0,-38.0,24.0,48.0,-6.0
4755,-41.0,-81.0,-33.0,43.0,59.0,5.0,-39.0,25.0,49.0,-7.0
4756,-40.0,-82.0,-34.0,44.0,58.0,4.0,-38.0,24.0,48.0,-6.0
4757,-41.0,-81.0,-35.0,45.0,57.0,5.0,-39.0,25.0,47.0,-5.0
4758,-40.0,-80.0,-34.0,46.0,56.0,4.0,-40.0,24.0,48.0,-4.0
4759,-39.0,-81.0,-33.0,45.0,55.0,5.0,-41.0,25.0,49.0,-5.0
4760,-40.0,-82.0,-34.0,46.0,56.0,6.0,-40.0,24.0,48.0,-6.0
4761,-39.0,-81.0,-35.0,45.0,57.0,7.0,-41.0,23.0,49.0,-5.0
4762,-40.0,-80.0,-36.0,46.0,56.0,8.0,-40.0,22.0,50.0,-6.0
4763,-39.0,-81.0,-35.0,45.0,55.0,9.0,-41.0,23.0,51.0,-7.0
4764,-38.0,-82.0,-34.0,44.0,56.0,8.0,-40.0,22.0,52.0,-8.0
4765,-37.0,-83.0,-33.0,43.0,57.0,7.0,-39.0,21.0,53.0,-7.0
4766,-36.0,-84.0,-34.0,44.0,58.0,6.0,-40.0,22.0,54.0,-8.0
4767,-35.0,-85.0,-33.0,45.0,57.0,7.0,-41.0,21.0,55.0,-9.0
4768,-34.0,-86.0,-34.0,46.0,58.0,6.0,-42.0,22.0,56.0,-10.0
4769,-33.0,-87.0,-33.0,45.0,59.0,5.0,-41.0,21.0,57.0,-11.0
4770,-32.0,-88.0,-32.0,44.0,60.0,6.0,-42.0,22.0,56.0,-10.0
4771,-33.0,-87.0,-33.0,43.0,61.0,5.0,-41.0,23.0,55.0,-9.0
4772,-32.0,-86.0,-32.0,44.0,62.0,6.0,-40.0,24.0,56.0,-8.0
4773,-31.0,-85.0,-31.0,45.0,63.0,7.0,-39.0,23.0,55.0,-9.0
4774,-30.0,-86.0,-30.0,44.0,64.0,6.0,-38.0,22.0,56.0,-10.0
4775,-31.0,-87.0,-29.0,45.0,65.0,5.0,-39.0,23.0,57.0,-9.0
4776,-30.0,-88.0,-28.0,44.0,66.0,4.0,-40.0,24.0,56.0,-8.0
4777,-29.0,-89.0,-29.0,45.0,65.0,3.0,-39.0,23.0,55.0,-7.0
4778,-30.0,-90.0,-30.0,44.0,64.0,2.0,-40.0,24.0,56.0,-6.0
4779,-31.0,-89.0,-31.0,45.0,63.0,3.0,-41.0,25.0,55.0,-5.0
4780,-30.0,-90.0,-30.0,44.0,64.0,2.0,-42.0,26.0,54.0,-4.0
4781,-29.0,-89.0,-29.0,43.0,63.0,1.0,-41.0,27.0,55.0,-5.0
4782,-30.0,-90.0,-30.0,42.0,64.0,2.0,-40.0,28.0,54.0,-6.0
4783,-31.0,-91.0,-31.0,41.0,63.0,1.0,-41.0,27.0,53.0,-7.0
4784,-32.0,-90.0,-30.0,40.0,64.0,2.0,-42.0,28.0,54.0,-8.0
4785,-33.0,-89.0,-31.0,41.0,63.0,3.0,-43.0,29.0,53.0,-7.0
4786,-32.0,-88.0,-32.0,40.0,64.0,4.0,-42.0,28.0,52.0,-6.0
4787,-33.0,-87.0,-33.0,41.0,63.0,3.0,-41.0,27.0,53.0,-7.0
4788,-32.0,-86.0,-34.0,40.0,64.0,4.0,-42.0,26.0,54.0,-6.0
4789,-33.0,-85.0,-35.0,41.0,63.0,3.0,-41.0,25.0,55.0,-7.0
4790,-34.0,-84.0,-36.0,42.0,62.0,4.0,-40.0,24.0,56.0,-8.0
4791,-33.0,-83.0,-35.0,43.0,63.0,5.0,-39.0,25.0,57.0,-7.0
4792,-34.0,-82.0,-34.0,42.0,64.0,6.0,-40.0,24.0,58.0,-8.0
4793,-33.0,-83.0,-35.0,43.0,65.0,5.0,-41.0,25.0,59.0,-9.0
4794,-32.0,-82.0,-34.0,42.0,64.0,4.0,-42.0,26.0,60.0,-8.0
4795,-33.0,-81.0,-35.0,43.0,63.0,5.0,-43.0,27.0,59.0,-7.0
4796,-32.0,-82.0,-34.0,44.0,62.0,6.0,-44.0,26.0,60.0,-8.0
4797,-31.0,-83.0,-33.0,45.0,61.0,7.0,-43.0,25.0,61.0,-7.0
4798,-32.0,-84.0,-34.0,44.0,60.0,6.0,-42.0,26.0,62.0,-6.0
4799,-33.0,-85.0,-35.0,43.0,59.0,5.0,-41.0,27.0,63.0,-5.0
4800,-34.0,-86.0,-36.0,42.0,58.0,4.0,-42.0,26.0,62.0,-4.0
4801,-33.0,-85.0,-37.0,41.0,59.0,5.0,-43.0,25.0,63.0,-3.0
4802,-34.0,-84.0,-38.0,40.0,60.0,4.0,-44.0,26.0,62.0,-4.0
4803,-33.0,-85.0,-39.0,41.0,61.0,3.0,-45.0,27.0,63.0,-5.0
4804,-32.0,-84.0,-38.0,42.0,62.0,4.0,-44.0,28.0,64.0,-4.0
4805,-33.0,-85.0,-37.0,43.0,63.0,3.0,-45.0,29.0,65.0,-3.0
4806,-32.0,-86.0,-36.0,42.0,62.0,4.0,-46.0,30.0,64.0,-4.0
4807,-31.0,-87.0,-35.0,41.0,63.0,5.0,-47.0,31.0,63.0,-3.0
4808,-30.0,-88.0,-34.0,40.0,62.0,6.0,-48.0,32.0,64.0,-4.0
4809,-31.0,-89.0,-35.0,39.0,61.0,5.0,-49.0,31.0,63.0,-3.0
4810,-32.0,-88.0,-34.0,38.0,60.0,6.0,-48.0,30.0,62.0,-2.0
4811,-31.0,-89.0,-33.0,37.0,61.0,5.0,-47.0,29.0,63.0,-3.0
4812,-32.0,-88.0,-34.0,38.0,60.0,6.0,-48.0,30.0,62.0,-2.0
4813,-31.0,-89.0,-35.0,39.0,61.0,5.0,-47.0,31.0,61.0,-3.0
4814,-32.0,-90.0,-34.0,40.0,60.0,4.0,-48.0,32.0,62.0,-4.0
4815,-33.0,-89.0,-33.0,39.0,59.0,5.0,-47.0,31.0,61.0,-3.0
4816,-32.0,-90.0,-32.0,38.0,60.0,6.0,-48.0,32.0,60.0,-2.0
4817,-33.0,-89.0,-31.0,37.0,59.0,7.0,-49.0,31.0,61.0,-1.0
4818,-34.0,-90.0,-30.0,38.0,58.0,6.0,-50.0,32.0,62.0,-2.0
4819,-35.0,-89.0,-31.0,37.0,59.0,5.0,-51.0,33.0,61.0,-3.0
4820,-36.0,-88.0,-32.0,38.0,58.0,4.0,-50.0,32.0,62.0,-4.0
4821,-37.0,-89.0,-33.0,37.0,59.0,5.0,-49.0,33.0,63.0,-5.0
4822,-38.0,-90.0,-32.0,38.0,58.0,4.0,-50.0,34.0,64.0,-6.0
4823,-39.0,-91.0,-31.0,39.0,57.0,3.0,-49.0,35.0,63.0,-7.0
4824,-40.0,-92.0,-30.0,40.0,56.0,2.0,-50.0,36.0,64.0,-8.0
4825,-41.0,-93.0,-29.0,41.0,55.0,1.0,-51.0,37.0,65.0,-9.0
4826,-42.0,-92.0,-30.0,42.0,54.0,0.0,-50.0,36.0,66.0,-10.0
4827,-41.0,-93.0,-29.0,41.0,53.0,1.0,-51.0,37.0,67.0,-11.0
4828,-40.0,-92.0,-28.0,42.0,54.0,2.0,-50.0,38.0,68.0,-10.0
4829,-39.0,-93.0,-27.0,41.0,53.0,3.0,-51.0,39.0,67.0,-11.0
4830,-38.0,-94.0,-26.0,42.0,52.0,4.0,-52.0,38.0,68.0,-12.0
4831,-37.0,-95.0,-25.0,41.0,53.0,3.0,-51.0,37.0,69.0,-13.0
4832,-38.0,-94.0,-26.0,42.0,54.0,2.0,-50.0,36.0,70.0,-12.0
4833,-37.0,-95.0,-25.0,41.0,55.0,1.0,-49.0,35.0,71.0,-11.0
4834,-36.0,-96.0,-26.0,42.0,54.0,0.0,-48.0,36.0,70.0,-10.0
4835,-37.0,-95.0,-27.0,43.0,53.0,1.0,-47.0,35.0,71.0,-11.0
4836,-36.0,-96.0,-26.0,42.0,54.0,0.0,-46.0,34.0,70.0,-10.0
4837,-37.0,-97.0,-27.0,41.0,53.0,-1.0,-45.0,35.0,71.0,-9.0
4838,-36.0,-96.0,-26.0,42.0,54.0,0.0,-46.0,34.0,70.0,-10.0
4839,-37.0,-97.0,-27.0,41.0,53.0,-1.0,-47.0,33.0,69.0,-11.0
4840,-36.0,-96.0,-28.0,40.0,54.0,0.0,-48.0,32.0,70.0,-10.0
4841,-35.0,-95.0,-27.0,41.0,53.0,-1.0,-49.0,31.0,69.0,-9.0
4842,-36.0,-94.0,-26.0,40.0,52.0,0.0,-50.0,30.0,70.0,-8.0
4843,-35.0,-93.0,-25.0,41.0,53.0,1.0,-49.0,31.0,71.0,-7.0
4844,-36.0,-94.0,-26.0,40.0,54.0,2.0,-48.0,32.0,72.0,-8.0
4845,-37.0,-93.0,-25.0,39.0,53.0,3.0,-47.0,31.0,71.0,-7.0
4846,-36.0,-94.0,-24.0,38.0,54.0,2.0,-46.0,32.0,70.0,-6.0
4847,-37.0,-95.0,-25.0,37.0,55.0,3.0,-45.0,33.0,69.0,-7.0
4848,-36.0,-96.0,-24.0,36.0,56.0,2.0,-44.0,32.0,70.0,-8.0
4849,-35.0,-97.0,-25.0,37.0,57.0,1.0,-43.0,33.0,69.0,-9.0
4850,-36.0,-98.0,-26.0,36.0,56.0,0.0,-44.0,32.0,68.0,-10.0
4851,-37.0,-97.0,-27.0,37.0,55.0,1.0,-45.0,33.0,67.0,-9.0
4852,-36.0,-96.0,-26.0,38.0,56.0,2.0,-44.0,34.0,68.0,-8.0
4853,-35.0,-95.0,-27.0,37.0,57.0,3.0,-45.0,33.0,69.0,-7.0
4854,-36.0,-96.0,-26.0,38.0,58.0,2.0,-46.0,32.0,70.0,-6.0
4855,-35.0,-95.0,-27.0,37.0,59.0,3.0,-47.0,31.0,71.0,-5.0
4856,-36.0,-94.0,-28.0,38.0,58.0,4.0,-48.0,32.0,70.0,-4.0
4857,-35.0,-95.0,-29.0,39.0,57.0,3.0,-47.0,33.0,69.0,-3.0
4858,-34.0,-94.0,-28.0,38.0,56.0,2.0,-46.0,34.0,70.0,-4.0
4859,-33.0,-93.0,-29.0,37.0,55.0,3.0,-45.0,33.0,69.0,-5.0
4860,-32.0,-94.0,-28.0,36.0,56.0,2.0,-44.0,32.0,70.0,-6.0
4861,-33.0,-95.0,-29.0,35.0,55.0,1.0,-45.0,31.0,69.0,-7.0
4862,-34.0,-96.0,-30.0,34.0,56.0,2.0,-44.0,32.0,68.0,-8.0
4863,-33.0,-97.0,-29.0,35.0,55.0,3.0,-43.0,31.0,69.0,-7.0
4864,-34.0,-98.0,-30.0,36.0,56.0,4.0,-42.0,30.0,68.0,-8.0
4865,-33.0,-97.0,-29.0,37.0,57.0,5.0,-41.0,31.0,69.0,-7.0
4866,-34.0,-98.0,-28.0,38.0,58.0,4.0,-42.0,30.0,70.0,-6.0
4867,-33.0,-99.0,-27.0,39.0,57.0,5.0,-41.0,29.0,71.0,-7.0
4868,-32.0,-100.0,-26.0,38.0,56.0,6.0,-42.0,30.0,72.0,-8.0
4869,-31.0,-101.0,-27.0,39.0,55.0,5.0,-41.0,29.0,71.0,-7.0
4870,-32.0,-102.0,-28.0,38.0,54.0,4.0,-42.0,28.0,70.0,-8.0
4871,-33.0,-101.0,-29.0,39.0,53.0,5.0,-43.0,27.0,71.0,-9.0
4872,-32.0,-100.0,-28.0,40.0,54.0,6.0,-42.0,26.0,70.0,-10.0
4873,-31.0,-101.0,-29.0,41.0,55.0,5.0,-43.0,27.0,71.0,-11.0
4874,-30.0,-102.0,-28.0,42.0,54.0,6.0,-44.0,26.0,72.0,-12.0
4875,-29.0,-103.0,-27.0,41.0,53.0,7.0,-45.0,27.0,71.0,-13.0
4876,-30.0,-102.0,-26.0,40.0,54.0,8.0,-46.0,26.0,72.0,-14.0
4877,-29.0,-101.0,-27.0,39.0,55.0,9.0,-47.0,25.0,73.0,-13.0
4878,-30.0,-102.0,-28.0,38.0,54.0,8.0,-48.0,24.0,72.0,-14.0
4879,-31.0,-103.0,-27.0,39.0,55.0,7.0,-49.0,23.0,73.0,-13.0
4880,-32.0,-102.0,-28.0,40.0,56.0,6.0,-48.0,22.0,72.0,-12.0
4881,-33.0,-101.0,-29.0,39.0,57.0,5.0,-47.0,23.0,71.0,-11.0
4882,-34.0,-102.0,-30.0,40.0,58.0,6.0,-48.0,22.0,70.0,-10.0
4883,-35.0,-103.0,-31.0,39.0,57.0,5.0,-49.0,21.0,69.0,-11.0
4884,-36.0,-104.0,-32.0,38.0,56.0,4.0,-50.0,20.0,68.0,-12.0
4885,-35.0,-105.0,-31.0,39.0,55.0,5.0,-51.0,19.0,69.0,-13.0
4886,-34.0,-106.0,-30.0,38.0,54.0,6.0,-52.0,20.0,68.0,-14.0
4887,-35.0,-105.0,-31.0,39.0,55.0,5.0,-51.0,19.0,67.0,-13.0
4888,-36.0,-104.0,-30.0,38.0,56.0,6.0,-52.0,18.0,68.0,-14.0
4889,-35.0,-103.0,-31.0,37.0,55.0,7.0,-51.0,19.0,67.0,-15.0
4890,-36.0,-104.0,-32.0,36.0,54.0,8.0,-50.0,20.0,68.0,-14.0
4891,-35.0,-105.0,-31.0,35.0,55.0,7.0,-49.0,21.0,67.0,-13.0
4892,-34.0,-106.0,-30.0,34.0,56.0,6.0,-48.0,20.0,68.0,-14.0
4893,-33.0,-107.0,-31.0,35.0,57.0,5.0,-49.0,21.0,69.0,-15.0
4894,-34.0,-106.0,-30.0,34.0,56.0,6.0,-48.0,20.0,70.0,-14.0
4895,-33.0,-105.0,-29.0,33.0,55.0,5.0,-49.0,21.0,71.0,-13.0
4896,-32.0,-104.0,-28.0,34.0,56.0,6.0,-48.0,22.0,72.0,-12.0
4897,-33.0,-103.0,-27.0,33.0,55.0,7.0,-47.0,21.0,73.0,-11.0
4898,-32.0,-102.0,-26.0,34.0,54.0,6.0,-48.0,20.0,72.0,-10.0
4899,-33.0,-101.0,-25.0,33.0,53.0,7.0,-47.0,19.0,71.0,-9.0
4900,-34.0,-102.0,-24.0,34.0,52.0,6.0,-48.0,20.0,72.0,-10.0
4901,-35.0,-101.0,-25.0,35.0,51.0,7.0,-49.0,21.0,73.0,-11.0
4902,-36.0,-102.0,-24.0,36.0,52.0,6.0,-50.0,20.0,74.0,-10.0
4903,-37.0,-103.0,-25.0,35.0,51.0,5.0,-51.0,19.0,75.0,-9.0
4904,-36.0,-102.0,-24.0,34.0,50.0,4.0,-52.0,20.0,76.0,-8.0
4905,-37.0,-103.0,-25.0,35.0,51.0,5.0,-51.0,19.0,75.0,-9.0
4906,-38.0,-102.0,-26.0,36.0,52.0,4.0,-50.0,18.0,76.0,-8.0
4907,-37.0,-101.0,-27.0,35.0,51.0,5.0,-49.0,19.0,75.0,-9.0
4908,-38.0,-100.0,-28.0,36.0,50.0,6.0,-50.0,20.0,74.0,-8.0
4909,-37.0,-101.0,-27.0,37.0,49.0,7.0,-49.0,19.0,75.0,-9.0
4910,-36.0,-100.0,-28.0,36.0,48.0,8.0,-48.0,20.0,74.0,-10.0
4911,-37.0,-101.0,-29.0,35.0,47.0,7.0,-49.0,21.0,75.0,-9.0
4912,-36.0,-102.0,-28.0,36.0,46.0,8.0,-48.0,20.0,76.0,-8.0
4913,-35.0,-103.0,-29.0,37.0,45.0,7.0,-47.0,19.0,75.0,-7.0
4914,-34.0,-102.0,-30.0,36.0,46.0,8.0,-48.0,18.0,74.0,-6.0
4915,-35.0,-103.0,-31.0,37.0,47.0,9.0,-49.0,17.0,73.0,-5.0
4916,-36.0,-104.0,-32.0,38.0,48.0,10.0,-48.0,16.0,72.0,-6.0
4917,-35.0,-105.0,-31.0,37.0,49.0,9.0,-47.0,15.0,73.0,-5.0
4918,-36.0,-106.0,-32.0,36.0,48.0,8.0,-48.0,14.0,72.0,-6.0
4919,-35.0,-105.0,-33.0,35.0,49.0,9.0,-49.0,13.0,73.0,-5.0
4920,-36.0,-104.0,-34.0,34.0,50.0,8.0,-48.0,14.0,72.0,-4.0
4921,-37.0,-105.0,-35.0,33.0,49.0,7.0,-49.0,13.0,71.0,-5.0
4922,-36.0,-106.0,-34.0,32.0,48.0,8.0,-50.0,14.0,70.0,-6.0
4923,-37.0,-105.0,-35.0,33.0,47.0,9.0,-51.0,15.0,69.0,-5.0
4924,-36.0,-106.0,-34.0,34.0,46.0,10.0,-50.0,14.0,70.0,-4.0
4925,-35.0,-107.0,-33.0,33.0,47.0,9.0,-49.0,13.0,69.0,-3.0
4926,-34.0,-106.0,-34.0,32.0,46.0,10.0,-48.0,14.0,68.0,-4.0
4927,-35.0,-107.0,-33.0,33.0,45.0,9.0,-47.0,15.0,67.0,-5.0
4928,-34.0,-108.0,-32.0,32.0,46.0,8.0,-46.0,14.0,68.0,-6.0
4929,-33.0,-107.0,-33.0,31.0,45.0,9.0,-45.0,15.0,67.0,-7.0
4930,-32.0,-106.0,-32.0,32.0,46.0,10.0,-44.0,16.0,68.0,-6.0
4931,-31.0,-107.0,-31.0,31.0,47.0,9.0,-43.0,15.0,69.0,-7.0
4932,-30.0,-108.0,-32.0,32.0,48.0,8.0,-44.0,16.0,70.0,-8.0
4933,-31.0,-109.0,-33.0,31.0,49.0,9.0,-43.0,17.0,69.0,-9.0
4934,-30.0,-108.0,-34.0,30.0,50.0,10.0,-42.0,16.0,68.0,-8.0
4935,-29.0,-107.0,-35.0,29.0,49.0,11.0,-41.0,17.0,67.0,-9.0
4936,-28.0,-108.0,-34.0,30.0,48.0,12.0,-40.0,16.0,68.0,-10.0
4937,-29.0,-109.0,-35.0,29.0,47.0,11.0,-41.0,15.0,67.0,-11.0
4938,-30.0,-110.0,-34.0,30.0,48.0,10.0,-42.0,16.0,68.0,-10.0
4939,-31.0,-109.0,-33.0,29.0,47.0,11.0,-41.0,15.0,67.0,-9.0
4940,-32.0,-110.0,-32.0,30.0,48.0,10.0,-42.0,14.0,68.0,-8.0
4941,-31.0,-111.0,-33.0,31.0,49.0,9.0,-41.0,15.0,67.0,-9.0
4942,-32.0,-110.0,-32.0,30.0,50.0,10.0,-42.0,16.0,68.0,-10.0
4943,-31.0,-109.0,-31.0,31.0,51.0,11.0,-41.0,17.0,69.0,-11.0
4944,-32.0,-108.0,-32.0,32.0,50.0,10.0,-40.0,16.0,70.0,-12.0
4945,-33.0,-107.0,-33.0,31.0,51.0,9.0,-41.0,17.0,69.0,-11.0
4946,-34.0,-108.0,-34.0,30.0,52.0,10.0,-40.0,18.0,68.0,-12.0
4947,-35.0,-107.0,-35.0,31.0,51.0,11.0,-41.0,19.0,67.0,-11.0
4948,-34.0,-106.0,-34.0,32.0,50.0,10.0,-42.0,18.0,66.0,-10.0
4949,-35.0,-107.0,-35.0,31.0,49.0,9.0,-43.0,17.0,65.0,-11.0
4950,-36.0,-108.0,-34.0,32.0,48.0,8.0,-42.0,18.0,64.0,-12.0
4951,-35.0,-107.0,-33.0,33.0,49.0,9.0,-41.0,19.0,65.0,-11.0
4952,-34.0,-108.0,-32.0,32.0,50.0,8.0,-40.0,18.0,66.0,-12.0
4953,-33.0,-109.0,-31.0,31.0,51.0,9.0,-41.0,19.0,65.0,-11.0
4954,-34.0,-110.0,-32.0,30.0,50.0,8.0,-42.0,18.0,64.0,-12.0
4955,-35.0,-111.0,-33.0,29.0,49.0,7.0,-43.0,17.0,63.0,-13.0
4956,-34.0,-112.0,-32.0,30.0,48.0,8.0,-44.0,16.0,64.0,-14.0
4957,-33.0,-111.0,-31.0,31.0,49.0,9.0,-45.0,15.0,63.0,-15.0
4958,-34.0,-110.0,-32.0,32.0,48.0,10.0,-44.0,14.0,64.0,-16.0
4959,-35.0,-111.0,-33.0,31.0,47.0,9.0,-45.0,13.0,63.0,-17.0
4960,-36.0,-110.0,-34.0,30.0,48.0,8.0,-46.0,14.0,62.0,-16.0
4961,-35.0,-111.0,-35.0,31.0,49.0,7.0,-47.0,15.0,63.0,-17.0
4962,-34.0,-110.0,-34.0,32.0,50.0,8.0,-46.0,16.0,62.0,-18.0
4963,-33.0,-111.0,-33.0,31.0,49.0,9.0,-47.0,17.0,63.0,-19.0
4964,-32.0,-110.0,-32.0,30.0,48.0,8.0,-46.0,18.0,64.0,-20.0
4965,-31.0,-109.0,-33.0,29.0,49.0,9.0,-47.0,17.0,63.0,-19.0
4966,-32.0,-110.0,-34.0,28.0,48.0,8.0,-48.0,16.0,62.0,-20.0
4967,-31.0,-109.0,-35.0,27.0,49.0,9.0,-47.0,15.0,61.0,-19.0
4968,-32.0,-108.0,-36.0,28.0,48.0,10.0,-48.0,16.0,60.0,-18.0
4969,-31.0,-109.0,-35.0,27.0,49.0,9.0,-47.0,15.0,61.0,-19.0
4970,-30.0,-110.0,-34.0,28.0,48.0,10.0,-46.0,14.0,62.0,-18.0
4971,-31.0,-109.0,-35.0,27.0,49.0,9.0,-47.0,15.0,61.0,-17.0
4972,-30.0,-110.0,-36.0,28.0,48.0,8.0,-46.0,14.0,60.0,-16.0
4973,-29.0,-111.0,-35.0,27.0,49.0,7.0,-45.0,13.0,61.0,-17.0
4974,-30.0,-112.0,-36.0,28.0,50.0,8.0,-46.0,12.0,60.0,-16.0
4975,-31.0,-111.0,-35.0,27.0,49.0,9.0,-45.0,11.0,59.0,-15.0
4976,-30.0,-112.0,-36.0,28.0,50.0,8.0,-46.0,12.0,60.0,-16.0
4977,-29.0,-111.0,-37.0,27.0,51.0,9.0,-47.0,11.0,59.0,-15.0
4978,-28.0,-112.0,-36.0,26.0,50.0,10.0,-48.0,12.0,60.0,-16.0
4979,-29.0,-111.0,-37.0,27.0,51.0,9.0,-47.0,11.0,61.0,-15.0
4980,-28.0,-112.0,-36.0,26.0,52.0,8.0,-48.0,12.0,60.0,-14.0
4981,-29.0,-113.0,-37.0,25.0,51.0,7.0,-49.0,11.0,59.0,-15.0
4982,-30.0,-112.0,-36.0,24.0,52.0,8.0,-50.0,12.0,60.0,-16.0
4983,-29.0,-111.0,-35.0,25.0,53.0,9.0,-49.0,13.0,61.0,-15.0
4984,-30.0,-110.0,-36.0,26.0,54.0,8.0,-48.0,12.0,62.0,-14.0
4985,-31.0,-109.0,-37.0,27.0,53.0,9.0,-49.0,13.0,61.0,-13.0
4986,-32.0,-108.0,-36.0,26.0,52.0,10.0,-48.0,12.0,60.0,-12.0
4987,-31.0,-109.0,-37.0,27.0,53.0,9.0,-49.0,13.0,61.0,-13.0
4988,-30.0,-110.0,-38.0,28.0,54.0,8.0,-50.0,14.0,62.0,-14.0
4989,-29.0,-111.0,-37.0,29.0,53.0,9.0,-49.0,13.0,63.0,-13.0
4990,-28.0,-110.0,-36.0,28.0,52.0,8.0,-50.0,14.0,64.0,-12.0
4991,-29.0,-109.0,-37.0,29.0,51.0,9.0,-51.0,15.0,63.0,-11.0
4992,-30.0,-110.0,-38.0,28.0,50.0,8.0,-52.0,16.0,64.0,-10.0
4993,-31.0,-111.0,-39.0,27.0,51.0,9.0,-51.0,17.0,63.0,-11.0
4994,-30.0,-110.0,-38.0,28.0,52.0,10.0,-50.0,18.0,64.0,-10.0
4995,-31.0,-111.0,-39.0,27.0,51.0,9.0,-49.0,19.0,65.0,-9.0
4996,-30.0,-112.0,-38.0,26.0,52.0,8.0,-48.0,18.0,66.0,-10.0
4997,-31.0,-111.0,-37.0,25.0,53.0,9.0,-49.0,17.0,67.0,-11.0
4998,-30.0,-110.0,-36.0,24.0,52.0,8.0,-48.0,18.0,68.0,-10.0
4999,-31.0,-111.0,-37.0,23.0,53.0,9.0,-47.0,19.0,67.0,-11.0
5000,-30.0,-110.0,-38.0,22.0,54.0,10.0,-48.0,18.0,66.0,-10.0
5001,-31.0,-109.0,-39.0,23.0,53.0,11.0,-49.0,19.0,65.0,-9.0
5002,-30.0,-108.0,-38.0,22.0,52.0,10.0,-48.0,20.0,66.0,-8.0
5003,-29.0,-109.0,-37.0,23.0,51.0,11.0,-47.0,19.0,67.0,-9.0
5004,-28.0,-110.0,-36.0,24.0,50.0,12.0,-46.0,18.0,68.0,-8.0
5005,-27.0,-109.0,-37.0,23.0,49.0,13.0,-45.0,17.0,67.0,-9.0
5006,-28.0,-108.0,-38.0,24.0,48.0,14.0,-44.0,16.0,68.0,-10.0
5007,-27.0,-109.0,-39.0,25.0,47.0,13.0,-43.0,17.0,67.0,-9.0
5008,-26.0,-110.0,-38.0,24.0,48.0,14.0,-44.0,18.0,66.0,-8.0
5009,-25.0,-111.0,-37.0,23.0,49.0,13.0,-43.0,17.0,67.0,-9.0
5010,-24.0,-112.0,-36.0,22.0,50.0,14.0,-44.0,18.0,66.0,-8.0
5011,-25.0,-111.0,-37.0,21.0,51.0,13.0,-43.0,19.0,65.0,-7.0
5012,-24.0,-112.0,-36.0,20.0,52.0,12.0,-42.0,18.0,66.0,-8.0
5013,-25.0,-111.0,-37.0,21.0,51.0,13.0,-43.0,19.0,65.0,-7.0
5014,-24.0,-110.0,-38.0,20.0,50.0,14.0,-42.0,18.0,64.0,-8.0
5015,-23.0,-109.0,-37.0,21.0,51.0,13.0,-43.0,17.0,63.0,-9.0
5016,-22.0,-108.0,-36.0,22.0,52.0,14.0,-42.0,18.0,64.0,-8.0
5017,-23.0,-109.0,-37.0,21.0,51.0,13.0,-43.0,17.0,63.0,-9.0
5018,-24.0,-110.0,-38.0,22.0,52.0,14.0,-42.0,16.0,62.0,-10.0
5019,-25.0,-109.0,-39.0,23.0,51.0,15.0,-43.0,17.0,61.0,-9.0
5020,-26.0,-110.0,-38.0,24.0,50.0,14.0,-44.0,18.0,62.0,-10.0
5021,-27.0,-109.0,-39.0,25.0,49.0,15.0,-45.0,19.0,61.0,-9.0
5022,-28.0,-110.0,-40.0,26.0,50.0,16.0,-46.0,18.0,60.0,-8.0
5023,-27.0,-109.0,-39.0,25.0,49.0,15.0,-47.0,19.0,61.0,-7.0
5024,-28.0,-108.0,-40.0,24.0,50.0,14.0,-48.0,20.0,60.0,-8.0
5025,-29.0,-109.0,-41.0,23.0,49.0,13.0,-49.0,19.0,59.0,-9.0
5026,-28.0,-110.0,-40.0,22.0,50.0,12.0,-50.0,20.0,58.0,-8.0
5027,-27.0,-111.0,-41.0,23.0,49.0,11.0,-49.0,21.0,57.0,-7.0
5028,-26.0,-110.0,-40.0,22.0,48.0,10.0,-48.0,22.0,58.0,-8.0
5029,-27.0,-109.0,-41.0,21.0,49.0,9.0,-49.0,23.0,57.0,-7.0
5030,-28.0,-108.0,-42.0,22.0,48.0,10.0,-50.0,24.0,56.0,-6.0
5031,-27.0,-107.0,-43.0,21.0,49.0,11.0,-51.0,23.0,57.0,-5.0
5032,-26.0,-108.0,-44.0,22.0,50.0,10.0,-52.0,24.0,58.0,-6.0
5033,-27.0,-107.0,-45.0,23.0,49.0,11.0,-53.0,25.0,59.0,-7.0
5034,-28.0,-108.0,-46.0,22.0,48.0,10.0,-54.0,24.0,58.0,-8.0
5035,-27.0,-109.0,-45.0,23.0,47.0,11.0,-55.0,23.0,59.0,-9.0
5036,-26.0,-110.0,-44.0,22.0,48.0,10.0,-54.0,22.0,60.0,-8.0
5037,-27.0,-109.0,-45.0,21.0,49.0,9.0,-55.0,23.0,59.0,-7.0
5038,-28.0,-108.0,-46.0,22.0,48.0,10.0,-56.0,24.0,58.0,-6.0
5039,-27.0,-109.0,-45.0,21.0,49.0,9.0,-55.0,23.0,59.0,-7.0
5040,-26.0,-110.0,-44.0,20.0,50.0,8.0,-54.0,22.0,60.0,-8.0
5041,-27.0,-111.0,-43.0,21.0,49.0,7.0,-53.0,23.0,59.0,-9.0
5042,-26.0,-110.0,-42.0,22.0,48.0,6.0,-54.0,22.0,58.0,-8.0
5043,-27.0,-111.0,-41.0,23.0,47.0,5.0,-55.0,23.0,59.0,-9.0
5044,-26.0,-110.0,-40.0,24.0,48.0,6.0,-56.0,22.0,58.0,-10.0
5045,-27.0,-111.0,-39.0,25.0,47.0,5.0,-57.0,23.0,59.0,-11.0
5046,-26.0,-110.0,-38.0,26.0,48.0,6.0,-58.0,22.0,58.0,-12.0
5047,-25.0,-109.0,-37.0,27.0,49.0,7.0,-57.0,23.0,59.0,-13.0
5048,-26.0,-110.0,-38.0,26.0,48.0,8.0,-56.0,24.0,60.0,-12.0
5049,-25.0,-111.0,-37.0,25.0,49.0,9.0,-57.0,25.0,59.0,-11.0
5050,-26.0,-110.0,-36.0,24.0,48.0,10.0,-56.0,24.0,60.0,-10.0
5051,-25.0,-109.0,-35.0,23.0,47.0,9.0,-55.0,25.0,61.0,-11.0
5052,-26.0,-110.0,-36.0,22.0,46.0,8.0,-56.0,24.0,62.0,-10.0
5053,-25.0,-109.0,-35.0,23.0,47.0,9.0,-55.0,25.0,63.0,-9.0
5054,-26.0,-110.0,-36.0,22.0,48.0,10.0,-54.0,26.0,62.0,-10.0
5055,-25.0,-111.0,-35.0,23.0,47.0,11.0,-53.0,25.0,63.0,-11.0
5056,-26.0,-110.0,-36.0,24.0,46.0,12.0,-54.0,26.0,62.0,-10.0
5057,-27.0,-111.0,-35.0,25.0,45.0,11.0,-55.0,27.0,63.0,-11.0
5058,-26.0,-110.0,-34.0,26.0,46.0,12.0,-54.0,26.0,62.0,-12.0
5059,-27.0,-109.0,-35.0,25.0,47.0,11.0,-55.0,27.0,61.0,-13.0
5060,-28.0,-108.0,-34.0,24.0,46.0,12.0,-56.0,26.0,62.0,-12.0
5061,-29.0,-109.0,-35.0,23.0,45.0,11.0,-57.0,25.0,61.0,-13.0
5062,-28.0,-110.0,-34.0,22.0,46.0,10.0,-56.0,24.0,62.0,-14.0
5063,-29.0,-111.0,-35.0,21.0,45.0,11.0,-55.0,25.0,63.0,-13.0
5064,-28.0,-110.0,-34.0,22.0,46.0,12.0,-54.0,26.0,64.0,-12.0
5065,-29.0,-111.0,-35.0,21.0,47.0,13.0,-53.0,27.0,63.0,-13.0
5066,-30.0,-110.0,-36.0,22.0,46.0,14.0,-54.0,28.0,62.0,-12.0
5067,-29.0,-111.0,-35.0,21.0,47.0,13.0,-53.0,27.0,63.0,-13.0
5068,-30.0,-112.0,-36.0,20.0,46.0,12.0,-54.0,26.0,62.0,-14.0
5069,-29.0,-111.0,-37.0,19.0,45.0,13.0,-53.0,25.0,61.0,-15.0
5070,-28.0,-112.0,-36.0,18.0,46.0,12.0,-52.0,24.0,62.0,-14.0
5071,-27.0,-113.0,-35.0,17.0,47.0,11.0,-51.0,23.0,63.0,-15.0
5072,-26.0,-114.0,-34.0,16.0,48.0,10.0,-50.0,24.0,62.0,-14.0
5073,-27.0,-113.0,-35.0,17.0,49.0,9.0,-49.0,23.0,63.0,-13.0
5074,-26.0,-114.0,-34.0,16.0,50.0,8.0,-48.0,22.0,64.0,-14.0
5075,-27.0,-113.0,-35.0,17.0,51.0,7.0,-47.0,21.0,63.0,-13.0
5076,-28.0,-114.0,-36.0,16.0,52.0,8.0,-46.0,22.0,64.0,-14.0
5077,-29.0,-113.0,-37.0,17.0,51.0,7.0,-45.0,21.0,65.0,-15.0
5078,-28.0,-112.0,-36.0,16.0,50.0,6.0,-46.0,22.0,66.0,-14.0
5079,-29.0,-113.0,-35.0,17.0,49.0,5.0,-45.0,23.0,65.0,-15.0
5080,-28.0,-114.0,-34.0,16.0,50.0,6.0,-46.0,24.0,64.0,-14.0
5081,-29.0,-115.0,-35.0,15.0,49.0,7.0,-45.0,25.0,65.0,-13.0
5082,-28.0,-114.0,-34.0,16.0,50.0,8.0,-44.0,26.0,66.0,-14.0
5083,-27.0,-115.0,-35.0,17.0,51.0,7.0,-45.0,27.0,67.0,-15.0
5084,-28.0,-116.0,-34.0,18.0,50.0,6.0,-44.0,28.0,66.0,-16.0
5085,-27.0,-115.0,-35.0,17.0,51.0,7.0,-43.0,27.0,65.0,-15.0
5086,-28.0,-116.0,-34.0,18.0,52.0,6.0,-44.0,26.0,66.0,-14.0
5087,-29.0,-115.0,-33.0,17.0,53.0,7.0,-45.0,27.0,67.0,-15.0
5088,-30.0,-114.0,-34.0,18.0,52.0,8.0,-46.0,28.0,66.0,-14.0
5089,-31.0,-115.0,-35.0,17.0,51.0,7.0,-47.0,27.0,65.0,-15.0
5090,-30.0,-116.0,-34.0,16.0,50.0,8.0,-48.0,28.0,66.0,-16.0
5091,-29.0,-117.0,-33.0,15.0,51.0,7.0,-49.0,29.0,65.0,-15.0
5092,-30.0,-116.0,-32.0,14.0,50.0,8.0,-48.0,28.0,64.0,-14.0
5093,-29.0,-115.0,-33.0,13.0,49.0,9.0,-47.0,29.0,63.0,-15.0
5094,-30.0,-116.0,-34.0,12.0,48.0,8.0,-48.0,30.0,64.0,-14.0
5095,-29.0,-117.0,-35.0,13.0,49.0,7.0,-49.0,31.0,65.0,-15.0
5096,-28.0,-116.0,-34.0,12.0,48.0,6.0,-48.0,32.0,66.0,-16.0
5097,-27.0,-117.0,-35.0,13.0,47.0,5.0,-47.0,33.0,65.0,-15.0
5098,-26.0,-116.0,-34.0,14.0,48.0,6.0,-46.0,34.0,66.0,-14.0
5099,-25.0,-117.0,-33.0,13.0,49.0,7.0,-47.0,35.0,65.0,-13.0
5100,-24.0,-116.0,-32.0,14.0,50.0,8.0,-46.0,34.0,64.0,-14.0
5101,-23.0,-115.0,-33.0,13.0,51.0,9.0,-45.0,33.0,63.0,-13.0
5102,-24.0,-116.0,-34.0,12.0,50.0,8.0,-44.0,34.0,64.0,-12.0
5103,-23.0,-115.0,-35.0,11.0,49.0,9.0,-43.0,33.0,63.0,-13.0
5104,-22.0,-116.0,-34.0,10.0,48.0,10.0,-44.0,34.0,64.0,-14.0
5105,-21.0,-117.0,-33.0,11.0,47.0,11.0,-43.0,33.0,65.0,-13.0
5106,-22.0,-116.0,-34.0,12.0,46.0,12.0,-44.0,34.0,64.0,-14.0
5107,-21.0,-117.0,-35.0,13.0,47.0,11.0,-43.0,35.0,63.0,-15.0
5108,-20.0,-116.0,-34.0,12.0,46.0,10.0,-42.0,36.0,64.0,-14.0
5109,-19.0,-115.0,-33.0,13.0,47.0,11.0,-41.0,37.0,65.0,-13.0
5110,-20.0,-114.0,-34.0,14.0,46.0,12.0,-42.0,38.0,64.0,-12.0
5111,-19.0,-113.0,-33.0,15.0,45.0,11.0,-43.0,37.0,65.0,-11.0
5112,-18.0,-114.0,-32.0,14.0,46.0,10.0,-42.0,36.0,66.0,-12.0
5113,-17.0,-115.0,-31.0,13.0,47.0,9.0,-41.0,35.0,65.0,-11.0
5114,-16.0,-116.0,-32.0,14.0,46.0,8.0,-40.0,36.0,64.0,-10.0
5115,-17.0,-115.0,-33.0,15.0,45.0,9.0,-41.0,37.0,63.0,-9.0
5116,-18.0,-116.0,-34.0,14.0,44.0,8.0,-40.0,38.0,64.0,-8.0
5117,-19.0,-115.0,-33.0,13.0,43.0,9.0,-39.0,37.0,63.0,-7.0
5118,-20.0,-116.0,-34.0,12.0,42.0,8.0,-38.0,38.0,64.0,-6.0
5119,-21.0,-117.0,-35.0,11.0,41.0,7.0,-39.0,37.0,63.0,-7.0
5120,-20.0,-116.0,-34.0,10.0,40.0,6.0,-38.0,38.0,64.0,-8.0
5121,-21.0,-115.0,-33.0,9.0,39.0,7.0,-37.0,37.0,63.0,-7.0
5122,-20.0,-116.0,-32.0,10.0,38.0,8.0,-38.0,36.0,64.0,-8.0
5123,-21.0,-115.0,-33.0,11.0,37.0,9.0,-39.0,37.0,63.0,-7.0
5124,-20.0,-116.0,-34.0,12.0,38.0,8.0,-40.0,38.0,64.0,-8.0
5125,-19.0,-115.0,-33.0,13.0,39.0,9.0,-39.0,39.0,65.0,-7.0
5126,-18.0,-114.0,-32.0,14.0,40.0,10.0,-38.0,40.0,66.0,-6.0
5127,-17.0,-113.0,-31.0,15.0,41.0,11.0,-37.0,41.0,67.0,-5.0
5128,-16.0,-112.0,-32.0,14.0,40.0,12.0,-36.0,42.0,66.0,-6.0
5129,-17.0,-113.0,-33.0,15.0,41.0,13.0,-37.0,41.0,65.0,-5.0
5130,-16.0,-112.0,-32.0,14.0,40.0,12.0,-36.0,42.0,66.0,-6.0
5131,-17.0,-113.0,-31.0,15.0,39.0,11.0,-37.0,43.0,67.0,-7.0
5132,-18.0,-114.0,-30.0,16.0,38.0,10.0,-36.0,44.0,66.0,-8.0
5133,-19.0,-115.0,-31.0,15.0,37.0,9.0,-37.0,43.0,67.0,-7.0
5134,-18.0,-114.0,-32.0,14.0,36.0,10.0,-36.0,44.0,66.0,-8.0
5135,-17.0,-115.0,-33.0,15.0,37.0,9.0,-35.0,45.0,65.0,-9.0
5136,-18.0,-116.0,-34.0,16.0,38.0,10.0,-36.0,44.0,64.0,-8.0
5137,-17.0,-117.0,-33.0,17.0,37.0,11.0,-37.0,43.0,65.0,-9.0
5138,-18.0,-118.0,-34.0,16.0,36.0,10.0,-38.0,42.0,66.0,-8.0
5139,-19.0,-117.0,-35.0,17.0,35.0,9.0,-37.0,41.0,67.0,-9.0
5140,-20.0,-118.0,-34.0,18.0,34.0,8.0,-36.0,42.0,66.0,-10.0
5141,-19.0,-119.0,-33.0,17.0,35.0,7.0,-35.0,43.0,65.0,-9.0
5142,-20.0,-120.0,-32.0,18.0,36.0,6.0,-36.0,42.0,66.0,-8.0
5143,-21.0,-119.0,-31.0,17.0,35.0,7.0,-37.0,41.0,67.0,-7.0
5144,-22.0,-118.0,-32.0,18.0,34.0,8.0,-38.0,40.0,68.0,-8.0
5145,-21.0,-117.0,-31.0,19.0,35.0,7.0,-39.0,39.0,67.0,-9.0
5146,-22.0,-118.0,-32.0,20.0,36.0,8.0,-38.0,38.0,66.0,-10.0
5147,-21.0,-119.0,-31.0,19.0,37.0,9.0,-39.0,39.0,65.0,-9.0
5148,-20.0,-120.0,-30.0,18.0,38.0,8.0,-38.0,38.0,66.0,-10.0
5149,-19.0,-119.0,-31.0,17.0,37.0,9.0,-37.0,37.0,65.0,-11.0
5150,-20.0,-118.0,-30.0,16.0,36.0,10.0,-36.0,36.0,64.0,-10.0
5151,-19.0,-119.0,-29.0,15.0,37.0,11.0,-37.0,37.0,63.0,-9.0
5152,-18.0,-120.0,-28.0,14.0,38.0,12.0,-38.0,38.0,62.0,-8.0
5153,-19.0,-119.0,-29.0,13.0,39.0,11.0,-37.0,39.0,61.0,-7.0
5154,-20.0,-118.0,-30.0,14.0,40.0,10.0,-36.0,38.0,60.0,-6.0
5155,-21.0,-119.0,-31.0,13.0,39.0,9.0,-37.0,37.0,59.0,-7.0
5156,-20.0,-118.0,-32.0,12.0,40.0,10.0,-36.0,36.0,58.0,-6.0
5157,-19.0,-119.0,-31.0,11.0,41.0,9.0,-35.0,37.0,57.0,-5.0
5158,-18.0,-120.0,-30.0,10.0,42.0,10.0,-36.0,38.0,56.0,-4.0
5159,-17.0,-119.0,-29.0,11.0,43.0,11.0,-35.0,39.0,57.0,-3.0
5160,-16.0,-120.0,-28.0,10.0,42.0,12.0,-36.0,40.0,56.0,-4.0
5161,-15.0,-121.0,-29.0,11.0,43.0,11.0,-37.0,41.0,55.0,-5.0
5162,-14.0,-120.0,-30.0,10.0,42.0,12.0,-36.0,42.0,54.0,-6.0
5163,-15.0,-121.0,-29.0,11.0,41.0,11.0,-37.0,43.0,55.0,-7.0
5164,-16.0,-122.0,-30.0,10.0,40.0,10.0,-38.0,42.0,54.0,-8.0
5165,-17.0,-123.0,-31.0,11.0,41.0,11.0,-39.0,41.0,53.0,-9.0
5166,-16.0,-124.0,-32.0,12.0,42.0,10.0,-38.0,42.0,52.0,-10.0
5167,-15.0,-125.0,-31.0,11.0,43.0,9.0,-37.0,41.0,53.0,-11.0
5168,-14.0,-124.0,-30.0,10.0,42.0,8.0,-36.0,42.0,54.0,-12.0
5169,-13.0,-123.0,-29.0,11.0,43.0,9.0,-35.0,43.0,55.0,-11.0
5170,-14.0,-124.0,-28.0,12.0,44.0,8.0,-36.0,44.0,56.0,-10.0
5171,-15.0,-123.0,-27.0,11.0,43.0,9.0,-37.0,43.0,57.0,-9.0
5172,-14.0,-122.0,-26.0,12.0,44.0,10.0,-36.0,44.0,58.0,-8.0
5173,-13.0,-121.0,-25.0,13.0,45.0,11.0,-37.0,43.0,57.0,-9.0
5174,-12.0,-120.0,-24.0,12.0,44.0,10.0,-38.0,44.0,58.0,-8.0
5175,-11.0,-119.0,-23.0,13.0,45.0,11.0,-37.0,45.0,59.0,-7.0
5176,-12.0,-118.0,-22.0,12.0,44.0,12.0,-38.0,44.0,60.0,-6.0
5177,-11.0,-117.0,-21.0,13.0,45.0,13.0,-37.0,43.0,59.0,-7.0
5178,-12.0,-118.0,-22.0,12.0,44.0,14.0,-36.0,44.0,60.0,-6.0
5179,-13.0,-117.0,-21.0,11.0,43.0,15.0,-35.0,43.0,59.0,-5.0
5180,-14.0,-116.0,-22.0,12.0,42.0,16.0,-36.0,44.0,58.0,-4.0
5181,-15.0,-115.0,-21.0,11.0,41.0,17.0,-35.0,43.0,59.0,-3.0
5182,-16.0,-114.0,-22.0,12.0,40.0,18.0,-36.0,44.0,58.0,-2.0
5183,-17.0,-115.0,-23.0,11.0,39.0,17.0,-37.0,43.0,57.0,-3.0
5184,-18.0,-114.0,-22.0,10.0,38.0,18.0,-38.0,42.0,58.0,-2.0
5185,-19.0,-115.0,-21.0,11.0,37.0,17.0,-37.0,43.0,57.0,-3.0
5186,-20.0,-114.0,-22.0,12.0,38.0,16.0,-36.0,42.0,58.0,-2.0
5187,-21.0,-115.0,-21.0,13.0,39.0,15.0,-37.0,43.0,59.0,-1.0
5188,-22.0,-116.0,-20.0,14.0,38.0,14.0,-36.0,44.0,58.0,-2.0
5189,-21.0,-117.0,-19.0,13.0,39.0,13.0,-35.0,43.0,59.0,-3.0
5190,-22.0,-116.0,-20.0,14.0,38.0,14.0,-34.0,42.0,60.0,-4.0
5191,-21.0,-117.0,-19.0,15.0,37.0,15.0,-35.0,41.0,61.0,-5.0
5192,-20.0,-118.0,-18.0,16.0,36.0,16.0,-36.0,40.0,62.0,-6.0
5193,-21.0,-119.0,-19.0,17.0,37.0,17.0,-37.0,39.0,61.0,-7.0
5194,-22.0,-118.0,-20.0,16.0,38.0,16.0,-38.0,40.0,60.0,-6.0
5195,-21.0,-119.0,-19.0,15.0,39.0,15.0,-37.0,39.0,59.0,-5.0
5196,-20.0,-120.0,-20.0,16.0,38.0,14.0,-36.0,40.0,58.0,-4.0
5197,-19.0,-119.0,-21.0,15.0,39.0,15.0,-35.0,39.0,57.0,-3.0
5198,-20.0,-118.0,-20.0,14.0,40.0,16.0,-36.0,38.0,58.0,-4.0
5199,-19.0,-119.0,-19.0,15.0,39.0,17.0,-35.0,37.0,59.0,-5.0
5200,-18.0,-118.0,-20.0,14.0,40.0,18.0,-36.0,36.0,60.0,-4.0
5201,-17.0,-117.0,-21.0,13.0,39.0,19.0,-35.0,37.0,59.0,-5.0
5202,-16.0,-118.0,-22.0,14.0,40.0,18.0,-36.0,38.0,58.0,-6.0
5203,-15.0,-119.0,-21.0,15.0,39.0,19.0,-35.0,37.0,59.0,-5.0
5204,-16.0,-118.0,-22.0,16.0,38.0,20.0,-36.0,38.0,58.0,-6.0
5205,-17.0,-117.0,-21.0,15.0,37.0,21.0,-37.0,37.0,59.0,-5.0
5206,-16.0,-118.0,-20.0,16.0,36.0,22.0,-36.0,36.0,60.0,-4.0
5207,-15.0,-117.0,-19.0,17.0,37.0,23.0,-37.0,35.0,59.0,-5.0
5208,-14.0,-118.0,-18.0,16.0,38.0,22.0,-36.0,34.0,60.0,-6.0
5209,-15.0,-119.0,-19.0,15.0,39.0,23.0,-35.0,35.0,59.0,-7.0
5210,-16.0,-118.0,-20.0,16.0,38.0,24.0,-36.0,36.0,58.0,-6.0
5211,-15.0,-117.0,-19.0,17.0,39.0,25.0,-35.0,37.0,57.0,-7.0
5212,-16.0,-118.0,-20.0,16.0,38.0,24.0,-36.0,38.0,58.0,-6.0
5213,-17.0,-119.0,-21.0,17.0,39.0,25.0,-35.0,37.0,57.0,-7.0
5214,-18.0,-118.0,-20.0,16.0,40.0,26.0,-36.0,36.0,58.0,-8.0
5215,-17.0,-117.0,-19.0,15.0,39.0,25.0,-35.0,37.0,59.0,-7.0
5216,-16.0,-118.0,-18.0,14.0,40.0,24.0,-34.0,36.0,60.0,-8.0
5217,-15.0,-117.0,-19.0,13.0,41.0,25.0,-35.0,35.0,61.0,-7.0
5218,-14.0,-118.0,-20.0,14.0,42.0,24.0,-36.0,36.0,62.0,-8.0
5219,-13.0,-117.0,-21.0,13.0,43.0,25.0,-37.0,35.0,63.0,-7.0
5220,-12.0,-116.0,-20.0,14.0,42.0,24.0,-38.0,34.0,62.0,-6.0
5221,-13.0,-115.0,-21.0,15.0,41.0,25.0,-39.0,35.0,61.0,-5.0
5222,-14.0,-116.0,-22.0,16.0,42.0,26.0,-38.0,34.0,60.0,-6.0
5223,-15.0,-115.0,-23.0,17.0,43.0,25.0,-37.0,33.0,59.0,-5.0
5224,-14.0,-114.0,-22.0,18.0,44.0,26.0,-38.0,32.0,58.0,-6.0
5225,-15.0,-113.0,-23.0,19.0,43.0,25.0,-37.0,31.0,59.0,-7.0
5226,-14.0,-114.0,-24.0,20.0,42.0,24.0,-36.0,30.0,58.0,-6.0
5227,-15.0,-113.0,-25.0,21.0,41.0,25.0,-37.0,31.0,57.0,-5.0
5228,-14.0,-114.0,-24.0,20.0,40.0,26.0,-38.0,32.0,56.0,-6.0
5229,-15.0,-113.0,-25.0,19.0,41.0,25.0,-37.0,33.0,55.0,-5.0
5230,-16.0,-112.0,-24.0,18.0,42.0,26.0,-38.0,32.0,56.0,-6.0
5231,-17.0,-111.0,-25.0,19.0,41.0,27.0,-39.0,31.0,57.0,-7.0
5232,-16.0,-110.0,-26.0,18.0,40.0,28.0,-38.0,32.0,56.0,-8.0
5233,-17.0,-111.0,-25.0,19.0,39.0,27.0,-37.0,33.0,55.0,-9.0
5234,-16.0,-112.0,-24.0,18.0,40.0,26.0,-36.0,32.0,56.0,-10.0
5235,-17.0,-111.0,-25.0,19.0,39.0,27.0,-37.0,31.0,57.0,-11.0
5236,-18.0,-112.0,-24.0,20.0,40.0,26.0,-38.0,30.0,58.0,-10.0
5237,-19.0,-113.0,-25.0,21.0,41.0,27.0,-39.0,29.0,57.0,-11.0
5238,-18.0,-114.0,-24.0,20.0,42.0,26.0,-38.0,30.0,56.0,-10.0
5239,-19.0,-113.0,-23.0,19.0,43.0,27.0,-39.0,29.0,57.0,-11.0
5240,-20.0,-114.0,-22.0,20.0,42.0,26.0,-40.0,30.0,58.0,-12.0
5241,-19.0,-115.0,-21.0,21.0,41.0,27.0,-39.0,29.0,59.0,-11.0
5242,-18.0,-116.0,-22.0,22.0,40.0,26.0,-38.0,28.0,58.0,-10.0
5243,-17.0,-117.0,-21.0,21.0,41.0,25.0,-37.0,27.0,59.0,-9.0
5244,-18.0,-118.0,-22.0,22.0,42.0,26.0,-36.0,26.0,58.0,-10.0
5245,-19.0,-119.0,-23.0,21.0,41.0,25.0,-37.0,27.0,59.0,-9.0
5246,-20.0,-120.0,-24.0,22.0,42.0,26.0,-38.0,26.0,58.0,-8.0
5247,-19.0,-121.0,-23.0,21.0,41.0,27.0,-39.0,27.0,59.0,-9.0
5248,-20.0,-120.0,-24.0,20.0,42.0,26.0,-38.0,28.0,58.0,-8.0
5249,-21.0,-119.0,-25.0,19.0,43.0,25.0,-37.0,29.0,57.0,-7.0
5250,-22.0,-118.0,-26.0,20.0,42.0,26.0,-38.0,30.0,56.0,-6.0
5251,-23.0,-117.0,-25.0,19.0,41.0,27.0,-37.0,29.0,55.0,-5.0
5252,-24.0,-118.0,-26.0,18.0,42.0,28.0,-36.0,30.0,56.0,-6.0
5253,-23.0,-119.0,-25.0,17.0,43.0,29.0,-37.0,31.0,55.0,-5.0
5254,-24.0,-118.0,-26.0,18.0,42.0,30.0,-38.0,30.0,56.0,-6.0
5255,-25.0,-119.0,-27.0,17.0,43.0,31.0,-37.0,31.0,57.0,-7.0
5256,-24.0,-118.0,-26.0,16.0,42.0,30.0,-38.0,32.0,58.0,-6.0
5257,-25.0,-117.0,-27.0,17.0,43.0,29.0,-37.0,31.0,59.0,-5.0
5258,-26.0,-118.0,-28.0,16.0,44.0,30.0,-36.0,32.0,58.0,-6.0
5259,-27.0,-117.0,-27.0,15.0,43.0,31.0,-37.0,31.0,59.0,-5.0
5260,-26.0,-116.0,-26.0,16.0,44.0,32.0,-36.0,32.0,60.0,-4.0
5261,-25.0,-115.0,-25.0,15.0,43.0,31.0,-37.0,33.0,61.0,-3.0
5262,-24.0,-116.0,-24.0,16.0,42.0,32.0,-36.0,32.0,62.0,-2.0
5263,-23.0,-117.0,-25.0,17.0,41.0,31.0,-35.0,31.0,61.0,-1.0
5264,-22.0,-118.0,-24.0,16.0,42.0,30.0,-34.0,30.0,62.0,-2.0
5265,-23.0,-119.0,-23.0,17.0,41.0,29.0,-33.0,31.0,61.0,-3.0
5266,-24.0,-118.0,-24.0,18.0,40.0,30.0,-34.0,32.0,60.0,-2.0
5267,-25.0,-117.0,-25.0,19.0,39.0,31.0,-35.0,33.0,59.0,-1.0
5268,-26.0,-116.0,-26.0,20.0,38.0,30.0,-34.0,32.0,60.0,-2.0
5269,-27.0,-115.0,-25.0,19.0,37.0,31.0,-33.0,31.0,59.0,-1.0
5270,-26.0,-114.0,-26.0,18.0,38.0,32.0,-34.0,30.0,60.0,0.0
5271,-25.0,-113.0,-25.0,19.0,39.0,33.0,-33.0,31.0,61.0,1.0
5272,-24.0,-114.0,-26.0,20.0,38.0,32.0,-32.0,32.0,60.0,2.0
5273,-25.0,-115.0,-27.0,19.0,37.0,31.0,-33.0,31.0,59.0,1.0
5274,-26.0,-116.0,-28.0,18.0,36.0,30.0,-34.0,30.0,58.0,0.0
5275,-27.0,-117.0,-29.0,17.0,35.0,29.0,-35.0,31.0,59.0,1.0
5276,-28.0,-118.0,-28.0,18.0,34.0,28.0,-34.0,32.0,58.0,0.0
5277,-27.0,-119.0,-29.0,19.0,33.0,27.0,-33.0,33.0,57.0,1.0
5278,-28.0,-118.0,-28.0,18.0,32.0,28.0,-32.0,32.0,56.0,2.0
5279,-27.0,-117.0,-27.0,17.0,31.0,27.0,-33.0,33.0,57.0,3.0
5280,-26.0,-118.0,-28.0,18.0,32.0,26.0,-34.0,34.0,58.0,2.0
5281,-25.0,-117.0,-27.0,19.0,31.0,25.0,-35.0,33.0,59.0,3.0
5282,-26.0,-116.0,-26.0,18.0,32.0,26.0,-36.0,34.0,60.0,2.0
5283,-25.0,-117.0,-25.0,19.0,31.0,27.0,-37.0,33.0,61.0,1.0
5284,-26.0,-116.0,-24.0,18.0,30.0,28.0,-38.0,32.0,62.0,2.0
5285,-27.0,-115.0,-23.0,17.0,31.0,29.0,-39.0,33.0,63.0,1.0
5286,-28.0,-114.0,-24.0,18.0,30.0,30.0,-40.0,34.0,62.0,2.0
5287,-29.0,-115.0,-25.0,17.0,31.0,31.0,-39.0,35.0,61.0,1.0
5288,-28.0,-116.0,-24.0,18.0,30.0,32.0,-40.0,34.0,62.0,0.0
5289,-29.0,-117.0,-25.0,17.0,29.0,31.0,-41.0,33.0,61.0,1.0
5290,-30.0,-118.0,-26.0,16.0,28.0,30.0,-42.0,32.0,60.0,0.0
5291,-31.0,-119.0,-27.0,15.0,27.0,29.0,-43.0,31.0,59.0,-1.0
5292,-30.0,-120.0,-26.0,14.0,26.0,30.0,-44.0,32.0,58.0,-2.0
5293,-29.0,-119.0,-27.0,13.0,27.0,31.0,-45.0,31.0,59.0,-1.0
5294,-30.0,-118.0,-28.0,14.0,26.0,32.0,-46.0,32.0,58.0,0.0
5295,-29.0,-119.0,-27.0,13.0,27.0,31.0,-45.0,31.0,59.0,-1.0
5296,-28.0,-120.0,-26.0,12.0,28.0,30.0,-44.0,30.0,60.0,-2.0
5297,-27.0,-121.0,-27.0,13.0,29.0,29.0,-45.0,31.0,61.0,-3.0
5298,-28.0,-120.0,-26.0,12.0,28.0,30.0,-44.0,30.0,60.0,-2.0
5299,-29.0,-121.0,-25.0,13.0,27.0,29.0,-43.0,31.0,59.0,-3.0
5300,-28.0,-122.0,-26.0,14.0,28.0,28.0,-44.0,32.0,60.0,-4.0
5301,-27.0,-121.0,-25.0,15.0,29.0,29.0,-45.0,31.0,59.0,-5.0
5302,-26.0,-120.0,-26.0,14.0,30.0,30.0,-46.0,30.0,60.0,-4.0
5303,-25.0,-121.0,-27.0,15.0,29.0,29.0,-45.0,29.0,59.0,-3.0
5304,-24.0,-122.0,-28.0,16.0,28.0,28.0,-44.0,28.0,58.0,-2.0
5305,-23.0,-121.0,-27.0,17.0,29.0,29.0,-43.0,27.0,57.0,-3.0
5306,-24.0,-120.0,-28.0,16.0,30.0,28.0,-44.0,28.0,56.0,-4.0
5307,-23.0,-119.0,-27.0,17.0,31.0,29.0,-43.0,27.0,55.0,-5.0
5308,-24.0,-118.0,-28.0,16.0,32.0,28.0,-42.0,28.0,54.0,-4.0
5309,-25.0,-117.0,-29.0,17.0,31.0,29.0,-43.0,29.0,53.0,-3.0
5310,-26.0,-116.0,-28.0,16.0,30.0,30.0,-42.0,28.0,52.0,-2.0
5311,-25.0,-117.0,-27.0,15.0,31.0,29.0,-41.0,29.0,51.0,-1.0
5312,-26.0,-116.0,-26.0,14.0,30.0,30.0,-40.0,28.0,52.0,0.0
5313,-27.0,-115.0,-27.0,15.0,29.0,31.0,-41.0,27.0,53.0,-1.0
5314,-28.0,-114.0,-28.0,14.0,30.0,30.0,-42.0,28.0,52.0,0.0
5315,-27.0,-115.0,-27.0,13.0,31.0,29.0,-41.0,27.0,53.0,-1.0
5316,-28.0,-114.0,-28.0,14.0,30.0,30.0,-40.0,26.0,54.0,-2.0
5317,-29.0,-113.0,-27.0,13.0,29.0,31.0,-41.0,25.0,55.0,-1.0
5318,-28.0,-114.0,-26.0,12.0,30.0,30.0,-40.0,24.0,54.0,0.0
5319,-29.0,-115.0,-27.0,11.0,31.0,31.0,-39.0,25.0,55.0,-1.0
5320,-30.0,-116.0,-28.0,10.0,30.0,30.0,-40.0,24.0,54.0,-2.0
5321,-29.0,-115.0,-29.0,9.0,31.0,31.0,-41.0,23.0,53.0,-1.0
5322,-30.0,-116.0,-28.0,10.0,30.0,30.0,-42.0,24.0,54.0,-2.0
5323,-31.0,-115.0,-29.0,11.0,29.0,31.0,-43.0,25.0,53.0,-1.0
5324,-32.0,-114.0,-30.0,12.0,30.0,30.0,-42.0,24.0,54.0,0.0
5325,-33.0,-113.0,-31.0,13.0,31.0,29.0,-41.0,23.0,53.0,1.0
5326,-34.0,-114.0,-30.0,14.0,30.0,28.0,-40.0,24.0,52.0,0.0
5327,-33.0,-115.0,-29.0,13.0,29.0,29.0,-41.0,25.0,51.0,-1.0
5328,-32.0,-116.0,-30.0,14.0,30.0,28.0,-42.0,26.0,52.0,-2.0
5329,-31.0,-115.0,-29.0,15.0,31.0,29.0,-41.0,27.0,53.0,-1.0
5330,-30.0,-114.0,-28.0,16.0,32.0,28.0,-42.0,26.0,52.0,-2.0
5331,-29.0,-113.0,-27.0,17.0,31.0,27.0,-43.0,25.0,53.0,-1.0
5332,-30.0,-112.0,-28.0,18.0,30.0,28.0,-44.0,26.0,52.0,0.0
5333,-31.0,-113.0,-29.0,17.0,29.0,27.0,-45.0,25.0,51.0,-1.0
5334,-32.0,-114.0,-30.0,16.0,28.0,26.0,-46.0,24.0,50.0,-2.0
5335,-31.0,-113.0,-31.0,15.0,27.0,27.0,-45.0,25.0,49.0,-3.0
5336,-30.0,-112.0,-32.0,14.0,26.0,28.0,-44.0,24.0,48.0,-4.0
5337,-31.0,-111.0,-31.0,13.0,27.0,29.0,-45.0,25.0,49.0,-5.0
5338,-32.0,-110.0,-30.0,12.0,28.0,30.0,-46.0,26.0,50.0,-6.0
5339,-33.0,-109.0,-31.0,11.0,29.0,29.0,-45.0,27.0,49.0,-5.0
5340,-32.0,-108.0,-30.0,10.0,28.0,28.0,-46.0,28.0,50.0,-4.0
5341,-33.0,-109.0,-29.0,11.0,27.0,27.0,-45.0,29.0,49.0,-5.0
5342,-34.0,-110.0,-30.0,10.0,26.0,26.0,-46.0,28.0,48.0,-4.0
5343,-35.0,-111.0,-31.0,9.0,25.0,25.0,-45.0,29.0,49.0,-3.0
5344,-34.0,-110.0,-32.0,8.0,26.0,26.0,-46.0,28.0,50.0,-2.0
5345,-35.0,-109.0,-33.0,9.0,25.0,27.0,-47.0,29.0,49.0,-1.0
5346,-34.0,-110.0,-34.0,10.0,26.0,26.0,-48.0,30.0,50.0,-2.0
5347,-33.0,-109.0,-35.0,9.0,25.0,27.0,-47.0,29.0,49.0,-3.0
5348,-32.0,-110.0,-34.0,8.0,26.0,26.0,-46.0,28.0,48.0,-2.0
5349,-33.0,-109.0,-35.0,9.0,25.0,27.0,-47.0,29.0,49.0,-3.0
5350,-32.0,-108.0,-36.0,8.0,26.0,28.0,-46.0,28.0,48.0,-2.0
5351,-31.0,-109.0,-37.0,9.0,27.0,27.0,-47.0,29.0,47.0,-3.0
5352,-32.0,-108.0,-38.0,8.0,28.0,26.0,-46.0,30.0,46.0,-2.0
5353,-33.0,-109.0,-39.0,7.0,27.0,25.0,-47.0,29.0,47.0,-1.0
5354,-34.0,-110.0,-40.0,6.0,28.0,26.0,-46.0,30.0,46.0,-2.0
5355,-33.0,-109.0,-39.0,7.0,29.0,27.0,-45.0,31.0,47.0,-1.0
5356,-34.0,-108.0,-38.0,6.0,30.0,28.0,-46.0,32.0,48.0,-2.0
5357,-35.0,-107.0,-37.0,5.0,31.0,29.0,-47.0,31.0,49.0,-3.0
5358,-36.0,-106.0,-36.0,4.0,32.0,30.0,-48.0,32.0,50.0,-4.0
5359,-37.0,-105.0,-37.0,5.0,31.0,31.0,-49.0,33.0,49.0,-3.0
5360,-36.0,-104.0,-38.0,4.0,32.0,32.0,-48.0,32.0,48.0,-2.0
5361,-37.0,-103.0,-39.0,5.0,31.0,31.0,-47.0,31.0,49.0,-3.0
5362,-38.0,-102.0,-38.0,4.0,32.0,32.0,-48.0,32.0,50.0,-4.0
5363,-39.0,-101.0,-37.0,3.0,33.0,33.0,-49.0,33.0,51.0,-5.0
5364,-40.0,-102.0,-38.0,4.0,34.0,34.0,-50.0,32.0,50.0,-4.0
5365,-41.0,-103.0,-39.0,3.0,33.0,35.0,-49.0,33.0,51.0,-3.0
5366,-40.0,-102.0,-40.0,2.0,32.0,36.0,-48.0,32.0,50.0,-4.0
5367,-39.0,-103.0,-39.0,3.0,31.0,37.0,-49.0,31.0,51.0,-5.0
5368,-38.0,-102.0,-38.0,4.0,32.0,38.0,-48.0,32.0,52.0,-4.0
5369,-39.0,-101.0,-39.0,5.0,33.0,37.0,-47.0,31.0,51.0,-3.0
5370,-38.0,-100.0,-40.0,4.0,34.0,38.0,-46.0,30.0,50.0,-2.0
5371,-37.0,-99.0,-41.0,3.0,33.0,39.0,-45.0,31.0,49.0,-3.0
5372,-38.0,-100.0,-40.0,4.0,32.0,38.0,-44.0,32.0,48.0,-4.0
5373,-39.0,-99.0,-41.0,5.0,31.0,39.0,-45.0,33.0,47.0,-3.0
5374,-38.0,-98.0,-40.0,6.0,32.0,40.0,-46.0,32.0,46.0,-4.0
5375,-37.0,-99.0,-39.0,7.0,31.0,41.0,-45.0,31.0,47.0,-3.0
5376,-36.0,-98.0,-40.0,6.0,32.0,42.0,-46.0,30.0,48.0,-2.0
5377,-37.0,-99.0,-39.0,7.0,31.0,41.0,-47.0,31.0,49.0,-3.0
5378,-38.0,-100.0,-38.0,8.0,30.0,40.0,-46.0,32.0,48.0,-4.0
5379,-39.0,-101.0,-39.0,7.0,29.0,39.0,-47.0,31.0,47.0,-5.0
5380,-40.0,-102.0,-40.0,6.0,28.0,38.0,-48.0,30.0,46.0,-4.0
5381,-39.0,-101.0,-41.0,5.0,29.0,39.0,-47.0,29.0,45.0,-3.0
5382,-38.0,-102.0,-42.0,6.0,28.0,38.0,-46.0,28.0,44.0,-2.0
5383,-37.0,-103.0,-41.0,5.0,29.0,39.0,-47.0,29.0,43.0,-1.0
5384,-36.0,-104.0,-40.0,4.0,30.0,38.0,-46.0,28.0,44.0,-2.0
5385,-35.0,-103.0,-39.0,5.0,31.0,39.0,-45.0,29.0,45.0,-1.0
5386,-34.0,-104.0,-38.0,4.0,30.0,40.0,-46.0,30.0,44.0,-2.0
5387,-33.0,-103.0,-39.0,3.0,31.0,41.0,-45.0,29.0,43.0,-1.0
5388,-32.0,-104.0,-38.0,2.0,32.0,40.0,-44.0,28.0,44.0,-2.0
5389,-33.0,-103.0,-39.0,1.0,33.0,39.0,-45.0,29.0,43.0,-1.0
5390,-34.0,-104.0,-40.0,0.0,32.0,38.0,-46.0,28.0,42.0,-2.0
5391,-33.0,-103.0,-39.0,1.0,33.0,37.0,-47.0,27.0,41.0,-3.0
5392,-32.0,-104.0,-38.0,0.0,34.0,36.0,-46.0,26.0,42.0,-4.0
5393,-31.0,-103.0,-37.0,1.0,33.0,35.0,-47.0,25.0,43.0,-3.0
5394,-30.0,-102.0,-36.0,0.0,32.0,34.0,-46.0,26.0,44.0,-4.0
5395,-29.0,-101.0,-37.0,-1.0,31.0,35.0,-45.0,27.0,43.0,-5.0
5396,-28.0,-102.0,-38.0,0.0,32.0,34.0,-46.0,28.0,44.0,-6.0
5397,-27.0,-101.0,-39.0,-1.0,31.0,35.0,-45.0,29.0,43.0,-7.0
5398,-28.0,-102.0,-40.0,-2.0,32.0,36.0,-44.0,30.0,44.0,-8.0
5399,-27.0,-103.0,-41.0,-1.0,31.0,35.0,-43.0,31.0,43.0,-7.0
5400,-28.0,-102.0,-42.0,-2.0,32.0,34.0,-44.0,32.0,42.0,-8.0
5401,-29.0,-101.0,-43.0,-1.0,33.0,33.0,-43.0,31.0,43.0,-7.0
5402,-30.0,-102.0,-44.0,-2.0,32.0,32.0,-44.0,30.0,42.0,-8.0
5403,-29.0,-101.0,-43.0,-1.0,33.0,33.0,-45.0,29.0,41.0,-9.0
5404,-28.0,-100.0,-44.0,-2.0,32.0,34.0,-44.0,30.0,40.0,-10.0
5405,-29.0,-99.0,-45.0,-1.0,31.0,35.0,-45.0,31.0,39.0,-9.0
5406,-30.0,-100.0,-44.0,0.0,30.0,34.0,-44.0,32.0,40.0,-10.0
5407,-29.0,-99.0,-43.0,1.0,31.0,35.0,-43.0,33.0,41.0,-9.0
5408,-30.0,-100.0,-44.0,0.0,30.0,34.0,-44.0,32.0,40.0,-10.0
5409,-29.0,-101.0,-45.0,1.0,29.0,33.0,-43.0,33.0,39.0,-9.0
5410,-30.0,-100.0,-44.0,0.0,28.0,34.0,-42.0,32.0,40.0,-8.0
5411,-29.0,-101.0,-43.0,1.0,27.0,35.0,-41.0,31.0,41.0,-7.0
5412,-28.0,-102.0,-42.0,2.0,26.0,36.0,-42.0,30.0,42.0,-8.0
5413,-27.0,-103.0,-41.0,1.0,27.0,35.0,-43.0,31.0,41.0,-7.0
5414,-26.0,-102.0,-42.0,0.0,26.0,36.0,-42.0,30.0,40.0,-8.0
5415,-27.0,-103.0,-43.0,-1.0,25.0,35.0,-43.0,29.0,39.0,-9.0
5416,-28.0,-104.0,-44.0,-2.0,24.0,34.0,-44.0,28.0,38.0,-10.0
5417,-27.0,-105.0,-45.0,-1.0,25.0,33.0,-43.0,29.0,37.0,-11.0
5418,-26.0,-104.0,-46.0,-2.0,26.0,34.0,-44.0,28.0,36.0,-10.0
5419,-27.0,-105.0,-45.0,-1.0,25.0,33.0,-43.0,29.0,35.0,-11.0
5420,-28.0,-104.0,-46.0,-2.0,26.0,32.0,-44.0,30.0,34.0,-10.0
5421,-27.0,-103.0,-45.0,-1.0,25.0,31.0,-45.0,29.0,33.0,-9.0
5422,-28.0,-102.0,-46.0,-2.0,26.0,30.0,-44.0,30.0,32.0,-8.0
5423,-27.0,-101.0,-47.0,-3.0,25.0,31.0,-43.0,31.0,31.0,-9.0
5424,-26.0,-102.0,-46.0,-4.0,24.0,32.0,-44.0,32.0,32.0,-10.0
5425,-27.0,-101.0,-47.0,-3.0,23.0,33.0,-45.0,33.0,31.0,-9.0
5426,-28.0,-100.0,-48.0,-2.0,22.0,34.0,-46.0,34.0,30.0,-8.0
5427,-29.0,-99.0,-49.0,-1.0,21.0,35.0,-47.0,35.0,29.0,-7.0
5428,-30.0,-98.0,-50.0,0.0,20.0,36.0,-48.0,36.0,28.0,-6.0
5429,-31.0,-99.0,-51.0,-1.0,19.0,35.0,-49.0,35.0,27.0,-7.0
5430,-30.0,-100.0,-50.0,-2.0,20.0,34.0,-48.0,36.0,26.0,-6.0
5431,-31.0,-99.0,-51.0,-1.0,19.0,35.0,-49.0,37.0,25.0,-5.0
5432,-32.0,-100.0,-50.0,0.0,18.0,34.0,-48.0,38.0,24.0,-6.0
5433,-33.0,-101.0,-51.0,-1.0,17.0,33.0,-49.0,37.0,23.0,-7.0
5434,-32.0,-100.0,-50.0,0.0,18.0,32.0,-50.0,36.0,22.0,-8.0
5435,-33.0,-101.0,-51.0,-1.0,17.0,33.0,-49.0,37.0,23.0,-7.0
5436,-32.0,-100.0,-50.0,0.0,18.0,34.0,-48.0,38.0,24.0,-6.0
5437,-33.0,-101.0,-49.0,1.0,17.0,33.0,-47.0,39.0,23.0,-7.0
5438,-32.0,-102.0,-48.0,2.0,16.0,34.0,-48.0,38.0,24.0,-8.0
5439,-33.0,-103.0,-47.0,3.0,15.0,33.0,-49.0,39.0,25.0,-9.0
5440,-34.0,-104.0,-48.0,2.0,14.0,32.0,-50.0,38.0,24.0,-10.0
5441,-35.0,-105.0,-49.0,3.0,15.0,33.0,-49.0,37.0,23.0,-11.0
5442,-34.0,-106.0,-48.0,4.0,14.0,34.0,-48.0,36.0,24.0,-10.0
5443,-33.0,-105.0,-47.0,5.0,15.0,35.0,-47.0,37.0,25.0,-9.0
5444,-32.0,-104.0,-48.0,4.0,14.0,36.0,-46.0,38.0,24.0,-10.0
5445,-31.0,-103.0,-47.0,5.0,15.0,37.0,-45.0,39.0,23.0,-11.0
5446,-30.0,-104.0,-48.0,6.0,16.0,36.0,-44.0,40.0,22.0,-12.0
5447,-31.0,-105.0,-47.0,7.0,17.0,35.0,-45.0,41.0,23.0,-11.0
5448,-30.0,-106.0,-48.0,8.0,18.0,34.0,-44.0,42.0,22.0,-12.0
5449,-29.0,-107.0,-49.0,9.0,19.0,33.0,-45.0,43.0,21.0,-13.0
5450,-28.0,-108.0,-48.0,8.0,20.0,32.0,-44.0,42.0,22.0,-12.0
5451,-27.0,-107.0,-47.0,7.0,19.0,31.0,-43.0,43.0,23.0,-13.0
5452,-28.0,-106.0,-46.0,6.0,18.0,32.0,-44.0,42.0,24.0,-12.0
5453,-29.0,-107.0,-45.0,7.0,19.0,31.0,-45.0,43.0,25.0,-11.0
5454,-28.0,-108.0,-44.0,8.0,18.0,32.0,-46.0,42.0,26.0,-12.0
5455,-27.0,-107.0,-45.0,7.0,19.0,33.0,-47.0,41.0,27.0,-11.0
5456,-28.0,-108.0,-46.0,6.0,20.0,34.0,-46.0,42.0,26.0,-12.0
5457,-29.0,-107.0,-47.0,7.0,19.0,35.0,-47.0,43.0,25.0,-11.0
5458,-30.0,-106.0,-48.0,8.0,18.0,34.0,-46.0,42.0,26.0,-12.0
5459,-31.0,-107.0,-49.0,7.0,19.0,35.0,-45.0,43.0,27.0,-13.0
5460,-30.0,-106.0,-48.0,8.0,20.0,36.0,-44.0,44.0,28.0,-12.0
5461,-29.0,-105.0,-49.0,7.0,19.0,37.0,-43.0,43.0,27.0,-13.0
5462,-28.0,-104.0,-48.0,6.0,18.0,36.0,-42.0,44.0,28.0,-14.0
5463,-29.0,-105.0,-49.0,5.0,17.0,37.0,-41.0,45.0,29.0,-13.0
5464,-30.0,-104.0,-48.0,4.0,18.0,38.0,-42.0,44.0,30.0,-14.0
5465,-31.0,-103.0,-47.0,3.0,19.0,39.0,-43.0,43.0,31.0,-15.0
5466,-32.0,-102.0,-46.0,2.0,20.0,40.0,-44.0,44.0,32.0,-16.0
5467,-31.0,-103.0,-45.0,1.0,21.0,41.0,-45.0,45.0,31.0,-15.0
5468,-32.0,-104.0,-46.0,0.0,20.0,40.0,-46.0,44.0,30.0,-16.0
5469,-31.0,-105.0,-45.0,-1.0,21.0,39.0,-45.0,43.0,31.0,-17.0
5470,-32.0,-104.0,-46.0,0.0,22.0,38.0,-44.0,42.0,30.0,-16.0
5471,-31.0,-103.0,-45.0,1.0,21.0,37.0,-45.0,41.0,29.0,-15.0
5472,-30.0,-104.0,-44.0,0.0,22.0,36.0,-44.0,42.0,28.0,-14.0
5473,-31.0,-103.0,-45.0,1.0,21.0,37.0,-45.0,43.0,29.0,-15.0
5474,-32.0,-102.0,-46.0,2.0,22.0,36.0,-44.0,42.0,28.0,-14.0
5475,-31.0,-101.0,-47.0,1.0,21.0,37.0,-43.0,41.0,27.0,-15.0
5476,-30.0,-100.0,-46.0,2.0,20.0,36.0,-44.0,40.0,28.0,-14.0
5477,-31.0,-99.0,-47.0,3.0,19.0,37.0,-43.0,39.0,29.0,-15.0
5478,-32.0,-98.0,-48.0,4.0,18.0,38.0,-44.0,40.0,28.0,-14.0
5479,-33.0,-99.0,-49.0,5.0,19.0,39.0,-43.0,39.0,27.0,-15.0
5480,-32.0,-98.0,-48.0,4.0,18.0,38.0,-44.0,40.0,28.0,-14.0
5481,-33.0,-97.0,-49.0,5.0,17.0,39.0,-45.0,41.0,27.0,-13.0
5482,-34.0,-96.0,-50.0,6.0,18.0,38.0,-44.0,40.0,28.0,-12.0
5483,-35.0,-97.0,-51.0,5.0,17.0,37.0,-45.0,39.0,27.0,-13.0
5484,-34.0,-98.0,-50.0,4.0,18.0,36.0,-44.0,38.0,28.0,-14.0
5485,-35.0,-99.0,-51.0,3.0,17.0,35.0,-45.0,37.0,27.0,-15.0
5486,-36.0,-98.0,-52.0,4.0,16.0,36.0,-44.0,36.0,28.0,-16.0
5487,-35.0,-97.0,-51.0,5.0,17.0,37.0,-43.0,37.0,29.0,-15.0
5488,-36.0,-98.0,-52.0,4.0,16.0,36.0,-44.0,36.0,28.0,-16.0
5489,-35.0,-97.0,-51.0,5.0,15.0,35.0,-45.0,35.0,27.0,-15.0
5490,-36.0,-96.0,-50.0,4.0,16.0,36.0,-46.0,34.0,28.0,-16.0
5491,-35.0,-95.0,-51.0,3.0,17.0,37.0,-47.0,33.0,29.0,-15.0
5492,-34.0,-96.0,-50.0,4.0,16.0,38.0,-48.0,32.0,30.0,-16.0
5493,-35.0,-95.0,-51.0,5.0,17.0,37.0,-47.0,31.0,29.0,-15.0
5494,-34.0,-96.0,-50.0,4.0,18.0,36.0,-46.0,30.0,30.0,-16.0
5495,-33.0,-97.0,-49.0,3.0,17.0,37.0,-47.0,31.0,31.0,-17.0
5496,-34.0,-98.0,-50.0,2.0,16.0,36.0,-48.0,30.0,30.0,-18.0
5497,-33.0,-99.0,-51.0,3.0,15.0,35.0,-47.0,29.0,29.0,-17.0
5498,-32.0,-98.0,-50.0,2.0,14.0,34.0,-46.0,30.0,30.0,-16.0
5499,-31.0,-97.0,-49.0,1.0,13.0,33.0,-47.0,31.0,31.0,-15.0
5500,-32.0,-98.0,-50.0,0.0,12.0,34.0,-46.0,32.0,32.0,-14.0
5501,-31.0,-97.0,-49.0,1.0,13.0,35.0,-45.0,33.0,33.0,-13.0
5502,-30.0,-96.0,-48.0,0.0,12.0,34.0,-44.0,34.0,34.0,-14.0
5503,-29.0,-95.0,-49.0,-1.0,11.0,35.0,-43.0,35.0,33.0,-15.0
5504,-30.0,-96.0,-48.0,0.0,10.0,34.0,-42.0,36.0,32.0,-16.0
5505,-31.0,-95.0,-49.0,1.0,11.0,33.0,-41.0,35.0,31.0,-15.0
5506,-32.0,-94.0,-50.0,2.0,10.0,34.0,-42.0,36.0,30.0,-14.0
5507,-33.0,-93.0,-49.0,1.0,9.0,35.0,-41.0,35.0,29.0,-13.0
5508,-34.0,-92.0,-48.0,0.0,8.0,36.0,-40.0,34.0,28.0,-12.0
5509,-35.0,-91.0,-47.0,-1.0,7.0,37.0,-39.0,33.0,27.0,-11.0
5510,-36.0,-92.0,-48.0,-2.0,6.0,36.0,-40.0,32.0,26.0,-12.0
5511,-35.0,-91.0,-47.0,-3.0,5.0,35.0,-39.0,33.0,27.0,-13.0
5512,-36.0,-92.0,-48.0,-4.0,4.0,34.0,-40.0,32.0,26.0,-14.0
5513,-35.0,-93.0,-47.0,-5.0,5.0,33.0,-39.0,33.0,25.0,-13.0
5514,-34.0,-94.0,-46.0,-6.0,6.0,32.0,-38.0,32.0,24.0,-12.0
5515,-35.0,-93.0,-47.0,-5.0,5.0,33.0,-39.0,33.0,23.0,-11.0
5516,-34.0,-92.0,-48.0,-6.0,4.0,34.0,-38.0,34.0,22.0,-12.0
5517,-33.0,-91.0,-49.0,-7.0,5.0,35.0,-39.0,33.0,23.0,-11.0
5518,-32.0,-90.0,-48.0,-6.0,6.0,36.0,-38.0,34.0,24.0,-10.0
5519,-33.0,-89.0,-49.0,-5.0,5.0,37.0,-39.0,35.0,23.0,-11.0
5520,-32.0,-88.0,-48.0,-6.0,4.0,36.0,-40.0,36.0,24.0,-10.0
5521,-31.0,-87.0,-49.0,-7.0,3.0,37.0,-39.0,37.0,23.0,-11.0
5522,-30.0,-88.0,-50.0,-6.0,2.0,36.0,-38.0,38.0,22.0,-10.0
5523,-29.0,-87.0,-49.0,-5.0,3.0,37.0,-37.0,39.0,23.0,-9.0
5524,-30.0,-86.0,-50.0,-6.0,4.0,36.0,-36.0,40.0,22.0,-8.0
5525,-29.0,-87.0,-49.0,-5.0,3.0,37.0,-35.0,39.0,23.0,-7.0
5526,-28.0,-86.0,-50.0,-6.0,2.0,38.0,-34.0,40.0,22.0,-8.0
5527,-27.0,-87.0,-49.0,-7.0,3.0,37.0,-33.0,39.0,23.0,-7.0
5528,-26.0,-86.0,-48.0,-8.0,2.0,36.0,-32.0,40.0,24.0,-8.0
5529,-27.0,-85.0,-47.0,-9.0,1.0,37.0,-33.0,39.0,25.0,-7.0
5530,-28.0,-84.0,-46.0,-10.0,2.0,38.0,-34.0,40.0,26.0,-8.0
5531,-29.0,-85.0,-47.0,-11.0,3.0,39.0,-33.0,41.0,27.0,-9.0
5532,-28.0,-84.0,-46.0,-12.0,2.0,38.0,-32.0,42.0,28.0,-8.0
5533,-27.0,-85.0,-45.0,-13.0,3.0,37.0,-33.0,43.0,27.0,-7.0
5534,-28.0,-86.0,-44.0,-12.0,2.0,36.0,-32.0,44.0,28.0,-8.0
5535,-29.0,-87.0,-45.0,-13.0,1.0,35.0,-33.0,45.0,29.0,-7.0
5536,-28.0,-86.0,-44.0,-12.0,2.0,36.0,-32.0,44.0,28.0,-8.0
5537,-29.0,-87.0,-45.0,-11.0,3.0,37.0,-31.0,43.0,27.0,-9.0
5538,-28.0,-88.0,-44.0,-12.0,2.0,38.0,-32.0,44.0,26.0,-10.0
5539,-29.0,-87.0,-45.0,-11.0,3.0,37.0,-31.0,43.0,25.0,-9.0
5540,-30.0,-88.0,-46.0,-12.0,4.0,38.0,-30.0,44.0,26.0,-10.0
5541,-29.0,-89.0,-45.0,-13.0,3.0,39.0,-31.0,45.0,25.0,-11.0
5542,-28.0,-88.0,-44.0,-14.0,2.0,38.0,-30.0,46.0,26.0,-12.0
5543,-29.0,-89.0,-45.0,-15.0,1.0,37.0,-31.0,45.0,25.0,-13.0
5544,-30.0,-90.0,-44.0,-14.0,2.0,36.0,-32.0,44.0,26.0,-12.0
5545,-31.0,-91.0,-45.0,-15.0,3.0,37.0,-31.0,45.0,25.0,-13.0
5546,-32.0,-92.0,-44.0,-14.0,4.0,36.0,-32.0,46.0,26.0,-12.0
5547,-33.0,-91.0,-43.0,-15.0,3.0,37.0,-31.0,45.0,25.0,-11.0
5548,-32.0,-90.0,-44.0,-16.0,2.0,38.0,-30.0,46.0,24.0,-12.0
5549,-33.0,-89.0,-45.0,-17.0,3.0,37.0,-29.0,47.0,23.0,-11.0
5550,-32.0,-88.0,-46.0,-18.0,4.0,38.0,-30.0,46.0,22.0,-10.0
5551,-31.0,-87.0,-45.0,-19.0,3.0,37.0,-29.0,47.0,23.0,-11.0
5552,-30.0,-86.0,-46.0,-20.0,4.0,38.0,-30.0,46.0,24.0,-10.0
5553,-31.0,-85.0,-45.0,-21.0,5.0,39.0,-31.0,47.0,25.0,-11.0
5554,-32.0,-84.0,-46.0,-20.0,6.0,38.0,-30.0,46.0,24.0,-10.0
5555,-31.0,-85.0,-47.0,-19.0,7.0,37.0,-31.0,47.0,25.0,-11.0
5556,-32.0,-86.0,-46.0,-18.0,8.0,36.0,-32.0,46.0,26.0,-10.0
5557,-33.0,-87.0,-47.0,-19.0,7.0,37.0,-31.0,47.0,27.0,-9.0
5558,-34.0,-88.0,-46.0,-18.0,8.0,36.0,-32.0,48.0,28.0,-8.0
5559,-35.0,-89.0,-47.0,-19.0,7.0,35.0,-33.0,47.0,27.0,-9.0
5560,-34.0,-90.0,-46.0,-18.0,6.0,36.0,-32.0,46.0,28.0,-8.0
5561,-35.0,-89.0,-45.0,-19.0,5.0,37.0,-31.0,45.0,27.0,-7.0
5562,-34.0,-88.0,-44.0,-18.0,6.0,38.0,-32.0,44.0,26.0,-8.0
5563,-35.0,-89.0,-45.0,-19.0,5.0,37.0,-33.0,43.0,25.0,-9.0
5564,-36.0,-90.0,-46.0,-20.0,4.0,36.0,-34.0,42.0,24.0,-10.0
5565,-37.0,-91.0,-47.0,-21.0,3.0,35.0,-33.0,43.0,25.0,-9.0
5566,-38.0,-92.0,-48.0,-22.0,2.0,34.0,-32.0,44.0,26.0,-8.0
5567,-39.0,-93.0,-47.0,-21.0,1.0,33.0,-33.0,45.0,27.0,-9.0
5568,-40.0,-92.0,-46.0,-22.0,0.0,34.0,-32.0,44.0,26.0,-8.0
5569,-39.0,-91.0,-47.0,-23.0,1.0,35.0,-33.0,43.0,27.0,-7.0
5570,-40.0,-92.0,-48.0,-24.0,2.0,36.0,-32.0,44.0,28.0,-8.0
5571,-41.0,-91.0,-49.0,-25.0,3.0,35.0,-33.0,45.0,27.0,-7.0
5572,-42.0,-90.0,-48.0,-26.0,2.0,36.0,-32.0,44.0,26.0,-6.0
5573,-41.0,-89.0,-49.0,-27.0,3.0,37.0,-31.0,43.0,25.0,-5.0
5574,-40.0,-90.0,-50.0,-26.0,2.0,36.0,-30.0,44.0,24.0,-4.0
5575,-41.0,-91.0,-51.0,-27.0,3.0,37.0,-29.0,45.0,25.0,-5.0
5576,-42.0,-90.0,-52.0,-26.0,2.0,38.0,-30.0,46.0,24.0,-4.0
5577,-41.0,-91.0,-51.0,-27.0,3.0,37.0,-29.0,45.0,25.0,-5.0
5578,-42.0,-90.0,-50.0,-28.0,4.0,38.0,-30.0,44.0,26.0,-6.0
5579,-41.0,-89.0,-51.0,-29.0,5.0,39.0,-31.0,43.0,27.0,-5.0
5580,-40.0,-88.0,-52.0,-30.0,6.0,40.0,-32.0,42.0,28.0,-4.0
5581,-41.0,-87.0,-53.0,-31.0,7.0,39.0,-33.0,43.0,27.0,-5.0
5582,-42.0,-88.0,-54.0,-32.0,8.0,40.0,-32.0,44.0,26.0,-6.0
5583,-41.0,-89.0,-55.0,-31.0,9.0,39.0,-31.0,45.0,25.0,-7.0
5584,-40.0,-88.0,-54.0,-30.0,10.0,40.0,-30.0,46.0,26.0,-6.0
5585,-39.0,-89.0,-53.0,-31.0,11.0,39.0,-29.0,45.0,27.0,-7.0
5586,-40.0,-90.0,-52.0,-30.0,10.0,38.0,-28.0,46.0,26.0,-8.0
5587,-41.0,-89.0,-51.0,-31.0,11.0,39.0,-29.0,45.0,27.0,-9.0
5588,-42.0,-90.0,-52.0,-32.0,10.0,38.0,-30.0,44.0,28.0,-8.0
5589,-43.0,-91.0,-53.0,-33.0,9.0,37.0,-29.0,45.0,29.0,-7.0
5590,-44.0,-92.0,-54.0,-34.0,10.0,38.0,-28.0,46.0,28.0,-8.0
5591,-45.0,-91.0,-55.0,-33.0,9.0,39.0,-29.0,47.0,27.0,-7.0
5592,-44.0,-92.0,-54.0,-34.0,10.0,38.0,-30.0,48.0,26.0,-6.0
5593,-45.0,-93.0,-55.0,-35.0,9.0,37.0,-31.0,47.0,25.0,-7.0
5594,-46.0,-92.0,-56.0,-34.0,8.0,38.0,-32.0,48.0,26.0,-8.0
5595,-45.0,-91.0,-55.0,-33.0,9.0,39.0,-31.0,49.0,27.0,-7.0
5596,-44.0,-92.0,-54.0,-34.0,10.0,40.0,-32.0,50.0,26.0,-6.0
5597,-43.0,-91.0,-55.0,-35.0,9.0,41.0,-31.0,49.0,25.0,-7.0
5598,-42.0,-90.0,-54.0,-34.0,10.0,42.0,-30.0,50.0,26.0,-8.0
5599,-41.0,-89.0,-53.0,-33.0,11.0,43.0,-29.0,51.0,27.0,-7.0
5600,-40.0,-88.0,-54.0,-34.0,10.0,44.0,-28.0,50.0,26.0,-8.0
5601,-39.0,-89.0,-53.0,-35.0,9.0,45.0,-29.0,51.0,25.0,-9.0
5602,-40.0,-90.0,-54.0,-34.0,10.0,46.0,-30.0,50.0,24.0,-8.0
5603,-39.0,-89.0,-53.0,-33.0,9.0,45.0,-31.0,49.0,25.0,-7.0
5604,-38.0,-90.0,-54.0,-32.0,10.0,44.0,-32.0,50.0,26.0,-8.0
5605,-39.0,-91.0,-55.0,-33.0,9.0,43.0,-33.0,49.0,25.0,-7.0
5606,-40.0,-92.0,-54.0,-32.0,8.0,42.0,-32.0,50.0,24.0,-8.0
5607,-41.0,-91.0,-55.0,-33.0,9.0,41.0,-31.0,51.0,23.0,-7.0
5608,-40.0,-92.0,-54.0,-34.0,8.0,42.0,-32.0,52.0,22.0,-8.0
5609,-39.0,-93.0,-55.0,-33.0,9.0,41.0,-33.0,53.0,21.0,-9.0
5610,-38.0,-94.0,-54.0,-32.0,8.0,42.0,-34.0,52.0,22.0,-10.0
5611,-37.0,-93.0,-53.0,-31.0,9.0,43.0,-33.0,53.0,21.0,-11.0
5612,-36.0,-94.0,-52.0,-32.0,10.0,42.0,-32.0,52.0,22.0,-12.0
5613,-37.0,-95.0,-51.0,-31.0,11.0,41.0,-33.0,51.0,23.0,-11.0
5614,-36.0,-94.0,-50.0,-30.0,10.0,40.0,-34.0,50.0,24.0,-10.0
5615,-35.0,-93.0,-51.0,-31.0,11.0,41.0,-35.0,49.0,25.0,-9.0
5616,-36.0,-92.0,-52.0,-32.0,12.0,40.0,-36.0,50.0,24.0,-10.0
5617,-37.0,-93.0,-53.0,-33.0,11.0,39.0,-37.0,49.0,23.0,-11.0
5618,-38.0,-94.0,-52.0,-32.0,10.0,38.0,-36.0,50.0,22.0,-12.0
5619,-37.0,-95.0,-51.0,-33.0,11.0,37.0,-37.0,51.0,21.0,-11.0
5620,-38.0,-94.0,-50.0,-34.0,12.0,38.0,-38.0,50.0,22.0,-12.0
5621,-39.0,-93.0,-51.0,-33.0,13.0,37.0,-37.0,49.0,23.0,-11.0
5622,-38.0,-92.0,-50.0,-34.0,12.0,36.0,-36.0,50.0,24.0,-12.0
5623,-39.0,-91.0,-51.0,-33.0,11.0,37.0,-37.0,49.0,25.0,-13.0
5624,-38.0,-90.0,-50.0,-32.0,10.0,36.0,-38.0,48.0,24.0,-12.0
5625,-37.0,-91.0,-49.0,-31.0,9.0,37.0,-37.0,47.0,25.0,-11.0
5626,-36.0,-92.0,-48.0,-30.0,8.0,38.0,-36.0,46.0,26.0,-10.0
5627,-35.0,-93.0,-49.0,-29.0,9.0,37.0,-37.0,47.0,27.0,-11.0
5628,-36.0,-94.0,-50.0,-30.0,8.0,36.0,-38.0,46.0,26.0,-12.0
5629,-37.0,-95.0,-51.0,-31.0,7.0,35.0,-39.0,47.0,27.0,-11.0
5630,-38.0,-96.0,-52.0,-30.0,8.0,36.0,-40.0,46.0,26.0,-12.0
5631,-37.0,-95.0,-51.0,-29.0,9.0,37.0,-39.0,47.0,27.0,-11.0
5632,-36.0,-94.0,-50.0,-28.0,10.0,38.0,-40.0,46.0,26.0,-12.0
5633,-35.0,-95.0,-49.0,-29.0,11.0,37.0,-39.0,45.0,27.0,-13.0
5634,-34.0,-96.0,-48.0,-28.0,10.0,38.0,-38.0,44.0,28.0,-12.0
5635,-35.0,-97.0,-47.0,-27.0,11.0,37.0,-39.0,43.0,29.0,-11.0
5636,-36.0,-98.0,-48.0,-28.0,12.0,38.0,-38.0,44.0,30.0,-12.0
5637,-37.0,-97.0,-47.0,-29.0,11.0,39.0,-37.0,43.0,29.0,-11.0
5638,-36.0,-98.0,-48.0,-28.0,12.0,38.0,-36.0,44.0,28.0,-12.0
5639,-35.0,-99.0,-49.0,-27.0,13.0,37.0,-37.0,45.0,29.0,-13.0
5640,-34.0,-98.0,-50.0,-28.0,12.0,38.0,-36.0,44.0,28.0,-14.0
5641,-35.0,-97.0,-51.0,-27.0,11.0,39.0,-37.0,45.0,27.0,-13.0
5642,-36.0,-96.0,-52.0,-26.0,12.0,38.0,-36.0,44.0,28.0,-12.0
5643,-37.0,-95.0,-51.0,-27.0,11.0,39.0,-37.0,43.0,29.0,-11.0
5644,-36.0,-96.0,-52.0,-26.0,10.0,38.0,-36.0,44.0,28.0,-10.0
5645,-37.0,-95.0,-53.0,-25.0,9.0,39.0,-37.0,45.0,27.0,-9.0
5646,-38.0,-94.0,-54.0,-24.0,10.0,38.0,-36.0,44.0,26.0,-8.0
5647,-37.0,-95.0,-55.0,-23.0,9.0,37.0,-35.0,45.0,25.0,-7.0
5648,-36.0,-96.0,-54.0,-22.0,8.0,38.0,-36.0,44.0,26.0,-8.0
5649,-35.0,-97.0,-53.0,-23.0,9.0,39.0,-37.0,45.0,25.0,-7.0
5650,-36.0,-98.0,-54.0,-22.0,10.0,40.0,-36.0,44.0,24.0,-8.0
5651,-35.0,-99.0,-55.0,-21.0,11.0,39.0,-37.0,45.0,23.0,-9.0
5652,-36.0,-100.0,-56.0,-20.0,12.0,40.0,-38.0,44.0,22.0,-8.0
5653,-37.0,-101.0,-57.0,-19.0,13.0,41.0,-37.0,43.0,21.0,-9.0
5654,-38.0,-100.0,-58.0,-18.0,12.0,42.0,-38.0,44.0,20.0,-8.0
5655,-37.0,-101.0,-59.0,-17.0,13.0,41.0,-39.0,45.0,21.0,-9.0
5656,-36.0,-102.0,-58.0,-18.0,14.0,40.0,-38.0,44.0,22.0,-10.0
5657,-37.0,-103.0,-57.0,-17.0,13.0,39.0,-37.0,45.0,21.0,-11.0
5658,-38.0,-104.0,-58.0,-18.0,12.0,38.0,-38.0,44.0,20.0,-12.0
5659,-39.0,-105.0,-59.0,-17.0,13.0,39.0,-37.0,43.0,19.0,-13.0
5660,-40.0,-104.0,-60.0,-16.0,12.0,40.0,-38.0,44.0,18.0,-14.0
5661,-39.0,-105.0,-61.0,-15.0,13.0,39.0,-39.0,45.0,19.0,-15.0
5662,-40.0,-104.0,-62.0,-14.0,14.0,38.0,-38.0,44.0,18.0,-14.0
5663,-39.0,-105.0,-63.0,-13.0,13.0,37.0,-37.0,43.0,17.0,-13.0
5664,-38.0,-104.0,-62.0,-12.0,14.0,38.0,-36.0,44.0,18.0,-12.0
5665,-37.0,-105.0,-63.0,-11.0,15.0,37.0,-37.0,45.0,19.0,-13.0
5666,-36.0,-106.0,-62.0,-12.0,16.0,36.0,-36.0,46.0,18.0,-12.0
5667,-35.0,-105.0,-61.0,-13.0,15.0,35.0,-37.0,47.0,19.0,-11.0
5668,-36.0,-104.0,-62.0,-12.0,14.0,36.0,-38.0,48.0,20.0,-12.0
5669,-35.0,-105.0,-63.0,-11.0,15.0,35.0,-37.0,49.0,19.0,-13.0
5670,-36.0,-106.0,-64.0,-12.0,14.0,34.0,-36.0,50.0,20.0,-12.0
5671,-37.0,-107.0,-65.0,-13.0,15.0,35.0,-35.0,51.0,19.0,-13.0
5672,-36.0,-106.0,-66.0,-14.0,16.0,36.0,-36.0,50.0,18.0,-12.0
5673,-37.0,-107.0,-67.0,-15.0,17.0,37.0,-35.0,51.0,19.0,-13.0
5674,-36.0,-106.0,-66.0,-16.0,16.0,36.0,-34.0,52.0,20.0,-12.0
5675,-35.0,-105.0,-65.0,-15.0,17.0,35.0,-35.0,51.0,19.0,-13.0
5676,-36.0,-104.0,-66.0,-16.0,18.0,34.0,-34.0,52.0,18.0,-12.0
5677,-35.0,-105.0,-65.0,-17.0,19.0,33.0,-33.0,51.0,17.0,-11.0
5678,-34.0,-104.0,-64.0,-16.0,20.0,34.0,-32.0,52.0,18.0,-10.0
5679,-33.0,-105.0,-63.0,-17.0,21.0,33.0,-31.0,51.0,19.0,-11.0
5680,-34.0,-104.0,-64.0,-16.0,20.0,34.0,-32.0,52.0,18.0,-10.0
5681,-33.0,-103.0,-63.0,-15.0,21.0,33.0,-33.0,51.0,17.0,-11.0
5682,-32.0,-102.0,-62.0,-14.0,22.0,34.0,-32.0,52.0,18.0,-10.0
5683,-33.0,-101.0,-63.0,-15.0,23.0,33.0,-33.0,53.0,17.0,-11.0
5684,-32.0,-102.0,-62.0,-16.0,24.0,32.0,-32.0,52.0,18.0,-12.0
5685,-33.0,-101.0,-63.0,-15.0,23.0,33.0,-31.0,51.0,19.0,-13.0
5686,-34.0,-102.0,-62.0,-14.0,24.0,32.0,-32.0,52.0,20.0,-12.0
5687,-35.0,-103.0,-63.0,-15.0,23.0,31.0,-33.0,51.0,19.0,-13.0
5688,-34.0,-102.0,-64.0,-16.0,24.0,32.0,-34.0,50.0,20.0,-12.0
5689,-33.0,-103.0,-65.0,-15.0,23.0,31.0,-33.0,51.0,19.0,-11.0
5690,-34.0,-104.0,-66.0,-16.0,22.0,30.0,-34.0,50.0,20.0,-10.0
5691,-35.0,-105.0,-67.0,-17.0,21.0,29.0,-35.0,49.0,19.0,-11.0
5692,-36.0,-104.0,-68.0,-16.0,20.0,30.0,-36.0,50.0,18.0,-10.0
5693,-35.0,-105.0,-69.0,-15.0,19.0,29.0,-35.0,49.0,17.0,-9.0
5694,-34.0,-104.0,-68.0,-14.0,20.0,30.0,-34.0,50.0,18.0,-8.0
5695,-33.0,-103.0,-67.0,-13.0,21.0,29.0,-35.0,49.0,17.0,-9.0
5696,-32.0,-102.0,-66.0,-12.0,20.0,28.0,-36.0,48.0,16.0,-8.0
5697,-33.0,-103.0,-67.0,-13.0,21.0,29.0,-35.0,49.0,15.0,-9.0
5698,-34.0,-104.0,-68.0,-14.0,20.0,28.0,-34.0,50.0,16.0,-8.0
5699,-35.0,-105.0,-69.0,-15.0,21.0,29.0,-33.0,51.0,15.0,-9.0
5700,-34.0,-104.0,-68.0,-14.0,20.0,28.0,-34.0,50.0,16.0,-8.0
5701,-33.0,-103.0,-69.0,-15.0,19.0,29.0,-33.0,51.0,15.0,-9.0
5702,-32.0,-104.0,-70.0,-14.0,20.0,28.0,-34.0,52.0,16.0,-10.0
5703,-31.0,-103.0,-71.0,-15.0,21.0,29.0,-35.0,51.0,17.0,-9.0
5704,-30.0,-102.0,-70.0,-14.0,22.0,30.0,-34.0,52.0,18.0,-8.0
5705,-29.0,-103.0,-69.0,-15.0,23.0,31.0,-35.0,53.0,17.0,-7.0
5706,-30.0,-102.0,-68.0,-16.0,24.0,32.0,-36.0,54.0,18.0,-8.0
5707,-29.0,-101.0,-67.0,-15.0,25.0,33.0,-35.0,53.0,17.0,-9.0
5708,-30.0,-100.0,-68.0,-14.0,24.0,34.0,-36.0,54.0,16.0,-8.0
5709,-31.0,-99.0,-69.0,-13.0,25.0,33.0,-35.0,53.0,17.0,-7.0
5710,-30.0,-100.0,-68.0,-12.0,24.0,34.0,-36.0,52.0,18.0,-8.0
5711,-29.0,-101.0,-69.0,-11.0,25.0,33.0,-35.0,53.0,17.0,-9.0
5712,-30.0,-100.0,-70.0,-12.0,26.0,32.0,-36.0,54.0,16.0,-10.0
5713,-31.0,-99.0,-71.0,-11.0,25.0,33.0,-37.0,55.0,15.0,-9.0
5714,-32.0,-98.0,-72.0,-12.0,26.0,32.0,-38.0,56.0,14.0,-10.0
5715,-31.0,-97.0,-73.0,-13.0,25.0,33.0,-37.0,55.0,13.0,-11.0
5716,-30.0,-96.0,-72.0,-12.0,26.0,34.0,-36.0,56.0,14.0,-10.0
5717,-31.0,-97.0,-73.0,-13.0,25.0,33.0,-37.0,55.0,13.0,-11.0
5718,-32.0,-96.0,-74.0,-12.0,24.0,34.0,-38.0,56.0,12.0,-10.0
5719,-33.0,-97.0,-75.0,-11.0,25.0,35.0,-37.0,55.0,11.0,-11.0
5720,-32.0,-96.0,-76.0,-12.0,26.0,36.0,-38.0,54.0,12.0,-10.0
5721,-33.0,-97.0,-77.0,-13.0,25.0,35.0,-37.0,55.0,13.0,-9.0
5722,-32.0,-96.0,-76.0,-12.0,26.0,36.0,-36.0,56.0,14.0,-8.0
5723,-31.0,-97.0,-77.0,-11.0,27.0,35.0,-37.0,57.0,15.0,-9.0
5724,-32.0,-96.0,-78.0,-10.0,26.0,36.0,-38.0,58.0,14.0,-8.0
5725,-33.0,-95.0,-77.0,-11.0,27.0,37.0,-39.0,59.0,15.0,-9.0
5726,-34.0,-94.0,-76.0,-12.0,28.0,38.0,-40.0,60.0,16.0,-10.0
5727,-33.0,-95.0,-75.0,-13.0,29.0,39.0,-41.0,61.0,15.0,-9.0
5728,-32.0,-96.0,-74.0,-12.0,28.0,40.0,-42.0,60.0,16.0,-10.0
5729,-31.0,-95.0,-73.0,-11.0,29.0,41.0,-41.0,61.0,17.0,-11.0
5730,-30.0,-96.0,-72.0,-12.0,28.0,42.0,-42.0,62.0,18.0,-12.0
5731,-29.0,-97.0,-71.0,-13.0,29.0,41.0,-41.0,61.0,19.0,-11.0
5732,-30.0,-96.0,-70.0,-14.0,28.0,42.0,-40.0,60.0,18.0,-10.0
5733,-29.0,-97.0,-71.0,-13.0,29.0,41.0,-41.0,61.0,19.0,-11.0
5734,-28.0,-96.0,-70.0,-12.0,30.0,42.0,-42.0,60.0,18.0,-12.0
5735,-29.0,-97.0,-69.0,-11.0,29.0,41.0,-43.0,61.0,19.0,-13.0
5736,-28.0,-96.0,-70.0,-12.0,28.0,42.0,-42.0,62.0,18.0,-14.0
5737,-27.0,-95.0,-71.0,-13.0,27.0,43.0,-41.0,61.0,17.0,-15.0
5738,-26.0,-96.0,-70.0,-14.0,28.0,44.0,-42.0,62.0,16.0,-14.0
5739,-27.0,-97.0,-71.0,-15.0,27.0,43.0,-43.0,61.0,15.0,-13.0
5740,-26.0,-98.0,-70.0,-14.0,26.0,44.0,-42.0,60.0,16.0,-12.0
5741,-27.0,-99.0,-69.0,-13.0,25.0,43.0,-41.0,61.0,17.0,-13.0
5742,-26.0,-100.0,-68.0,-14.0,26.0,44.0,-42.0,62.0,16.0,-12.0
5743,-25.0,-101.0,-69.0,-13.0,27.0,43.0,-41.0,63.0,15.0,-13.0
5744,-26.0,-102.0,-70.0,-12.0,28.0,44.0,-42.0,62.0,14.0,-12.0
5745,-25.0,-103.0,-69.0,-13.0,29.0,43.0,-41.0,61.0,15.0,-11.0
5746,-26.0,-104.0,-70.0,-14.0,28.0,42.0,-42.0,62.0,16.0,-10.0
5747,-27.0,-103.0,-69.0,-15.0,29.0,43.0,-43.0,63.0,17.0,-11.0
5748,-26.0,-102.0,-68.0,-14.0,30.0,44.0,-42.0,64.0,18.0,-10.0
5749,-25.0,-103.0,-67.0,-15.0,31.0,43.0,-41.0,63.0,19.0,-11.0
5750,-26.0,-104.0,-68.0,-16.0,30.0,42.0,-42.0,62.0,18.0,-12.0
5751,-25.0,-105.0,-67.0,-17.0,31.0,41.0,-41.0,61.0,19.0,-13.0
5752,-24.0,-106.0,-66.0,-16.0,30.0,42.0,-40.0,60.0,20.0,-12.0
5753,-25.0,-107.0,-67.0,-17.0,29.0,41.0,-41.0,59.0,21.0,-11.0
5754,-24.0,-106.0,-66.0,-16.0,30.0,42.0,-40.0,60.0,22.0,-10.0
5755,-23.0,-105.0,-65.0,-15.0,31.0,43.0,-41.0,59.0,21.0,-11.0
5756,-24.0,-106.0,-66.0,-16.0,30.0,42.0,-42.0,60.0,22.0,-10.0
5757,-23.0,-107.0,-65.0,-17.0,31.0,41.0,-43.0,61.0,21.0,-9.0
5758,-24.0,-108.0,-66.0,-18.0,30.0,42.0,-42.0,62.0,22.0,-8.0
5759,-25.0,-107.0,-67.0,-17.0,29.0,41.0,-41.0,61.0,23.0,-9.0
5760,-26.0,-106.0,-68.0,-16.0,28.0,42.0,-42.0,62.0,22.0,-8.0
5761,-25.0,-107.0,-67.0,-17.0,29.0,41.0,-41.0,61.0,23.0,-9.0
5762,-26.0,-106.0,-68.0,-16.0,28.0,42.0,-42.0,62.0,22.0,-8.0
5763,-27.0,-107.0,-69.0,-17.0,27.0,41.0,-43.0,61.0,21.0,-9.0
5764,-26.0,-108.0,-68.0,-18.0,28.0,40.0,-42.0,60.0,22.0,-10.0
5765,-25.0,-109.0,-67.0,-19.0,29.0,39.0,-41.0,59.0,23.0,-11.0
5766,-26.0,-108.0,-68.0,-18.0,28.0,40.0,-42.0,60.0,22.0,-10.0
5767,-27.0,-109.0,-69.0,-19.0,27.0,39.0,-43.0,59.0,23.0,-9.0
5768,-28.0,-110.0,-70.0,-18.0,28.0,40.0,-44.0,58.0,22.0,-8.0
5769,-29.0,-109.0,-69.0,-19.0,27.0,41.0,-45.0,57.0,23.0,-7.0
5770,-28.0,-108.0,-68.0,-18.0,28.0,42.0,-44.0,58.0,24.0,-6.0
5771,-27.0,-109.0,-69.0,-17.0,27.0,41.0,-43.0,59.0,23.0,-5.0
5772,-26.0,-108.0,-70.0,-18.0,28.0,42.0,-44.0,58.0,22.0,-4.0
5773,-27.0,-107.0,-69.0,-19.0,27.0,43.0,-43.0,57.0,21.0,-3.0
5774,-28.0,-106.0,-70.0,-18.0,26.0,44.0,-44.0,58.0,22.0,-4.0
5775,-27.0,-107.0,-69.0,-19.0,27.0,43.0,-45.0,59.0,21.0,-3.0
5776,-28.0,-106.0,-70.0,-18.0,28.0,42.0,-44.0,58.0,20.0,-2.0
5777,-27.0,-105.0,-69.0,-19.0,27.0,41.0,-43.0,59.0,21.0,-1.0
5778,-26.0,-106.0,-70.0,-18.0,26.0,40.0,-42.0,58.0,20.0,0.0
5779,-25.0,-105.0,-69.0,-17.0,27.0,41.0,-41.0,59.0,21.0,1.0
5780,-26.0,-104.0,-70.0,-16.0,28.0,40.0,-40.0,58.0,20.0,2.0
5781,-25.0,-105.0,-71.0,-15.0,29.0,39.0,-41.0,59.0,21.0,1.0
5782,-26.0,-106.0,-72.0,-16.0,28.0,38.0,-42.0,58.0,20.0,0.0
5783,-27.0,-107.0,-73.0,-17.0,27.0,37.0,-41.0,59.0,21.0,1.0
5784,-26.0,-108.0,-72.0,-16.0,26.0,38.0,-40.0,58.0,22.0,2.0
5785,-25.0,-107.0,-73.0,-17.0,25.0,39.0,-39.0,59.0,21.0,1.0
5786,-26.0,-106.0,-74.0,-18.0,26.0,38.0,-40.0,60.0,20.0,0.0
5787,-25.0,-105.0,-73.0,-19.0,25.0,37.0,-39.0,61.0,21.0,-1.0
5788,-24.0,-104.0,-74.0,-20.0,26.0,38.0,-40.0,60.0,22.0,0.0
5789,-23.0,-103.0,-75.0,-21.0,27.0,39.0,-41.0,59.0,21.0,1.0
5790,-22.0,-102.0,-76.0,-22.0,28.0,40.0,-42.0,58.0,22.0,2.0
5791,-21.0,-101.0,-75.0,-21.0,29.0,41.0,-41.0,59.0,23.0,3.0
5792,-22.0,-102.0,-76.0,-22.0,28.0,40.0,-42.0,60.0,24.0,4.0
5793,-21.0,-103.0,-75.0,-21.0,27.0,41.0,-43.0,59.0,25.0,3.0
5794,-20.0,-102.0,-74.0,-22.0,26.0,40.0,-42.0,60.0,26.0,4.0
5795,-19.0,-101.0,-75.0,-23.0,27.0,41.0,-41.0,59.0,25.0,5.0
5796,-20.0,-100.0,-74.0,-24.0,26.0,42.0,-40.0,58.0,24.0,6.0
5797,-19.0,-101.0,-75.0,-23.0,25.0,41.0,-39.0,57.0,23.0,7.0
5798,-18.0,-100.0,-76.0,-24.0,26.0,42.0,-40.0,56.0,22.0,8.0
5799,-17.0,-99.0,-75.0,-23.0,27.0,43.0,-39.0,55.0,21.0,7.0
5800,-16.0,-100.0,-76.0,-22.0,26.0,42.0,-38.0,54.0,20.0,8.0
5801,-17.0,-101.0,-77.0,-21.0,27.0,43.0,-39.0,53.0,19.0,7.0
5802,-16.0,-102.0,-78.0,-20.0,28.0,42.0,-40.0,54.0,20.0,6.0
5803,-17.0,-101.0,-79.0,-21.0,29.0,41.0,-41.0,55.0,19.0,5.0
5804,-16.0,-100.0,-78.0,-22.0,28.0,40.0,-42.0,56.0,20.0,6.0
5805,-17.0,-99.0,-79.0,-21.0,27.0,41.0,-41.0,55.0,21.0,5.0
5806,-18.0,-100.0,-80.0,-22.0,26.0,42.0,-40.0,56.0,22.0,6.0
5807,-17.0,-101.0,-81.0,-21.0,25.0,41.0,-39.0,55.0,21.0,7.0
5808,-16.0,-100.0,-80.0,-20.0,26.0,42.0,-38.0,56.0,22.0,6.0
5809,-17.0,-99.0,-79.0,-21.0,27.0,43.0,-39.0,55.0,23.0,5.0
5810,-18.0,-98.0,-80.0,-20.0,26.0,44.0,-40.0,56.0,22.0,6.0
5811,-19.0,-97.0,-81.0,-19.0,25.0,45.0,-41.0,57.0,21.0,7.0
5812,-20.0,-98.0,-82.0,-20.0,24.0,44.0,-40.0,58.0,22.0,8.0
5813,-19.0,-99.0,-81.0,-21.0,25.0,43.0,-39.0,57.0,23.0,7.0
5814,-18.0,-100.0,-82.0,-20.0,24.0,42.0,-38.0,56.0,22.0,8.0
5815,-19.0,-101.0,-83.0,-21.0,25.0,43.0,-37.0,57.0,21.0,7.0
5816,-20.0,-100.0,-82.0,-22.0,24.0,44.0,-36.0,56.0,20.0,8.0
5817,-19.0,-99.0,-81.0,-23.0,23.0,43.0,-37.0,57.0,21.0,9.0
5818,-20.0,-100.0,-82.0,-22.0,24.0,44.0,-36.0,56.0,20.0,8.0
5819,-19.0,-99.0,-81.0,-21.0,25.0,43.0,-37.0,55.0,19.0,7.0
5820,-18.0,-100.0,-82.0,-20.0,26.0,42.0,-38.0,56.0,20.0,6.0
5821,-19.0,-101.0,-83.0,-21.0,25.0,41.0,-39.0,55.0,19.0,5.0
5822,-20.0,-100.0,-84.0,-20.0,26.0,40.0,-38.0,54.0,20.0,6.0
5823,-21.0,-101.0,-83.0,-19.0,25.0,39.0,-39.0,55.0,21.0,5.0
5824,-20.0,-102.0,-82.0,-18.0,24.0,40.0,-40.0,54.0,22.0,4.0
5825,-21.0,-101.0,-83.0,-17.0,23.0,41.0,-41.0,55.0,21.0,5.0
5826,-20.0,-102.0,-84.0,-16.0,24.0,40.0,-40.0,56.0,20.0,4.0
5827,-21.0,-101.0,-85.0,-17.0,25.0,39.0,-39.0,57.0,19.0,5.0
5828,-22.0,-102.0,-86.0,-18.0,24.0,40.0,-38.0,58.0,20.0,6.0
5829,-23.0,-101.0,-87.0,-19.0,25.0,39.0,-37.0,59.0,19.0,7.0
5830,-22.0,-102.0,-86.0,-20.0,24.0,40.0,-38.0,60.0,18.0,6.0
5831,-23.0,-103.0,-87.0,-21.0,23.0,39.0,-39.0,59.0,17.0,5.0
5832,-24.0,-102.0,-88.0,-20.0,22.0,40.0,-40.0,60.0,18.0,4.0
5833,-23.0,-103.0,-89.0,-19.0,23.0,39.0,-41.0,61.0,19.0,3.0
5834,-24.0,-104.0,-90.0,-20.0,22.0,38.0,-40.0,62.0,20.0,4.0
5835,-23.0,-105.0,-89.0,-21.0,21.0,39.0,-41.0,63.0,19.0,3.0
5836,-24.0,-106.0,-88.0,-20.0,22.0,38.0,-42.0,62.0,20.0,4.0
5837,-25.0,-105.0,-87.0,-21.0,21.0,39.0,-41.0,61.0,19.0,5.0
5838,-26.0,-104.0,-86.0,-22.0,20.0,40.0,-40.0,60.0,18.0,6.0
5839,-25.0,-103.0,-85.0,-23.0,19.0,39.0,-41.0,61.0,19.0,7.0
5840,-24.0,-104.0,-84.0,-24.0,18.0,40.0,-42.0,62.0,18.0,6.0
5841,-25.0,-103.0,-85.0,-23.0,17.0,41.0,-41.0,61.0,19.0,5.0
5842,-26.0,-104.0,-86.0,-24.0,16.0,42.0,-40.0,62.0,20.0,6.0
5843,-25.0,-103.0,-87.0,-25.0,17.0,43.0,-39.0,61.0,19.0,7.0
5844,-26.0,-102.0,-88.0,-24.0,16.0,44.0,-40.0,62.0,18.0,8.0
5845,-25.0,-101.0,-87.0,-23.0,17.0,45.0,-39.0,63.0,19.0,7.0
5846,-26.0,-102.0,-86.0,-22.0,16.0,44.0,-38.0,64.0,18.0,6.0
5847,-27.0,-101.0,-87.0,-21.0,15.0,45.0,-39.0,63.0,19.0,5.0
5848,-26.0,-102.0,-86.0,-22.0,16.0,44.0,-38.0,64.0,18.0,6.0
5849,-25.0,-101.0,-85.0,-21.0,17.0,45.0,-37.0,65.0,19.0,7.0
5850,-24.0,-102.0,-84.0,-22.0,18.0,44.0,-36.0,64.0,20.0,6.0
5851,-23.0,-103.0,-83.0,-23.0,17.0,45.0,-37.0,65.0,19.0,5.0
5852,-22.0,-104.0,-82.0,-24.0,18.0,44.0,-36.0,64.0,20.0,4.0
5853,-23.0,-105.0,-83.0,-23.0,19.0,45.0,-35.0,63.0,19.0,3.0
5854,-22.0,-104.0,-82.0,-22.0,20.0,46.0,-34.0,64.0,20.0,4.0
5855,-23.0,-105.0,-83.0,-21.0,21.0,47.0,-33.0,63.0,19.0,3.0
5856,-22.0,-106.0,-84.0,-20.0,22.0,46.0,-32.0,64.0,18.0,2.0
5857,-23.0,-105.0,-83.0,-21.0,21.0,47.0,-31.0,63.0,17.0,3.0
5858,-24.0,-104.0,-84.0,-22.0,22.0,46.0,-30.0,64.0,16.0,4.0
5859,-23.0,-105.0,-83.0,-21.0,21.0,47.0,-29.0,63.0,17.0,5.0
5860,-22.0,-106.0,-82.0,-22.0,22.0,48.0,-30.0,64.0,16.0,6.0
5861,-23.0,-105.0,-83.0,-21.0,21.0,47.0,-29.0,63.0,17.0,5.0
5862,-22.0,-106.0,-84.0,-20.0,20.0,46.0,-28.0,62.0,16.0,6.0
5863,-21.0,-107.0,-83.0,-21.0,21.0,45.0,-27.0,61.0,17.0,5.0
5864,-20.0,-106.0,-82.0,-20.0,22.0,44.0,-28.0,60.0,16.0,4.0
5865,-19.0,-107.0,-83.0,-19.0,21.0,43.0,-27.0,59.0,15.0,5.0
5866,-18.0,-108.0,-82.0,-20.0,22.0,42.0,-26.0,58.0,16.0,6.0
5867,-19.0,-107.0,-83.0,-19.0,21.0,43.0,-27.0,59.0,15.0,7.0
5868,-20.0,-106.0,-84.0,-18.0,20.0,44.0,-26.0,58.0,16.0,6.0
5869,-19.0,-107.0,-83.0,-19.0,21.0,45.0,-27.0,59.0,15.0,7.0
5870,-20.0,-106.0,-84.0,-18.0,22.0,44.0,-26.0,58.0,16.0,8.0
5871,-21.0,-107.0,-85.0,-19.0,21.0,43.0,-27.0,57.0,15.0,7.0
5872,-20.0,-106.0,-84.0,-18.0,22.0,44.0,-26.0,58.0,14.0,6.0
5873,-19.0,-105.0,-85.0,-19.0,23.0,45.0,-27.0,57.0,15.0,7.0
5874,-20.0,-104.0,-86.0,-18.0,22.0,46.0,-26.0,56.0,16.0,6.0
5875,-21.0,-103.0,-85.0,-19.0,21.0,47.0,-25.0,55.0,15.0,7.0
5876,-20.0,-104.0,-84.0,-20.0,22.0,46.0,-26.0,56.0,14.0,8.0
5877,-21.0,-105.0,-85.0,-19.0,23.0,47.0,-25.0,55.0,13.0,7.0
5878,-20.0,-106.0,-86.0,-18.0,24.0,46.0,-26.0,56.0,14.0,6.0
5879,-19.0,-105.0,-87.0,-19.0,23.0,47.0,-25.0,57.0,13.0,5.0
5880,-20.0,-104.0,-86.0,-20.0,22.0,48.0,-24.0,56.0,12.0,6.0
5881,-19.0,-105.0,-85.0,-19.0,21.0,49.0,-25.0,55.0,13.0,5.0
5882,-20.0,-104.0,-84.0,-20.0,20.0,50.0,-24.0,54.0,14.0,6.0
5883,-21.0,-103.0,-83.0,-21.0,19.0,51.0,-23.0,53.0,15.0,7.0
5884,-20.0,-104.0,-82.0,-20.0,18.0,52.0,-22.0,52.0,16.0,8.0
5885,-19.0,-103.0,-81.0,-19.0,17.0,51.0,-23.0,51.0,15.0,9.0
5886,-18.0,-102.0,-82.0,-20.0,16.0,52.0,-22.0,52.0,14.0,8.0
5887,-17.0,-101.0,-83.0,-21.0,15.0,53.0,-21.0,53.0,13.0,7.0
5888,-18.0,-102.0,-82.0,-20.0,14.0,52.0,-20.0,54.0,12.0,6.0
5889,-19.0,-103.0,-81.0,-19.0,13.0,51.0,-19.0,55.0,13.0,5.0
5890,-18.0,-104.0,-82.0,-18.0,12.0,50.0,-18.0,54.0,12.0,6.0
5891,-17.0,-105.0,-81.0,-19.0,13.0,49.0,-17.0,55.0,11.0,7.0
5892,-18.0,-106.0,-80.0,-18.0,12.0,48.0,-16.0,56.0,10.0,6.0
5893,-17.0,-105.0,-79.0,-17.0,13.0,49.0,-15.0,57.0,11.0,7.0
5894,-18.0,-106.0,-80.0,-18.0,12.0,48.0,-16.0,56.0,10.0,6.0
5895,-19.0,-105.0,-81.0,-19.0,13.0,47.0,-15.0,57.0,9.0,7.0
5896,-18.0,-106.0,-82.0,-18.0,12.0,46.0,-14.0,56.0,8.0,8.0
5897,-17.0,-105.0,-81.0,-17.0,13.0,47.0,-13.0,57.0,9.0,7.0
5898,-18.0,-106.0,-82.0,-18.0,14.0,48.0,-12.0,58.0,8.0,6.0
5899,-19.0,-105.0,-81.0,-19.0,13.0,49.0,-13.0,57.0,9.0,7.0
5900,-18.0,-104.0,-80.0,-20.0,12.0,48.0,-14.0,58.0,10.0,8.0
5901,-17.0,-105.0,-79.0,-19.0,11.0,49.0,-15.0,57.0,11.0,7.0
5902,-18.0,-104.0,-80.0,-20.0,12.0,48.0,-14.0,58.0,10.0,8.0
5903,-17.0,-103.0,-81.0,-21.0,11.0,49.0,-13.0,57.0,9.0,7.0
5904,-16.0,-102.0,-80.0,-20.0,10.0,48.0,-14.0,56.0,10.0,8.0
5905,-15.0,-101.0,-81.0,-21.0,9.0,49.0,-13.0,57.0,9.0,7.0
5906,-14.0,-100.0,-82.0,-22.0,10.0,50.0,-14.0,56.0,8.0,8.0
5907,-13.0,-99.0,-81.0,-21.0,11.0,51.0,-15.0,55.0,7.0,7.0
5908,-12.0,-98.0,-80.0,-22.0,10.0,50.0,-14.0,56.0,8.0,8.0
5909,-13.0,-97.0,-81.0,-21.0,9.0,51.0,-13.0,55.0,9.0,7.0
5910,-14.0,-96.0,-82.0,-22.0,10.0,50.0,-12.0,56.0,8.0,8.0
5911,-13.0,-95.0,-81.0,-21.0,11.0,51.0,-11.0,57.0,9.0,9.0
5912,-14.0,-94.0,-82.0,-22.0,12.0,50.0,-12.0,58.0,8.0,10.0
5913,-13.0,-95.0,-81.0,-21.0,11.0,51.0,-11.0,57.0,9.0,11.0
5914,-14.0,-96.0,-82.0,-22.0,10.0,50.0,-12.0,56.0,8.0,12.0
5915,-15.0,-97.0,-83.0,-23.0,9.0,49.0,-13.0,55.0,7.0,11.0
5916,-14.0,-98.0,-82.0,-22.0,8.0,50.0,-12.0,54.0,8.0,12.0
5917,-15.0,-97.0,-83.0,-21.0,7.0,51.0,-13.0,55.0,7.0,13.0
5918,-16.0,-96.0,-82.0,-22.0,6.0,52.0,-12.0,54.0,6.0,14.0
5919,-17.0,-95.0,-83.0,-21.0,5.0,53.0,-13.0,55.0,5.0,15.0
5920,-16.0,-96.0,-82.0,-20.0,4.0,54.0,-12.0,54.0,6.0,14.0
5921,-15.0,-95.0,-81.0,-19.0,5.0,55.0,-11.0,55.0,7.0,15.0
5922,-16.0,-96.0,-82.0,-20.0,4.0,54.0,-12.0,54.0,6.0,14.0
5923,-15.0,-97.0,-83.0,-19.0,3.0,53.0,-11.0,55.0,5.0,15.0
5924,-16.0,-96.0,-82.0,-20.0,4.0,54.0,-12.0,56.0,6.0,14.0
5925,-15.0,-95.0,-81.0,-19.0,3.0,53.0,-13.0,55.0,7.0,15.0
5926,-16.0,-96.0,-82.0,-20.0,2.0,52.0,-14.0,54.0,6.0,14.0
5927,-17.0,-95.0,-83.0,-19.0,1.0,53.0,-15.0,55.0,5.0,15.0
5928,-18.0,-96.0,-84.0,-20.0,0.0,52.0,-14.0,56.0,6.0,16.0
5929,-19.0,-95.0,-85.0,-19.0,1.0,51.0,-13.0,55.0,7.0,17.0
5930,-18.0,-94.0,-84.0,-18.0,2.0,52.0,-14.0,54.0,6.0,16.0
5931,-19.0,-93.0,-85.0,-17.0,3.0,51.0,-13.0,53.0,7.0,17.0
5932,-18.0,-94.0,-84.0,-18.0,2.0,52.0,-14.0,54.0,6.0,16.0
5933,-19.0,-93.0,-83.0,-19.0,1.0,53.0,-15.0,53.0,7.0,17.0
5934,-18.0,-94.0,-84.0,-18.0,0.0,52.0,-14.0,52.0,6.0,18.0
5935,-17.0,-95.0,-83.0,-17.0,-1.0,53.0,-13.0,51.0,7.0,19.0
5936,-16.0,-94.0,-82.0,-16.0,0.0,54.0,-12.0,52.0,8.0,20.0
5937,-17.0,-93.0,-81.0,-17.0,-1.0,55.0,-11.0,51.0,9.0,21.0
5938,-16.0,-92.0,-80.0,-16.0,0.0,56.0,-10.0,52.0,10.0,22.0
5939,-15.0,-93.0,-79.0,-17.0,1.0,55.0,-9.0,51.0,11.0,21.0
5940,-14.0,-94.0,-78.0,-18.0,2.0,54.0,-8.0,52.0,10.0,22.0
5941,-15.0,-95.0,-79.0,-17.0,3.0,55.0,-9.0,51.0,9.0,23.0
5942,-16.0,-96.0,-78.0,-16.0,4.0,54.0,-10.0,50.0,10.0,24.0
5943,-17.0,-97.0,-79.0,-17.0,3.0,53.0,-9.0,51.0,11.0,25.0
5944,-18.0,-96.0,-78.0,-18.0,4.0,54.0,-10.0,52.0,12.0,24.0
5945,-19.0,-95.0,-77.0,-19.0,3.0,55.0,-11.0,51.0,13.0,25.0
5946,-18.0,-94.0,-78.0,-20.0,2.0,56.0,-10.0,52.0,12.0,24.0
5947,-19.0,-93.0,-79.0,-21.0,3.0,55.0,-9.0,53.0,11.0,25.0
5948,-20.0,-94.0,-78.0,-20.0,2.0,54.0,-10.0,54.0,12.0,24.0
5949,-19.0,-93.0,-77.0,-19.0,3.0,53.0,-11.0,53.0,11.0,23.0
5950,-18.0,-92.0,-76.0,-18.0,4.0,54.0,-10.0,54.0,12.0,24.0
5951,-17.0,-93.0,-75.0,-17.0,3.0,55.0,-9.0,53.0,13.0,23.0
5952,-16.0,-94.0,-74.0,-16.0,2.0,56.0,-8.0,52.0,14.0,24.0
5953,-17.0,-95.0,-75.0,-15.0,3.0,57.0,-9.0,51.0,13.0,25.0
5954,-16.0,-94.0,-76.0,-16.0,4.0,58.0,-8.0,50.0,12.0,26.0
5955,-15.0,-95.0,-75.0,-17.0,5.0,57.0,-7.0,49.0,13.0,25.0
5956,-16.0,-96.0,-76.0,-18.0,4.0,58.0,-6.0,50.0,14.0,26.0
5957,-15.0,-97.0,-75.0,-19.0,5.0,57.0,-5.0,49.0,15.0,25.0
5958,-14.0,-98.0,-74.0,-20.0,6.0,56.0,-4.0,50.0,14.0,26.0
5959,-13.0,-99.0,-73.0,-19.0,5.0,57.0,-3.0,49.0,15.0,27.0
5960,-14.0,-100.0,-74.0,-20.0,4.0,56.0,-4.0,48.0,14.0,26.0
5961,-15.0,-101.0,-75.0,-21.0,3.0,55.0,-5.0,47.0,13.0,25.0
5962,-16.0,-100.0,-76.0,-20.0,2.0,56.0,-6.0,46.0,14.0,24.0
5963,-17.0,-101.0,-77.0,-19.0,3.0,57.0,-5.0,45.0,13.0,23.0
5964,-18.0,-100.0,-78.0,-18.0,2.0,58.0,-6.0,46.0,12.0,24.0
5965,-17.0,-101.0,-79.0,-17.0,3.0,57.0,-5.0,47.0,11.0,23.0
5966,-18.0,-102.0,-78.0,-16.0,2.0,56.0,-4.0,48.0,10.0,22.0
5967,-19.0,-101.0,-77.0,-17.0,3.0,57.0,-5.0,47.0,11.0,21.0
5968,-20.0,-102.0,-76.0,-16.0,2.0,56.0,-6.0,48.0,12.0,20.0
5969,-19.0,-103.0,-75.0,-15.0,1.0,57.0,-5.0,47.0,13.0,21.0
5970,-18.0,-104.0,-76.0,-14.0,2.0,56.0,-4.0,48.0,12.0,20.0
5971,-19.0,-103.0,-77.0,-15.0,3.0,55.0,-3.0,49.0,11.0,21.0
5972,-18.0,-104.0,-78.0,-14.0,2.0,54.0,-2.0,50.0,10.0,22.0
5973,-19.0,-105.0,-79.0,-15.0,1.0,53.0,-3.0,49.0,9.0,21.0
5974,-20.0,-104.0,-80.0,-14.0,0.0,54.0,-2.0,48.0,10.0,20.0
5975,-21.0,-103.0,-81.0,-13.0,-1.0,55.0,-3.0,49.0,9.0,21.0
5976,-20.0,-102.0,-80.0,-14.0,-2.0,54.0,-2.0,50.0,10.0,22.0
5977,-21.0,-101.0,-81.0,-13.0,-3.0,53.0,-1.0,49.0,11.0,21.0
5978,-22.0,-102.0,-82.0,-14.0,-4.0,52.0,-2.0,48.0,10.0,20.0
5979,-23.0,-101.0,-83.0,-13.0,-3.0,51.0,-1.0,47.0,11.0,21.0
5980,-22.0,-102.0,-84.0,-12.0,-4.0,50.0,0.0,46.0,10.0,22.0
5981,-23.0,-103.0,-83.0,-11.0,-5.0,49.0,1.0,47.0,9.0,21.0
5982,-22.0,-104.0,-82.0,-12.0,-4.0,48.0,2.0,46.0,10.0,20.0
5983,-23.0,-105.0,-83.0,-11.0,-3.0,49.0,1.0,45.0,9.0,21.0
5984,-24.0,-104.0,-84.0,-10.0,-4.0,48.0,2.0,44.0,10.0,20.0
5985,-25.0,-105.0,-85.0,-11.0,-5.0,47.0,1.0,43.0,9.0,19.0
5986,-26.0,-104.0,-86.0,-10.0,-6.0,48.0,0.0,44.0,10.0,18.0
5987,-27.0,-105.0,-85.0,-9.0,-5.0,47.0,-1.0,43.0,11.0,19.0
5988,-26.0,-106.0,-84.0,-10.0,-6.0,48.0,-2.0,44.0,10.0,18.0
5989,-25.0,-107.0,-83.0,-11.0,-5.0,47.0,-3.0,45.0,9.0,19.0
5990,-24.0,-106.0,-82.0,-12.0,-6.0,46.0,-4.0,46.0,10.0,20.0
5991,-25.0,-107.0,-83.0,-13.0,-7.0,45.0,-3.0,47.0,11.0,21.0
5992,-24.0,-108.0,-84.0,-12.0,-6.0,44.0,-4.0,48.0,12.0,20.0
5993,-23.0,-109.0,-83.0,-11.0,-7.0,45.0,-3.0,47.0,13.0,21.0
5994,-22.0,-108.0,-82.0,-10.0,-6.0,46.0,-2.0,48.0,14.0,22.0
5995,-21.0,-107.0,-83.0,-11.0,-7.0,47.0,-1.0,47.0,13.0,21.0
5996,-20.0,-108.0,-82.0,-12.0,-8.0,48.0,-2.0,48.0,12.0,20.0
5997,-19.0,-109.0,-81.0,-13.0,-7.0,47.0,-1.0,49.0,11.0,21.0
5998,-20.0,-110.0,-82.0,-14.0,-8.0,46.0,-2.0,48.0,10.0,20.0
5999,-19.0,-109.0,-81.0,-13.0,-7.0,47.0,-1.0,49.0,11.0,19.0
6000,-18.0,-110.0,-82.0,-12.0,-6.0,46.0,-2.0,50.0,10.0,18.0
6001,-19.0,-111.0,-81.0,-11.0,-7.0,45.0,-1.0,51.0,9.0,17.0
6002,-18.0,-110.0,-82.0,-12.0,-6.0,46.0,-2.0,50.0,10.0,18.0
6003,-19.0,-111.0,-83.0,-13.0,-7.0,47.0,-1.0,51.0,11.0,19.0
6004,-18.0,-112.0,-84.0,-12.0,-8.0,46.0,0.0,52.0,10.0,20.0
6005,-17.0,-111.0,-83.0,-11.0,-7.0,47.0,1.0,53.0,11.0,21.0
6006,-18.0,-110.0,-84.0,-10.0,-8.0,48.0,0.0,54.0,10.0,22.0
6007,-19.0,-109.0,-85.0,-9.0,-9.0,47.0,1.0,53.0,11.0,21.0
6008,-20.0,-108.0,-86.0,-8.0,-10.0,48.0,0.0,54.0,12.0,20.0
6009,-19.0,-109.0,-87.0,-7.0,-9.0,47.0,-1.0,55.0,11.0,19.0
6010,-20.0,-108.0,-88.0,-8.0,-8.0,46.0,0.0,56.0,10.0,20.0
6011,-19.0,-109.0,-87.0,-9.0,-9.0,47.0,-1.0,57.0,11.0,19.0
6012,-20.0,-110.0,-88.0,-10.0,-10.0,46.0,-2.0,56.0,10.0,18.0
6013,-21.0,-109.0,-87.0,-11.0,-11.0,47.0,-3.0,55.0,11.0,19.0
6014,-20.0,-110.0,-88.0,-10.0,-10.0,46.0,-4.0,56.0,12.0,18.0
6015,-19.0,-109.0,-89.0,-11.0,-11.0,47.0,-3.0,57.0,11.0,17.0
6016,-20.0,-108.0,-90.0,-10.0,-10.0,46.0,-2.0,56.0,10.0,18.0
6017,-19.0,-109.0,-91.0,-9.0,-9.0,45.0,-3.0,57.0,11.0,17.0
6018,-18.0,-108.0,-92.0,-10.0,-8.0,46.0,-4.0,56.0,12.0,18.0
6019,-17.0,-107.0,-91.0,-9.0,-9.0,45.0,-5.0,55.0,13.0,19.0
6020,-16.0,-106.0,-90.0,-8.0,-8.0,46.0,-6.0,54.0,12.0,18.0
6021,-15.0,-107.0,-91.0,-7.0,-7.0,45.0,-7.0,55.0,13.0,17.0
6022,-16.0,-106.0,-92.0,-8.0,-6.0,44.0,-8.0,56.0,12.0,16.0
6023,-17.0,-107.0,-91.0,-7.0,-7.0,43.0,-9.0,57.0,13.0,15.0
6024,-16.0,-106.0,-92.0,-8.0,-8.0,44.0,-8.0,58.0,12.0,14.0
6025,-15.0,-107.0,-93.0,-7.0,-9.0,43.0,-7.0,57.0,11.0,15.0
6026,-14.0,-106.0,-92.0,-6.0,-8.0,44.0,-6.0,56.0,10.0,14.0
6027,-15.0,-107.0,-91.0,-5.0,-7.0,43.0,-7.0,57.0,11.0,15.0
6028,-14.0,-108.0,-90.0,-6.0,-8.0,44.0,-8.0,58.0,12.0,14.0
6029,-15.0,-109.0,-91.0,-7.0,-9.0,43.0,-9.0,59.0,13.0,15.0
6030,-16.0,-110.0,-92.0,-8.0,-10.0,44.0,-8.0,60.0,14.0,16.0
6031,-17.0,-109.0,-91.0,-9.0,-9.0,45.0,-9.0,59.0,15.0,15.0
6032,-18.0,-108.0,-90.0,-10.0,-8.0,46.0,-10.0,60.0,16.0,14.0
6033,-17.0,-109.0,-89.0,-11.0,-7.0,45.0,-9.0,59.0,17.0,13.0
6034,-18.0,-108.0,-90.0,-10.0,-8.0,46.0,-10.0,60.0,16.0,14.0
6035,-19.0,-107.0,-91.0,-9.0,-9.0,47.0,-9.0,59.0,17.0,13.0
6036,-18.0,-106.0,-92.0,-10.0,-8.0,48.0,-10.0,58.0,18.0,14.0
6037,-17.0,-107.0,-93.0,-9.0,-7.0,47.0,-11.0,59.0,19.0,13.0
6038,-16.0,-106.0,-92.0,-8.0,-6.0,48.0,-10.0,60.0,20.0,14.0
6039,-17.0,-107.0,-93.0,-9.0,-7.0,49.0,-9.0,61.0,21.0,15.0
6040,-18.0,-108.0,-94.0,-10.0,-8.0,50.0,-8.0,62.0,22.0,16.0
6041,-19.0,-109.0,-93.0,-9.0,-9.0,49.0,-7.0,63.0,23.0,15.0
6042,-20.0,-108.0,-94.0,-8.0,-10.0,50.0,-8.0,64.0,22.0,16.0
6043,-19.0,-107.0,-93.0,-7.0,-9.0,51.0,-7.0,65.0,23.0,15.0
6044,-18.0,-106.0,-92.0,-6.0,-8.0,52.0,-6.0,66.0,22.0,14.0
6045,-19.0,-105.0,-93.0,-5.0,-9.0,53.0,-7.0,67.0,21.0,15.0
6046,-20.0,-104.0,-92.0,-6.0,-10.0,54.0,-8.0,66.0,22.0,16.0
6047,-19.0,-105.0,-91.0,-7.0,-9.0,53.0,-7.0,65.0,23.0,15.0
6048,-18.0,-104.0,-92.0,-8.0,-10.0,54.0,-6.0,64.0,22.0,14.0
6049,-17.0,-103.0,-91.0,-7.0,-11.0,53.0,-7.0,63.0,23.0,15.0
6050,-18.0,-102.0,-92.0,-6.0,-12.0,52.0,-6.0,62.0,24.0,14.0
6051,-17.0,-103.0,-91.0,-7.0,-11.0,53.0,-7.0,63.0,23.0,15.0
6052,-18.0,-104.0,-90.0,-6.0,-10.0,52.0,-8.0,62.0,24.0,16.0
6053,-19.0,-103.0,-91.0,-5.0,-9.0,51.0,-7.0,61.0,25.0,17.0
6054,-18.0,-102.0,-90.0,-4.0,-8.0,52.0,-6.0,62.0,26.0,18.0
6055,-19.0,-103.0,-91.0,-5.0,-7.0,53.0,-5.0,63.0,25.0,17.0
6056,-20.0,-102.0,-90.0,-6.0,-8.0,54.0,-6.0,62.0,26.0,18.0
6057,-21.0,-101.0,-89.0,-7.0,-9.0,55.0,-5.0,61.0,25.0,19.0
6058,-22.0,-102.0,-90.0,-8.0,-10.0,54.0,-4.0,62.0,26.0,20.0
6059,-23.0,-103.0,-91.0,-9.0,-11.0,55.0,-3.0,63.0,27.0,21.0
6060,-24.0,-102.0,-90.0,-10.0,-12.0,56.0,-2.0,62.0,26.0,22.0
6061,-23.0,-103.0,-91.0,-9.0,-13.0,55.0,-1.0,63.0,25.0,23.0
6062,-22.0,-102.0,-90.0,-8.0,-12.0,56.0,0.0,64.0,26.0,24.0
6063,-23.0,-101.0,-89.0,-9.0,-13.0,57.0,-1.0,63.0,27.0,25.0
6064,-22.0,-102.0,-88.0,-10.0,-12.0,56.0,0.0,62.0,28.0,24.0
6065,-21.0,-101.0,-87.0,-9.0,-11.0,57.0,1.0,63.0,29.0,25.0
6066,-20.0,-100.0,-88.0,-10.0,-10.0,58.0,2.0,62.0,28.0,26.0
6067,-19.0,-99.0,-87.0,-9.0,-9.0,59.0,3.0,63.0,29.0,27.0
6068,-20.0,-98.0,-88.0,-8.0,-10.0,60.0,4.0,62.0,30.0,26.0
6069,-21.0,-97.0,-87.0,-9.0,-9.0,61.0,3.0,63.0,31.0,25.0
6070,-20.0,-96.0,-88.0,-10.0,-8.0,62.0,2.0,62.0,30.0,26.0
6071,-19.0,-95.0,-87.0,-9.0,-7.0,63.0,3.0,63.0,31.0,27.0
6072,-18.0,-94.0,-86.0,-8.0,-6.0,64.0,2.0,62.0,30.0,26.0
6073,-17.0,-93.0,-85.0,-9.0,-7.0,63.0,3.0,63.0,31.0,25.0
6074,-18.0,-94.0,-86.0,-10.0,-8.0,62.0,2.0,62.0,30.0,24.0
6075,-17.0,-95.0,-85.0,-11.0,-9.0,63.0,1.0,63.0,31.0,23.0
6076,-16.0,-96.0,-84.0,-10.0,-10.0,64.0,2.0,62.0,32.0,24.0
6077,-17.0,-97.0,-85.0,-11.0,-11.0,63.0,1.0,61.0,31.0,23.0
6078,-16.0,-98.0,-84.0,-10.0,-12.0,64.0,0.0,60.0,32.0,22.0
6079,-15.0,-99.0,-83.0,-11.0,-11.0,63.0,1.0,59.0,31.0,23.0
6080,-16.0,-98.0,-82.0,-12.0,-10.0,64.0,0.0,60.0,32.0,22.0
6081,-15.0,-97.0,-83.0,-13.0,-9.0,65.0,-1.0,59.0,31.0,23.0
6082,-16.0,-96.0,-82.0,-14.0,-8.0,66.0,-2.0,60.0,32.0,22.0
6083,-17.0,-95.0,-83.0,-13.0,-9.0,65.0,-1.0,59.0,33.0,21.0
6084,-16.0,-94.0,-84.0,-14.0,-8.0,66.0,0.0,58.0,32.0,22.0
6085,-15.0,-93.0,-83.0,-15.0,-9.0,65.0,-1.0,59.0,33.0,23.0
6086,-16.0,-94.0,-84.0,-16.0,-8.0,66.0,0.0,60.0,32.0,22.0
6087,-17.0,-93.0,-85.0,-15.0,-9.0,67.0,-1.0,61.0,31.0,23.0
6088,-16.0,-92.0,-84.0,-14.0,-8.0,68.0,0.0,62.0,32.0,24.0
6089,-15.0,-93.0,-85.0,-13.0,-7.0,67.0,-1.0,63.0,33.0,23.0
6090,-16.0,-92.0,-84.0,-14.0,-8.0,68.0,-2.0,62.0,34.0,24.0
6091,-15.0,-91.0,-83.0,-15.0,-9.0,67.0,-1.0,63.0,35.0,23.0
6092,-14.0,-90.0,-84.0,-16.0,-10.0,68.0,0.0,64.0,34.0,22.0
6093,-13.0,-91.0,-83.0,-15.0,-11.0,69.0,-1.0,63.0,35.0,21.0
6094,-14.0,-90.0,-84.0,-16.0,-10.0,68.0,-2.0,64.0,34.0,22.0
6095,-13.0,-91.0,-83.0,-17.0,-9.0,67.0,-1.0,65.0,33.0,23.0
6096,-12.0,-90.0,-82.0,-16.0,-8.0,66.0,-2.0,64.0,32.0,22.0
6097,-11.0,-91.0,-81.0,-17.0,-9.0,67.0,-3.0,65.0,31.0,21.0
6098,-10.0,-90.0,-80.0,-16.0,-10.0,66.0,-4.0,64.0,32.0,22.0
6099,-9.0,-89.0,-81.0,-17.0,-11.0,67.0,-3.0,65.0,31.0,21.0
6100,-8.0,-90.0,-80.0,-18.0,-10.0,66.0,-2.0,64.0,32.0,20.0
6101,-7.0,-91.0,-79.0,-19.0,-11.0,67.0,-3.0,65.0,31.0,19.0
6102,-8.0,-92.0,-80.0,-18.0,-10.0,68.0,-4.0,64.0,30.0,20.0
6103,-7.0,-91.0,-79.0,-19.0,-11.0,67.0,-3.0,65.0,31.0,19.0
6104,-8.0,-90.0,-80.0,-18.0,-12.0,68.0,-4.0,66.0,30.0,20.0
6105,-9.0,-91.0,-81.0,-17.0,-11.0,69.0,-5.0,65.0,29.0,19.0
6106,-8.0,-90.0,-80.0,-18.0,-12.0,68.0,-6.0,66.0,30.0,20.0
6107,-7.0,-89.0,-81.0,-19.0,-13.0,69.0,-5.0,67.0,29.0,19.0
6108,-6.0,-88.0,-82.0,-20.0,-12.0,70.0,-6.0,66.0,30.0,20.0
6109,-5.0,-89.0,-81.0,-21.0,-11.0,69.0,-5.0,65.0,31.0,19.0
6110,-4.0,-90.0,-80.0,-22.0,-12.0,70.0,-6.0,66.0,32.0,18.0
6111,-5.0,-91.0,-81.0,-23.0,-11.0,71.0,-5.0,67.0,31.0,17.0
6112,-6.0,-92.0,-82.0,-24.0,-10.0,72.0,-4.0,68.0,30.0,16.0
6113,-5.0,-91.0,-83.0,-25.0,-11.0,73.0,-3.0,69.0,29.0,15.0
6114,-4.0,-92.0,-82.0,-26.0,-10.0,72.0,-2.0,68.0,30.0,14.0
6115,-3.0,-91.0,-81.0,-25.0,-9.0,73.0,-1.0,69.0,31.0,15.0
6116,-4.0,-92.0,-82.0,-26.0,-8.0,74.0,0.0,70.0,32.0,14.0
6117,-5.0,-93.0,-83.0,-25.0,-7.0,75.0,1.0,69.0,31.0,13.0
6118,-6.0,-94.0,-84.0,-24.0,-6.0,76.0,0.0,68.0,30.0,12.0
6119,-5.0,-95.0,-83.0,-25.0,-7.0,77.0,-1.0,69.0,31.0,11.0
6120,-6.0,-96.0,-84.0,-24.0,-6.0,78.0,-2.0,68.0,30.0,12.0
6121,-5.0,-97.0,-85.0,-23.0,-5.0,77.0,-3.0,69.0,31.0,11.0
6122,-6.0,-96.0,-86.0,-22.0,-4.0,76.0,-2.0,68.0,30.0,12.0
6123,-5.0,-97.0,-85.0,-23.0,-3.0,75.0,-1.0,67.0,31.0,11.0
6124,-6.0,-96.0,-84.0,-24.0,-4.0,76.0,0.0,66.0,30.0,12.0
6125,-7.0,-95.0,-83.0,-25.0,-3.0,77.0,-1.0,65.0,31.0,11.0
6126,-6.0,-94.0,-84.0,-26.0,-2.0,78.0,-2.0,64.0,30.0,12.0
6127,-5.0,-95.0,-83.0,-27.0,-1.0,77.0,-1.0,63.0,31.0,11.0
6128,-4.0,-96.0,-82.0,-28.0,-2.0,78.0,-2.0,64.0,30.0,10.0
6129,-5.0,-97.0,-83.0,-27.0,-1.0,79.0,-3.0,63.0,29.0,9.0
6130,-4.0,-98.0,-82.0,-28.0,0.0,78.0,-2.0,62.0,30.0,8.0
6131,-3.0,-97.0,-83.0,-29.0,1.0,79.0,-3.0,61.0,29.0,9.0
6132,-2.0,-98.0,-82.0,-30.0,2.0,80.0,-4.0,62.0,28.0,10.0
6133,-1.0,-97.0,-81.0,-29.0,3.0,79.0,-5.0,61.0,27.0,9.0
6134,0.0,-96.0,-80.0,-28.0,4.0,80.0,-4.0,62.0,28.0,10.0
6135,-1.0,-97.0,-81.0,-29.0,3.0,79.0,-5.0,63.0,29.0,11.0
6136,0.0,-96.0,-80.0,-28.0,4.0,80.0,-4.0,62.0,28.0,10.0
6137,1.0,-95.0,-79.0,-29.0,3.0,79.0,-3.0,63.0,29.0,9.0
6138,2.0,-94.0,-78.0,-28.0,2.0,78.0,-4.0,62.0,28.0,10.0
6139,3.0,-95.0,-77.0,-29.0,3.0,79.0,-5.0,63.0,27.0,11.0
6140,4.0,-94.0,-76.0,-28.0,4.0,80.0,-4.0,64.0,28.0,12.0
6141,3.0,-93.0,-77.0,-27.0,5.0,79.0,-3.0,63.0,27.0,13.0
6142,2.0,-94.0,-78.0,-26.0,6.0,80.0,-2.0,62.0,26.0,12.0
6143,1.0,-95.0,-79.0,-27.0,5.0,79.0,-3.0,61.0,25.0,11.0
6144,0.0,-96.0,-80.0,-28.0,4.0,78.0,-4.0,62.0,26.0,12.0
6145,-1.0,-97.0,-81.0,-29.0,3.0,77.0,-5.0,61.0,25.0,11.0
6146,0.0,-98.0,-82.0,-28.0,4.0,76.0,-4.0,62.0,24.0,10.0
6147,1.0,-97.0,-81.0,-27.0,5.0,77.0,-3.0,63.0,25.0,9.0
6148,2.0,-98.0,-80.0,-28.0,6.0,76.0,-2.0,62.0,26.0,8.0
6149,3.0,-99.0,-79.0,-29.0,7.0,75.0,-1.0,61.0,27.0,7.0
6150,2.0,-100.0,-78.0,-28.0,6.0,74.0,-2.0,62.0,28.0,6.0
6151,1.0,-99.0,-77.0,-29.0,5.0,75.0,-1.0,61.0,27.0,7.0
6152,2.0,-100.0,-76.0,-28.0,4.0,76.0,0.0,60.0,28.0,8.0
6153,3.0,-99.0,-77.0,-29.0,3.0,77.0,1.0,61.0,27.0,7.0
6154,4.0,-98.0,-76.0,-28.0,4.0,78.0,2.0,62.0,28.0,8.0
6155,3.0,-99.0,-77.0,-27.0,5.0,79.0,1.0,61.0,27.0,9.0
6156,4.0,-98.0,-76.0,-26.0,4.0,78.0,0.0,60.0,26.0,10.0
6157,3.0,-99.0,-77.0,-25.0,5.0,79.0,-1.0,59.0,25.0,9.0
6158,2.0,-100.0,-76.0,-24.0,6.0,78.0,-2.0,60.0,26.0,10.0
6159,1.0,-99.0,-77.0,-23.0,5.0,77.0,-1.0,59.0,27.0,9.0
6160,0.0,-100.0,-76.0,-22.0,4.0,76.0,-2.0,60.0,28.0,8.0
6161,1.0,-101.0,-75.0,-23.0,5.0,75.0,-1.0,61.0,27.0,9.0
6162,2.0,-100.0,-76.0,-24.0,4.0,76.0,0.0,60.0,26.0,8.0
6163,3.0,-101.0,-75.0,-25.0,5.0,75.0,1.0,61.0,25.0,9.0
6164,4.0,-102.0,-74.0,-26.0,4.0,76.0,0.0,62.0,24.0,8.0
6165,5.0,-103.0,-73.0,-27.0,5.0,75.0,1.0,61.0,25.0,9.0
6166,6.0,-102.0,-72.0,-26.0,6.0,76.0,2.0,62.0,26.0,10.0
6167,5.0,-101.0,-73.0,-25.0,5.0,77.0,1.0,63.0,25.0,11.0
6168,6.0,-100.0,-74.0,-26.0,4.0,78.0,2.0,64.0,24.0,10.0
6169,5.0,-99.0,-75.0,-25.0,3.0,79.0,1.0,65.0,23.0,11.0
6170,6.0,-100.0,-76.0,-24.0,4.0,78.0,0.0,66.0,24.0,10.0
6171,7.0,-99.0,-77.0,-25.0,3.0,79.0,1.0,67.0,23.0,9.0
6172,8.0,-98.0,-76.0,-24.0,4.0,80.0,2.0,68.0,22.0,8.0
6173,9.0,-97.0,-75.0,-25.0,3.0,79.0,3.0,69.0,23.0,7.0
6174,8.0,-98.0,-76.0,-26.0,2.0,78.0,2.0,68.0,22.0,6.0
6175,7.0,-97.0,-77.0,-25.0,1.0,79.0,1.0,69.0,21.0,7.0
6176,6.0,-96.0,-78.0,-24.0,0.0,80.0,2.0,68.0,22.0,6.0
6177,7.0,-97.0,-77.0,-23.0,-1.0,81.0,3.0,67.0,23.0,7.0
6178,6.0,-98.0,-78.0,-24.0,0.0,82.0,4.0,68.0,22.0,6.0
6179,7.0,-97.0,-77.0,-23.0,-1.0,81.0,3.0,67.0,23.0,7.0
6180,6.0,-96.0,-78.0,-22.0,-2.0,82.0,4.0,66.0,24.0,6.0
6181,5.0,-97.0,-79.0,-23.0,-3.0,81.0,5.0,67.0,25.0,7.0
6182,4.0,-96.0,-80.0,-24.0,-2.0,80.0,4.0,68.0,24.0,6.0
6183,5.0,-97.0,-79.0,-23.0,-3.0,81.0,3.0,67.0,25.0,5.0
6184,6.0,-96.0,-78.0,-24.0,-4.0,80.0,4.0,68.0,26.0,4.0
6185,5.0,-95.0,-77.0,-25.0,-3.0,81.0,3.0,67.0,27.0,3.0
6186,4.0,-96.0,-76.0,-24.0,-4.0,80.0,2.0,68.0,28.0,2.0
6187,3.0,-97.0,-77.0,-25.0,-5.0,79.0,1.0,67.0,27.0,1.0
6188,4.0,-98.0,-76.0,-24.0,-6.0,80.0,0.0,66.0,28.0,0.0
6189,3.0,-97.0,-77.0,-25.0,-5.0,79.0,1.0,67.0,27.0,1.0
6190,4.0,-96.0,-76.0,-24.0,-4.0,80.0,2.0,68.0,28.0,2.0
6191,3.0,-97.0,-75.0,-23.0,-3.0,79.0,1.0,67.0,29.0,3.0
6192,2.0,-98.0,-74.0,-22.0,-2.0,78.0,0.0,66.0,30.0,4.0
6193,1.0,-99.0,-75.0,-21.0,-1.0,79.0,-1.0,65.0,29.0,5.0
6194,2.0,-100.0,-74.0,-22.0,0.0,78.0,-2.0,66.0,28.0,6.0
6195,3.0,-101.0,-73.0,-23.0,1.0,77.0,-1.0,65.0,29.0,5.0
6196,4.0,-100.0,-74.0,-24.0,2.0,78.0,-2.0,64.0,30.0,6.0
6197,5.0,-99.0,-73.0,-23.0,3.0,77.0,-3.0,63.0,29.0,5.0
6198,4.0,-98.0,-74.0,-24.0,4.0,76.0,-2.0,64.0,28.0,6.0
6199,5.0,-97.0,-75.0,-25.0,5.0,77.0,-1.0,63.0,27.0,7.0
6200,4.0,-96.0,-76.0,-26.0,6.0,76.0,0.0,64.0,26.0,8.0
6201,5.0,-95.0,-75.0,-25.0,7.0,77.0,1.0,65.0,27.0,9.0
6202,6.0,-94.0,-74.0,-24.0,8.0,78.0,2.0,64.0,26.0,8.0
6203,5.0,-95.0,-75.0,-25.0,9.0,79.0,3.0,65.0,25.0,7.0
6204,4.0,-94.0,-76.0,-24.0,8.0,80.0,4.0,64.0,26.0,6.0
6205,5.0,-93.0,-77.0,-25.0,9.0,81.0,3.0,63.0,27.0,7.0
6206,6.0,-92.0,-76.0,-24.0,8.0,80.0,2.0,62.0,28.0,8.0
6207,5.0,-93.0,-75.0,-23.0,7.0,79.0,3.0,63.0,27.0,7.0
6208,6.0,-94.0,-74.0,-24.0,8.0,78.0,4.0,62.0,28.0,6.0
6209,5.0,-95.0,-75.0,-25.0,7.0,77.0,3.0,61.0,27.0,5.0
6210,4.0,-96.0,-76.0,-24.0,8.0,78.0,2.0,60.0,26.0,6.0
6211,3.0,-97.0,-77.0,-25.0,7.0,77.0,1.0,59.0,25.0,5.0
6212,2.0,-96.0,-78.0,-24.0,6.0,78.0,0.0,60.0,24.0,6.0
6213,3.0,-97.0,-77.0,-25.0,7.0,77.0,1.0,59.0,25.0,5.0
6214,2.0,-98.0,-76.0,-24.0,8.0,76.0,0.0,58.0,26.0,6.0
6215,3.0,-97.0,-75.0,-23.0,9.0,75.0,-1.0,57.0,25.0,5.0
6216,2.0,-96.0,-76.0,-22.0,8.0,76.0,-2.0,58.0,24.0,4.0
6217,3.0,-97.0,-75.0,-23.0,7.0,77.0,-3.0,59.0,25.0,3.0
6218,2.0,-96.0,-76.0,-22.0,6.0,78.0,-2.0,58.0,26.0,2.0
6219,3.0,-97.0,-75.0,-23.0,7.0,79.0,-3.0,59.0,25.0,3.0
6220,4.0,-98.0,-74.0,-24.0,6.0,80.0,-4.0,60.0,26.0,2.0
6221,5.0,-99.0,-73.0,-25.0,7.0,79.0,-5.0,61.0,25.0,3.0
6222,4.0,-98.0,-74.0,-24.0,6.0,78.0,-4.0,60.0,26.0,2.0
6223,3.0,-99.0,-73.0,-23.0,5.0,77.0,-3.0,61.0,25.0,1.0
6224,4.0,-100.0,-72.0,-22.0,4.0,78.0,-2.0,60.0,26.0,0.0
6225,5.0,-101.0,-73.0,-21.0,5.0,77.0,-1.0,61.0,25.0,-1.0
6226,4.0,-100.0,-72.0,-22.0,4.0,78.0,0.0,60.0,24.0,0.0
6227,3.0,-101.0,-73.0,-23.0,3.0,77.0,-1.0,61.0,25.0,1.0
6228,4.0,-102.0,-72.0,-24.0,2.0,78.0,-2.0,62.0,24.0,0.0
6229,3.0,-101.0,-73.0,-23.0,1.0,79.0,-3.0,63.0,23.0,1.0
6230,2.0,-102.0,-74.0,-24.0,2.0,80.0,-2.0,64.0,24.0,0.0
6231,1.0,-101.0,-75.0,-23.0,1.0,81.0,-3.0,65.0,25.0,-1.0
6232,0.0,-102.0,-76.0,-22.0,2.0,82.0,-2.0,64.0,24.0,-2.0
6233,-1.0,-101.0,-75.0,-23.0,1.0,83.0,-1.0,63.0,23.0,-1.0
6234,0.0,-102.0,-74.0,-24.0,2.0,82.0,0.0,62.0,24.0,-2.0
6235,-1.0,-101.0,-75.0,-25.0,3.0,81.0,1.0,63.0,23.0,-1.0
6236,0.0,-100.0,-74.0,-26.0,2.0,80.0,2.0,64.0,24.0,-2.0
6237,-1.0,-99.0,-75.0,-27.0,3.0,79.0,3.0,65.0,23.0,-1.0
6238,0.0,-98.0,-74.0,-28.0,2.0,78.0,4.0,66.0,24.0,-2.0
6239,1.0,-99.0,-73.0,-29.0,3.0,77.0,3.0,67.0,23.0,-1.0
6240,0.0,-100.0,-74.0,-30.0,2.0,78.0,4.0,68.0,24.0,0.0
6241,-1.0,-101.0,-75.0,-29.0,3.0,79.0,5.0,67.0,23.0,-1.0
6242,-2.0,-100.0,-74.0,-30.0,2.0,80.0,4.0,66.0,24.0,0.0
6243,-1.0,-101.0,-73.0,-29.0,1.0,81.0,5.0,65.0,25.0,1.0
6244,0.0,-102.0,-72.0,-28.0,0.0,82.0,6.0,64.0,26.0,2.0
6245,1.0,-101.0,-73.0,-29.0,1.0,83.0,5.0,63.0,25.0,3.0
6246,0.0,-102.0,-74.0,-30.0,0.0,82.0,4.0,62.0,24.0,2.0
6247,1.0,-101.0,-73.0,-29.0,1.0,81.0,3.0,61.0,23.0,1.0
6248,2.0,-100.0,-74.0,-30.0,0.0,82.0,4.0,60.0,22.0,0.0
6249,3.0,-101.0,-73.0,-31.0,1.0,81.0,5.0,59.0,23.0,-1.0
6250,2.0,-102.0,-74.0,-32.0,0.0,80.0,4.0,60.0,24.0,0.0
6251,3.0,-101.0,-75.0,-33.0,-1.0,81.0,5.0,59.0,23.0,-1.0
6252,2.0,-100.0,-76.0,-32.0,-2.0,82.0,4.0,60.0,22.0,0.0
6253,1.0,-99.0,-77.0,-31.0,-3.0,83.0,5.0,59.0,23.0,-1.0
6254,0.0,-98.0,-76.0,-32.0,-2.0,84.0,4.0,60.0,24.0,-2.0
6255,-1.0,-97.0,-75.0,-33.0,-3.0,85.0,5.0,59.0,23.0,-1.0
6256,-2.0,-98.0,-76.0,-34.0,-4.0,84.0,4.0,58.0,22.0,-2.0
6257,-1.0,-99.0,-77.0,-33.0,-5.0,83.0,5.0,57.0,21.0,-1.0
6258,0.0,-100.0,-76.0,-32.0,-6.0,84.0,4.0,56.0,22.0,-2.0
6259,1.0,-101.0,-75.0,-33.0,-5.0,83.0,5.0,55.0,23.0,-3.0
6260,0.0,-102.0,-76.0,-34.0,-6.0,84.0,6.0,56.0,24.0,-2.0
6261,-1.0,-103.0,-75.0,-33.0,-5.0,83.0,5.0,55.0,25.0,-1.0
6262,-2.0,-104.0,-74.0,-32.0,-6.0,82.0,4.0,56.0,26.0,-2.0
6263,-3.0,-103.0,-75.0,-31.0,-5.0,81.0,5.0,55.0,27.0,-1.0
6264,-4.0,-104.0,-76.0,-32.0,-6.0,80.0,4.0,54.0,28.0,0.0
6265,-5.0,-105.0,-75.0,-31.0,-5.0,79.0,3.0,55.0,29.0,1.0
6266,-4.0,-104.0,-76.0,-32.0,-6.0,80.0,4.0,56.0,28.0,0.0
6267,-3.0,-103.0,-77.0,-33.0,-7.0,81.0,5.0,57.0,27.0,-1.0
6268,-4.0,-102.0,-78.0,-34.0,-6.0,80.0,4.0,58.0,26.0,-2.0
6269,-3.0,-103.0,-79.0,-33.0,-7.0,79.0,5.0,57.0,25.0,-1.0
6270,-4.0,-102.0,-78.0,-34.0,-8.0,80.0,4.0,56.0,26.0,0.0
6271,-3.0,-103.0,-77.0,-35.0,-9.0,81.0,3.0,57.0,27.0,-1.0
6272,-2.0,-104.0,-76.0,-34.0,-10.0,82.0,4.0,56.0,28.0,0.0
6273,-3.0,-103.0,-77.0,-33.0,-11.0,83.0,3.0,57.0,27.0,1.0
6274,-2.0,-102.0,-76.0,-34.0,-12.0,82.0,4.0,58.0,28.0,0.0
6275,-3.0,-103.0,-77.0,-35.0,-13.0,81.0,3.0,57.0,27.0,-1.0
6276,-4.0,-102.0,-78.0,-34.0,-12.0,80.0,4.0,56.0,26.0,0.0
6277,-3.0,-103.0,-77.0,-35.0,-13.0,81.0,3.0,57.0,25.0,-1.0
6278,-4.0,-102.0,-78.0,-34.0,-14.0,82.0,2.0,58.0,24.0,0.0
6279,-3.0,-101.0,-79.0,-35.0,-13.0,83.0,1.0,57.0,25.0,1.0
6280,-2.0,-102.0,-78.0,-34.0,-14.0,84.0,2.0,56.0,26.0,0.0
6281,-3.0,-103.0,-77.0,-33.0,-13.0,83.0,1.0,57.0,27.0,1.0
6282,-2.0,-102.0,-76.0,-32.0,-12.0,84.0,2.0,56.0,26.0,0.0
6283,-1.0,-101.0,-77.0,-33.0,-13.0,85.0,3.0,55.0,25.0,-1.0
6284,0.0,-102.0,-76.0,-32.0,-14.0,86.0,4.0,54.0,26.0,-2.0
6285,-1.0,-103.0,-77.0,-31.0,-13.0,87.0,5.0,53.0,25.0,-3.0
6286,0.0,-104.0,-78.0,-30.0,-14.0,86.0,6.0,52.0,24.0,-2.0
6287,-1.0,-103.0,-79.0,-29.0,-15.0,87.0,5.0,51.0,25.0,-3.0
6288,0.0,-104.0,-78.0,-30.0,-14.0,88.0,4.0,52.0,24.0,-2.0
6289,1.0,-103.0,-77.0,-29.0,-13.0,87.0,3.0,51.0,23.0,-3.0
6290,2.0,-102.0,-78.0,-30.0,-14.0,88.0,4.0,50.0,22.0,-4.0
6291,1.0,-103.0,-79.0,-31.0,-15.0,89.0,5.0,51.0,23.0,-3.0
6292,2.0,-102.0,-80.0,-32.0,-16.0,90.0,6.0,52.0,22.0,-4.0
6293,3.0,-103.0,-81.0,-31.0,-15.0,89.0,5.0,53.0,23.0,-5.0
6294,2.0,-102.0,-82.0,-32.0,-14.0,88.0,6.0,54.0,22.0,-4.0
6295,3.0,-103.0,-81.0,-33.0,-13.0,87.0,7.0,53.0,23.0,-3.0
6296,2.0,-102.0,-80.0,-34.0,-14.0,88.0,6.0,52.0,24.0,-2.0
6297,3.0,-101.0,-79.0,-33.0,-13.0,89.0,7.0,53.0,23.0,-3.0
6298,4.0,-100.0,-80.0,-34.0,-12.0,90.0,8.0,52.0,22.0,-2.0
6299,3.0,-99.0,-81.0,-33.0,-13.0,91.0,7.0,53.0,21.0,-3.0
6300,2.0,-100.0,-82.0,-32.0,-12.0,92.0,6.0,52.0,20.0,-2.0
6301,1.0,-101.0,-83.0,-33.0,-11.0,93.0,7.0,53.0,21.0,-3.0
6302,2.0,-100.0,-82.0,-32.0,-10.0,94.0,6.0,52.0,20.0,-4.0
6303,1.0,-101.0,-83.0,-31.0,-9.0,95.0,7.0,51.0,19.0,-5.0
6304,0.0,-100.0,-84.0,-30.0,-10.0,96.0,6.0,52.0,18.0,-4.0
6305,1.0,-101.0,-85.0,-29.0,-9.0,95.0,5.0,53.0,19.0,-5.0
6306,0.0,-100.0,-86.0,-28.0,-8.0,94.0,6.0,52.0,20.0,-4.0
6307,-1.0,-99.0,-85.0,-29.0,-9.0,95.0,5.0,51.0,21.0,-3.0
6308,0.0,-98.0,-84.0,-30.0,-10.0,94.0,4.0,52.0,22.0,-2.0
6309,1.0,-97.0,-83.0,-29.0,-9.0,95.0,5.0,53.0,23.0,-1.0
6310,2.0,-98.0,-84.0,-28.0,-8.0,94.0,4.0,54.0,24.0,-2.0
6311,1.0,-99.0,-85.0,-29.0,-9.0,93.0,5.0,55.0,25.0,-1.0
6312,0.0,-100.0,-86.0,-28.0,-8.0,94.0,6.0,54.0,24.0,-2.0
6313,1.0,-99.0,-85.0,-29.0,-9.0,93.0,5.0,55.0,25.0,-1.0
6314,0.0,-100.0,-84.0,-28.0,-8.0,92.0,4.0,54.0,26.0,0.0
6315,-1.0,-99.0,-85.0,-27.0,-9.0,93.0,3.0,55.0,27.0,-1.0
6316,0.0,-100.0,-84.0,-28.0,-10.0,94.0,2.0,56.0,28.0,-2.0
6317,1.0,-101.0,-83.0,-27.0,-11.0,95.0,3.0,55.0,29.0,-3.0
6318,0.0,-102.0,-84.0,-26.0,-10.0,96.0,4.0,54.0,28.0,-4.0
6319,-1.0,-103.0,-85.0,-27.0,-11.0,95.0,3.0,53.0,27.0,-5.0
6320,0.0,-104.0,-84.0,-28.0,-12.0,96.0,2.0,54.0,26.0,-6.0
6321,1.0,-103.0,-83.0,-27.0,-11.0,97.0,3.0,55.0,27.0,-5.0
6322,0.0,-104.0,-84.0,-28.0,-12.0,96.0,2.0,54.0,26.0,-6.0
6323,1.0,-103.0,-83.0,-27.0,-11.0,97.0,1.0,53.0,25.0,-7.0
6324,2.0,-104.0,-84.0,-26.0,-10.0,96.0,0.0,54.0,26.0,-8.0
6325,1.0,-105.0,-83.0,-25.0,-9.0,95.0,-1.0,53.0,27.0,-7.0
6326,2.0,-104.0,-84.0,-26.0,-10.0,96.0,0.0,52.0,26.0,-8.0
6327,1.0,-103.0,-85.0,-25.0,-11.0,97.0,-1.0,53.0,27.0,-9.0
6328,0.0,-102.0,-86.0,-24.0,-12.0,98.0,-2.0,52.0,28.0,-10.0
6329,-1.0,-101.0,-87.0,-23.0,-13.0,99.0,-3.0,53.0,27.0,-9.0
6330,0.0,-100.0,-86.0,-22.0,-12.0,100.0,-2.0,54.0,28.0,-8.0
6331,1.0,-101.0,-87.0,-21.0,-11.0,99.0,-1.0,55.0,27.0,-9.0
6332,0.0,-100.0,-88.0,-22.0,-10.0,98.0,-2.0,56.0,26.0,-10.0
6333,1.0,-99.0,-87.0,-21.0,-9.0,99.0,-1.0,55.0,25.0,-11.0
6334,2.0,-98.0,-86.0,-22.0,-10.0,98.0,0.0,56.0,26.0,-10.0
6335,3.0,-97.0,-85.0,-21.0,-9.0,99.0,1.0,57.0,27.0,-9.0
6336,4.0,-96.0,-84.0,-22.0,-10.0,98.0,2.0,58.0,28.0,-10.0
6337,5.0,-97.0,-85.0,-21.0,-11.0,97.0,3.0,59.0,27.0,-9.0
6338,6.0,-98.0,-86.0,-20.0,-10.0,96.0,2.0,60.0,28.0,-10.0
6339,5.0,-97.0,-87.0,-21.0,-9.0,95.0,1.0,61.0,27.0,-11.0
6340,4.0,-98.0,-88.0,-22.0,-10.0,94.0,0.0,60.0,26.0,-12.0
6341,3.0,-99.0,-89.0,-23.0,-11.0,93.0,1.0,61.0,27.0,-11.0
6342,2.0,-98.0,-88.0,-24.0,-12.0,94.0,0.0,60.0,28.0,-10.0
6343,3.0,-99.0,-89.0,-23.0,-13.0,93.0,1.0,59.0,27.0,-9.0
6344,4.0,-98.0,-88.0,-22.0,-12.0,92.0,0.0,58.0,26.0,-10.0
6345,5.0,-97.0,-89.0,-23.0,-11.0,93.0,-1.0,57.0,25.0,-9.0
6346,4.0,-98.0,-88.0,-22.0,-12.0,92.0,-2.0,58.0,26.0,-10.0
6347,5.0,-99.0,-87.0,-23.0,-11.0,93.0,-3.0,59.0,25.0,-9.0
6348,4.0,-100.0,-88.0,-24.0,-12.0,92.0,-4.0,58.0,24.0,-10.0
6349,3.0,-99.0,-89.0,-23.0,-13.0,93.0,-5.0,59.0,23.0,-9.0
6350,2.0,-98.0,-90.0,-22.0,-12.0,92.0,-4.0,58.0,22.0,-8.0
6351,3.0,-97.0,-89.0,-21.0,-11.0,93.0,-3.0,59.0,23.0,-7.0
6352,4.0,-96.0,-88.0,-20.0,-12.0,92.0,-4.0,58.0,22.0,-6.0
6353,3.0,-97.0,-87.0,-19.0,-13.0,91.0,-3.0,59.0,21.0,-7.0
6354,4.0,-96.0,-86.0,-20.0,-14.0,90.0,-4.0,60.0,22.0,-6.0
6355,3.0,-95.0,-85.0,-21.0,-15.0,91.0,-3.0,59.0,21.0,-5.0
6356,4.0,-96.0,-84.0,-22.0,-14.0,90.0,-2.0,58.0,22.0,-6.0
6357,3.0,-95.0,-85.0,-23.0,-13.0,89.0,-1.0,59.0,21.0,-5.0
6358,2.0,-96.0,-86.0,-24.0,-14.0,88.0,-2.0,58.0,20.0,-6.0
6359,3.0,-97.0,-85.0,-25.0,-13.0,87.0,-1.0,57.0,21.0,-7.0
6360,2.0,-96.0,-84.0,-26.0,-12.0,88.0,-2.0,56.0,22.0,-8.0
6361,1.0,-97.0,-85.0,-27.0,-11.0,89.0,-1.0,57.0,23.0,-9.0
6362,2.0,-98.0,-86.0,-26.0,-10.0,88.0,-2.0,58.0,22.0,-10.0
6363,1.0,-97.0,-85.0,-27.0,-9.0,89.0,-3.0,57.0,23.0,-11.0
6364,0.0,-96.0,-84.0,-28.0,-10.0,90.0,-2.0,56.0,22.0,-10.0
6365,1.0,-95.0,-85.0,-29.0,-9.0,91.0,-3.0,55.0,21.0,-9.0
6366,2.0,-94.0,-84.0,-28.0,-8.0,92.0,-4.0,54.0,20.0,-10.0
6367,3.0,-95.0,-83.0,-29.0,-9.0,93.0,-5.0,55.0,19.0,-11.0
6368,2.0,-96.0,-82.0,-28.0,-8.0,92.0,-6.0,54.0,20.0,-10.0
6369,3.0,-95.0,-81.0,-27.0,-7.0,91.0,-7.0,53.0,19.0,-11.0
6370,2.0,-94.0,-80.0,-28.0,-8.0,92.0,-6.0,52.0,18.0,-10.0
6371,1.0,-95.0,-81.0,-29.0,-9.0,91.0,-7.0,51.0,17.0,-11.0
6372,2.0,-96.0,-80.0,-30.0,-8.0,90.0,-6.0,50.0,18.0,-12.0
6373,3.0,-95.0,-79.0,-31.0,-9.0,89.0,-5.0,51.0,19.0,-13.0
6374,4.0,-96.0,-78.0,-32.0,-10.0,90.0,-6.0,52.0,20.0,-14.0
6375,3.0,-95.0,-79.0,-31.0,-11.0,91.0,-7.0,51.0,21.0,-15.0
6376,2.0,-96.0,-80.0,-32.0,-10.0,92.0,-6.0,52.0,20.0,-16.0
6377,1.0,-97.0,-79.0,-31.0,-11.0,91.0,-5.0,53.0,19.0,-17.0
6378,2.0,-98.0,-80.0,-30.0,-10.0,90.0,-6.0,54.0,20.0,-18.0
6379,1.0,-97.0,-81.0,-29.0,-9.0,89.0,-5.0,53.0,19.0,-17.0
6380,0.0,-96.0,-82.0,-28.0,-10.0,90.0,-6.0,54.0,18.0,-16.0
6381,1.0,-97.0,-81.0,-27.0,-11.0,91.0,-7.0,53.0,19.0,-17.0
6382,2.0,-96.0,-80.0,-26.0,-12.0,90.0,-8.0,52.0,18.0,-16.0
6383,1.0,-95.0,-79.0,-27.0,-13.0,91.0,-7.0,51.0,17.0,-15.0
6384,2.0,-96.0,-80.0,-26.0,-12.0,90.0,-8.0,52.0,16.0,-16.0
6385,3.0,-95.0,-81.0,-27.0,-13.0,91.0,-7.0,51.0,15.0,-17.0
6386,4.0,-94.0,-80.0,-26.0,-12.0,92.0,-6.0,50.0,14.0,-18.0
6387,3.0,-93.0,-79.0,-27.0,-11.0,93.0,-7.0,51.0,15.0,-19.0
6388,4.0,-94.0,-80.0,-26.0,-12.0,92.0,-6.0,50.0,14.0,-18.0
6389,3.0,-95.0,-81.0,-27.0,-13.0,93.0,-5.0,51.0,15.0,-17.0
6390,4.0,-96.0,-80.0,-28.0,-12.0,92.0,-4.0,50.0,16.0,-18.0
6391,5.0,-95.0,-81.0,-29.0,-13.0,93.0,-3.0,51.0,15.0,-19.0
6392,4.0,-94.0,-82.0,-28.0,-14.0,94.0,-2.0,50.0,16.0,-20.0
6393,3.0,-93.0,-83.0,-27.0,-15.0,93.0,-1.0,49.0,17.0,-21.0
6394,4.0,-94.0,-82.0,-28.0,-14.0,92.0,0.0,48.0,18.0,-20.0
6395,3.0,-95.0,-83.0,-29.0,-15.0,91.0,-1.0,47.0,19.0,-19.0
6396,4.0,-96.0,-84.0,-28.0,-16.0,90.0,0.0,48.0,18.0,-18.0
6397,5.0,-97.0,-83.0,-29.0,-15.0,89.0,1.0,47.0,19.0,-19.0
6398,4.0,-96.0,-84.0,-28.0,-14.0,88.0,2.0,46.0,20.0,-18.0
6399,5.0,-95.0,-83.0,-27.0,-13.0,89.0,3.0,45.0,19.0,-19.0
6400,6.0,-96.0,-82.0,-28.0,-14.0,90.0,2.0,46.0,20.0,-20.0
6401,5.0,-97.0,-83.0,-29.0,-15.0,89.0,1.0,45.0,19.0,-21.0
6402,6.0,-96.0,-82.0,-28.0,-14.0,90.0,2.0,46.0,20.0,-20.0
6403,5.0,-97.0,-83.0,-29.0,-15.0,89.0,1.0,45.0,19.0,-19.0
6404,6.0,-98.0,-82.0,-28.0,-16.0,90.0,0.0,44.0,20.0,-20.0
6405,7.0,-99.0,-81.0,-29.0,-17.0,91.0,-1.0,45.0,21.0,-21.0
6406,8.0,-100.0,-82.0,-28.0,-16.0,90.0,-2.0,46.0,22.0,-22.0
6407,9.0,-101.0,-83.0,-27.0,-15.0,89.0,-3.0,47.0,21.0,-23.0
6408,8.0,-102.0,-84.0,-28.0,-16.0,90.0,-2.0,48.0,22.0,-22.0
6409,7.0,-101.0,-85.0,-27.0,-17.0,91.0,-3.0,47.0,23.0,-23.0
6410,8.0,-102.0,-84.0,-26.0,-18.0,92.0,-2.0,46.0,24.0,-22.0
6411,9.0,-101.0,-83.0,-25.0,-17.0,93.0,-1.0,47.0,25.0,-21.0
6412,8.0,-100.0,-84.0,-24.0,-18.0,94.0,0.0,46.0,26.0,-22.0
6413,9.0,-101.0,-83.0,-23.0,-19.0,95.0,-1.0,45.0,27.0,-23.0
6414,10.0,-100.0,-84.0,-24.0,-18.0,96.0,-2.0,44.0,26.0,-22.0
6415,11.0,-99.0,-83.0,-25.0,-19.0,95.0,-1.0,45.0,27.0,-23.0
6416,12.0,-98.0,-82.0,-24.0,-18.0,96.0,-2.0,44.0,26.0,-24.0
6417,13.0,-97.0,-81.0,-23.0,-17.0,97.0,-3.0,43.0,25.0,-25.0
6418,12.0,-96.0,-82.0,-22.0,-16.0,96.0,-2.0,42.0,24.0,-24.0
6419,13.0,-97.0,-81.0,-21.0,-17.0,97.0,-3.0,41.0,25.0,-25.0
6420,12.0,-98.0,-80.0,-20.0,-18.0,96.0,-2.0,42.0,24.0,-26.0
6421,13.0,-97.0,-79.0,-19.0,-17.0,95.0,-3.0,41.0,23.0,-27.0
6422,12.0,-96.0,-80.0,-20.0,-16.0,94.0,-4.0,42.0,22.0,-28.0
6423,11.0,-97.0,-81.0,-21.0,-17.0,95.0,-3.0,43.0,23.0,-27.0
6424,12.0,-96.0,-80.0,-20.0,-18.0,94.0,-4.0,42.0,24.0,-26.0
6425,13.0,-97.0,-79.0,-21.0,-17.0,93.0,-3.0,41.0,25.0,-27.0
6426,12.0,-96.0,-80.0,-20.0,-16.0,92.0,-2.0,40.0,26.0,-26.0
6427,11.0,-97.0,-81.0,-19.0,-15.0,93.0,-1.0,39.0,25.0,-27.0
6428,12.0,-98.0,-82.0,-18.0,-14.0,92.0,-2.0,40.0,26.0,-28.0
6429,13.0,-97.0,-83.0,-19.0,-15.0,93.0,-1.0,41.0,25.0,-29.0
6430,12.0,-98.0,-82.0,-18.0,-14.0,92.0,-2.0,42.0,26.0,-28.0
6431,13.0,-99.0,-81.0,-17.0,-15.0,93.0,-1.0,41.0,27.0,-27.0
6432,14.0,-98.0,-82.0,-18.0,-16.0,94.0,0.0,42.0,26.0,-28.0
6433,15.0,-99.0,-81.0,-19.0,-17.0,95.0,-1.0,43.0,27.0,-29.0
6434,16.0,-100.0,-82.0,-18.0,-18.0,94.0,0.0,44.0,26.0,-28.0
6435,15.0,-101.0,-81.0,-17.0,-19.0,93.0,-1.0,45.0,27.0,-29.0
6436,14.0,-102.0,-82.0,-18.0,-20.0,92.0,-2.0,44.0,26.0,-28.0
6437,15.0,-103.0,-83.0,-17.0,-19.0,91.0,-1.0,45.0,25.0,-29.0
6438,14.0,-102.0,-84.0,-18.0,-18.0,90.0,-2.0,46.0,24.0,-30.0
6439,15.0,-103.0,-85.0,-17.0,-19.0,89.0,-1.0,47.0,23.0,-29.0
6440,14.0,-104.0,-86.0,-16.0,-18.0,90.0,-2.0,46.0,22.0,-28.0
6441,15.0,-105.0,-85.0,-17.0,-17.0,89.0,-1.0,45.0,23.0,-29.0
6442,14.0,-106.0,-84.0,-16.0,-18.0,88.0,0.0,46.0,24.0,-30.0
6443,13.0,-105.0,-85.0,-15.0,-19.0,89.0,-1.0,45.0,25.0,-31.0
6444,12.0,-106.0,-86.0,-14.0,-18.0,90.0,0.0,44.0,24.0,-32.0
6445,11.0,-107.0,-87.0,-15.0,-19.0,89.0,-1.0,43.0,25.0,-31.0
6446,12.0,-108.0,-88.0,-14.0,-18.0,88.0,0.0,44.0,24.0,-32.0
6447,11.0,-109.0,-89.0,-13.0,-17.0,89.0,-1.0,43.0,23.0,-33.0
6448,12.0,-108.0,-88.0,-14.0,-18.0,88.0,-2.0,44.0,24.0,-32.0
6449,11.0,-107.0,-89.0,-13.0,-19.0,89.0,-3.0,45.0,23.0,-31.0
6450,12.0,-106.0,-88.0,-14.0,-20.0,88.0,-2.0,46.0,24.0,-32.0
6451,11.0,-105.0,-87.0,-15.0,-19.0,89.0,-3.0,45.0,25.0,-33.0
6452,10.0,-106.0,-86.0,-14.0,-20.0,88.0,-2.0,46.0,24.0,-34.0
6453,9.0,-105.0,-85.0,-15.0,-21.0,89.0,-1.0,45.0,23.0,-33.0
6454,10.0,-106.0,-84.0,-16.0,-20.0,88.0,0.0,44.0,24.0,-34.0
6455,11.0,-107.0,-83.0,-15.0,-21.0,89.0,1.0,43.0,25.0,-33.0
6456,12.0,-108.0,-84.0,-14.0,-20.0,88.0,0.0,44.0,26.0,-34.0
6457,11.0,-109.0,-83.0,-13.0,-21.0,87.0,1.0,45.0,25.0,-35.0
6458,12.0,-108.0,-84.0,-14.0,-20.0,88.0,0.0,44.0,26.0,-34.0
6459,13.0,-109.0,-83.0,-15.0,-19.0,87.0,1.0,43.0,27.0,-35.0
6460,12.0,-108.0,-84.0,-14.0,-20.0,88.0,0.0,44.0,26.0,-34.0
6461,13.0,-109.0,-83.0,-15.0,-19.0,87.0,1.0,43.0,27.0,-35.0
6462,12.0,-108.0,-82.0,-16.0,-20.0,88.0,2.0,42.0,26.0,-34.0
6463,11.0,-109.0,-81.0,-15.0,-19.0,87.0,1.0,43.0,27.0,-33.0
6464,12.0,-108.0,-80.0,-14.0,-20.0,86.0,0.0,42.0,28.0,-32.0
6465,13.0,-107.0,-79.0,-13.0,-19.0,87.0,1.0,43.0,29.0,-31.0
6466,12.0,-106.0,-80.0,-14.0,-18.0,86.0,2.0,44.0,28.0,-30.0
6467,13.0,-105.0,-79.0,-15.0,-19.0,85.0,1.0,45.0,29.0,-29.0
6468,14.0,-104.0,-78.0,-14.0,-20.0,84.0,0.0,44.0,28.0,-28.0
6469,15.0,-103.0,-77.0,-13.0,-19.0,85.0,1.0,45.0,29.0,-27.0
6470,14.0,-104.0,-78.0,-12.0,-18.0,86.0,0.0,44.0,28.0,-28.0
6471,15.0,-105.0,-77.0,-13.0,-17.0,85.0,1.0,43.0,29.0,-29.0
6472,16.0,-106.0,-76.0,-14.0,-16.0,84.0,2.0,42.0,30.0,-30.0
6473,17.0,-107.0,-77.0,-13.0,-17.0,83.0,3.0,41.0,29.0,-29.0
6474,18.0,-108.0,-76.0,-14.0,-16.0,82.0,4.0,40.0,30.0,-30.0
6475,19.0,-107.0,-77.0,-15.0,-15.0,83.0,3.0,39.0,29.0,-29.0
6476,18.0,-108.0,-78.0,-16.0,-14.0,84.0,4.0,40.0,28.0,-30.0
6477,17.0,-107.0,-77.0,-17.0,-13.0,85.0,3.0,41.0,29.0,-31.0
6478,16.0,-108.0,-78.0,-18.0,-14.0,86.0,4.0,42.0,30.0,-30.0
6479,17.0,-107.0,-79.0,-19.0,-13.0,87.0,3.0,41.0,31.0,-29.0
6480,16.0,-108.0,-80.0,-20.0,-14.0,86.0,2.0,40.0,32.0,-28.0
6481,17.0,-107.0,-79.0,-19.0,-13.0,87.0,3.0,41.0,31.0,-29.0
6482,18.0,-108.0,-78.0,-18.0,-14.0,88.0,2.0,40.0,32.0,-30.0
6483,17.0,-109.0,-79.0,-19.0,-15.0,87.0,1.0,39.0,31.0,-31.0
6484,16.0,-108.0,-80.0,-18.0,-16.0,88.0,0.0,40.0,30.0,-30.0
6485,17.0,-109.0,-81.0,-17.0,-15.0,87.0,1.0,41.0,29.0,-31.0
6486,16.0,-108.0,-82.0,-16.0,-16.0,88.0,0.0,40.0,30.0,-32.0
6487,15.0,-109.0,-83.0,-17.0,-17.0,89.0,1.0,41.0,31.0,-31.0
6488,16.0,-108.0,-82.0,-16.0,-16.0,90.0,2.0,42.0,32.0,-30.0
6489,15.0,-107.0,-83.0,-15.0,-17.0,91.0,1.0,43.0,31.0,-29.0
6490,14.0,-108.0,-82.0,-14.0,-18.0,90.0,0.0,44.0,32.0,-30.0
6491,15.0,-109.0,-81.0,-13.0,-19.0,91.0,-1.0,43.0,33.0,-31.0
6492,14.0,-110.0,-82.0,-12.0,-18.0,92.0,-2.0,42.0,32.0,-32.0
6493,13.0,-109.0,-81.0,-13.0,-19.0,93.0,-1.0,41.0,31.0,-31.0
6494,14.0,-110.0,-80.0,-14.0,-20.0,94.0,-2.0,42.0,30.0,-32.0
6495,15.0,-111.0,-79.0,-13.0,-21.0,95.0,-3.0,41.0,31.0,-33.0
6496,16.0,-110.0,-78.0,-12.0,-20.0,96.0,-2.0,42.0,30.0,-34.0
6497,15.0,-111.0,-79.0,-13.0,-21.0,95.0,-3.0,41.0,29.0,-35.0
6498,14.0,-112.0,-80.0,-14.0,-22.0,94.0,-4.0,40.0,28.0,-36.0
6499,13.0,-113.0,-79.0,-13.0,-23.0,93.0,-3.0,41.0,29.0,-37.0
6500,14.0,-112.0,-78.0,-12.0,-22.0,94.0,-2.0,42.0,30.0,-38.0
6501,13.0,-111.0,-77.0,-13.0,-23.0,95.0,-3.0,41.0,31.0,-37.0
6502,12.0,-112.0,-78.0,-14.0,-22.0,96.0,-2.0,42.0,30.0,-38.0
6503,13.0,-111.0,-79.0,-15.0,-23.0,97.0,-1.0,43.0,29.0,-39.0
6504,12.0,-112.0,-78.0,-14.0,-24.0,96.0,0.0,44.0,28.0,-40.0
6505,11.0,-113.0,-79.0,-15.0,-25.0,95.0,1.0,45.0,29.0,-39.0
6506,10.0,-112.0,-80.0,-14.0,-24.0,94.0,2.0,44.0,28.0,-38.0
6507,11.0,-111.0,-79.0,-13.0,-25.0,93.0,1.0,43.0,27.0,-37.0
6508,10.0,-110.0,-80.0,-12.0,-26.0,94.0,0.0,44.0,26.0,-36.0
6509,9.0,-109.0,-81.0,-13.0,-25.0,93.0,-1.0,45.0,25.0,-37.0
6510,10.0,-110.0,-82.0,-12.0,-26.0,92.0,0.0,44.0,24.0,-36.0
6511,11.0,-109.0,-81.0,-11.0,-27.0,91.0,-1.0,43.0,25.0,-35.0
6512,10.0,-108.0,-82.0,-10.0,-26.0,90.0,0.0,42.0,24.0,-34.0
6513,9.0,-107.0,-83.0,-11.0,-25.0,89.0,-1.0,43.0,23.0,-35.0
6514,10.0,-106.0,-84.0,-12.0,-24.0,90.0,-2.0,42.0,24.0,-34.0
6515,11.0,-105.0,-83.0,-11.0,-23.0,91.0,-1.0,43.0,25.0,-33.0
6516,10.0,-104.0,-82.0,-12.0,-24.0,92.0,0.0,42.0,24.0,-32.0
6517,9.0,-103.0,-83.0,-11.0,-25.0,93.0,-1.0,43.0,23.0,-33.0
6518,8.0,-102.0,-82.0,-12.0,-26.0,94.0,-2.0,42.0,24.0,-32.0
6519,9.0,-101.0,-81.0,-11.0,-27.0,93.0,-3.0,41.0,25.0,-31.0
6520,10.0,-102.0,-82.0,-10.0,-26.0,92.0,-4.0,42.0,26.0,-32.0
6521,11.0,-103.0,-81.0,-11.0,-25.0,91.0,-3.0,43.0,25.0,-31.0
6522,12.0,-104.0,-80.0,-12.0,-24.0,90.0,-2.0,42.0,24.0,-30.0
6523,13.0,-105.0,-81.0,-11.0,-25.0,89.0,-1.0,43.0,23.0,-29.0
6524,14.0,-104.0,-80.0,-10.0,-24.0,90.0,0.0,44.0,24.0,-28.0
6525,13.0,-105.0,-81.0,-11.0,-25.0,89.0,-1.0,45.0,25.0,-27.0
6526,14.0,-106.0,-80.0,-12.0,-26.0,90.0,-2.0,46.0,26.0,-28.0
6527,13.0,-105.0,-81.0,-11.0,-27.0,89.0,-1.0,45.0,27.0,-29.0
6528,12.0,-106.0,-80.0,-10.0,-28.0,88.0,0.0,46.0,26.0,-30.0
6529,11.0,-107.0,-79.0,-9.0,-29.0,87.0,-1.0,47.0,27.0,-31.0
6530,10.0,-108.0,-80.0,-8.0,-28.0,88.0,-2.0,46.0,26.0,-30.0
6531,9.0,-107.0,-81.0,-7.0,-29.0,87.0,-1.0,45.0,27.0,-31.0
6532,10.0,-108.0,-80.0,-8.0,-28.0,86.0,0.0,44.0,28.0,-32.0
6533,11.0,-107.0,-79.0,-9.0,-29.0,85.0,1.0,45.0,29.0,-33.0
6534,10.0,-106.0,-80.0,-8.0,-30.0,84.0,2.0,44.0,30.0,-34.0
6535,9.0,-107.0,-79.0,-7.0,-31.0,83.0,3.0,45.0,29.0,-35.0
6536,8.0,-106.0,-80.0,-8.0,-30.0,82.0,4.0,46.0,28.0,-34.0
6537,7.0,-107.0,-81.0,-9.0,-31.0,81.0,5.0,47.0,29.0,-33.0
6538,8.0,-106.0,-82.0,-10.0,-30.0,82.0,4.0,46.0,30.0,-32.0
6539,7.0,-107.0,-83.0,-11.0,-31.0,83.0,5.0,47.0,31.0,-31.0
6540,8.0,-106.0,-82.0,-10.0,-32.0,82.0,4.0,46.0,32.0,-30.0
6541,9.0,-105.0,-81.0,-9.0,-31.0,83.0,5.0,45.0,31.0,-31.0
6542,8.0,-106.0,-82.0,-10.0,-32.0,82.0,4.0,46.0,32.0,-30.0
6543,7.0,-105.0,-83.0,-11.0,-31.0,81.0,5.0,47.0,31.0,-29.0
6544,6.0,-104.0,-84.0,-10.0,-32.0,82.0,4.0,48.0,30.0,-28.0
6545,5.0,-105.0,-85.0,-11.0,-31.0,83.0,5.0,49.0,29.0,-29.0
6546,6.0,-104.0,-86.0,-12.0,-32.0,84.0,6.0,50.0,28.0,-30.0
6547,7.0,-105.0,-87.0,-11.0,-33.0,83.0,7.0,49.0,27.0,-29.0
6548,6.0,-104.0,-88.0,-10.0,-34.0,84.0,8.0,48.0,28.0,-30.0
6549,7.0,-105.0,-87.0,-11.0,-35.0,85.0,7.0,49.0,27.0,-31.0
6550,8.0,-106.0,-86.0,-12.0,-34.0,84.0,8.0,48.0,28.0,-32.0
6551,9.0,-105.0,-85.0,-11.0,-33.0,85.0,9.0,49.0,29.0,-31.0
6552,8.0,-106.0,-86.0,-10.0,-32.0,86.0,8.0,48.0,28.0,-30.0
6553,7.0,-105.0,-87.0,-9.0,-31.0,85.0,9.0,47.0,29.0,-29.0
6554,6.0,-106.0,-88.0,-10.0,-30.0,86.0,10.0,48.0,30.0,-30.0
6555,5.0,-107.0,-89.0,-11.0,-31.0,85.0,9.0,47.0,29.0,-31.0
6556,4.0,-106.0,-90.0,-12.0,-30.0,84.0,10.0,48.0,28.0,-30.0
6557,3.0,-107.0,-91.0,-11.0,-29.0,85.0,9.0,47.0,27.0,-29.0
6558,4.0,-106.0,-90.0,-10.0,-28.0,86.0,10.0,48.0,28.0,-28.0
6559,5.0,-107.0,-89.0,-11.0,-27.0,85.0,11.0,47.0,27.0,-27.0
6560,4.0,-108.0,-90.0,-12.0,-28.0,86.0,12.0,48.0,28.0,-26.0
6561,3.0,-107.0,-91.0,-11.0,-29.0,87.0,11.0,49.0,27.0,-25.0
6562,4.0,-108.0,-90.0,-12.0,-28.0,86.0,12.0,48.0,28.0,-26.0
6563,3.0,-107.0,-89.0,-13.0,-29.0,87.0,13.0,47.0,27.0,-25.0
6564,2.0,-106.0,-88.0,-14.0,-28.0,88.0,12.0,48.0,28.0,-26.0
6565,1.0,-105.0,-89.0,-13.0,-29.0,89.0,11.0,49.0,27.0,-25.0
6566,0.0,-104.0,-90.0,-14.0,-28.0,88.0,10.0,50.0,26.0,-26.0
6567,1.0,-103.0,-89.0,-13.0,-29.0,87.0,9.0,49.0,27.0,-25.0
6568,2.0,-104.0,-88.0,-12.0,-30.0,88.0,10.0,48.0,28.0,-26.0
6569,3.0,-103.0,-89.0,-13.0,-29.0,89.0,9.0,47.0,27.0,-25.0
6570,4.0,-104.0,-88.0,-14.0,-28.0,88.0,10.0,46.0,28.0,-26.0
6571,3.0,-105.0,-89.0,-15.0,-29.0,87.0,9.0,45.0,27.0,-27.0
6572,2.0,-106.0,-88.0,-14.0,-30.0,86.0,10.0,46.0,26.0,-28.0
6573,1.0,-107.0,-89.0,-13.0,-29.0,87.0,9.0,45.0,25.0,-29.0
6574,2.0,-108.0,-88.0,-14.0,-28.0,86.0,10.0,44.0,26.0,-30.0
6575,3.0,-107.0,-87.0,-13.0,-27.0,87.0,11.0,45.0,27.0,-29.0
6576,4.0,-108.0,-86.0,-14.0,-28.0,88.0,10.0,46.0,26.0,-30.0
6577,3.0,-107.0,-85.0,-15.0,-27.0,89.0,9.0,45.0,27.0,-31.0
6578,4.0,-106.0,-86.0,-16.0,-26.0,90.0,10.0,44.0,26.0,-30.0
6579,3.0,-105.0,-85.0,-17.0,-25.0,91.0,9.0,45.0,27.0,-31.0
6580,2.0,-104.0,-86.0,-18.0,-24.0,90.0,10.0,46.0,26.0,-30.0
6581,1.0,-103.0,-87.0,-17.0,-23.0,89.0,11.0,45.0,25.0,-29.0
6582,0.0,-104.0,-88.0,-18.0,-24.0,88.0,10.0,44.0,24.0,-30.0
6583,-1.0,-105.0,-87.0,-17.0,-25.0,87.0,11.0,45.0,23.0,-31.0
6584,0.0,-106.0,-88.0,-16.0,-26.0,86.0,12.0,46.0,22.0,-30.0
6585,1.0,-107.0,-87.0,-15.0,-27.0,87.0,13.0,45.0,23.0,-29.0
6586,2.0,-108.0,-86.0,-16.0,-26.0,86.0,14.0,44.0,22.0,-28.0
6587,3.0,-109.0,-85.0,-17.0,-25.0,85.0,15.0,45.0,21.0,-27.0
6588,4.0,-108.0,-84.0,-16.0,-24.0,84.0,14.0,44.0,20.0,-28.0
6589,5.0,-107.0,-83.0,-15.0,-23.0,83.0,13.0,43.0,19.0,-29.0
6590,4.0,-108.0,-84.0,-14.0,-22.0,84.0,14.0,42.0,18.0,-30.0
6591,3.0,-107.0,-83.0,-15.0,-21.0,85.0,13.0,41.0,19.0,-31.0
6592,4.0,-106.0,-82.0,-14.0,-20.0,86.0,12.0,40.0,18.0,-32.0
6593,3.0,-105.0,-83.0,-15.0,-19.0,85.0,11.0,41.0,17.0,-31.0
6594,4.0,-106.0,-84.0,-14.0,-18.0,84.0,10.0,42.0,18.0,-32.0
6595,5.0,-107.0,-83.0,-15.0,-17.0,83.0,9.0,43.0,17.0,-31.0
6596,6.0,-108.0,-82.0,-16.0,-16.0,82.0,10.0,42.0,18.0,-32.0
6597,5.0,-109.0,-81.0,-15.0,-17.0,81.0,11.0,43.0,17.0,-33.0
6598,4.0,-110.0,-80.0,-14.0,-16.0,80.0,10.0,44.0,18.0,-32.0
6599,3.0,-111.0,-79.0,-13.0,-17.0,79.0,9.0,45.0,19.0,-33.0
6600,4.0,-110.0,-80.0,-14.0,-16.0,80.0,8.0,44.0,20.0,-32.0
6601,5.0,-111.0,-79.0,-15.0,-15.0,79.0,9.0,43.0,21.0,-33.0
6602,6.0,-110.0,-78.0,-14.0,-14.0,80.0,10.0,42.0,20.0,-34.0
6603,5.0,-111.0,-77.0,-13.0,-15.0,79.0,11.0,43.0,19.0,-35.0
6604,6.0,-110.0,-76.0,-12.0,-16.0,78.0,10.0,42.0,20.0,-34.0
6605,5.0,-109.0,-77.0,-11.0,-17.0,79.0,9.0,43.0,19.0,-33.0
6606,4.0,-110.0,-78.0,-12.0,-18.0,80.0,10.0,44.0,20.0,-32.0
6607,3.0,-111.0,-77.0,-11.0,-17.0,79.0,9.0,45.0,21.0,-31.0
6608,4.0,-110.0,-76.0,-12.0,-18.0,78.0,10.0,46.0,22.0,-32.0
6609,5.0,-111.0,-75.0,-13.0,-19.0,79.0,9.0,47.0,23.0,-33.0
6610,6.0,-110.0,-76.0,-14.0,-18.0,80.0,8.0,46.0,22.0,-32.0
6611,5.0,-111.0,-77.0,-15.0,-19.0,79.0,9.0,47.0,23.0,-31.0
6612,4.0,-112.0,-76.0,-14.0,-18.0,78.0,8.0,46.0,24.0,-30.0
6613,3.0,-113.0,-77.0,-15.0,-19.0,79.0,9.0,47.0,25.0,-29.0
6614,4.0,-112.0,-78.0,-16.0,-18.0,80.0,10.0,46.0,24.0,-28.0
6615,5.0,-111.0,-77.0,-15.0,-17.0,81.0,11.0,47.0,23.0,-29.0
6616,6.0,-110.0,-76.0,-14.0,-16.0,82.0,12.0,48.0,24.0,-28.0
6617,7.0,-111.0,-75.0,-15.0,-17.0,83.0,11.0,49.0,25.0,-29.0
6618,8.0,-110.0,-76.0,-16.0,-18.0,84.0,12.0,48.0,24.0,-30.0
6619,9.0,-109.0,-77.0,-17.0,-17.0,85.0,11.0,47.0,25.0,-29.0
6620,8.0,-110.0,-78.0,-18.0,-18.0,86.0,12.0,48.0,26.0,-28.0
6621,9.0,-111.0,-77.0,-19.0,-17.0,87.0,11.0,49.0,25.0,-27.0
6622,8.0,-110.0,-78.0,-20.0,-16.0,86.0,10.0,50.0,24.0,-28.0
6623,9.0,-109.0,-79.0,-21.0,-15.0,87.0,9.0,49.0,25.0,-27.0
6624,10.0,-108.0,-78.0,-20.0,-14.0,88.0,10.0,50.0,26.0,-28.0
6625,11.0,-109.0,-77.0,-19.0,-15.0,89.0,9.0,49.0,27.0,-29.0
6626,10.0,-110.0,-76.0,-18.0,-14.0,88.0,8.0,50.0,28.0,-28.0
6627,9.0,-109.0,-75.0,-19.0,-13.0,89.0,7.0,51.0,29.0,-29.0
6628,10.0,-110.0,-74.0,-20.0,-12.0,88.0,8.0,50.0,30.0,-30.0
6629,9.0,-109.0,-73.0,-21.0,-13.0,89.0,9.0,49.0,29.0,-29.0
6630,10.0,-108.0,-74.0,-22.0,-12.0,90.0,8.0,48.0,30.0,-28.0
6631,11.0,-107.0,-75.0,-23.0,-11.0,91.0,9.0,47.0,29.0,-27.0
6632,12.0,-108.0,-74.0,-24.0,-12.0,92.0,8.0,48.0,28.0,-28.0
6633,13.0,-109.0,-75.0,-23.0,-13.0,91.0,9.0,49.0,27.0,-27.0
6634,12.0,-110.0,-76.0,-22.0,-12.0,92.0,8.0,48.0,26.0,-28.0
6635,13.0,-111.0,-77.0,-21.0,-13.0,91.0,9.0,49.0,25.0,-27.0
6636,12.0,-112.0,-78.0,-22.0,-12.0,92.0,10.0,50.0,24.0,-28.0
6637,13.0,-111.0,-77.0,-23.0,-13.0,91.0,11.0,51.0,25.0,-29.0
6638,12.0,-110.0,-76.0,-24.0,-14.0,92.0,12.0,50.0,26.0,-28.0
6639,11.0,-111.0,-75.0,-23.0,-13.0,91.0,11.0,49.0,27.0,-27.0
6640,12.0,-110.0,-74.0,-22.0,-12.0,90.0,10.0,48.0,26.0,-28.0
6641,11.0,-111.0,-75.0,-23.0,-13.0,89.0,9.0,47.0,27.0,-27.0
6642,12.0,-112.0,-74.0,-24.0,-12.0,88.0,10.0,46.0,28.0,-28.0
6643,11.0,-111.0,-75.0,-23.0,-11.0,87.0,11.0,45.0,27.0,-27.0
6644,12.0,-110.0,-74.0,-22.0,-10.0,86.0,10.0,44.0,26.0,-28.0
6645,13.0,-109.0,-75.0,-23.0,-9.0,87.0,9.0,43.0,27.0,-27.0
6646,14.0,-110.0,-76.0,-22.0,-10.0,86.0,10.0,44.0,26.0,-26.0
6647,15.0,-109.0,-75.0,-21.0,-11.0,85.0,9.0,43.0,25.0,-25.0
6648,16.0,-108.0,-74.0,-22.0,-12.0,84.0,10.0,44.0,26.0,-26.0
6649,17.0,-107.0,-75.0,-23.0,-11.0,85.0,11.0,43.0,25.0,-25.0
6650,16.0,-108.0,-76.0,-22.0,-10.0,86.0,10.0,42.0,24.0,-26.0
6651,17.0,-109.0,-75.0,-21.0,-11.0,87.0,11.0,41.0,25.0,-25.0
6652,16.0,-110.0,-74.0,-20.0,-12.0,86.0,12.0,42.0,24.0,-26.0
6653,17.0,-109.0,-75.0,-21.0,-11.0,87.0,11.0,41.0,25.0,-25.0
6654,18.0,-110.0,-74.0,-22.0,-10.0,86.0,10.0,42.0,24.0,-24.0
6655,19.0,-111.0,-73.0,-23.0,-11.0,87.0,9.0,43.0,25.0,-25.0
6656,20.0,-112.0,-74.0,-22.0,-12.0,86.0,10.0,42.0,24.0,-24.0
6657,19.0,-113.0,-75.0,-23.0,-13.0,85.0,9.0,41.0,25.0,-23.0
6658,18.0,-114.0,-76.0,-24.0,-14.0,84.0,8.0,40.0,24.0,-24.0
6659,19.0,-113.0,-75.0,-25.0,-15.0,83.0,9.0,41.0,25.0,-23.0
6660,20.0,-112.0,-74.0,-24.0,-14.0,84.0,10.0,42.0,26.0,-22.0
6661,21.0,-113.0,-73.0,-25.0,-13.0,83.0,11.0,43.0,25.0,-21.0
6662,22.0,-114.0,-72.0,-24.0,-14.0,84.0,10.0,42.0,26.0,-22.0
6663,21.0,-113.0,-73.0,-23.0,-15.0,85.0,9.0,43.0,25.0,-21.0
6664,20.0,-114.0,-74.0,-24.0,-16.0,84.0,8.0,42.0,24.0,-22.0
6665,21.0,-115.0,-73.0,-25.0,-15.0,83.0,9.0,41.0,25.0,-23.0
6666,20.0,-114.0,-74.0,-24.0,-14.0,82.0,10.0,40.0,24.0,-22.0
6667,19.0,-113.0,-73.0,-25.0,-13.0,83.0,9.0,41.0,25.0,-23.0
6668,18.0,-114.0,-74.0,-24.0,-12.0,84.0,10.0,40.0,24.0,-24.0
6669,17.0,-113.0,-75.0,-25.0,-11.0,83.0,11.0,41.0,23.0,-23.0
6670,16.0,-114.0,-74.0,-24.0,-12.0,82.0,12.0,42.0,22.0,-24.0
6671,15.0,-113.0,-75.0,-25.0,-11.0,81.0,11.0,43.0,21.0,-25.0
6672,14.0,-114.0,-76.0,-26.0,-12.0,80.0,10.0,44.0,22.0,-24.0
6673,13.0,-113.0,-77.0,-25.0,-13.0,79.0,11.0,43.0,23.0,-25.0
6674,12.0,-112.0,-78.0,-26.0,-12.0,78.0,12.0,44.0,22.0,-24.0
6675,11.0,-113.0,-79.0,-27.0,-13.0,77.0,11.0,43.0,21.0,-25.0
6676,10.0,-112.0,-78.0,-28.0,-12.0,78.0,10.0,44.0,22.0,-26.0
6677,11.0,-111.0,-77.0,-27.0,-11.0,79.0,11.0,43.0,21.0,-27.0
6678,12.0,-110.0,-76.0,-26.0,-10.0,80.0,12.0,44.0,22.0,-26.0
6679,13.0,-111.0,-75.0,-25.0,-11.0,81.0,13.0,43.0,23.0,-27.0
6680,14.0,-112.0,-74.0,-26.0,-10.0,82.0,12.0,44.0,22.0,-26.0
6681,15.0,-111.0,-73.0,-25.0,-9.0,83.0,13.0,45.0,23.0,-25.0
6682,16.0,-110.0,-72.0,-24.0,-10.0,82.0,12.0,44.0,24.0,-24.0
6683,15.0,-111.0,-73.0,-25.0,-11.0,81.0,11.0,43.0,23.0,-25.0
6684,14.0,-110.0,-74.0,-24.0,-10.0,80.0,12.0,42.0,22.0,-24.0
6685,15.0,-111.0,-73.0,-23.0,-11.0,81.0,13.0,41.0,23.0,-23.0
6686,14.0,-112.0,-72.0,-22.0,-12.0,80.0,14.0,42.0,22.0,-24.0
6687,15.0,-113.0,-71.0,-21.0,-13.0,81.0,15.0,41.0,23.0,-25.0
6688,16.0,-112.0,-70.0,-20.0,-12.0,82.0,14.0,40.0,22.0,-26.0
6689,15.0,-111.0,-71.0,-19.0,-11.0,81.0,15.0,39.0,23.0,-25.0
6690,14.0,-112.0,-70.0,-18.0,-12.0,80.0,14.0,40.0,24.0,-26.0
6691,13.0,-113.0,-71.0,-17.0,-11.0,81.0,15.0,39.0,23.0,-27.0
6692,12.0,-112.0,-70.0,-18.0,-12.0,82.0,16.0,38.0,22.0,-26.0
6693,11.0,-113.0,-69.0,-17.0,-11.0,81.0,15.0,39.0,23.0,-25.0
6694,10.0,-114.0,-68.0,-16.0,-10.0,80.0,14.0,38.0,24.0,-24.0
6695,11.0,-115.0,-67.0,-17.0,-9.0,79.0,15.0,37.0,25.0,-25.0
6696,12.0,-114.0,-68.0,-18.0,-10.0,80.0,16.0,36.0,24.0,-26.0
6697,13.0,-113.0,-67.0,-17.0,-9.0,81.0,17.0,37.0,23.0,-27.0
6698,12.0,-112.0,-68.0,-18.0,-8.0,80.0,16.0,38.0,22.0,-26.0
6699,11.0,-113.0,-67.0,-17.0,-7.0,79.0,15.0,37.0,23.0,-25.0
6700,10.0,-112.0,-66.0,-18.0,-8.0,80.0,16.0,36.0,22.0,-24.0
6701,9.0,-111.0,-67.0,-17.0,-7.0,79.0,17.0,35.0,23.0,-23.0
6702,8.0,-110.0,-68.0,-16.0,-8.0,80.0,16.0,36.0,22.0,-22.0
6703,7.0,-111.0,-69.0,-15.0,-7.0,81.0,15.0,35.0,21.0,-23.0
6704,6.0,-110.0,-68.0,-16.0,-6.0,82.0,14.0,36.0,22.0,-24.0
6705,5.0,-111.0,-69.0,-15.0,-5.0,83.0,15.0,35.0,21.0,-25.0
6706,4.0,-112.0,-70.0,-16.0,-6.0,82.0,14.0,34.0,20.0,-26.0
6707,3.0,-111.0,-71.0,-17.0,-5.0,81.0,15.0,35.0,19.0,-25.0
6708,4.0,-110.0,-70.0,-16.0,-6.0,80.0,14.0,34.0,20.0,-24.0
6709,3.0,-111.0,-71.0,-17.0,-7.0,79.0,15.0,35.0,21.0,-23.0
6710,2.0,-112.0,-72.0,-16.0,-6.0,80.0,14.0,34.0,20.0,-22.0
6711,1.0,-111.0,-71.0,-17.0,-5.0,81.0,13.0,35.0,21.0,-23.0
6712,0.0,-112.0,-70.0,-16.0,-6.0,80.0,14.0,36.0,20.0,-24.0
6713,1.0,-111.0,-71.0,-17.0,-5.0,81.0,13.0,35.0,21.0,-23.0
6714,0.0,-112.0,-72.0,-18.0,-6.0,82.0,14.0,36.0,22.0,-22.0
6715,1.0,-113.0,-71.0,-19.0,-5.0,81.0,15.0,35.0,23.0,-23.0
6716,0.0,-114.0,-72.0,-20.0,-6.0,82.0,16.0,36.0,24.0,-22.0
6717,1.0,-115.0,-73.0,-19.0,-5.0,81.0,15.0,37.0,25.0,-23.0
6718,2.0,-114.0,-72.0,-18.0,-6.0,80.0,14.0,36.0,26.0,-22.0
6719,3.0,-115.0,-71.0,-19.0,-5.0,79.0,15.0,35.0,27.0,-23.0
6720,2.0,-116.0,-70.0,-18.0,-4.0,78.0,14.0,34.0,28.0,-22.0
6721,3.0,-115.0,-69.0,-19.0,-5.0,77.0,13.0,35.0,29.0,-21.0
6722,4.0,-114.0,-68.0,-18.0,-4.0,78.0,14.0,36.0,30.0,-20.0
6723,3.0,-113.0,-69.0,-17.0,-5.0,79.0,13.0,37.0,29.0,-19.0
6724,2.0,-112.0,-70.0,-16.0,-6.0,80.0,12.0,38.0,28.0,-18.0
6725,1.0,-111.0,-69.0,-17.0,-7.0,81.0,13.0,37.0,27.0,-17.0
6726,2.0,-112.0,-68.0,-18.0,-6.0,80.0,14.0,36.0,28.0,-18.0
6727,1.0,-111.0,-67.0,-19.0,-7.0,81.0,15.0,35.0,27.0,-17.0
6728,2.0,-112.0,-68.0,-18.0,-6.0,80.0,16.0,36.0,26.0,-18.0
6729,3.0,-113.0,-67.0,-17.0,-7.0,81.0,15.0,35.0,27.0,-19.0
6730,4.0,-114.0,-68.0,-16.0,-6.0,80.0,14.0,36.0,26.0,-20.0
6731,3.0,-113.0,-67.0,-17.0,-5.0,81.0,13.0,37.0,27.0,-21.0
6732,4.0,-112.0,-68.0,-18.0,-6.0,82.0,14.0,38.0,26.0,-22.0
6733,5.0,-113.0,-69.0,-17.0,-7.0,81.0,15.0,39.0,25.0,-21.0
6734,4.0,-112.0,-70.0,-16.0,-8.0,82.0,14.0,40.0,26.0,-22.0
6735,5.0,-113.0,-69.0,-17.0,-7.0,81.0,15.0,39.0,27.0,-23.0
6736,6.0,-114.0,-68.0,-18.0,-6.0,80.0,16.0,38.0,28.0,-24.0
6737,7.0,-113.0,-69.0,-19.0,-7.0,81.0,17.0,39.0,27.0,-25.0
6738,8.0,-114.0,-68.0,-20.0,-6.0,80.0,18.0,38.0,28.0,-26.0
6739,9.0,-113.0,-67.0,-19.0,-5.0,81.0,19.0,39.0,29.0,-27.0
6740,8.0,-112.0,-68.0,-18.0,-6.0,82.0,18.0,40.0,28.0,-28.0
6741,9.0,-113.0,-69.0,-17.0,-5.0,81.0,19.0,41.0,27.0,-29.0
6742,8.0,-112.0,-70.0,-16.0,-6.0,82.0,18.0,42.0,26.0,-28.0
6743,7.0,-113.0,-71.0,-17.0,-7.0,81.0,17.0,41.0,25.0,-29.0
6744,8.0,-114.0,-72.0,-16.0,-6.0,80.0,16.0,42.0,26.0,-30.0
6745,7.0,-115.0,-73.0,-15.0,-5.0,81.0,17.0,41.0,25.0,-31.0
6746,8.0,-116.0,-72.0,-16.0,-4.0,80.0,18.0,40.0,26.0,-32.0
6747,7.0,-115.0,-73.0,-17.0,-3.0,79.0,17.0,41.0,25.0,-33.0
6748,8.0,-116.0,-74.0,-16.0,-4.0,78.0,18.0,40.0,24.0,-32.0
6749,9.0,-117.0,-73.0,-17.0,-3.0,77.0,19.0,41.0,23.0,-31.0
6750,8.0,-116.0,-72.0,-18.0,-2.0,78.0,18.0,42.0,24.0,-32.0
6751,9.0,-115.0,-73.0,-19.0,-1.0,79.0,17.0,41.0,25.0,-31.0
6752,10.0,-116.0,-72.0,-20.0,-2.0,80.0,16.0,42.0,26.0,-32.0
6753,9.0,-115.0,-73.0,-19.0,-1.0,79.0,17.0,41.0,27.0,-31.0
6754,10.0,-116.0,-74.0,-18.0,-2.0,78.0,18.0,40.0,26.0,-30.0
6755,9.0,-115.0,-75.0,-17.0,-3.0,79.0,17.0,41.0,25.0,-29.0
6756,10.0,-116.0,-76.0,-16.0,-2.0,78.0,16.0,42.0,26.0,-30.0
6757,9.0,-117.0,-75.0,-15.0,-1.0,77.0,15.0,41.0,27.0,-29.0
6758,8.0,-118.0,-76.0,-14.0,0.0,78.0,14.0,40.0,26.0,-28.0
6759,9.0,-119.0,-77.0,-13.0,1.0,77.0,15.0,41.0,25.0,-29.0
6760,8.0,-120.0,-78.0,-14.0,0.0,76.0,14.0,42.0,26.0,-28.0
6761,7.0,-121.0,-79.0,-13.0,1.0,77.0,15.0,41.0,25.0,-29.0
6762,6.0,-120.0,-80.0,-12.0,0.0,76.0,16.0,40.0,26.0,-30.0
6763,5.0,-119.0,-81.0,-11.0,-1.0,77.0,15.0,41.0,25.0,-29.0
6764,6.0,-120.0,-80.0,-12.0,0.0,76.0,16.0,42.0,24.0,-28.0
6765,7.0,-121.0,-81.0,-11.0,1.0,75.0,15.0,43.0,25.0,-29.0
6766,8.0,-122.0,-80.0,-12.0,0.0,76.0,14.0,44.0,24.0,-30.0
6767,9.0,-121.0,-79.0,-11.0,-1.0,75.0,13.0,43.0,23.0,-29.0
6768,8.0,-120.0,-80.0,-10.0,-2.0,76.0,12.0,44.0,22.0,-28.0
6769,7.0,-119.0,-81.0,-11.0,-1.0,75.0,13.0,45.0,21.0,-27.0
6770,8.0,-120.0,-80.0,-12.0,0.0,76.0,12.0,46.0,20.0,-26.0
6771,9.0,-119.0,-81.0,-13.0,-1.0,77.0,13.0,47.0,19.0,-27.0
6772,10.0,-118.0,-80.0,-12.0,-2.0,76.0,12.0,46.0,20.0,-26.0
6773,11.0,-117.0,-81.0,-13.0,-3.0,77.0,13.0,47.0,19.0,-27.0
6774,10.0,-118.0,-82.0,-12.0,-2.0,78.0,12.0,46.0,18.0,-26.0
6775,9.0,-119.0,-83.0,-11.0,-1.0,79.0,11.0,45.0,17.0,-25.0
6776,10.0,-118.0,-82.0,-10.0,0.0,80.0,12.0,44.0,16.0,-26.0
6777,9.0,-119.0,-83.0,-9.0,1.0,81.0,11.0,43.0,15.0,-25.0
6778,8.0,-118.0,-84.0,-10.0,2.0,80.0,12.0,44.0,14.0,-24.0
6779,9.0,-119.0,-85.0,-9.0,1.0,79.0,13.0,43.0,13.0,-23.0
6780,10.0,-120.0,-86.0,-8.0,0.0,78.0,14.0,44.0,12.0,-22.0
6781,11.0,-119.0,-87.0,-9.0,1.0,79.0,13.0,43.0,13.0,-21.0
6782,12.0,-120.0,-86.0,-10.0,2.0,78.0,14.0,42.0,14.0,-22.0
6783,13.0,-119.0,-85.0,-11.0,1.0,77.0,15.0,43.0,15.0,-23.0
6784,14.0,-120.0,-84.0,-12.0,2.0,76.0,16.0,42.0,14.0,-22.0
6785,13.0,-121.0,-85.0,-13.0,3.0,77.0,17.0,43.0,13.0,-23.0
6786,14.0,-122.0,-84.0,-14.0,4.0,78.0,16.0,44.0,12.0,-22.0
6787,15.0,-123.0,-85.0,-13.0,3.0,77.0,17.0,43.0,11.0,-21.0
6788,14.0,-124.0,-84.0,-12.0,2.0,76.0,18.0,44.0,12.0,-22.0
6789,15.0,-125.0,-83.0,-13.0,3.0,77.0,17.0,45.0,11.0,-21.0
6790,16.0,-124.0,-84.0,-14.0,2.0,78.0,18.0,46.0,10.0,-22.0
6791,17.0,-123.0,-83.0,-13.0,3.0,79.0,19.0,47.0,11.0,-21.0
6792,18.0,-122.0,-82.0,-12.0,4.0,80.0,20.0,48.0,12.0,-20.0
6793,17.0,-123.0,-81.0,-11.0,3.0,79.0,21.0,49.0,11.0,-21.0
6794,16.0,-122.0,-80.0,-12.0,2.0,80.0,22.0,48.0,10.0,-20.0
6795,17.0,-123.0,-81.0,-11.0,3.0,79.0,23.0,49.0,9.0,-21.0
6796,18.0,-124.0,-82.0,-10.0,4.0,78.0,22.0,50.0,10.0,-22.0
6797,17.0,-123.0,-83.0,-9.0,3.0,79.0,21.0,51.0,9.0,-21.0
6798,16.0,-122.0,-84.0,-8.0,2.0,80.0,20.0,50.0,10.0,-22.0
6799,15.0,-123.0,-83.0,-7.0,1.0,79.0,21.0,51.0,9.0,-23.0
6800,16.0,-122.0,-84.0,-8.0,2.0,80.0,20.0,50.0,10.0,-22.0
6801,17.0,-121.0,-83.0,-7.0,3.0,81.0,21.0,51.0,11.0,-21.0
6802,16.0,-122.0,-84.0,-8.0,2.0,82.0,22.0,52.0,12.0,-20.0
6803,15.0,-121.0,-85.0,-9.0,3.0,81.0,21.0,53.0,11.0,-19.0
6804,16.0,-122.0,-84.0,-8.0,2.0,82.0,20.0,52.0,12.0,-20.0
6805,17.0,-121.0,-83.0,-7.0,3.0,83.0,21.0,53.0,13.0,-19.0
6806,18.0,-120.0,-84.0,-8.0,4.0,84.0,22.0,52.0,12.0,-18.0
6807,19.0,-119.0,-85.0,-9.0,3.0,85.0,23.0,53.0,11.0,-19.0
6808,18.0,-120.0,-86.0,-10.0,2.0,84.0,22.0,52.0,10.0,-20.0
6809,17.0,-121.0,-87.0,-9.0,3.0,85.0,21.0,51.0,9.0,-19.0
6810,16.0,-120.0,-88.0,-10.0,4.0,84.0,22.0,52.0,8.0,-18.0
6811,17.0,-119.0,-87.0,-9.0,5.0,85.0,23.0,53.0,9.0,-17.0
6812,18.0,-118.0,-86.0,-8.0,6.0,86.0,24.0,54.0,10.0,-16.0
6813,19.0,-117.0,-85.0,-9.0,5.0,85.0,25.0,55.0,11.0,-17.0
6814,20.0,-118.0,-84.0,-10.0,6.0,84.0,26.0,54.0,12.0,-18.0
6815,19.0,-119.0,-83.0,-9.0,5.0,83.0,25.0,55.0,13.0,-19.0
6816,18.0,-118.0,-84.0,-8.0,6.0,82.0,26.0,54.0,12.0,-18.0
6817,17.0,-117.0,-83.0,-9.0,7.0,83.0,25.0,55.0,13.0,-19.0
6818,16.0,-116.0,-84.0,-8.0,6.0,84.0,26.0,54.0,14.0,-20.0
6819,15.0,-117.0,-83.0,-7.0,7.0,83.0,25.0,53.0,15.0,-19.0
6820,14.0,-116.0,-82.0,-8.0,8.0,84.0,24.0,54.0,16.0,-20.0
6821,15.0,-117.0,-81.0,-9.0,9.0,83.0,25.0,53.0,17.0,-21.0
6822,16.0,-116.0,-80.0,-8.0,10.0,84.0,24.0,52.0,16.0,-22.0
6823,15.0,-117.0,-81.0,-9.0,9.0,85.0,25.0,53.0,17.0,-21.0
6824,14.0,-116.0,-80.0,-10.0,10.0,86.0,24.0,54.0,18.0,-22.0
6825,15.0,-115.0,-79.0,-9.0,9.0,85.0,23.0,53.0,19.0,-21.0
6826,16.0,-114.0,-78.0,-8.0,8.0,84.0,22.0,52.0,18.0,-20.0
6827,15.0,-113.0,-79.0,-7.0,7.0,83.0,23.0,51.0,19.0,-21.0
6828,14.0,-112.0,-78.0,-8.0,8.0,84.0,22.0,50.0,20.0,-22.0
6829,13.0,-113.0,-79.0,-9.0,7.0,85.0,23.0,51.0,21.0,-21.0
6830,14.0,-112.0,-78.0,-8.0,8.0,86.0,24.0,52.0,22.0,-20.0
6831,13.0,-111.0,-77.0,-9.0,7.0,87.0,25.0,51.0,21.0,-19.0
6832,14.0,-112.0,-78.0,-8.0,6.0,86.0,26.0,50.0,20.0,-18.0
6833,15.0,-111.0,-77.0,-7.0,7.0,87.0,27.0,51.0,21.0,-17.0
6834,16.0,-112.0,-76.0,-8.0,8.0,88.0,26.0,52.0,20.0,-16.0
6835,15.0,-113.0,-75.0,-7.0,9.0,87.0,25.0,51.0,21.0,-15.0
6836,14.0,-112.0,-74.0,-8.0,10.0,88.0,24.0,52.0,22.0,-16.0
6837,15.0,-111.0,-73.0,-9.0,9.0,87.0,23.0,53.0,23.0,-15.0
6838,16.0,-110.0,-72.0,-8.0,10.0,88.0,24.0,54.0,24.0,-14.0
6839,15.0,-109.0,-71.0,-9.0,9.0,89.0,23.0,53.0,25.0,-13.0
6840,16.0,-108.0,-70.0,-10.0,8.0,88.0,24.0,54.0,26.0,-14.0
6841,17.0,-107.0,-71.0,-11.0,7.0,89.0,25.0,53.0,25.0,-15.0
6842,18.0,-108.0,-70.0,-12.0,8.0,88.0,26.0,52.0,26.0,-16.0
6843,19.0,-109.0,-71.0,-11.0,9.0,87.0,27.0,53.0,25.0,-17.0
6844,18.0,-110.0,-72.0,-12.0,8.0,88.0,28.0,54.0,26.0,-16.0
6845,17.0,-111.0,-73.0,-13.0,9.0,89.0,29.0,55.0,25.0,-17.0
6846,16.0,-110.0,-74.0,-14.0,10.0,88.0,30.0,56.0,24.0,-16.0
6847,15.0,-111.0,-75.0,-13.0,11.0,89.0,29.0,55.0,23.0,-15.0
6848,16.0,-110.0,-74.0,-12.0,12.0,90.0,30.0,54.0,22.0,-16.0
6849,15.0,-109.0,-75.0,-11.0,13.0,89.0,31.0,53.0,23.0,-15.0
6850,14.0,-108.0,-76.0,-10.0,12.0,90.0,30.0,54.0,22.0,-14.0
6851,13.0,-107.0,-75.0,-11.0,11.0,91.0,29.0,53.0,23.0,-13.0
6852,14.0,-106.0,-74.0,-10.0,12.0,90.0,28.0,52.0,22.0,-14.0
6853,15.0,-105.0,-75.0,-11.0,11.0,91.0,29.0,51.0,21.0,-15.0
6854,16.0,-106.0,-74.0,-12.0,12.0,90.0,30.0,50.0,22.0,-16.0
6855,17.0,-105.0,-75.0,-13.0,13.0,91.0,29.0,49.0,23.0,-15.0
6856,16.0,-106.0,-74.0,-12.0,14.0,90.0,28.0,50.0,24.0,-14.0
6857,15.0,-107.0,-73.0,-11.0,15.0,89.0,27.0,49.0,25.0,-13.0
6858,14.0,-108.0,-74.0,-12.0,14.0,88.0,26.0,48.0,24.0,-14.0
6859,13.0,-107.0,-75.0,-13.0,15.0,87.0,27.0,49.0,23.0,-13.0
6860,12.0,-106.0,-76.0,-12.0,14.0,88.0,26.0,50.0,22.0,-12.0
6861,11.0,-105.0,-75.0,-13.0,15.0,89.0,25.0,49.0,23.0,-13.0
6862,12.0,-106.0,-74.0,-14.0,16.0,88.0,26.0,48.0,24.0,-14.0
6863,11.0,-107.0,-73.0,-13.0,17.0,87.0,25.0,49.0,25.0,-13.0
6864,12.0,-108.0,-72.0,-12.0,16.0,88.0,26.0,48.0,26.0,-12.0
6865,11.0,-109.0,-73.0,-13.0,15.0,87.0,25.0,47.0,25.0,-13.0
6866,10.0,-110.0,-72.0,-12.0,16.0,86.0,24.0,48.0,26.0,-12.0
6867,9.0,-109.0,-71.0,-13.0,17.0,87.0,23.0,49.0,27.0,-13.0
6868,8.0,-108.0,-70.0,-14.0,18.0,88.0,22.0,48.0,28.0,-14.0
6869,9.0,-109.0,-69.0,-15.0,19.0,87.0,23.0,47.0,29.0,-15.0
6870,8.0,-108.0,-68.0,-16.0,20.0,88.0,22.0,46.0,30.0,-16.0
6871,9.0,-109.0,-69.0,-15.0,19.0,87.0,23.0,45.0,29.0,-15.0
6872,8.0,-110.0,-70.0,-16.0,20.0,88.0,24.0,46.0,30.0,-16.0
6873,9.0,-109.0,-69.0,-15.0,21.0,89.0,25.0,47.0,31.0,-15.0
6874,8.0,-110.0,-70.0,-14.0,22.0,90.0,24.0,46.0,30.0,-16.0
6875,9.0,-111.0,-69.0,-15.0,23.0,89.0,25.0,45.0,31.0,-17.0
6876,8.0,-112.0,-70.0,-16.0,22.0,88.0,26.0,46.0,32.0,-16.0
6877,7.0,-113.0,-71.0,-17.0,21.0,87.0,25.0,45.0,31.0,-17.0
6878,8.0,-114.0,-70.0,-18.0,22.0,86.0,26.0,46.0,30.0,-16.0
6879,7.0,-113.0,-71.0,-17.0,23.0,85.0,27.0,45.0,31.0,-15.0
6880,8.0,-112.0,-70.0,-16.0,22.0,84.0,26.0,44.0,32.0,-14.0
6881,7.0,-111.0,-69.0,-17.0,21.0,85.0,27.0,43.0,31.0,-13.0
6882,6.0,-112.0,-70.0,-18.0,20.0,84.0,26.0,44.0,32.0,-12.0
6883,7.0,-111.0,-69.0,-17.0,21.0,83.0,25.0,43.0,31.0,-13.0
6884,8.0,-110.0,-70.0,-18.0,22.0,84.0,24.0,42.0,30.0,-12.0
6885,9.0,-111.0,-71.0,-17.0,23.0,83.0,23.0,43.0,31.0,-13.0
6886,10.0,-112.0,-70.0,-18.0,24.0,82.0,24.0,42.0,32.0,-14.0
6887,9.0,-113.0,-71.0,-17.0,25.0,83.0,23.0,41.0,31.0,-13.0
6888,8.0,-114.0,-70.0,-16.0,24.0,82.0,24.0,42.0,30.0,-14.0
6889,9.0,-115.0,-71.0,-15.0,25.0,81.0,23.0,43.0,31.0,-15.0
6890,8.0,-114.0,-72.0,-16.0,26.0,80.0,22.0,44.0,30.0,-16.0
6891,9.0,-115.0,-71.0,-15.0,25.0,81.0,21.0,43.0,31.0,-17.0
6892,8.0,-114.0,-70.0,-16.0,24.0,82.0,20.0,42.0,32.0,-16.0
6893,9.0,-113.0,-69.0,-15.0,25.0,83.0,21.0,41.0,31.0,-17.0
6894,8.0,-114.0,-70.0,-16.0,24.0,84.0,22.0,42.0,32.0,-16.0
6895,7.0,-115.0,-69.0,-15.0,25.0,83.0,21.0,41.0,33.0,-15.0
6896,6.0,-116.0,-70.0,-14.0,26.0,84.0,22.0,40.0,32.0,-16.0
6897,5.0,-117.0,-71.0,-15.0,25.0,83.0,21.0,41.0,33.0,-15.0
6898,4.0,-118.0,-72.0,-16.0,24.0,82.0,20.0,40.0,32.0,-14.0
6899,5.0,-117.0,-71.0,-15.0,25.0,83.0,21.0,41.0,33.0,-13.0
6900,4.0,-118.0,-72.0,-16.0,24.0,82.0,20.0,40.0,32.0,-14.0
6901,3.0,-119.0,-71.0,-15.0,23.0,81.0,21.0,41.0,33.0,-15.0
6902,2.0,-120.0,-70.0,-14.0,24.0,80.0,20.0,42.0,34.0,-14.0
6903,3.0,-119.0,-69.0,-15.0,23.0,79.0,21.0,43.0,35.0,-15.0
6904,2.0,-118.0,-70.0,-14.0,22.0,78.0,22.0,42.0,36.0,-16.0
6905,3.0,-119.0,-69.0,-13.0,21.0,79.0,23.0,41.0,37.0,-15.0
6906,4.0,-118.0,-68.0,-12.0,22.0,80.0,24.0,42.0,38.0,-14.0
6907,3.0,-119.0,-69.0,-13.0,21.0,79.0,23.0,41.0,37.0,-15.0
6908,2.0,-118.0,-68.0,-14.0,22.0,80.0,22.0,42.0,38.0,-16.0
6909,3.0,-117.0,-67.0,-13.0,23.0,81.0,21.0,41.0,37.0,-17.0
6910,2.0,-116.0,-68.0,-12.0,24.0,80.0,22.0,40.0,38.0,-16.0
6911,3.0,-115.0,-67.0,-11.0,25.0,81.0,23.0,41.0,39.0,-15.0
6912,4.0,-116.0,-66.0,-10.0,24.0,82.0,24.0,40.0,40.0,-16.0
6913,5.0,-117.0,-67.0,-9.0,25.0,81.0,25.0,41.0,39.0,-17.0
6914,4.0,-118.0,-66.0,-8.0,26.0,80.0,24.0,40.0,40.0,-16.0
6915,3.0,-117.0,-67.0,-9.0,27.0,79.0,25.0,41.0,39.0,-15.0
6916,4.0,-118.0,-66.0,-10.0,26.0,80.0,24.0,42.0,40.0,-16.0
6917,5.0,-119.0,-67.0,-9.0,25.0,79.0,25.0,43.0,39.0,-15.0
6918,4.0,-118.0,-66.0,-10.0,26.0,80.0,24.0,42.0,40.0,-16.0
6919,3.0,-117.0,-65.0,-11.0,25.0,81.0,25.0,41.0,39.0,-15.0
6920,2.0,-118.0,-66.0,-12.0,24.0,80.0,24.0,40.0,38.0,-16.0
6921,1.0,-117.0,-67.0,-13.0,25.0,79.0,25.0,41.0,37.0,-15.0
6922,0.0,-118.0,-68.0,-14.0,24.0,78.0,24.0,42.0,38.0,-14.0
6923,-1.0,-119.0,-69.0,-15.0,25.0,79.0,25.0,43.0,37.0,-15.0
6924,0.0,-118.0,-68.0,-14.0,26.0,80.0,26.0,42.0,36.0,-16.0
6925,1.0,-117.0,-69.0,-15.0,25.0,81.0,27.0,43.0,35.0,-17.0
6926,2.0,-116.0,-68.0,-16.0,24.0,80.0,26.0,44.0,36.0,-16.0
6927,3.0,-115.0,-67.0,-15.0,25.0,81.0,27.0,45.0,37.0,-15.0
6928,4.0,-114.0,-66.0,-14.0,26.0,82.0,28.0,46.0,38.0,-14.0
6929,5.0,-113.0,-67.0,-15.0,27.0,83.0,27.0,45.0,39.0,-13.0
6930,4.0,-114.0,-68.0,-16.0,26.0,82.0,28.0,46.0,40.0,-12.0
6931,5.0,-113.0,-67.0,-15.0,25.0,81.0,27.0,45.0,41.0,-11.0
6932,4.0,-114.0,-68.0,-14.0,26.0,82.0,26.0,44.0,40.0,-10.0
6933,3.0,-113.0,-69.0,-13.0,25.0,83.0,25.0,45.0,41.0,-11.0
6934,2.0,-114.0,-70.0,-14.0,24.0,82.0,24.0,44.0,40.0,-12.0
6935,1.0,-113.0,-71.0,-13.0,23.0,81.0,25.0,43.0,41.0,-13.0
6936,2.0,-114.0,-70.0,-14.0,22.0,82.0,24.0,44.0,42.0,-14.0
6937,1.0,-115.0,-71.0,-15.0,21.0,81.0,23.0,43.0,41.0,-15.0
6938,2.0,-114.0,-72.0,-16.0,22.0,82.0,24.0,42.0,40.0,-14.0
6939,3.0,-115.0,-71.0,-15.0,21.0,83.0,23.0,41.0,41.0,-15.0
6940,2.0,-116.0,-72.0,-16.0,20.0,82.0,22.0,40.0,40.0,-16.0
6941,3.0,-115.0,-71.0,-15.0,21.0,83.0,23.0,41.0,41.0,-15.0
6942,4.0,-114.0,-70.0,-14.0,22.0,84.0,24.0,42.0,42.0,-14.0
6943,3.0,-113.0,-69.0,-15.0,23.0,85.0,23.0,43.0,43.0,-15.0
6944,4.0,-112.0,-70.0,-16.0,24.0,86.0,22.0,42.0,42.0,-14.0
6945,5.0,-111.0,-69.0,-15.0,23.0,85.0,21.0,41.0,43.0,-13.0
6946,4.0,-110.0,-68.0,-16.0,24.0,86.0,20.0,40.0,44.0,-14.0
6947,5.0,-109.0,-67.0,-15.0,25.0,87.0,21.0,41.0,45.0,-13.0
6948,4.0,-108.0,-66.0,-16.0,26.0,88.0,20.0,42.0,46.0,-14.0
6949,3.0,-107.0,-67.0,-15.0,25.0,89.0,19.0,41.0,47.0,-15.0
6950,4.0,-108.0,-68.0,-14.0,26.0,88.0,18.0,42.0,48.0,-16.0
6951,5.0,-107.0,-69.0,-15.0,27.0,89.0,17.0,41.0,49.0,-15.0
6952,6.0,-108.0,-70.0,-14.0,28.0,88.0,18.0,42.0,48.0,-16.0
6953,7.0,-107.0,-69.0,-15.0,27.0,87.0,17.0,43.0,49.0,-15.0
6954,8.0,-108.0,-70.0,-14.0,28.0,86.0,16.0,44.0,50.0,-16.0
6955,9.0,-107.0,-71.0,-15.0,27.0,87.0,17.0,45.0,49.0,-17.0
6956,10.0,-108.0,-70.0,-16.0,28.0,86.0,18.0,44.0,50.0,-18.0
6957,9.0,-107.0,-71.0,-15.0,29.0,85.0,19.0,43.0,49.0,-17.0
6958,8.0,-108.0,-72.0,-16.0,28.0,84.0,18.0,42.0,48.0,-18.0
6959,9.0,-109.0,-71.0,-17.0,29.0,83.0,19.0,41.0,47.0,-17.0
6960,8.0,-110.0,-72.0,-18.0,28.0,84.0,20.0,42.0,48.0,-16.0
6961,9.0,-111.0,-71.0,-19.0,27.0,85.0,19.0,43.0,47.0,-17.0
6962,8.0,-112.0,-72.0,-18.0,28.0,86.0,20.0,42.0,46.0,-18.0
6963,9.0,-113.0,-73.0,-17.0,29.0,85.0,19.0,43.0,47.0,-19.0
6964,8.0,-112.0,-74.0,-16.0,28.0,86.0,18.0,44.0,46.0,-18.0
6965,9.0,-111.0,-75.0,-17.0,27.0,87.0,19.0,43.0,45.0,-19.0
6966,8.0,-110.0,-76.0,-16.0,26.0,88.0,18.0,44.0,44.0,-18.0
6967,9.0,-111.0,-77.0,-15.0,25.0,87.0,19.0,45.0,43.0,-17.0
6968,8.0,-112.0,-76.0,-14.0,24.0,86.0,18.0,46.0,44.0,-18.0
6969,7.0,-113.0,-77.0,-15.0,23.0,87.0,19.0,47.0,45.0,-17.0
6970,6.0,-114.0,-78.0,-16.0,22.0,88.0,20.0,48.0,46.0,-16.0
6971,7.0,-113.0,-77.0,-15.0,23.0,87.0,19.0,47.0,45.0,-17.0
6972,8.0,-112.0,-76.0,-14.0,24.0,86.0,18.0,46.0,44.0,-18.0
6973,7.0,-111.0,-77.0,-13.0,23.0,87.0,19.0,45.0,45.0,-19.0
6974,6.0,-110.0,-76.0,-14.0,22.0,88.0,18.0,44.0,46.0,-18.0
6975,5.0,-109.0,-77.0,-13.0,21.0,89.0,17.0,43.0,47.0,-19.0
6976,6.0,-110.0,-76.0,-14.0,22.0,90.0,16.0,44.0,46.0,-18.0
6977,7.0,-109.0,-75.0,-13.0,23.0,91.0,17.0,45.0,47.0,-17.0
6978,6.0,-108.0,-74.0,-14.0,22.0,92.0,18.0,44.0,46.0,-16.0
6979,7.0,-109.0,-75.0,-13.0,23.0,91.0,19.0,45.0,45.0,-17.0
6980,6.0,-108.0,-76.0,-12.0,22.0,90.0,20.0,44.0,46.0,-18.0
6981,7.0,-109.0,-77.0,-11.0,23.0,89.0,21.0,45.0,45.0,-19.0
6982,6.0,-108.0,-76.0,-12.0,24.0,90.0,20.0,46.0,46.0,-20.0
6983,5.0,-109.0,-77.0,-13.0,23.0,89.0,19.0,45.0,45.0,-21.0
6984,6.0,-110.0,-78.0,-12.0,24.0,88.0,20.0,46.0,44.0,-22.0
6985,7.0,-111.0,-79.0,-11.0,25.0,87.0,19.0,47.0,43.0,-23.0
6986,6.0,-112.0,-78.0,-10.0,26.0,86.0,18.0,48.0,44.0,-22.0
6987,5.0,-113.0,-79.0,-9.0,27.0,87.0,19.0,47.0,43.0,-23.0
6988,6.0,-112.0,-80.0,-10.0,26.0,88.0,20.0,48.0,42.0,-24.0
6989,7.0,-111.0,-79.0,-9.0,27.0,89.0,21.0,49.0,43.0,-23.0
6990,8.0,-110.0,-78.0,-8.0,28.0,90.0,20.0,48.0,42.0,-24.0
6991,7.0,-111.0,-77.0,-7.0,27.0,89.0,21.0,49.0,43.0,-25.0
6992,8.0,-112.0,-76.0,-8.0,28.0,90.0,20.0,50.0,42.0,-24.0
6993,9.0,-111.0,-75.0,-7.0,29.0,89.0,19.0,49.0,41.0,-25.0
6994,10.0,-110.0,-76.0,-8.0,30.0,90.0,20.0,48.0,40.0,-24.0
6995,11.0,-109.0,-75.0,-7.0,31.0,91.0,21.0,49.0,41.0,-23.0
6996,10.0,-108.0,-74.0,-8.0,30.0,92.0,22.0,48.0,40.0,-22.0
6997,9.0,-107.0,-73.0,-9.0,31.0,93.0,21.0,49.0,41.0,-23.0
6998,8.0,-108.0,-72.0,-8.0,30.0,92.0,20.0,50.0,42.0,-24.0
6999,9.0,-107.0,-71.0,-7.0,31.0,91.0,19.0,49.0,41.0,-25.0
7000,8.0,-106.0,-72.0,-8.0,32.0,90.0,18.0,50.0,40.0,-26.0
7001,7.0,-107.0,-73.0,-9.0,31.0,89.0,17.0,51.0,41.0,-25.0
7002,8.0,-108.0,-72.0,-10.0,30.0,90.0,16.0,52.0,40.0,-26.0
7003,9.0,-109.0,-73.0,-9.0,29.0,89.0,17.0,51.0,39.0,-25.0
7004,10.0,-110.0,-74.0,-8.0,30.0,88.0,16.0,52.0,40.0,-26.0
7005,11.0,-111.0,-75.0,-7.0,31.0,87.0,15.0,53.0,41.0,-27.0
7006,12.0,-112.0,-76.0,-6.0,32.0,86.0,14.0,54.0,42.0,-28.0
7007,13.0,-111.0,-75.0,-5.0,31.0,85.0,13.0,53.0,41.0,-27.0
7008,12.0,-110.0,-76.0,-4.0,30.0,86.0,12.0,52.0,42.0,-28.0
7009,11.0,-109.0,-77.0,-5.0,31.0,85.0,13.0,53.0,41.0,-27.0
7010,12.0,-110.0,-76.0,-4.0,30.0,86.0,12.0,52.0,42.0,-28.0
7011,11.0,-109.0,-77.0,-5.0,31.0,85.0,11.0,53.0,41.0,-29.0
7012,10.0,-108.0,-78.0,-4.0,30.0,86.0,10.0,52.0,42.0,-30.0
7013,9.0,-109.0,-79.0,-3.0,31.0,87.0,9.0,51.0,41.0,-31.0
7014,10.0,-110.0,-78.0,-2.0,30.0,88.0,10.0,50.0,42.0,-32.0
7015,9.0,-111.0,-77.0,-1.0,31.0,87.0,9.0,51.0,43.0,-31.0
7016,10.0,-112.0,-76.0,0.0,30.0,88.0,10.0,50.0,44.0,-30.0
7017,11.0,-113.0,-77.0,1.0,31.0,87.0,11.0,51.0,43.0,-31.0
7018,12.0,-114.0,-78.0,2.0,30.0,86.0,12.0,52.0,42.0,-30.0
7019,13.0,-115.0,-79.0,3.0,31.0,85.0,11.0,53.0,43.0,-31.0
7020,14.0,-114.0,-78.0,4.0,32.0,86.0,12.0,54.0,42.0,-32.0
7021,15.0,-115.0,-77.0,5.0,31.0,87.0,13.0,53.0,43.0,-31.0
7022,16.0,-116.0,-78.0,6.0,32.0,86.0,12.0,54.0,44.0,-32.0
7023,15.0,-115.0,-77.0,5.0,31.0,87.0,11.0,53.0,45.0,-31.0
7024,16.0,-116.0,-76.0,6.0,30.0,88.0,10.0,52.0,46.0,-32.0
7025,17.0,-115.0,-77.0,5.0,31.0,89.0,9.0,51.0,47.0,-31.0
7026,18.0,-116.0,-78.0,6.0,30.0,88.0,10.0,50.0,46.0,-30.0
7027,19.0,-117.0,-77.0,5.0,31.0,87.0,11.0,49.0,47.0,-31.0
7028,20.0,-118.0,-78.0,6.0,30.0,86.0,12.0,48.0,46.0,-30.0
7029,21.0,-119.0,-77.0,5.0,31.0,87.0,11.0,49.0,45.0,-29.0
7030,22.0,-120.0,-78.0,6.0,32.0,86.0,12.0,50.0,44.0,-30.0
7031,21.0,-121.0,-77.0,7.0,31.0,85.0,11.0,51.0,45.0,-31.0
7032,22.0,-122.0,-78.0,8.0,32.0,84.0,10.0,52.0,46.0,-32.0
7033,23.0,-121.0,-77.0,7.0,31.0,83.0,9.0,53.0,47.0,-31.0
7034,22.0,-122.0,-78.0,8.0,32.0,84.0,10.0,52.0,46.0,-32.0
7035,23.0,-121.0,-77.0,9.0,33.0,85.0,11.0,53.0,47.0,-33.0
7036,24.0,-120.0,-76.0,10.0,34.0,86.0,12.0,54.0,48.0,-32.0
7037,25.0,-119.0,-75.0,9.0,33.0,85.0,13.0,55.0,49.0,-31.0
7038,24.0,-118.0,-74.0,8.0,32.0,86.0,14.0,54.0,48.0,-30.0
7039,25.0,-117.0,-75.0,7.0,31.0,87.0,15.0,55.0,47.0,-31.0
7040,24.0,-118.0,-76.0,6.0,32.0,88.0,16.0,56.0,48.0,-32.0
7041,25.0,-117.0,-77.0,5.0,31.0,89.0,17.0,57.0,47.0,-33.0
7042,26.0,-118.0,-78.0,6.0,32.0,88.0,18.0,58.0,46.0,-34.0
7043,27.0,-117.0,-79.0,5.0,31.0,89.0,19.0,59.0,45.0,-35.0
7044,28.0,-118.0,-78.0,4.0,32.0,90.0,18.0,60.0,44.0,-34.0
7045,27.0,-117.0,-79.0,5.0,31.0,91.0,17.0,61.0,43.0,-33.0
7046,28.0,-118.0,-78.0,4.0,32.0,90.0,18.0,60.0,42.0,-32.0
7047,27.0,-117.0,-79.0,5.0,31.0,91.0,19.0,59.0,43.0,-33.0
7048,28.0,-116.0,-80.0,4.0,32.0,92.0,18.0,58.0,44.0,-32.0
7049,29.0,-115.0,-79.0,5.0,33.0,91.0,17.0,57.0,43.0,-33.0
7050,30.0,-114.0,-80.0,4.0,32.0,92.0,18.0,56.0,42.0,-34.0
7051,31.0,-113.0,-79.0,5.0,31.0,91.0,17.0,55.0,43.0,-33.0
7052,32.0,-114.0,-78.0,4.0,32.0,90.0,18.0,54.0,44.0,-34.0
7053,33.0,-115.0,-79.0,5.0,33.0,89.0,17.0,55.0,45.0,-35.0
7054,34.0,-116.0,-80.0,6.0,34.0,88.0,16.0,56.0,46.0,-36.0
7055,35.0,-115.0,-79.0,7.0,33.0,87.0,15.0,55.0,45.0,-35.0
7056,34.0,-116.0,-80.0,6.0,32.0,86.0,14.0,54.0,44.0,-36.0
7057,33.0,-117.0,-81.0,5.0,31.0,85.0,13.0,53.0,43.0,-35.0
7058,34.0,-118.0,-80.0,4.0,30.0,86.0,12.0,54.0,44.0,-36.0
7059,35.0,-119.0,-79.0,3.0,31.0,87.0,11.0,55.0,43.0,-35.0
7060,34.0,-120.0,-80.0,2.0,30.0,86.0,12.0,56.0,44.0,-34.0
7061,33.0,-119.0,-81.0,3.0,29.0,87.0,11.0,57.0,43.0,-33.0
7062,32.0,-118.0,-82.0,4.0,30.0,86.0,12.0,56.0,44.0,-32.0
7063,33.0,-119.0,-81.0,3.0,31.0,85.0,13.0,55.0,45.0,-33.0
7064,32.0,-120.0,-82.0,2.0,30.0,86.0,14.0,56.0,46.0,-32.0
7065,33.0,-121.0,-83.0,3.0,31.0,85.0,15.0,57.0,45.0,-33.0
7066,32.0,-120.0,-82.0,2.0,30.0,86.0,16.0,56.0,44.0,-32.0
7067,33.0,-119.0,-83.0,1.0,29.0,87.0,17.0,55.0,43.0,-33.0
7068,32.0,-118.0,-84.0,2.0,28.0,88.0,16.0,56.0,42.0,-32.0
7069,31.0,-119.0,-83.0,3.0,27.0,87.0,15.0,57.0,43.0,-33.0
7070,30.0,-118.0,-84.0,4.0,26.0,88.0,14.0,56.0,44.0,-34.0
7071,31.0,-117.0,-83.0,3.0,25.0,87.0,13.0,57.0,45.0,-33.0
7072,32.0,-116.0,-82.0,4.0,26.0,86.0,12.0,56.0,44.0,-34.0
7073,31.0,-117.0,-83.0,5.0,27.0,87.0,11.0,55.0,43.0,-35.0
7074,32.0,-116.0,-84.0,4.0,28.0,88.0,10.0,54.0,44.0,-34.0
7075,31.0,-115.0,-85.0,5.0,27.0,89.0,9.0,55.0,43.0,-35.0
7076,32.0,-114.0,-84.0,6.0,28.0,88.0,8.0,54.0,42.0,-36.0
7077,33.0,-115.0,-83.0,7.0,27.0,89.0,9.0,53.0,43.0,-35.0
7078,34.0,-114.0,-82.0,6.0,26.0,88.0,10.0,54.0,44.0,-36.0
7079,33.0,-113.0,-83.0,7.0,27.0,87.0,11.0,53.0,45.0,-35.0
7080,34.0,-112.0,-84.0,6.0,26.0,88.0,12.0,54.0,44.0,-36.0
7081,33.0,-111.0,-85.0,5.0,27.0,87.0,13.0,55.0,43.0,-35.0
7082,34.0,-110.0,-84.0,4.0,26.0,86.0,12.0,56.0,44.0,-34.0
7083,35.0,-111.0,-83.0,3.0,25.0,87.0,11.0,57.0,45.0,-35.0
7084,36.0,-112.0,-82.0,2.0,26.0,86.0,12.0,56.0,46.0,-36.0
7085,37.0,-113.0,-81.0,1.0,27.0,85.0,13.0,55.0,47.0,-37.0
7086,38.0,-114.0,-82.0,2.0,26.0,84.0,14.0,56.0,46.0,-36.0
7087,37.0,-113.0,-81.0,1.0,25.0,85.0,13.0,55.0,47.0,-35.0
7088,36.0,-114.0,-82.0,0.0,24.0,84.0,12.0,54.0,46.0,-36.0
7089,35.0,-115.0,-83.0,1.0,25.0,85.0,11.0,53.0,45.0,-35.0
7090,36.0,-114.0,-82.0,2.0,26.0,86.0,10.0,52.0,44.0,-36.0
7091,37.0,-115.0,-83.0,3.0,27.0,85.0,9.0,53.0,45.0,-37.0
7092,36.0,-116.0,-84.0,2.0,26.0,84.0,8.0,52.0,44.0,-38.0
7093,35.0,-117.0,-83.0,3.0,25.0,83.0,7.0,53.0,45.0,-39.0
7094,34.0,-118.0,-82.0,4.0,26.0,82.0,6.0,52.0,46.0,-38.0
7095,33.0,-117.0,-83.0,3.0,27.0,81.0,7.0,53.0,45.0,-37.0
7096,32.0,-116.0,-84.0,4.0,26.0,82.0,6.0,52.0,46.0,-38.0
7097,31.0,-115.0,-85.0,3.0,27.0,81.0,7.0,53.0,45.0,-37.0
7098,32.0,-116.0,-84.0,2.0,28.0,82.0,6.0,54.0,44.0,-36.0
7099,33.0,-115.0,-83.0,3.0,27.0,81.0,5.0,53.0,45.0,-35.0
7100,32.0,-114.0,-84.0,4.0,26.0,82.0,4.0,54.0,46.0,-36.0
7101,31.0,-113.0,-85.0,5.0,25.0,81.0,5.0,53.0,47.0,-37.0
7102,32.0,-114.0,-84.0,4.0,26.0,80.0,6.0,52.0,46.0,-36.0
7103,31.0,-113.0,-85.0,5.0,25.0,81.0,5.0,53.0,45.0,-35.0
7104,30.0,-112.0,-86.0,6.0,24.0,82.0,4.0,54.0,44.0,-34.0
7105,31.0,-113.0,-85.0,7.0,23.0,83.0,5.0,53.0,45.0,-35.0
7106,30.0,-112.0,-86.0,8.0,22.0,84.0,4.0,54.0,44.0,-34.0
7107,31.0,-111.0,-85.0,9.0,23.0,85.0,5.0,55.0,45.0,-33.0
7108,32.0,-112.0,-84.0,10.0,22.0,86.0,6.0,54.0,46.0,-32.0
7109,31.0,-111.0,-83.0,9.0,23.0,87.0,5.0,55.0,47.0,-33.0
7110,30.0,-112.0,-82.0,10.0,22.0,86.0,4.0,56.0,48.0,-34.0
7111,29.0,-113.0,-81.0,11.0,21.0,85.0,5.0,57.0,49.0,-35.0
7112,28.0,-112.0,-82.0,12.0,20.0,84.0,6.0,56.0,50.0,-36.0
7113,27.0,-113.0,-83.0,13.0,21.0,85.0,7.0,55.0,49.0,-37.0
7114,28.0,-112.0,-82.0,14.0,22.0,86.0,8.0,54.0,48.0,-38.0
7115,27.0,-113.0,-83.0,13.0,21.0,85.0,7.0,53.0,47.0,-37.0
7116,26.0,-112.0,-82.0,12.0,22.0,86.0,6.0,54.0,48.0,-38.0
7117,25.0,-113.0,-81.0,13.0,21.0,85.0,7.0,55.0,47.0,-39.0
7118,26.0,-114.0,-80.0,12.0,22.0,84.0,8.0,54.0,48.0,-40.0
7119,25.0,-115.0,-81.0,11.0,21.0,83.0,7.0,53.0,49.0,-39.0
7120,24.0,-116.0,-82.0,12.0,22.0,84.0,6.0,52.0,48.0,-40.0
7121,25.0,-115.0,-81.0,11.0,21.0,83.0,7.0,53.0,49.0,-41.0
7122,26.0,-114.0,-80.0,12.0,20.0,82.0,6.0,52.0,48.0,-40.0
7123,27.0,-113.0,-79.0,13.0,21.0,83.0,7.0,51.0,47.0,-41.0
7124,26.0,-114.0,-80.0,12.0,20.0,82.0,6.0,50.0,46.0,-42.0
7125,27.0,-113.0,-81.0,11.0,19.0,83.0,7.0,51.0,45.0,-43.0
7126,26.0,-114.0,-82.0,10.0,18.0,82.0,6.0,50.0,44.0,-44.0
7127,25.0,-115.0,-83.0,11.0,19.0,83.0,7.0,49.0,43.0,-45.0
7128,24.0,-116.0,-84.0,10.0,18.0,82.0,6.0,48.0,42.0,-46.0
7129,25.0,-117.0,-83.0,9.0,17.0,83.0,5.0,49.0,43.0,-47.0
7130,26.0,-118.0,-84.0,10.0,16.0,82.0,6.0,48.0,42.0,-46.0
7131,25.0,-119.0,-85.0,11.0,17.0,83.0,7.0,47.0,41.0,-47.0
7132,26.0,-118.0,-86.0,10.0,18.0,84.0,6.0,46.0,42.0,-46.0
7133,27.0,-117.0,-85.0,11.0,19.0,85.0,7.0,47.0,41.0,-47.0
7134,26.0,-116.0,-84.0,10.0,18.0,86.0,8.0,46.0,40.0,-46.0
7135,25.0,-115.0,-85.0,11.0,17.0,85.0,9.0,45.0,41.0,-47.0
7136,24.0,-114.0,-84.0,10.0,18.0,86.0,8.0,44.0,42.0,-48.0
7137,23.0,-115.0,-85.0,11.0,19.0,87.0,7.0,43.0,41.0,-47.0
7138,22.0,-114.0,-84.0,10.0,18.0,88.0,8.0,42.0,40.0,-46.0
7139,21.0,-115.0,-85.0,11.0,19.0,89.0,7.0,41.0,39.0,-45.0
7140,20.0,-116.0,-86.0,10.0,20.0,90.0,8.0,42.0,40.0,-46.0
7141,21.0,-115.0,-85.0,9.0,19.0,89.0,9.0,43.0,41.0,-47.0
7142,20.0,-114.0,-84.0,8.0,18.0,90.0,10.0,42.0,42.0,-46.0
7143,19.0,-113.0,-85.0,9.0,17.0,91.0,9.0,43.0,41.0,-45.0
7144,18.0,-112.0,-86.0,10.0,16.0,92.0,8.0,44.0,40.0,-44.0
7145,17.0,-111.0,-87.0,9.0,17.0,91.0,7.0,45.0,39.0,-43.0
7146,16.0,-110.0,-88.0,8.0,18.0,90.0,6.0,46.0,38.0,-42.0
7147,17.0,-111.0,-89.0,9.0,19.0,89.0,5.0,47.0,37.0,-43.0
7148,18.0,-112.0,-88.0,8.0,20.0,88.0,6.0,46.0,38.0,-44.0
7149,17.0,-111.0,-89.0,9.0,19.0,89.0,5.0,45.0,39.0,-45.0
7150,16.0,-110.0,-90.0,10.0,18.0,90.0,4.0,46.0,40.0,-46.0
7151,17.0,-109.0,-89.0,11.0,19.0,91.0,5.0,47.0,41.0,-45.0
7152,16.0,-108.0,-90.0,12.0,18.0,90.0,6.0,46.0,42.0,-46.0
7153,17.0,-107.0,-91.0,11.0,19.0,91.0,5.0,45.0,43.0,-45.0
7154,16.0,-106.0,-92.0,10.0,20.0,90.0,4.0,46.0,42.0,-46.0
7155,17.0,-105.0,-91.0,9.0,19.0,89.0,3.0,47.0,43.0,-45.0
7156,16.0,-106.0,-92.0,8.0,18.0,88.0,2.0,46.0,44.0,-44.0
7157,15.0,-107.0,-93.0,7.0,17.0,87.0,3.0,47.0,45.0,-43.0
7158,14.0,-108.0,-94.0,6.0,16.0,86.0,2.0,46.0,44.0,-44.0
7159,15.0,-107.0,-93.0,7.0,17.0,87.0,3.0,47.0,45.0,-43.0
7160,14.0,-106.0,-94.0,6.0,18.0,86.0,2.0,48.0,44.0,-44.0
7161,13.0,-107.0,-93.0,7.0,19.0,85.0,1.0,47.0,45.0,-43.0
7162,14.0,-108.0,-92.0,6.0,18.0,86.0,0.0,48.0,44.0,-44.0
7163,13.0,-107.0,-91.0,5.0,17.0,87.0,1.0,47.0,43.0,-43.0
7164,12.0,-106.0,-92.0,4.0,18.0,86.0,0.0,48.0,42.0,-42.0
7165,11.0,-105.0,-91.0,3.0,19.0,87.0,-1.0,47.0,43.0,-43.0
7166,12.0,-106.0,-90.0,2.0,20.0,86.0,0.0,48.0,42.0,-42.0
7167,13.0,-107.0,-89.0,1.0,21.0,87.0,-1.0,49.0,41.0,-41.0
7168,12.0,-108.0,-88.0,2.0,22.0,86.0,-2.0,50.0,42.0,-40.0
7169,13.0,-107.0,-87.0,3.0,23.0,87.0,-1.0,51.0,43.0,-39.0
7170,12.0,-106.0,-88.0,4.0,22.0,86.0,0.0,50.0,44.0,-40.0
7171,11.0,-105.0,-89.0,5.0,23.0,85.0,1.0,49.0,43.0,-39.0
7172,10.0,-104.0,-88.0,4.0,24.0,86.0,0.0,50.0,44.0,-40.0
7173,9.0,-105.0,-89.0,5.0,25.0,87.0,-1.0,49.0,43.0,-39.0
7174,8.0,-106.0,-88.0,6.0,26.0,86.0,-2.0,48.0,44.0,-38.0
7175,9.0,-107.0,-89.0,7.0,25.0,85.0,-1.0,47.0,43.0,-37.0
7176,8.0,-106.0,-90.0,8.0,24.0,86.0,-2.0,48.0,42.0,-38.0
7177,9.0,-105.0,-89.0,9.0,25.0,87.0,-1.0,49.0,41.0,-39.0
7178,10.0,-106.0,-88.0,8.0,26.0,86.0,0.0,48.0,42.0,-40.0
7179,11.0,-107.0,-87.0,7.0,27.0,85.0,1.0,47.0,43.0,-41.0
7180,10.0,-108.0,-88.0,6.0,26.0,84.0,0.0,46.0,42.0,-40.0
7181,9.0,-107.0,-89.0,7.0,25.0,85.0,-1.0,47.0,41.0,-39.0
7182,8.0,-106.0,-90.0,6.0,26.0,84.0,-2.0,48.0,40.0,-40.0
7183,7.0,-107.0,-91.0,5.0,25.0,83.0,-3.0,47.0,39.0,-41.0
7184,8.0,-108.0,-90.0,6.0,24.0,84.0,-2.0,46.0,40.0,-40.0
7185,7.0,-109.0,-89.0,7.0,23.0,83.0,-1.0,47.0,39.0,-41.0
7186,6.0,-108.0,-90.0,8.0,22.0,84.0,-2.0,48.0,38.0,-42.0
7187,7.0,-107.0,-89.0,9.0,23.0,85.0,-1.0,49.0,39.0,-43.0
7188,8.0,-106.0,-88.0,8.0,22.0,84.0,-2.0,50.0,40.0,-42.0
7189,7.0,-105.0,-89.0,9.0,21.0,85.0,-1.0,49.0,41.0,-43.0
7190,6.0,-106.0,-90.0,8.0,22.0,86.0,0.0,50.0,40.0,-44.0
7191,7.0,-105.0,-89.0,9.0,23.0,87.0,1.0,51.0,41.0,-43.0
7192,8.0,-104.0,-88.0,10.0,24.0,88.0,2.0,52.0,42.0,-44.0
7193,9.0,-105.0,-89.0,11.0,25.0,87.0,3.0,53.0,41.0,-45.0
7194,8.0,-104.0,-90.0,10.0,26.0,86.0,2.0,54.0,40.0,-44.0
7195,9.0,-103.0,-91.0,9.0,25.0,87.0,3.0,55.0,39.0,-45.0
7196,8.0,-102.0,-92.0,10.0,26.0,86.0,4.0,54.0,40.0,-44.0
7197,7.0,-101.0,-93.0,9.0,27.0,85.0,5.0,55.0,39.0,-43.0
7198,6.0,-102.0,-92.0,10.0,26.0,84.0,6.0,56.0,38.0,-44.0
7199,7.0,-103.0,-93.0,11.0,25.0,83.0,7.0,57.0,37.0,-43.0
7200,8.0,-102.0,-92.0,10.0,24.0,82.0,6.0,58.0,38.0,-42.0
7201,7.0,-103.0,-93.0,9.0,23.0,81.0,5.0,57.0,37.0,-43.0
7202,8.0,-102.0,-92.0,10.0,24.0,82.0,6.0,58.0,38.0,-42.0
7203,9.0,-101.0,-91.0,11.0,23.0,81.0,5.0,57.0,39.0,-41.0
7204,10.0,-102.0,-90.0,10.0,24.0,80.0,6.0,56.0,38.0,-40.0
7205,11.0,-101.0,-89.0,9.0,23.0,79.0,7.0,57.0,39.0,-39.0
7206,12.0,-100.0,-90.0,8.0,22.0,80.0,8.0,56.0,38.0,-40.0
7207,13.0,-101.0,-89.0,7.0,23.0,79.0,9.0,55.0,39.0,-41.0
7208,14.0,-100.0,-88.0,8.0,24.0,80.0,10.0,56.0,40.0,-42.0
7209,15.0,-101.0,-87.0,7.0,25.0,79.0,11.0,57.0,39.0,-41.0
7210,14.0,-102.0,-88.0,6.0,24.0,78.0,10.0,56.0,38.0,-42.0
7211,13.0,-101.0,-87.0,5.0,23.0,79.0,11.0,55.0,37.0,-41.0
7212,14.0,-102.0,-86.0,4.0,24.0,78.0,12.0,54.0,36.0,-40.0
7213,15.0,-101.0,-85.0,5.0,25.0,79.0,13.0,55.0,37.0,-39.0
7214,14.0,-100.0,-84.0,4.0,24.0,80.0,14.0,54.0,36.0,-38.0
7215,13.0,-99.0,-85.0,5.0,23.0,81.0,15.0,53.0,37.0,-39.0
7216,14.0,-100.0,-86.0,6.0,24.0,80.0,14.0,54.0,38.0,-40.0
7217,13.0,-99.0,-85.0,5.0,23.0,81.0,15.0,53.0,37.0,-39.0
7218,14.0,-100.0,-84.0,6.0,22.0,82.0,16.0,52.0,38.0,-40.0
7219,13.0,-101.0,-85.0,5.0,23.0,83.0,17.0,53.0,39.0,-41.0
7220,12.0,-100.0,-84.0,4.0,22.0,84.0,18.0,52.0,40.0,-40.0
7221,11.0,-99.0,-85.0,5.0,21.0,85.0,17.0,53.0,39.0,-39.0
7222,12.0,-98.0,-84.0,6.0,22.0,86.0,18.0,52.0,38.0,-40.0
7223,13.0,-97.0,-83.0,7.0,23.0,87.0,17.0,51.0,37.0,-41.0
7224,12.0,-96.0,-82.0,6.0,22.0,88.0,18.0,50.0,38.0,-40.0
7225,13.0,-95.0,-81.0,7.0,21.0,87.0,17.0,49.0,37.0,-39.0
7226,14.0,-96.0,-80.0,6.0,22.0,86.0,18.0,48.0,38.0,-40.0
7227,13.0,-97.0,-81.0,5.0,21.0,85.0,17.0,47.0,37.0,-41.0
7228,14.0,-96.0,-80.0,6.0,22.0,86.0,16.0,46.0,36.0,-42.0
7229,15.0,-95.0,-79.0,5.0,21.0,85.0,15.0,47.0,37.0,-41.0
7230,14.0,-94.0,-80.0,4.0,22.0,84.0,14.0,48.0,36.0,-40.0
7231,13.0,-95.0,-81.0,3.0,21.0,83.0,13.0,47.0,35.0,-41.0
7232,12.0,-96.0,-82.0,2.0,20.0,82.0,14.0,48.0,36.0,-40.0
7233,13.0,-97.0,-83.0,3.0,19.0,81.0,15.0,47.0,35.0,-39.0
7234,14.0,-96.0,-84.0,2.0,20.0,82.0,16.0,46.0,34.0,-38.0
7235,15.0,-95.0,-83.0,1.0,19.0,81.0,17.0,47.0,35.0,-39.0
7236,16.0,-96.0,-84.0,2.0,20.0,80.0,16.0,48.0,36.0,-40.0
7237,17.0,-95.0,-83.0,1.0,19.0,79.0,17.0,49.0,37.0,-41.0
7238,18.0,-94.0,-82.0,2.0,20.0,80.0,18.0,50.0,38.0,-40.0
7239,17.0,-95.0,-81.0,3.0,19.0,79.0,17.0,51.0,39.0,-41.0
7240,16.0,-96.0,-82.0,2.0,18.0,78.0,16.0,52.0,40.0,-40.0
7241,17.0,-97.0,-81.0,3.0,17.0,79.0,15.0,51.0,41.0,-41.0
7242,18.0,-96.0,-82.0,2.0,16.0,80.0,16.0,52.0,40.0,-42.0
7243,19.0,-95.0,-81.0,1.0,15.0,79.0,17.0,53.0,41.0,-43.0
7244,18.0,-94.0,-82.0,2.0,14.0,80.0,16.0,54.0,42.0,-44.0
7245,17.0,-95.0,-83.0,1.0,13.0,79.0,17.0,55.0,43.0,-43.0
7246,18.0,-96.0,-84.0,2.0,14.0,78.0,16.0,56.0,44.0,-44.0
7247,19.0,-97.0,-85.0,3.0,15.0,77.0,15.0,57.0,45.0,-45.0
7248,18.0,-98.0,-84.0,4.0,14.0,76.0,14.0,58.0,46.0,-46.0
7249,17.0,-99.0,-83.0,5.0,13.0,75.0,15.0,59.0,45.0,-47.0
7250,18.0,-98.0,-82.0,6.0,14.0,76.0,16.0,58.0,44.0,-48.0
7251,17.0,-99.0,-83.0,5.0,13.0,75.0,15.0,57.0,43.0,-49.0
7252,18.0,-98.0,-84.0,4.0,14.0,76.0,14.0,56.0,44.0,-48.0
7253,17.0,-99.0,-85.0,3.0,13.0,77.0,15.0,57.0,45.0,-47.0
7254,16.0,-100.0,-86.0,2.0,12.0,76.0,14.0,56.0,44.0,-48.0
7255,15.0,-99.0,-87.0,3.0,13.0,75.0,15.0,55.0,43.0,-47.0
7256,16.0,-100.0,-86.0,2.0,14.0,74.0,16.0,54.0,44.0,-46.0
7257,17.0,-101.0,-85.0,1.0,13.0,75.0,15.0,55.0,45.0,-47.0
7258,18.0,-102.0,-84.0,0.0,14.0,74.0,16.0,54.0,46.0,-48.0
7259,19.0,-103.0,-83.0,-1.0,15.0,73.0,17.0,53.0,47.0,-49.0
7260,18.0,-102.0,-84.0,0.0,14.0,74.0,16.0,54.0,46.0,-50.0
7261,19.0,-101.0,-85.0,-1.0,15.0,75.0,15.0,53.0,47.0,-49.0
7262,20.0,-102.0,-84.0,0.0,14.0,76.0,16.0,52.0,48.0,-48.0
7263,21.0,-103.0,-83.0,-1.0,15.0,77.0,15.0,53.0,47.0,-47.0
7264,20.0,-104.0,-82.0,0.0,14.0,76.0,16.0,54.0,48.0,-48.0
7265,21.0,-105.0,-81.0,-1.0,13.0,77.0,15.0,55.0,47.0,-49.0
7266,20.0,-106.0,-82.0,-2.0,12.0,76.0,14.0,56.0,48.0,-48.0
7267,19.0,-105.0,-83.0,-1.0,11.0,77.0,13.0,57.0,49.0,-49.0
7268,18.0,-104.0,-84.0,0.0,10.0,78.0,12.0,58.0,50.0,-50.0
7269,17.0,-103.0,-85.0,1.0,11.0,77.0,13.0,57.0,49.0,-49.0
7270,16.0,-104.0,-86.0,0.0,10.0,76.0,12.0,56.0,48.0,-48.0
7271,15.0,-105.0,-85.0,1.0,9.0,75.0,11.0,57.0,49.0,-49.0
7272,14.0,-106.0,-86.0,2.0,10.0,76.0,10.0,56.0,48.0,-48.0
7273,13.0,-107.0,-87.0,1.0,9.0,75.0,9.0,55.0,47.0,-47.0
7274,14.0,-108.0,-88.0,2.0,8.0,74.0,10.0,56.0,46.0,-46.0
7275,15.0,-109.0,-87.0,3.0,7.0,75.0,9.0,55.0,47.0,-47.0
7276,14.0,-110.0,-88.0,2.0,6.0,74.0,8.0,54.0,46.0,-48.0
7277,13.0,-111.0,-89.0,1.0,5.0,73.0,7.0,53.0,45.0,-47.0
7278,14.0,-110.0,-88.0,0.0,4.0,72.0,8.0,54.0,46.0,-46.0
7279,15.0,-109.0,-89.0,-1.0,5.0,73.0,7.0,53.0,47.0,-45.0
7280,14.0,-110.0,-88.0,0.0,4.0,72.0,8.0,54.0,46.0,-46.0
7281,13.0,-109.0,-87.0,-1.0,3.0,73.0,9.0,53.0,47.0,-45.0
7282,14.0,-110.0,-86.0,-2.0,4.0,72.0,10.0,52.0,48.0,-46.0
7283,15.0,-109.0,-85.0,-1.0,5.0,73.0,11.0,53.0,49.0,-45.0
7284,16.0,-108.0,-84.0,0.0,6.0,74.0,12.0,54.0,50.0,-46.0
7285,17.0,-107.0,-83.0,1.0,7.0,73.0,11.0,53.0,49.0,-47.0
7286,18.0,-108.0,-82.0,0.0,8.0,72.0,12.0,52.0,50.0,-48.0
7287,19.0,-107.0,-81.0,-1.0,7.0,71.0,13.0,53.0,51.0,-47.0
7288,20.0,-108.0,-80.0,-2.0,8.0,70.0,14.0,52.0,52.0,-48.0
7289,19.0,-109.0,-79.0,-1.0,9.0,69.0,13.0,53.0,53.0,-47.0
7290,20.0,-110.0,-80.0,0.0,10.0,68.0,14.0,54.0,52.0,-48.0
7291,19.0,-109.0,-81.0,-1.0,11.0,67.0,15.0,55.0,51.0,-47.0
7292,18.0,-110.0,-82.0,0.0,12.0,68.0,16.0,54.0,50.0,-48.0
7293,17.0,-109.0,-83.0,-1.0,13.0,67.0,17.0,55.0,49.0,-47.0
7294,16.0,-110.0,-84.0,-2.0,14.0,68.0,18.0,56.0,48.0,-48.0
7295,15.0,-109.0,-85.0,-1.0,13.0,69.0,19.0,55.0,49.0,-49.0
7296,16.0,-108.0,-84.0,0.0,14.0,68.0,18.0,54.0,48.0,-50.0
7297,17.0,-109.0,-85.0,1.0,15.0,67.0,17.0,55.0,49.0,-51.0
7298,18.0,-110.0,-84.0,0.0,16.0,66.0,18.0,54.0,50.0,-52.0
7299,19.0,-111.0,-85.0,1.0,17.0,65.0,19.0,55.0,49.0,-53.0
7300,18.0,-110.0,-86.0,0.0,18.0,64.0,18.0,56.0,48.0,-54.0
7301,19.0,-111.0,-85.0,-1.0,19.0,63.0,19.0,55.0,49.0,-55.0
7302,20.0,-112.0,-84.0,-2.0,18.0,64.0,18.0,56.0,50.0,-56.0
7303,19.0,-113.0,-83.0,-1.0,17.0,63.0,17.0,57.0,51.0,-57.0
7304,20.0,-112.0,-82.0,0.0,18.0,64.0,18.0,58.0,52.0,-56.0
7305,19.0,-111.0,-81.0,-1.0,19.0,65.0,17.0,59.0,53.0,-57.0
7306,20.0,-110.0,-80.0,0.0,20.0,66.0,18.0,60.0,54.0,-56.0
7307,21.0,-109.0,-81.0,-1.0,19.0,67.0,19.0,61.0,53.0,-57.0
7308,20.0,-110.0,-82.0,-2.0,18.0,66.0,18.0,62.0,54.0,-56.0
7309,21.0,-109.0,-83.0,-3.0,19.0,67.0,19.0,61.0,53.0,-55.0
7310,22.0,-108.0,-84.0,-4.0,18.0,68.0,20.0,62.0,52.0,-56.0
7311,21.0,-107.0,-85.0,-3.0,19.0,67.0,21.0,61.0,51.0,-55.0
7312,22.0,-106.0,-84.0,-2.0,20.0,68.0,22.0,60.0,50.0,-56.0
7313,23.0,-107.0,-83.0,-3.0,21.0,67.0,23.0,59.0,51.0,-57.0
7314,24.0,-108.0,-82.0,-4.0,20.0,68.0,22.0,60.0,50.0,-58.0
7315,25.0,-107.0,-81.0,-3.0,21.0,69.0,23.0,61.0,51.0,-57.0
7316,24.0,-106.0,-82.0,-2.0,20.0,70.0,24.0,60.0,52.0,-58.0
7317,23.0,-107.0,-83.0,-1.0,21.0,71.0,25.0,59.0,51.0,-59.0
7318,24.0,-108.0,-84.0,0.0,22.0,70.0,26.0,60.0,50.0,-60.0
7319,25.0,-107.0,-83.0,-1.0,21.0,69.0,25.0,61.0,51.0,-59.0
7320,24.0,-106.0,-84.0,-2.0,22.0,68.0,26.0,62.0,50.0,-58.0
7321,23.0,-105.0,-85.0,-3.0,23.0,67.0,25.0,63.0,49.0,-59.0
7322,22.0,-104.0,-86.0,-2.0,22.0,68.0,24.0,62.0,50.0,-60.0
7323,23.0,-103.0,-85.0,-1.0,23.0,69.0,25.0,63.0,51.0,-59.0
7324,24.0,-102.0,-86.0,-2.0,24.0,70.0,24.0,62.0,52.0,-58.0
7325,25.0,-103.0,-85.0,-3.0,23.0,71.0,23.0,63.0,53.0,-59.0
7326,26.0,-102.0,-86.0,-4.0,22.0,72.0,24.0,62.0,52.0,-60.0
7327,25.0,-101.0,-85.0,-5.0,21.0,73.0,25.0,61.0,51.0,-59.0
7328,24.0,-100.0,-84.0,-6.0,20.0,74.0,26.0,60.0,52.0,-58.0
7329,23.0,-101.0,-85.0,-5.0,21.0,75.0,27.0,59.0,51.0,-59.0
7330,24.0,-100.0,-84.0,-4.0,22.0,76.0,28.0,60.0,52.0,-58.0
7331,23.0,-99.0,-83.0,-5.0,21.0,77.0,29.0,59.0,53.0,-57.0
7332,22.0,-100.0,-82.0,-4.0,22.0,76.0,28.0,60.0,54.0,-56.0
7333,21.0,-99.0,-81.0,-5.0,23.0,77.0,27.0,61.0,55.0,-57.0
7334,22.0,-98.0,-80.0,-4.0,24.0,78.0,28.0,62.0,54.0,-58.0
7335,21.0,-97.0,-81.0,-3.0,25.0,77.0,29.0,61.0,53.0,-57.0
7336,22.0,-98.0,-80.0,-2.0,24.0,78.0,30.0,60.0,54.0,-56.0
7337,21.0,-97.0,-81.0,-3.0,25.0,77.0,31.0,61.0,53.0,-55.0
7338,22.0,-96.0,-80.0,-2.0,26.0,76.0,30.0,60.0,52.0,-56.0
7339,23.0,-95.0,-79.0,-1.0,27.0,77.0,31.0,61.0,53.0,-55.0
7340,22.0,-96.0,-80.0,-2.0,26.0,78.0,32.0,62.0,54.0,-54.0
7341,23.0,-97.0,-81.0,-1.0,27.0,77.0,31.0,63.0,55.0,-55.0
7342,22.0,-98.0,-82.0,-2.0,28.0,78.0,32.0,64.0,54.0,-56.0
7343,23.0,-97.0,-81.0,-1.0,27.0,77.0,31.0,63.0,53.0,-55.0
7344,24.0,-96.0,-80.0,0.0,28.0,78.0,32.0,64.0,54.0,-54.0
7345,23.0,-97.0,-79.0,1.0,27.0,77.0,33.0,65.0,53.0,-55.0
7346,24.0,-98.0,-78.0,0.0,26.0,78.0,32.0,66.0,54.0,-56.0
7347,23.0,-97.0,-79.0,1.0,25.0,79.0,31.0,65.0,55.0,-57.0
7348,22.0,-96.0,-80.0,2.0,26.0,78.0,32.0,64.0,56.0,-56.0
7349,21.0,-95.0,-81.0,1.0,27.0,77.0,33.0,65.0,55.0,-55.0
7350,22.0,-94.0,-80.0,2.0,28.0,78.0,34.0,66.0,56.0,-54.0
7351,23.0,-93.0,-79.0,1.0,27.0,77.0,33.0,67.0,57.0,-53.0
7352,24.0,-92.0,-78.0,2.0,28.0,78.0,34.0,68.0,58.0,-52.0
7353,23.0,-91.0,-79.0,3.0,27.0,79.0,33.0,69.0,57.0,-51.0
7354,22.0,-92.0,-80.0,4.0,28.0,80.0,32.0,68.0,56.0,-50.0
7355,23.0,-91.0,-81.0,3.0,27.0,81.0,33.0,69.0,55.0,-51.0
7356,22.0,-92.0,-82.0,2.0,26.0,80.0,34.0,70.0,56.0,-50.0
7357,23.0,-93.0,-83.0,3.0,27.0,79.0,33.0,71.0,55.0,-51.0
7358,22.0,-94.0,-84.0,2.0,26.0,78.0,32.0,70.0,56.0,-50.0
7359,23.0,-93.0,-83.0,3.0,27.0,79.0,31.0,69.0,55.0,-51.0
7360,22.0,-92.0,-84.0,4.0,26.0,80.0,32.0,68.0,56.0,-52.0
7361,21.0,-93.0,-85.0,3.0,25.0,79.0,31.0,67.0,55.0,-53.0
7362,20.0,-94.0,-84.0,4.0,24.0,78.0,32.0,68.0,54.0,-54.0
7363,19.0,-93.0,-85.0,5.0,23.0,79.0,33.0,67.0,55.0,-55.0
7364,20.0,-94.0,-84.0,4.0,22.0,80.0,32.0,68.0,56.0,-56.0
7365,21.0,-93.0,-85.0,3.0,23.0,81.0,31.0,67.0,57.0,-55.0
7366,20.0,-92.0,-86.0,4.0,22.0,82.0,30.0,68.0,58.0,-56.0
7367,21.0,-93.0,-85.0,3.0,23.0,81.0,29.0,69.0,57.0,-55.0
7368,20.0,-92.0,-86.0,4.0,22.0,82.0,28.0,70.0,56.0,-54.0
7369,19.0,-91.0,-87.0,5.0,21.0,83.0,27.0,71.0,55.0,-53.0
7370,20.0,-90.0,-86.0,6.0,22.0,82.0,26.0,70.0,54.0,-54.0
7371,19.0,-89.0,-85.0,5.0,21.0,83.0,27.0,69.0,53.0,-53.0
7372,18.0,-90.0,-86.0,4.0,20.0,82.0,26.0,68.0,52.0,-54.0
7373,17.0,-89.0,-87.0,3.0,21.0,81.0,25.0,69.0,51.0,-55.0
7374,18.0,-88.0,-88.0,2.0,22.0,82.0,26.0,68.0,50.0,-54.0
7375,19.0,-89.0,-89.0,3.0,21.0,81.0,27.0,67.0,49.0,-53.0
7376,18.0,-90.0,-90.0,2.0,20.0,80.0,26.0,66.0,48.0,-54.0
7377,19.0,-91.0,-89.0,1.0,21.0,79.0,27.0,65.0,49.0,-55.0
7378,18.0,-92.0,-88.0,2.0,22.0,78.0,26.0,64.0,50.0,-54.0
7379,17.0,-91.0,-87.0,1.0,21.0,79.0,25.0,63.0,51.0,-53.0
7380,16.0,-90.0,-86.0,0.0,22.0,80.0,24.0,62.0,52.0,-54.0
7381,17.0,-89.0,-85.0,1.0,23.0,81.0,25.0,63.0,53.0,-53.0
7382,18.0,-90.0,-86.0,2.0,24.0,80.0,24.0,64.0,54.0,-54.0
7383,19.0,-89.0,-85.0,3.0,25.0,81.0,25.0,65.0,55.0,-55.0
7384,20.0,-90.0,-86.0,4.0,24.0,80.0,26.0,66.0,54.0,-54.0
7385,19.0,-91.0,-85.0,5.0,23.0,79.0,25.0,67.0,55.0,-55.0
7386,20.0,-92.0,-84.0,4.0,24.0,78.0,26.0,66.0,56.0,-56.0
7387,19.0,-93.0,-83.0,5.0,25.0,77.0,25.0,65.0,57.0,-55.0
7388,20.0,-94.0,-82.0,4.0,26.0,76.0,26.0,64.0,58.0,-56.0
7389,19.0,-93.0,-83.0,3.0,27.0,75.0,27.0,65.0,57.0,-55.0
7390,18.0,-94.0,-82.0,4.0,28.0,74.0,26.0,66.0,58.0,-54.0
7391,19.0,-95.0,-81.0,3.0,29.0,73.0,27.0,65.0,59.0,-55.0
7392,20.0,-94.0,-80.0,4.0,28.0,72.0,26.0,64.0,58.0,-54.0
7393,19.0,-95.0,-81.0,3.0,27.0,71.0,25.0,63.0,57.0,-55.0
7394,18.0,-96.0,-80.0,4.0,26.0,70.0,26.0,64.0,56.0,-56.0
7395,19.0,-97.0,-81.0,5.0,27.0,69.0,27.0,65.0,55.0,-57.0
7396,20.0,-96.0,-80.0,4.0,26.0,68.0,26.0,66.0,56.0,-56.0
7397,21.0,-97.0,-79.0,3.0,27.0,67.0,27.0,65.0,57.0,-57.0
7398,20.0,-96.0,-78.0,2.0,28.0,68.0,26.0,64.0,58.0,-58.0
7399,21.0,-95.0,-77.0,1.0,27.0,67.0,27.0,65.0,59.0,-57.0
7400,22.0,-96.0,-76.0,0.0,28.0,66.0,28.0,64.0,60.0,-58.0
7401,21.0,-97.0,-75.0,1.0,29.0,65.0,27.0,63.0,61.0,-57.0
7402,22.0,-98.0,-76.0,2.0,28.0,64.0,28.0,64.0,60.0,-56.0
7403,21.0,-99.0,-77.0,1.0,29.0,65.0,29.0,65.0,61.0,-57.0
7404,20.0,-100.0,-78.0,0.0,30.0,66.0,30.0,66.0,60.0,-58.0
7405,19.0,-101.0,-79.0,-1.0,29.0,65.0,31.0,67.0,61.0,-57.0
7406,18.0,-102.0,-80.0,0.0,30.0,66.0,30.0,66.0,60.0,-58.0
7407,17.0,-101.0,-81.0,-1.0,31.0,65.0,29.0,67.0,59.0,-57.0
7408,16.0,-102.0,-80.0,0.0,30.0,64.0,30.0,68.0,60.0,-58.0
7409,17.0,-103.0,-81.0,1.0,31.0,63.0,29.0,69.0,61.0,-59.0
7410,16.0,-104.0,-80.0,2.0,30.0,62.0,28.0,70.0,62.0,-60.0
7411,17.0,-105.0,-79.0,1.0,31.0,61.0,29.0,69.0,63.0,-61.0
7412,16.0,-106.0,-78.0,2.0,30.0,60.0,30.0,70.0,64.0,-62.0
7413,17.0,-105.0,-77.0,3.0,31.0,61.0,31.0,71.0,63.0,-63.0
7414,16.0,-106.0,-78.0,4.0,32.0,62.0,32.0,70.0,62.0,-64.0
7415,15.0,-107.0,-79.0,5.0,33.0,63.0,31.0,69.0,61.0,-63.0
7416,16.0,-106.0,-78.0,6.0,34.0,64.0,30.0,68.0,60.0,-64.0
7417,17.0,-107.0,-77.0,5.0,35.0,63.0,31.0,67.0,59.0,-63.0
7418,18.0,-108.0,-78.0,6.0,34.0,62.0,32.0,66.0,58.0,-62.0
7419,17.0,-107.0,-79.0,7.0,33.0,63.0,31.0,67.0,57.0,-61.0
7420,16.0,-108.0,-80.0,6.0,32.0,62.0,30.0,66.0,56.0,-62.0
7421,17.0,-107.0,-79.0,7.0,31.0,61.0,29.0,65.0,57.0,-61.0
7422,18.0,-106.0,-78.0,8.0,32.0,62.0,30.0,66.0,58.0,-62.0
7423,19.0,-107.0,-79.0,9.0,33.0,61.0,29.0,67.0,59.0,-63.0
7424,18.0,-108.0,-78.0,10.0,34.0,60.0,28.0,68.0,60.0,-62.0
7425,17.0,-107.0,-79.0,9.0,35.0,59.0,27.0,69.0,59.0,-63.0
7426,18.0,-108.0,-80.0,10.0,34.0,58.0,28.0,68.0,58.0,-62.0
7427,17.0,-107.0,-81.0,9.0,35.0,57.0,27.0,69.0,57.0,-63.0
7428,18.0,-108.0,-80.0,8.0,34.0,58.0,26.0,70.0,58.0,-64.0
7429,17.0,-107.0,-81.0,9.0,35.0,57.0,27.0,69.0,57.0,-63.0
7430,18.0,-106.0,-80.0,10.0,36.0,58.0,28.0,68.0,56.0,-64.0
7431,17.0,-105.0,-81.0,9.0,37.0,57.0,27.0,69.0,55.0,-65.0
7432,16.0,-104.0,-82.0,10.0,36.0,56.0,28.0,68.0,56.0,-66.0
7433,15.0,-105.0,-83.0,9.0,37.0,57.0,29.0,69.0,57.0,-67.0
7434,14.0,-104.0,-82.0,8.0,36.0,58.0,30.0,68.0,56.0,-66.0
7435,15.0,-103.0,-81.0,9.0,35.0,57.0,29.0,67.0,55.0,-65.0
7436,14.0,-104.0,-82.0,8.0,34.0,56.0,28.0,66.0,54.0,-66.0
7437,13.0,-103.0,-83.0,9.0,33.0,57.0,27.0,67.0,53.0,-65.0
7438,12.0,-102.0,-82.0,8.0,32.0,58.0,28.0,66.0,52.0,-64.0
7439,11.0,-101.0,-83.0,7.0,33.0,57.0,29.0,67.0,51.0,-63.0
7440,10.0,-102.0,-82.0,8.0,32.0,56.0,30.0,68.0,52.0,-64.0
7441,9.0,-101.0,-83.0,7.0,33.0,55.0,29.0,69.0,51.0,-63.0
7442,8.0,-102.0,-84.0,6.0,34.0,56.0,30.0,70.0,50.0,-64.0
7443,9.0,-103.0,-85.0,7.0,33.0,55.0,31.0,69.0,49.0,-63.0
7444,8.0,-104.0,-86.0,8.0,34.0,56.0,32.0,68.0,48.0,-64.0
7445,9.0,-105.0,-87.0,9.0,33.0,55.0,33.0,69.0,47.0,-63.0
7446,10.0,-104.0,-86.0,10.0,34.0,54.0,32.0,68.0,46.0,-64.0
7447,9.0,-103.0,-85.0,9.0,33.0,55.0,33.0,67.0,47.0,-63.0
7448,8.0,-104.0,-86.0,10.0,34.0,56.0,34.0,66.0,46.0,-64.0
7449,7.0,-105.0,-87.0,9.0,33.0,55.0,33.0,65.0,47.0,-63.0
7450,8.0,-104.0,-88.0,8.0,32.0,56.0,34.0,66.0,46.0,-64.0
7451,7.0,-105.0,-87.0,9.0,33.0,55.0,33.0,65.0,47.0,-63.0
7452,8.0,-106.0,-88.0,10.0,34.0,54.0,32.0,66.0,46.0,-64.0
7453,9.0,-105.0,-89.0,9.0,35.0,55.0,33.0,65.0,45.0,-63.0
7454,10.0,-104.0,-88.0,10.0,36.0,56.0,34.0,66.0,46.0,-62.0
7455,11.0,-103.0,-87.0,11.0,35.0,55.0,33.0,65.0,45.0,-61.0
7456,12.0,-104.0,-86.0,10.0,34.0,56.0,32.0,66.0,44.0,-62.0
7457,13.0,-105.0,-87.0,11.0,33.0,55.0,33.0,65.0,43.0,-61.0
7458,14.0,-104.0,-86.0,12.0,32.0,54.0,32.0,64.0,42.0,-60.0
7459,15.0,-103.0,-87.0,11.0,33.0,55.0,31.0,63.0,41.0,-59.0
7460,16.0,-104.0,-86.0,10.0,34.0,54.0,30.0,64.0,40.0,-58.0
7461,15.0,-103.0,-87.0,11.0,33.0,55.0,29.0,63.0,41.0,-59.0
7462,16.0,-104.0,-86.0,10.0,34.0,56.0,28.0,64.0,40.0,-58.0
7463,15.0,-105.0,-85.0,11.0,35.0,55.0,27.0,63.0,41.0,-57.0
7464,14.0,-104.0,-86.0,10.0,36.0,54.0,28.0,64.0,40.0,-56.0
7465,15.0,-105.0,-85.0,9.0,35.0,55.0,27.0,65.0,39.0,-57.0
7466,14.0,-106.0,-84.0,10.0,36.0,54.0,26.0,64.0,40.0,-56.0
7467,13.0,-107.0,-85.0,11.0,37.0,55.0,27.0,63.0,39.0,-57.0
7468,14.0,-106.0,-86.0,10.0,38.0,56.0,28.0,62.0,38.0,-56.0
7469,15.0,-105.0,-85.0,9.0,37.0,55.0,29.0,63.0,39.0,-57.0
7470,14.0,-104.0,-84.0,8.0,38.0,56.0,28.0,62.0,40.0,-58.0
7471,13.0,-103.0,-85.0,7.0,39.0,55.0,27.0,63.0,39.0,-59.0
7472,12.0,-104.0,-86.0,6.0,40.0,56.0,28.0,64.0,38.0,-60.0
7473,13.0,-103.0,-85.0,7.0,41.0,55.0,27.0,63.0,37.0,-61.0
7474,14.0,-102.0,-84.0,8.0,40.0,54.0,26.0,62.0,36.0,-60.0
7475,15.0,-101.0,-85.0,7.0,41.0,55.0,25.0,61.0,37.0,-59.0
7476,14.0,-102.0,-86.0,8.0,42.0,56.0,24.0,60.0,36.0,-60.0
7477,13.0,-101.0,-87.0,9.0,41.0,57.0,23.0,61.0,35.0,-59.0
7478,14.0,-102.0,-86.0,10.0,40.0,58.0,22.0,60.0,36.0,-60.0
7479,15.0,-101.0,-87.0,9.0,41.0,59.0,21.0,59.0,37.0,-59.0
7480,16.0,-102.0,-88.0,10.0,40.0,58.0,22.0,58.0,36.0,-58.0
7481,17.0,-101.0,-87.0,11.0,41.0,59.0,23.0,59.0,37.0,-57.0
7482,16.0,-100.0,-88.0,10.0,42.0,58.0,22.0,60.0,36.0,-58.0
7483,17.0,-99.0,-87.0,9.0,41.0,57.0,23.0,61.0,37.0,-57.0
7484,16.0,-98.0,-86.0,8.0,42.0,58.0,22.0,60.0,38.0,-58.0
7485,17.0,-97.0,-87.0,7.0,41.0,59.0,23.0,61.0,37.0,-59.0
7486,16.0,-98.0,-88.0,6.0,40.0,58.0,22.0,60.0,36.0,-60.0
7487,17.0,-99.0,-87.0,7.0,39.0,59.0,23.0,59.0,37.0,-59.0
7488,16.0,-100.0,-88.0,6.0,38.0,58.0,22.0,58.0,36.0,-60.0
7489,17.0,-101.0,-87.0,5.0,37.0,59.0,21.0,59.0,35.0,-61.0
7490,16.0,-100.0,-86.0,4.0,38.0,60.0,20.0,60.0,36.0,-62.0
7491,15.0,-101.0,-87.0,5.0,39.0,61.0,21.0,59.0,35.0,-63.0
7492,16.0,-100.0,-88.0,4.0,38.0,62.0,22.0,60.0,34.0,-64.0
7493,15.0,-99.0,-87.0,3.0,37.0,63.0,21.0,59.0,35.0,-63.0
7494,14.0,-100.0,-88.0,2.0,36.0,64.0,22.0,60.0,36.0,-62.0
7495,13.0,-99.0,-89.0,3.0,35.0,65.0,21.0,61.0,35.0,-61.0
7496,14.0,-98.0,-88.0,4.0,34.0,64.0,20.0,60.0,36.0,-60.0
7497,13.0,-99.0,-89.0,3.0,33.0,65.0,21.0,61.0,37.0,-59.0
7498,12.0,-100.0,-90.0,4.0,34.0,66.0,20.0,60.0,36.0,-58.0
7499,11.0,-99.0,-91.0,5.0,33.0,67.0,19.0,59.0,37.0,-59.0
7500,10.0,-98.0,-90.0,4.0,32.0,68.0,20.0,58.0,36.0,-58.0
7501,9.0,-97.0,-89.0,3.0,33.0,69.0,19.0,57.0,37.0,-59.0
7502,10.0,-98.0,-90.0,4.0,34.0,68.0,20.0,58.0,36.0,-60.0
7503,9.0,-97.0,-89.0,3.0,33.0,69.0,21.0,57.0,35.0,-59.0
7504,8.0,-96.0,-90.0,4.0,32.0,68.0,22.0,56.0,36.0,-60.0
7505,9.0,-97.0,-91.0,5.0,31.0,67.0,23.0,55.0,35.0,-59.0
7506,10.0,-98.0,-90.0,4.0,32.0,66.0,24.0,54.0,36.0,-60.0
7507,9.0,-99.0,-91.0,3.0,31.0,65.0,23.0,53.0,35.0,-61.0
7508,8.0,-98.0,-92.0,4.0,32.0,64.0,24.0,52.0,36.0,-60.0
7509,7.0,-99.0,-93.0,3.0,31.0,63.0,23.0,51.0,35.0,-61.0
7510,8.0,-100.0,-92.0,2.0,30.0,64.0,22.0,52.0,34.0,-62.0
7511,9.0,-101.0,-91.0,1.0,31.0,63.0,23.0,51.0,35.0,-61.0
7512,10.0,-100.0,-92.0,0.0,32.0,64.0,22.0,50.0,36.0,-60.0
7513,11.0,-99.0,-91.0,1.0,33.0,65.0,23.0,49.0,35.0,-61.0
7514,12.0,-98.0,-90.0,0.0,32.0,64.0,22.0,50.0,36.0,-60.0
7515,11.0,-99.0,-91.0,-1.0,31.0,63.0,21.0,49.0,35.0,-61.0
7516,10.0,-98.0,-92.0,0.0,32.0,62.0,22.0,48.0,34.0,-60.0
7517,11.0,-99.0,-93.0,1.0,33.0,61.0,21.0,49.0,35.0,-61.0
7518,12.0,-100.0,-92.0,2.0,32.0,62.0,22.0,48.0,36.0,-62.0
7519,11.0,-99.0,-93.0,3.0,31.0,63.0,21.0,47.0,37.0,-63.0
7520,12.0,-100.0,-92.0,2.0,32.0,62.0,22.0,46.0,38.0,-64.0
7521,11.0,-101.0,-91.0,3.0,31.0,61.0,23.0,47.0,39.0,-65.0
7522,12.0,-100.0,-90.0,4.0,32.0,60.0,22.0,46.0,38.0,-66.0
7523,11.0,-101.0,-89.0,5.0,33.0,59.0,21.0,45.0,39.0,-65.0
7524,12.0,-100.0,-88.0,6.0,34.0,60.0,22.0,46.0,40.0,-64.0
7525,13.0,-101.0,-87.0,5.0,35.0,59.0,23.0,45.0,41.0,-65.0
7526,14.0,-100.0,-88.0,4.0,36.0,60.0,22.0,44.0,42.0,-64.0
7527,13.0,-101.0,-87.0,5.0,37.0,59.0,21.0,45.0,43.0,-63.0
7528,14.0,-100.0,-86.0,6.0,38.0,60.0,22.0,44.0,42.0,-64.0
7529,13.0,-99.0,-87.0,7.0,37.0,61.0,21.0,45.0,43.0,-65.0
7530,14.0,-98.0,-86.0,8.0,36.0,60.0,20.0,44.0,44.0,-64.0
7531,13.0,-99.0,-87.0,7.0,35.0,59.0,19.0,43.0,43.0,-65.0
7532,14.0,-100.0,-86.0,6.0,36.0,58.0,20.0,42.0,44.0,-66.0
7533,13.0,-101.0,-85.0,7.0,35.0,57.0,19.0,43.0,45.0,-67.0
7534,14.0,-100.0,-86.0,6.0,34.0,58.0,20.0,44.0,44.0,-68.0
7535,13.0,-101.0,-85.0,7.0,33.0,57.0,21.0,45.0,43.0,-69.0
7536,14.0,-100.0,-86.0,6.0,32.0,58.0,22.0,46.0,42.0,-70.0
7537,15.0,-99.0,-85.0,7.0,31.0,57.0,21.0,45.0,41.0,-69.0
7538,14.0,-98.0,-84.0,6.0,30.0,58.0,22.0,44.0,40.0,-68.0
7539,15.0,-97.0,-85.0,5.0,29.0,59.0,23.0,43.0,39.0,-69.0
7540,14.0,-98.0,-86.0,4.0,30.0,60.0,24.0,44.0,40.0,-70.0
7541,13.0,-99.0,-85.0,5.0,31.0,59.0,23.0,43.0,41.0,-69.0
7542,14.0,-100.0,-84.0,4.0,32.0,58.0,24.0,42.0,42.0,-70.0
7543,15.0,-99.0,-83.0,5.0,33.0,59.0,25.0,43.0,43.0,-71.0
7544,16.0,-100.0,-84.0,6.0,34.0,58.0,24.0,44.0,44.0,-72.0
7545,15.0,-99.0,-85.0,7.0,33.0,59.0,23.0,45.0,43.0,-71.0
7546,16.0,-100.0,-84.0,6.0,34.0,58.0,24.0,44.0,44.0,-72.0
7547,15.0,-99.0,-83.0,5.0,35.0,59.0,23.0,43.0,45.0,-73.0
7548,14.0,-98.0,-84.0,4.0,36.0,58.0,24.0,44.0,44.0,-72.0
7549,13.0,-99.0,-85.0,3.0,35.0,57.0,23.0,43.0,45.0,-71.0
7550,14.0,-100.0,-84.0,2.0,36.0,56.0,24.0,42.0,44.0,-70.0
7551,13.0,-99.0,-85.0,3.0,35.0,57.0,23.0,43.0,43.0,-69.0
7552,12.0,-98.0,-86.0,4.0,34.0,58.0,22.0,44.0,42.0,-70.0
7553,11.0,-97.0,-85.0,3.0,33.0,59.0,21.0,43.0,43.0,-69.0
7554,10.0,-96.0,-86.0,4.0,32.0,60.0,20.0,44.0,42.0,-68.0
7555,9.0,-95.0,-87.0,5.0,31.0,61.0,19.0,43.0,43.0,-69.0
7556,10.0,-94.0,-86.0,6.0,32.0,62.0,18.0,42.0,42.0,-70.0
7557,9.0,-95.0,-87.0,5.0,31.0,61.0,17.0,41.0,41.0,-71.0
7558,10.0,-94.0,-88.0,4.0,32.0,62.0,16.0,40.0,42.0,-70.0
7559,9.0,-95.0,-89.0,5.0,33.0,63.0,17.0,39.0,41.0,-71.0
7560,10.0,-96.0,-88.0,6.0,32.0,64.0,16.0,38.0,42.0,-72.0
7561,11.0,-97.0,-87.0,5.0,33.0,63.0,17.0,37.0,43.0,-73.0
7562,10.0,-96.0,-88.0,6.0,32.0,64.0,16.0,38.0,42.0,-72.0
7563,11.0,-97.0,-89.0,7.0,31.0,63.0,17.0,37.0,41.0,-71.0
7564,10.0,-96.0,-90.0,8.0,30.0,62.0,18.0,36.0,42.0,-72.0
7565,9.0,-97.0,-91.0,9.0,31.0,63.0,17.0,35.0,41.0,-71.0
7566,8.0,-96.0,-92.0,8.0,32.0,62.0,18.0,36.0,40.0,-70.0
7567,9.0,-95.0,-93.0,7.0,33.0,63.0,17.0,35.0,41.0,-69.0
7568,8.0,-94.0,-94.0,6.0,34.0,62.0,18.0,36.0,40.0,-68.0
7569,7.0,-93.0,-95.0,7.0,33.0,63.0,17.0,37.0,39.0,-67.0
7570,8.0,-94.0,-96.0,8.0,32.0,62.0,18.0,38.0,38.0,-66.0
7571,7.0,-95.0,-97.0,7.0,31.0,61.0,17.0,37.0,39.0,-65.0
7572,6.0,-96.0,-98.0,8.0,32.0,62.0,16.0,36.0,38.0,-66.0
7573,7.0,-95.0,-97.0,9.0,33.0,63.0,17.0,37.0,39.0,-65.0
7574,8.0,-94.0,-96.0,10.0,34.0,62.0,16.0,36.0,38.0,-66.0
7575,7.0,-93.0,-97.0,11.0,33.0,61.0,17.0,35.0,39.0,-67.0
7576,6.0,-92.0,-96.0,10.0,32.0,62.0,18.0,34.0,38.0,-66.0
7577,7.0,-93.0,-95.0,9.0,33.0,63.0,17.0,35.0,37.0,-65.0
7578,6.0,-94.0,-94.0,10.0,34.0,62.0,16.0,36.0,38.0,-64.0
7579,5.0,-95.0,-93.0,11.0,35.0,61.0,15.0,37.0,39.0,-63.0
7580,4.0,-96.0,-92.0,12.0,34.0,60.0,16.0,38.0,38.0,-64.0
7581,3.0,-97.0,-91.0,13.0,33.0,59.0,17.0,39.0,39.0,-65.0
7582,2.0,-98.0,-92.0,12.0,32.0,60.0,18.0,40.0,40.0,-64.0
7583,1.0,-97.0,-91.0,11.0,33.0,61.0,17.0,41.0,41.0,-65.0
7584,0.0,-98.0,-92.0,10.0,34.0,62.0,18.0,42.0,40.0,-66.0
7585,-1.0,-99.0,-93.0,9.0,33.0,61.0,17.0,41.0,41.0,-65.0
7586,-2.0,-100.0,-92.0,10.0,32.0,60.0,16.0,42.0,42.0,-66.0
7587,-3.0,-101.0,-93.0,11.0,33.0,61.0,15.0,41.0,41.0,-65.0
7588,-2.0,-100.0,-92.0,12.0,34.0,60.0,14.0,40.0,40.0,-66.0
7589,-3.0,-101.0,-91.0,13.0,35.0,59.0,13.0,39.0,41.0,-65.0
7590,-4.0,-102.0,-92.0,12.0,34.0,58.0,12.0,38.0,40.0,-66.0
7591,-5.0,-101.0,-91.0,11.0,35.0,59.0,11.0,39.0,41.0,-67.0
7592,-6.0,-100.0,-92.0,12.0,34.0,60.0,10.0,40.0,40.0,-66.0
7593,-7.0,-99.0,-93.0,13.0,33.0,61.0,11.0,39.0,41.0,-67.0
7594,-6.0,-98.0,-92.0,14.0,34.0,62.0,12.0,38.0,40.0,-68.0
7595,-5.0,-97.0,-91.0,15.0,35.0,61.0,11.0,37.0,39.0,-69.0
7596,-6.0,-98.0,-92.0,14.0,34.0,60.0,10.0,36.0,38.0,-70.0
7597,-5.0,-97.0,-93.0,13.0,35.0,61.0,11.0,35.0,37.0,-69.0
7598,-4.0,-96.0,-94.0,12.0,34.0,62.0,12.0,34.0,36.0,-70.0
7599,-3.0,-95.0,-93.0,13.0,35.0,63.0,13.0,35.0,37.0,-69.0
7600,-2.0,-94.0,-92.0,14.0,34.0,62.0,12.0,34.0,38.0,-68.0
7601,-3.0,-95.0,-93.0,13.0,35.0,63.0,13.0,35.0,37.0,-69.0
7602,-4.0,-96.0,-94.0,12.0,34.0,62.0,12.0,34.0,36.0,-70.0
7603,-5.0,-95.0,-95.0,11.0,35.0,61.0,11.0,35.0,35.0,-71.0
7604,-6.0,-96.0,-94.0,12.0,34.0,60.0,12.0,36.0,36.0,-72.0
7605,-7.0,-95.0,-93.0,11.0,35.0,61.0,11.0,37.0,37.0,-73.0
7606,-6.0,-96.0,-92.0,12.0,34.0,62.0,12.0,36.0,38.0,-72.0
7607,-5.0,-97.0,-93.0,13.0,35.0,61.0,13.0,37.0,37.0,-73.0
7608,-6.0,-96.0,-94.0,14.0,34.0,62.0,12.0,38.0,36.0,-72.0
7609,-7.0,-95.0,-93.0,13.0,35.0,63.0,11.0,39.0,37.0,-73.0
7610,-8.0,-96.0,-92.0,14.0,36.0,62.0,10.0,40.0,38.0,-72.0
7611,-7.0,-95.0,-91.0,15.0,35.0,61.0,9.0,39.0,39.0,-71.0
7612,-6.0,-96.0,-92.0,16.0,36.0,60.0,8.0,40.0,40.0,-72.0
7613,-7.0,-97.0,-93.0,15.0,35.0,59.0,9.0,41.0,41.0,-71.0
7614,-6.0,-96.0,-92.0,16.0,36.0,60.0,10.0,42.0,42.0,-70.0
7615,-5.0,-95.0,-93.0,15.0,35.0,61.0,11.0,41.0,41.0,-71.0
7616,-6.0,-96.0,-92.0,16.0,34.0,60.0,10.0,42.0,42.0,-72.0
7617,-7.0,-97.0,-93.0,15.0,33.0,59.0,11.0,43.0,43.0,-71.0
7618,-6.0,-98.0,-94.0,16.0,32.0,58.0,12.0,44.0,42.0,-70.0
7619,-5.0,-97.0,-93.0,17.0,33.0,59.0,11.0,43.0,41.0,-71.0
7620,-4.0,-96.0,-94.0,16.0,34.0,60.0,10.0,42.0,42.0,-70.0
7621,-5.0,-97.0,-95.0,15.0,35.0,61.0,11.0,43.0,43.0,-71.0
7622,-4.0,-96.0,-94.0,16.0,36.0,62.0,12.0,42.0,42.0,-72.0
7623,-5.0,-97.0,-95.0,15.0,35.0,61.0,11.0,41.0,41.0,-73.0
7624,-4.0,-96.0,-96.0,14.0,34.0,62.0,12.0,40.0,40.0,-74.0
7625,-5.0,-97.0,-97.0,13.0,33.0,61.0,11.0,39.0,39.0,-75.0
7626,-6.0,-98.0,-98.0,12.0,34.0,62.0,12.0,40.0,40.0,-76.0
7627,-5.0,-99.0,-99.0,13.0,35.0,61.0,13.0,41.0,39.0,-77.0
7628,-4.0,-98.0,-98.0,14.0,34.0,60.0,12.0,40.0,38.0,-76.0
7629,-3.0,-99.0,-97.0,13.0,35.0,59.0,13.0,39.0,39.0,-77.0
7630,-4.0,-100.0,-96.0,14.0,34.0,58.0,12.0,40.0,40.0,-78.0
7631,-5.0,-101.0,-97.0,13.0,33.0,57.0,11.0,41.0,41.0,-77.0
7632,-4.0,-102.0,-96.0,12.0,34.0,58.0,10.0,42.0,40.0,-76.0
7633,-3.0,-103.0,-95.0,11.0,35.0,59.0,9.0,43.0,39.0,-75.0
7634,-4.0,-104.0,-94.0,12.0,34.0,58.0,10.0,44.0,40.0,-76.0
7635,-3.0,-105.0,-95.0,13.0,35.0,57.0,9.0,45.0,41.0,-77.0
7636,-2.0,-106.0,-94.0,14.0,34.0,58.0,10.0,44.0,42.0,-76.0
7637,-3.0,-105.0,-93.0,13.0,33.0,59.0,9.0,43.0,43.0,-75.0
7638,-2.0,-106.0,-92.0,12.0,34.0,58.0,10.0,42.0,44.0,-76.0
7639,-3.0,-107.0,-91.0,13.0,33.0,57.0,9.0,43.0,45.0,-77.0
7640,-2.0,-108.0,-90.0,14.0,32.0,58.0,10.0,42.0,46.0,-76.0
7641,-3.0,-109.0,-89.0,15.0,31.0,57.0,9.0,43.0,47.0,-77.0
7642,-2.0,-110.0,-88.0,16.0,30.0,58.0,10.0,42.0,48.0,-76.0
7643,-1.0,-109.0,-87.0,17.0,31.0,59.0,11.0,41.0,47.0,-77.0
7644,0.0,-108.0,-86.0,18.0,32.0,60.0,10.0,40.0,46.0,-78.0
7645,-1.0,-107.0,-87.0,17.0,33.0,59.0,9.0,41.0,45.0,-79.0
7646,-2.0,-106.0,-86.0,16.0,34.0,60.0,8.0,40.0,46.0,-80.0
7647,-1.0,-105.0,-85.0,17.0,35.0,61.0,9.0,41.0,47.0,-79.0
7648,-2.0,-106.0,-84.0,18.0,36.0,60.0,8.0,42.0,48.0,-78.0
7649,-3.0,-107.0,-85.0,17.0,35.0,59.0,7.0,43.0,49.0,-77.0
7650,-4.0,-108.0,-84.0,18.0,34.0,58.0,8.0,44.0,48.0,-78.0
7651,-5.0,-107.0,-85.0,19.0,33.0,59.0,7.0,45.0,47.0,-77.0
7652,-6.0,-108.0,-86.0,20.0,34.0,60.0,8.0,44.0,46.0,-78.0
7653,-7.0,-109.0,-85.0,21.0,33.0,59.0,9.0,45.0,45.0,-79.0
7654,-6.0,-110.0,-86.0,22.0,34.0,58.0,10.0,46.0,44.0,-80.0
7655,-7.0,-111.0,-87.0,21.0,33.0,57.0,9.0,45.0,43.0,-81.0
7656,-6.0,-112.0,-88.0,22.0,32.0,56.0,10.0,44.0,42.0,-80.0
7657,-5.0,-111.0,-89.0,21.0,33.0,57.0,9.0,43.0,43.0,-79.0
7658,-4.0,-110.0,-88.0,20.0,32.0,56.0,10.0,44.0,44.0,-78.0
7659,-5.0,-109.0,-89.0,21.0,31.0,57.0,9.0,45.0,43.0,-77.0
7660,-6.0,-108.0,-90.0,22.0,30.0,58.0,8.0,46.0,42.0,-76.0
7661,-7.0,-109.0,-91.0,21.0,29.0,59.0,9.0,47.0,43.0,-75.0
7662,-8.0,-110.0,-92.0,20.0,28.0,58.0,8.0,46.0,42.0,-76.0
7663,-7.0,-109.0,-91.0,21.0,29.0,59.0,9.0,47.0,43.0,-77.0
7664,-8.0,-110.0,-92.0,20.0,28.0,58.0,8.0,48.0,44.0,-76.0
7665,-7.0,-111.0,-91.0,19.0,29.0,57.0,9.0,47.0,45.0,-77.0
7666,-6.0,-112.0,-90.0,18.0,30.0,56.0,10.0,46.0,46.0,-78.0
7667,-7.0,-111.0,-91.0,19.0,29.0,57.0,9.0,47.0,47.0,-79.0
7668,-8.0,-110.0,-90.0,18.0,30.0,58.0,8.0,48.0,48.0,-80.0
7669,-9.0,-111.0,-91.0,19.0,31.0,59.0,9.0,47.0,47.0,-81.0
7670,-10.0,-112.0,-92.0,18.0,30.0,58.0,8.0,46.0,46.0,-82.0
7671,-9.0,-111.0,-91.0,19.0,31.0,59.0,9.0,47.0,47.0,-81.0
7672,-8.0,-112.0,-90.0,18.0,30.0,60.0,8.0,48.0,48.0,-82.0
7673,-7.0,-111.0,-91.0,17.0,31.0,61.0,7.0,47.0,49.0,-81.0
7674,-6.0,-110.0,-92.0,16.0,32.0,62.0,8.0,46.0,48.0,-80.0
7675,-5.0,-109.0,-91.0,17.0,33.0,63.0,9.0,47.0,49.0,-79.0
7676,-4.0,-108.0,-90.0,18.0,34.0,64.0,10.0,48.0,50.0,-78.0
7677,-3.0,-109.0,-91.0,19.0,33.0,63.0,11.0,49.0,49.0,-77.0
7678,-2.0,-108.0,-92.0,18.0,34.0,64.0,10.0,48.0,50.0,-76.0
7679,-1.0,-107.0,-91.0,19.0,35.0,65.0,11.0,49.0,51.0,-75.0
7680,0.0,-106.0,-92.0,18.0,36.0,66.0,10.0,48.0,52.0,-74.0
7681,-1.0,-107.0,-93.0,17.0,37.0,67.0,11.0,49.0,53.0,-75.0
7682,-2.0,-106.0,-94.0,18.0,36.0,68.0,10.0,50.0,52.0,-74.0
7683,-3.0,-107.0,-95.0,17.0,37.0,69.0,11.0,51.0,51.0,-75.0
7684,-4.0,-108.0,-96.0,18.0,38.0,70.0,10.0,50.0,50.0,-74.0
7685,-3.0,-107.0,-95.0,19.0,39.0,71.0,11.0,51.0,51.0,-73.0
7686,-4.0,-106.0,-94.0,18.0,38.0,72.0,10.0,50.0,52.0,-72.0
7687,-3.0,-107.0,-93.0,19.0,37.0,73.0,9.0,49.0,53.0,-73.0
7688,-4.0,-108.0,-94.0,18.0,38.0,74.0,10.0,50.0,52.0,-74.0
7689,-5.0,-109.0,-95.0,17.0,37.0,73.0,9.0,49.0,51.0,-75.0
7690,-6.0,-108.0,-96.0,16.0,38.0,72.0,8.0,50.0,50.0,-76.0
7691,-7.0,-107.0,-97.0,17.0,37.0,73.0,7.0,49.0,51.0,-77.0
7692,-8.0,-108.0,-96.0,18.0,38.0,72.0,6.0,50.0,52.0,-76.0
7693,-9.0,-107.0,-97.0,19.0,37.0,73.0,7.0,49.0,53.0,-77.0
7694,-10.0,-108.0,-96.0,20.0,36.0,72.0,6.0,50.0,54.0,-78.0
7695,-9.0,-109.0,-95.0,19.0,37.0,71.0,7.0,49.0,55.0,-77.0
7696,-10.0,-108.0,-94.0,18.0,38.0,72.0,6.0,50.0,56.0,-78.0
7697,-11.0,-109.0,-95.0,19.0,39.0,73.0,7.0,49.0,55.0,-79.0
7698,-12.0,-108.0,-94.0,18.0,38.0,74.0,8.0,48.0,54.0,-78.0
7699,-13.0,-109.0,-95.0,17.0,37.0,73.0,7.0,47.0,53.0,-79.0
7700,-12.0,-108.0,-94.0,18.0,38.0,74.0,8.0,48.0,54.0,-80.0
7701,-13.0,-109.0,-95.0,19.0,39.0,75.0,9.0,47.0,53.0,-81.0
7702,-14.0,-108.0,-96.0,20.0,40.0,74.0,10.0,46.0,52.0,-80.0
7703,-15.0,-107.0,-95.0,19.0,41.0,75.0,9.0,45.0,53.0,-81.0
7704,-16.0,-108.0,-96.0,18.0,40.0,74.0,8.0,44.0,52.0,-82.0
7705,-15.0,-107.0,-97.0,17.0,41.0,75.0,7.0,43.0,53.0,-81.0
7706,-14.0,-108.0,-96.0,16.0,42.0,74.0,8.0,42.0,54.0,-82.0
7707,-13.0,-107.0,-97.0,15.0,41.0,75.0,9.0,43.0,53.0,-83.0
7708,-14.0,-108.0,-98.0,14.0,40.0,76.0,10.0,44.0,54.0,-82.0
7709,-13.0,-107.0,-97.0,13.0,39.0,75.0,9.0,45.0,55.0,-81.0
7710,-14.0,-106.0,-96.0,12.0,38.0,76.0,10.0,44.0,54.0,-80.0
7711,-13.0,-105.0,-95.0,13.0,37.0,75.0,9.0,43.0,55.0,-79.0
7712,-12.0,-104.0,-96.0,12.0,36.0,76.0,10.0,44.0,54.0,-80.0
7713,-13.0,-103.0,-97.0,13.0,35.0,77.0,11.0,43.0,55.0,-81.0
7714,-12.0,-102.0,-98.0,12.0,34.0,78.0,12.0,44.0,54.0,-82.0
7715,-13.0,-103.0,-97.0,13.0,33.0,77.0,11.0,45.0,55.0,-83.0
7716,-14.0,-102.0,-98.0,14.0,32.0,78.0,10.0,46.0,54.0,-84.0
7717,-13.0,-103.0,-99.0,15.0,33.0,77.0,9.0,47.0,55.0,-85.0
7718,-12.0,-104.0,-98.0,14.0,34.0,76.0,10.0,48.0,54.0,-84.0
7719,-11.0,-105.0,-97.0,13.0,33.0,77.0,9.0,49.0,55.0,-85.0
7720,-10.0,-106.0,-96.0,12.0,34.0,78.0,8.0,50.0,54.0,-84.0
7721,-9.0,-105.0,-95.0,13.0,35.0,79.0,9.0,51.0,55.0,-83.0
7722,-8.0,-106.0,-96.0,14.0,36.0,78.0,8.0,52.0,54.0,-84.0
7723,-9.0,-105.0,-97.0,15.0,35.0,79.0,7.0,53.0,53.0,-83.0
7724,-10.0,-104.0,-96.0,14.0,34.0,80.0,6.0,52.0,54.0,-82.0
7725,-9.0,-103.0,-95.0,15.0,35.0,81.0,7.0,53.0,55.0,-83.0
7726,-10.0,-102.0,-96.0,16.0,34.0,80.0,8.0,52.0,56.0,-84.0
7727,-9.0,-101.0,-95.0,15.0,33.0,79.0,7.0,53.0,57.0,-83.0
7728,-10.0,-100.0,-96.0,16.0,32.0,80.0,6.0,52.0,58.0,-84.0
7729,-11.0,-101.0,-95.0,17.0,31.0,79.0,5.0,53.0,59.0,-85.0
7730,-12.0,-100.0,-94.0,16.0,30.0,80.0,4.0,52.0,60.0,-84.0
7731,-13.0,-101.0,-95.0,15.0,29.0,81.0,5.0,53.0,61.0,-83.0
7732,-14.0,-100.0,-96.0,16.0,28.0,82.0,4.0,54.0,60.0,-84.0
7733,-15.0,-101.0,-97.0,15.0,27.0,81.0,3.0,53.0,59.0,-85.0
7734,-16.0,-100.0,-96.0,14.0,26.0,82.0,2.0,52.0,60.0,-84.0
7735,-15.0,-101.0,-95.0,13.0,27.0,83.0,1.0,53.0,59.0,-83.0
7736,-14.0,-100.0,-94.0,14.0,28.0,84.0,2.0,54.0,60.0,-82.0
7737,-13.0,-99.0,-95.0,13.0,29.0,85.0,1.0,53.0,61.0,-81.0
7738,-14.0,-100.0,-96.0,12.0,28.0,84.0,0.0,52.0,60.0,-82.0
7739,-15.0,-99.0,-95.0,11.0,27.0,85.0,1.0,51.0,59.0,-81.0
7740,-14.0,-100.0,-94.0,12.0,26.0,86.0,2.0,50.0,60.0,-82.0
7741,-13.0,-99.0,-93.0,13.0,27.0,87.0,3.0,49.0,59.0,-83.0
7742,-14.0,-98.0,-94.0,14.0,26.0,88.0,4.0,48.0,60.0,-84.0
7743,-15.0,-99.0,-95.0,13.0,25.0,87.0,3.0,47.0,59.0,-85.0
7744,-14.0,-98.0,-96.0,12.0,26.0,88.0,2.0,46.0,60.0,-84.0
7745,-13.0,-97.0,-95.0,11.0,25.0,87.0,1.0,47.0,61.0,-83.0
7746,-12.0,-98.0,-96.0,12.0,24.0,86.0,2.0,46.0,60.0,-82.0
7747,-13.0,-99.0,-97.0,11.0,25.0,87.0,3.0,47.0,61.0,-83.0
7748,-14.0,-100.0,-98.0,12.0,26.0,88.0,4.0,46.0,60.0,-84.0
7749,-15.0,-99.0,-99.0,13.0,25.0,89.0,3.0,47.0,59.0,-83.0
7750,-14.0,-98.0,-98.0,12.0,24.0,88.0,2.0,48.0,60.0,-82.0
7751,-15.0,-97.0,-99.0,11.0,25.0,87.0,3.0,49.0,59.0,-81.0
7752,-14.0,-98.0,-98.0,10.0,26.0,86.0,4.0,48.0,60.0,-82.0
7753,-15.0,-97.0,-97.0,9.0,27.0,87.0,3.0,49.0,61.0,-83.0
7754,-14.0,-96.0,-98.0,8.0,26.0,88.0,4.0,48.0,60.0,-84.0
7755,-15.0,-95.0,-97.0,7.0,25.0,89.0,5.0,47.0,59.0,-83.0
7756,-16.0,-96.0,-98.0,6.0,24.0,88.0,6.0,48.0,60.0,-82.0
7757,-15.0,-97.0,-99.0,7.0,25.0,87.0,7.0,49.0,59.0,-83.0
7758,-16.0,-98.0,-100.0,6.0,24.0,86.0,6.0,48.0,58.0,-84.0
7759,-17.0,-97.0,-99.0,5.0,23.0,87.0,5.0,47.0,59.0,-83.0
7760,-16.0,-96.0,-98.0,6.0,24.0,88.0,4.0,46.0,58.0,-84.0
7761,-17.0,-97.0,-99.0,5.0,25.0,89.0,5.0,47.0,59.0,-85.0
7762,-18.0,-96.0,-100.0,6.0,24.0,90.0,4.0,48.0,58.0,-86.0
7763,-19.0,-97.0,-99.0,7.0,23.0,89.0,5.0,49.0,57.0,-87.0
7764,-20.0,-96.0,-100.0,8.0,24.0,88.0,6.0,48.0,56.0,-86.0
7765,-19.0,-95.0,-101.0,7.0,25.0,89.0,5.0,47.0,57.0,-85.0
7766,-18.0,-96.0,-100.0,8.0,24.0,90.0,6.0,46.0,58.0,-86.0
7767,-19.0,-97.0,-101.0,7.0,23.0,89.0,5.0,45.0,57.0,-87.0
7768,-20.0,-96.0,-102.0,8.0,24.0,88.0,6.0,44.0,58.0,-86.0
7769,-19.0,-97.0,-101.0,7.0,25.0,87.0,7.0,43.0,59.0,-87.0
7770,-20.0,-98.0,-100.0,8.0,26.0,86.0,6.0,42.0,60.0,-86.0
7771,-21.0,-99.0,-99.0,9.0,25.0,85.0,5.0,43.0,61.0,-87.0
7772,-20.0,-100.0,-100.0,10.0,24.0,84.0,6.0,44.0,60.0,-86.0
7773,-21.0,-101.0,-101.0,11.0,25.0,85.0,5.0,43.0,59.0,-87.0
7774,-20.0,-100.0,-100.0,10.0,24.0,84.0,4.0,44.0,60.0,-86.0
7775,-19.0,-99.0,-101.0,9.0,25.0,85.0,3.0,43.0,61.0,-85.0
7776,-20.0,-100.0,-102.0,8.0,24.0,84.0,4.0,44.0,62.0,-84.0
7777,-21.0,-101.0,-103.0,9.0,25.0,85.0,5.0,43.0,61.0,-85.0
7778,-20.0,-100.0,-102.0,10.0,26.0,84.0,4.0,42.0,60.0,-86.0
7779,-21.0,-101.0,-103.0,9.0,25.0,83.0,3.0,41.0,59.0,-87.0
7780,-22.0,-100.0,-104.0,8.0,26.0,82.0,4.0,42.0,58.0,-86.0
7781,-23.0,-99.0,-105.0,9.0,25.0,81.0,5.0,41.0,59.0,-87.0
7782,-24.0,-98.0,-106.0,10.0,24.0,82.0,4.0,42.0,58.0,-86.0
7783,-23.0,-97.0,-105.0,11.0,25.0,83.0,5.0,43.0,59.0,-87.0
7784,-24.0,-96.0,-106.0,12.0,26.0,82.0,6.0,42.0,60.0,-86.0
7785,-23.0,-97.0,-105.0,11.0,27.0,81.0,7.0,41.0,61.0,-87.0
7786,-22.0,-96.0,-104.0,12.0,28.0,82.0,8.0,40.0,60.0,-88.0
7787,-21.0,-95.0,-103.0,13.0,27.0,81.0,7.0,39.0,61.0,-87.0
7788,-22.0,-94.0,-104.0,12.0,28.0,80.0,6.0,40.0,60.0,-88.0
7789,-23.0,-95.0,-103.0,13.0,27.0,79.0,7.0,41.0,59.0,-89.0
7790,-24.0,-96.0,-102.0,14.0,28.0,78.0,6.0,42.0,60.0,-88.0
7791,-23.0,-95.0,-103.0,13.0,29.0,79.0,5.0,41.0,61.0,-87.0
7792,-24.0,-96.0,-104.0,12.0,28.0,78.0,4.0,40.0,60.0,-88.0
7793,-25.0,-97.0,-105.0,11.0,27.0,77.0,3.0,41.0,61.0,-87.0
7794,-24.0,-96.0,-106.0,10.0,28.0,78.0,2.0,40.0,62.0,-86.0
7795,-25.0,-97.0,-107.0,9.0,27.0,77.0,1.0,39.0,61.0,-85.0
7796,-24.0,-96.0,-106.0,8.0,26.0,76.0,0.0,40.0,62.0,-84.0
7797,-23.0,-97.0,-105.0,7.0,25.0,77.0,-1.0,41.0,63.0,-85.0
7798,-24.0,-98.0,-104.0,8.0,26.0,76.0,-2.0,40.0,64.0,-84.0
7799,-23.0,-97.0,-105.0,7.0,27.0,77.0,-3.0,39.0,65.0,-83.0
7800,-24.0,-96.0,-106.0,8.0,26.0,78.0,-4.0,40.0,64.0,-84.0
7801,-23.0,-97.0,-107.0,9.0,27.0,77.0,-5.0,41.0,65.0,-85.0
7802,-22.0,-98.0,-108.0,10.0,28.0,76.0,-4.0,42.0,64.0,-86.0
7803,-23.0,-97.0,-107.0,9.0,29.0,77.0,-5.0,43.0,65.0,-87.0
7804,-22.0,-96.0,-106.0,8.0,28.0,76.0,-4.0,44.0,66.0,-88.0
7805,-23.0,-95.0,-107.0,9.0,27.0,77.0,-5.0,43.0,67.0,-89.0
7806,-24.0,-94.0,-106.0,8.0,26.0,78.0,-4.0,42.0,66.0,-88.0
7807,-23.0,-93.0,-107.0,7.0,25.0,79.0,-3.0,43.0,65.0,-89.0
7808,-22.0,-94.0,-108.0,8.0,24.0,78.0,-2.0,42.0,64.0,-88.0
7809,-21.0,-93.0,-109.0,7.0,25.0,79.0,-3.0,41.0,65.0,-87.0
7810,-20.0,-92.0,-110.0,6.0,24.0,80.0,-2.0,42.0,64.0,-88.0
7811,-19.0,-91.0,-111.0,5.0,23.0,81.0,-1.0,43.0,63.0,-89.0
7812,-18.0,-90.0,-112.0,4.0,24.0,82.0,-2.0,42.0,64.0,-88.0
7813,-19.0,-91.0,-113.0,3.0,23.0,81.0,-3.0,41.0,63.0,-89.0
7814,-20.0,-92.0,-114.0,2.0,22.0,80.0,-2.0,42.0,64.0,-88.0
7815,-19.0,-91.0,-113.0,3.0,23.0,81.0,-1.0,43.0,65.0,-87.0
7816,-18.0,-92.0,-112.0,2.0,24.0,80.0,0.0,42.0,66.0,-88.0
7817,-17.0,-91.0,-111.0,3.0,25.0,81.0,1.0,43.0,67.0,-89.0
7818,-16.0,-92.0,-110.0,2.0,24.0,82.0,0.0,44.0,68.0,-90.0
7819,-15.0,-93.0,-111.0,3.0,25.0,81.0,-1.0,45.0,69.0,-91.0
7820,-14.0,-94.0,-112.0,4.0,26.0,80.0,-2.0,46.0,68.0,-92.0
7821,-13.0,-93.0,-113.0,3.0,27.0,81.0,-3.0,45.0,69.0,-91.0
7822,-14.0,-94.0,-114.0,2.0,26.0,80.0,-2.0,46.0,70.0,-90.0
7823,-15.0,-93.0,-115.0,3.0,25.0,81.0,-3.0,47.0,71.0,-91.0
7824,-16.0,-94.0,-116.0,2.0,24.0,80.0,-4.0,46.0,70.0,-92.0
7825,-15.0,-93.0,-117.0,1.0,25.0,81.0,-3.0,45.0,69.0,-91.0
7826,-16.0,-92.0,-116.0,0.0,24.0,82.0,-4.0,44.0,70.0,-90.0
7827,-15.0,-91.0,-117.0,-1.0,25.0,83.0,-5.0,43.0,71.0,-89.0
7828,-16.0,-90.0,-118.0,0.0,24.0,82.0,-4.0,42.0,72.0,-90.0
7829,-17.0,-89.0,-117.0,-1.0,23.0,83.0,-3.0,41.0,71.0,-89.0
7830,-16.0,-90.0,-116.0,-2.0,24.0,82.0,-4.0,42.0,70.0,-88.0
7831,-17.0,-89.0,-115.0,-3.0,23.0,83.0,-3.0,41.0,69.0,-87.0
7832,-16.0,-90.0,-114.0,-4.0,22.0,84.0,-4.0,42.0,70.0,-88.0
7833,-17.0,-89.0,-115.0,-3.0,21.0,85.0,-5.0,43.0,69.0,-87.0
7834,-18.0,-90.0,-116.0,-2.0,22.0,86.0,-6.0,42.0,68.0,-86.0
7835,-17.0,-91.0,-115.0,-3.0,23.0,87.0,-7.0,43.0,67.0,-85.0
7836,-16.0,-92.0,-114.0,-4.0,22.0,88.0,-8.0,44.0,68.0,-86.0
7837,-15.0,-93.0,-115.0,-3.0,23.0,87.0,-9.0,45.0,69.0,-87.0
7838,-16.0,-92.0,-116.0,-2.0,22.0,88.0,-10.0,46.0,70.0,-88.0
7839,-17.0,-91.0,-117.0,-3.0,23.0,87.0,-11.0,47.0,69.0,-87.0
7840,-16.0,-92.0,-116.0,-4.0,24.0,86.0,-10.0,46.0,70.0,-88.0
7841,-15.0,-91.0,-117.0,-5.0,25.0,87.0,-11.0,45.0,71.0,-87.0
7842,-14.0,-90.0,-116.0,-4.0,24.0,86.0,-12.0,44.0,72.0,-86.0
7843,-15.0,-91.0,-117.0,-5.0,23.0,85.0,-13.0,43.0,73.0,-85.0
7844,-14.0,-92.0,-116.0,-4.0,22.0,86.0,-12.0,42.0,74.0,-84.0
7845,-15.0,-91.0,-117.0,-3.0,21.0,87.0,-13.0,43.0,73.0,-85.0
7846,-16.0,-92.0,-118.0,-4.0,20.0,88.0,-12.0,44.0,74.0,-84.0
7847,-15.0,-93.0,-117.0,-5.0,21.0,87.0,-11.0,43.0,75.0,-85.0
7848,-14.0,-94.0,-116.0,-6.0,22.0,86.0,-12.0,44.0,74.0,-84.0
7849,-15.0,-95.0,-117.0,-7.0,21.0,85.0,-13.0,43.0,73.0,-85.0
7850,-14.0,-94.0,-116.0,-6.0,22.0,86.0,-12.0,44.0,74.0,-84.0
7851,-13.0,-95.0,-115.0,-7.0,21.0,87.0,-13.0,45.0,75.0,-85.0
7852,-14.0,-94.0,-116.0,-6.0,20.0,88.0,-14.0,46.0,74.0,-84.0
7853,-15.0,-93.0,-115.0,-7.0,21.0,89.0,-15.0,47.0,75.0,-85.0
7854,-14.0,-94.0,-114.0,-6.0,20.0,90.0,-14.0,46.0,76.0,-84.0
7855,-15.0,-95.0,-115.0,-7.0,19.0,89.0,-15.0,45.0,75.0,-85.0
7856,-14.0,-96.0,-116.0,-6.0,18.0,88.0,-14.0,46.0,74.0,-84.0
7857,-13.0,-95.0,-115.0,-7.0,17.0,87.0,-13.0,47.0,75.0,-85.0
7858,-14.0,-96.0,-116.0,-8.0,16.0,86.0,-14.0,46.0,74.0,-86.0
7859,-13.0,-97.0,-117.0,-7.0,17.0,85.0,-15.0,47.0,75.0,-87.0
7860,-14.0,-98.0,-118.0,-8.0,18.0,86.0,-14.0,48.0,76.0,-88.0
7861,-13.0,-99.0,-117.0,-9.0,19.0,85.0,-13.0,47.0,77.0,-89.0
7862,-14.0,-98.0,-118.0,-8.0,18.0,86.0,-14.0,48.0,76.0,-88.0
7863,-13.0,-99.0,-117.0,-9.0,19.0,85.0,-13.0,47.0,77.0,-89.0
7864,-12.0,-98.0,-118.0,-10.0,20.0,86.0,-12.0,46.0,76.0,-88.0
7865,-13.0,-99.0,-117.0,-9.0,19.0,85.0,-11.0,47.0,75.0,-89.0
7866,-12.0,-98.0,-116.0,-8.0,18.0,84.0,-12.0,46.0,76.0,-88.0
7867,-11.0,-97.0,-117.0,-9.0,17.0,85.0,-11.0,47.0,75.0,-89.0
7868,-12.0,-96.0,-118.0,-8.0,18.0,84.0,-10.0,46.0,74.0,-88.0
7869,-13.0,-95.0,-117.0,-9.0,17.0,85.0,-9.0,45.0,73.0,-87.0
7870,-14.0,-94.0,-118.0,-8.0,18.0,84.0,-8.0,44.0,74.0,-86.0
7871,-15.0,-95.0,-119.0,-9.0,17.0,83.0,-9.0,43.0,73.0,-87.0
7872,-16.0,-94.0,-118.0,-10.0,16.0,84.0,-10.0,42.0,74.0,-86.0
7873,-17.0,-93.0,-117.0,-11.0,17.0,85.0,-11.0,43.0,75.0,-87.0
7874,-18.0,-92.0,-116.0,-12.0,18.0,86.0,-12.0,44.0,76.0,-88.0
7875,-17.0,-93.0,-115.0,-13.0,19.0,85.0,-11.0,43.0,77.0,-89.0
7876,-18.0,-94.0,-116.0,-14.0,18.0,84.0,-12.0,42.0,76.0,-90.0
7877,-19.0,-95.0,-117.0,-15.0,17.0,83.0,-13.0,41.0,75.0,-91.0
7878,-20.0,-94.0,-116.0,-16.0,16.0,84.0,-14.0,40.0,76.0,-90.0
7879,-21.0,-95.0,-117.0,-17.0,15.0,83.0,-15.0,39.0,75.0,-91.0
7880,-22.0,-94.0,-118.0,-16.0,14.0,82.0,-14.0,38.0,76.0,-92.0
7881,-23.0,-95.0,-117.0,-15.0,15.0,81.0,-15.0,39.0,77.0,-91.0
7882,-24.0,-94.0,-118.0,-14.0,16.0,80.0,-14.0,38.0,78.0,-90.0
7883,-23.0,-93.0,-117.0,-15.0,15.0,79.0,-15.0,39.0,79.0,-89.0
7884,-24.0,-92.0,-118.0,-16.0,16.0,78.0,-16.0,40.0,78.0,-90.0
7885,-23.0,-91.0,-119.0,-17.0,17.0,79.0,-17.0,39.0,79.0,-89.0
7886,-22.0,-90.0,-120.0,-18.0,18.0,80.0,-18.0,38.0,80.0,-88.0
7887,-23.0,-89.0,-119.0,-19.0,19.0,81.0,-19.0,37.0,81.0,-89.0
7888,-24.0,-88.0,-118.0,-20.0,18.0,82.0,-18.0,36.0,82.0,-88.0
7889,-25.0,-87.0,-119.0,-19.0,17.0,81.0,-17.0,35.0,83.0,-89.0
7890,-24.0,-86.0,-120.0,-20.0,18.0,82.0,-16.0,34.0,82.0,-88.0
7891,-23.0,-87.0,-121.0,-19.0,17.0,81.0,-15.0,33.0,81.0,-87.0
7892,-24.0,-88.0,-122.0,-20.0,18.0,82.0,-14.0,34.0,82.0,-88.0
7893,-25.0,-89.0,-123.0,-21.0,19.0,83.0,-13.0,35.0,83.0,-89.0
7894,-24.0,-88.0,-122.0,-22.0,18.0,82.0,-12.0,36.0,84.0,-88.0
7895,-25.0,-87.0,-123.0,-21.0,17.0,83.0,-13.0,35.0,85.0,-89.0
7896,-26.0,-86.0,-124.0,-22.0,18.0,82.0,-14.0,36.0,84.0,-88.0
7897,-27.0,-85.0,-123.0,-23.0,17.0,83.0,-13.0,35.0,83.0,-87.0
7898,-28.0,-86.0,-122.0,-22.0,16.0,82.0,-14.0,36.0,84.0,-88.0
7899,-27.0,-85.0,-123.0,-23.0,17.0,83.0,-13.0,35.0,83.0,-87.0
7900,-26.0,-84.0,-122.0,-22.0,16.0,82.0,-14.0,34.0,84.0,-86.0
7901,-27.0,-85.0,-123.0,-23.0,15.0,81.0,-15.0,33.0,83.0,-87.0
7902,-28.0,-84.0,-124.0,-22.0,16.0,80.0,-14.0,32.0,82.0,-86.0
7903,-27.0,-85.0,-123.0,-23.0,15.0,81.0,-15.0,33.0,83.0,-87.0
7904,-28.0,-86.0,-122.0,-22.0,16.0,80.0,-16.0,32.0,84.0,-86.0
7905,-29.0,-87.0,-121.0,-21.0,17.0,79.0,-17.0,33.0,85.0,-85.0
7906,-28.0,-86.0,-120.0,-22.0,16.0,78.0,-16.0,34.0,86.0,-84.0
7907,-27.0,-85.0,-119.0,-21.0,17.0,79.0,-15.0,35.0,85.0,-85.0
7908,-28.0,-84.0,-120.0,-20.0,16.0,80.0,-16.0,36.0,84.0,-84.0
7909,-27.0,-83.0,-119.0,-19.0,17.0,81.0,-15.0,37.0,83.0,-85.0
7910,-28.0,-84.0,-118.0,-18.0,18.0,80.0,-16.0,36.0,84.0,-84.0
7911,-27.0,-83.0,-117.0,-17.0,19.0,81.0,-15.0,37.0,85.0,-83.0
7912,-28.0,-82.0,-116.0,-18.0,20.0,82.0,-16.0,36.0,86.0,-84.0
7913,-27.0,-81.0,-115.0,-19.0,19.0,81.0,-17.0,37.0,87.0,-83.0
7914,-28.0,-80.0,-114.0,-20.0,18.0,82.0,-16.0,36.0,86.0,-82.0
7915,-29.0,-81.0,-115.0,-21.0,17.0,81.0,-17.0,35.0,85.0,-83.0
7916,-28.0,-80.0,-116.0,-22.0,18.0,82.0,-16.0,34.0,84.0,-82.0
7917,-29.0,-81.0,-117.0,-23.0,17.0,81.0,-17.0,35.0,85.0,-81.0
7918,-30.0,-82.0,-118.0,-22.0,18.0,82.0,-16.0,34.0,84.0,-82.0
7919,-29.0,-83.0,-117.0,-23.0,19.0,81.0,-15.0,33.0,85.0,-83.0
7920,-28.0,-84.0,-116.0,-24.0,18.0,82.0,-16.0,34.0,84.0,-84.0
7921,-29.0,-83.0,-117.0,-23.0,17.0,83.0,-15.0,33.0,85.0,-85.0
7922,-28.0,-84.0,-116.0,-24.0,18.0,82.0,-14.0,32.0,86.0,-84.0
7923,-27.0,-83.0,-117.0,-25.0,19.0,83.0,-13.0,31.0,85.0,-83.0
7924,-28.0,-82.0,-116.0,-26.0,20.0,84.0,-14.0,32.0,86.0,-84.0
7925,-27.0,-83.0,-115.0,-25.0,19.0,85.0,-13.0,31.0,87.0,-85.0
7926,-28.0,-84.0,-116.0,-26.0,18.0,84.0,-14.0,30.0,86.0,-86.0
7927,-29.0,-85.0,-117.0,-25.0,19.0,85.0,-15.0,29.0,85.0,-85.0
7928,-28.0,-86.0,-116.0,-26.0,20.0,84.0,-14.0,30.0,84.0,-84.0
7929,-27.0,-85.0,-115.0,-25.0,21.0,85.0,-13.0,31.0,85.0,-83.0
7930,-26.0,-86.0,-114.0,-26.0,22.0,84.0,-14.0,32.0,84.0,-82.0
7931,-27.0,-85.0,-115.0,-25.0,21.0,85.0,-13.0,31.0,85.0,-83.0
7932,-26.0,-84.0,-114.0,-24.0,22.0,86.0,-12.0,32.0,86.0,-82.0
7933,-25.0,-85.0,-113.0,-25.0,23.0,85.0,-11.0,31.0,87.0,-83.0
7934,-26.0,-84.0,-114.0,-24.0,22.0,86.0,-12.0,30.0,88.0,-84.0
7935,-27.0,-83.0,-115.0,-25.0,23.0,85.0,-11.0,31.0,87.0,-83.0
7936,-26.0,-84.0,-116.0,-24.0,24.0,84.0,-10.0,32.0,86.0,-84.0
7937,-25.0,-83.0,-117.0,-25.0,23.0,85.0,-9.0,33.0,85.0,-85.0
7938,-26.0,-82.0,-116.0,-26.0,22.0,86.0,-8.0,32.0,86.0,-84.0
7939,-25.0,-81.0,-115.0,-27.0,21.0,85.0,-7.0,33.0,87.0,-85.0
7940,-24.0,-80.0,-114.0,-26.0,20.0,84.0,-8.0,32.0,88.0,-84.0
7941,-23.0,-81.0,-113.0,-27.0,21.0,83.0,-7.0,31.0,89.0,-85.0
7942,-24.0,-80.0,-112.0,-28.0,22.0,84.0,-8.0,30.0,90.0,-86.0
7943,-23.0,-79.0,-111.0,-29.0,21.0,83.0,-9.0,31.0,91.0,-85.0
7944,-24.0,-80.0,-112.0,-30.0,20.0,84.0,-8.0,32.0,92.0,-84.0
7945,-25.0,-81.0,-113.0,-31.0,21.0,85.0,-7.0,33.0,93.0,-85.0
7946,-24.0,-80.0,-112.0,-32.0,20.0,84.0,-6.0,34.0,94.0,-84.0
7947,-23.0,-81.0,-113.0,-31.0,21.0,83.0,-7.0,35.0,93.0,-85.0
7948,-24.0,-82.0,-114.0,-32.0,22.0,84.0,-6.0,36.0,92.0,-86.0
7949,-23.0,-83.0,-113.0,-31.0,21.0,85.0,-7.0,35.0,93.0,-87.0
7950,-22.0,-82.0,-114.0,-32.0,22.0,86.0,-6.0,34.0,92.0,-86.0
7951,-23.0,-83.0,-115.0,-33.0,21.0,85.0,-7.0,33.0,91.0,-87.0
7952,-24.0,-82.0,-114.0,-34.0,22.0,86.0,-8.0,34.0,92.0,-88.0
7953,-23.0,-81.0,-115.0,-35.0,23.0,87.0,-7.0,33.0,91.0,-87.0
7954,-24.0,-80.0,-116.0,-34.0,24.0,86.0,-6.0,32.0,90.0,-86.0
7955,-23.0,-79.0,-117.0,-35.0,23.0,87.0,-5.0,33.0,89.0,-87.0
7956,-24.0,-80.0,-116.0,-34.0,22.0,86.0,-4.0,34.0,88.0,-88.0
7957,-25.0,-79.0,-117.0,-33.0,21.0,87.0,-5.0,35.0,87.0,-87.0
7958,-24.0,-80.0,-116.0,-34.0,20.0,88.0,-6.0,36.0,86.0,-88.0
7959,-23.0,-79.0,-117.0,-35.0,21.0,89.0,-5.0,35.0,85.0,-87.0
7960,-22.0,-80.0,-116.0,-36.0,22.0,88.0,-4.0,34.0,86.0,-88.0
7961,-21.0,-79.0,-115.0,-37.0,21.0,87.0,-3.0,35.0,87.0,-87.0
7962,-20.0,-78.0,-114.0,-36.0,20.0,86.0,-4.0,34.0,88.0,-86.0
7963,-21.0,-77.0,-113.0,-37.0,21.0,87.0,-5.0,35.0,89.0,-87.0
7964,-22.0,-78.0,-114.0,-38.0,20.0,86.0,-6.0,34.0,88.0,-88.0
7965,-23.0,-77.0,-115.0,-39.0,21.0,85.0,-5.0,35.0,87.0,-87.0
7966,-22.0,-76.0,-114.0,-38.0,22.0,86.0,-4.0,36.0,88.0,-86.0
7967,-23.0,-75.0,-113.0,-39.0,21.0,87.0,-3.0,35.0,87.0,-85.0
7968,-24.0,-76.0,-114.0,-40.0,20.0,86.0,-4.0,34.0,88.0,-84.0
7969,-25.0,-75.0,-115.0,-39.0,21.0,85.0,-3.0,33.0,87.0,-83.0
7970,-24.0,-76.0,-114.0,-40.0,22.0,86.0,-4.0,34.0,86.0,-82.0
7971,-23.0,-77.0,-113.0,-41.0,21.0,87.0,-5.0,35.0,87.0,-83.0
7972,-24.0,-76.0,-114.0,-40.0,20.0,88.0,-6.0,36.0,86.0,-82.0
7973,-25.0,-77.0,-115.0,-39.0,21.0,89.0,-7.0,35.0,85.0,-81.0
7974,-26.0,-76.0,-116.0,-40.0,22.0,88.0,-6.0,36.0,84.0,-80.0
7975,-25.0,-75.0,-115.0,-39.0,23.0,89.0,-7.0,35.0,83.0,-81.0
7976,-24.0,-74.0,-114.0,-38.0,24.0,90.0,-6.0,36.0,84.0,-80.0
7977,-23.0,-73.0,-113.0,-37.0,25.0,91.0,-5.0,37.0,85.0,-79.0
7978,-22.0,-72.0,-112.0,-36.0,26.0,92.0,-4.0,36.0,84.0,-80.0
7979,-23.0,-71.0,-111.0,-37.0,25.0,93.0,-3.0,35.0,85.0,-79.0
7980,-24.0,-70.0,-112.0,-36.0,24.0,94.0,-4.0,36.0,84.0,-78.0
7981,-23.0,-71.0,-113.0,-35.0,25.0,93.0,-5.0,37.0,83.0,-79.0
7982,-22.0,-72.0,-114.0,-34.0,26.0,92.0,-6.0,38.0,84.0,-80.0
7983,-21.0,-73.0,-115.0,-33.0,27.0,91.0,-7.0,39.0,85.0,-81.0
7984,-22.0,-74.0,-116.0,-32.0,28.0,92.0,-6.0,38.0,84.0,-82.0
7985,-23.0,-75.0,-117.0,-33.0,27.0,93.0,-5.0,39.0,85.0,-81.0
7986,-24.0,-74.0,-116.0,-34.0,26.0,94.0,-4.0,38.0,86.0,-80.0
7987,-25.0,-73.0,-115.0,-35.0,27.0,95.0,-5.0,39.0,87.0,-81.0
7988,-26.0,-74.0,-116.0,-34.0,28.0,96.0,-4.0,38.0,86.0,-82.0
7989,-25.0,-75.0,-117.0,-33.0,29.0,95.0,-3.0,39.0,85.0,-83.0
7990,-24.0,-76.0,-118.0,-32.0,28.0,94.0,-2.0,40.0,84.0,-82.0
7991,-23.0,-75.0,-119.0,-33.0,27.0,95.0,-1.0,41.0,83.0,-83.0
7992,-24.0,-76.0,-120.0,-34.0,28.0,96.0,0.0,42.0,84.0,-84.0
7993,-25.0,-75.0,-119.0,-35.0,29.0,97.0,-1.0,43.0,85.0,-85.0
7994,-24.0,-74.0,-118.0,-34.0,30.0,98.0,0.0,44.0,86.0,-84.0
7995,-25.0,-75.0,-119.0,-35.0,29.0,97.0,-1.0,43.0,85.0,-83.0
7996,-24.0,-76.0,-118.0,-34.0,28.0,98.0,0.0,42.0,86.0,-82.0
7997,-25.0,-75.0,-119.0,-33.0,27.0,99.0,-1.0,43.0,85.0,-81.0
7998,-24.0,-74.0,-118.0,-32.0,26.0,98.0,-2.0,42.0,86.0,-80.0
7999,-23.0,-73.0,-119.0,-33.0,27.0,99.0,-3.0,41.0,87.0,-79.0
8000,-22.0,-72.0,-120.0,-34.0,28.0,100.0,-4.0,40.0,86.0,-78.0
8001,-23.0,-71.0,-121.0,-33.0,27.0,101.0,-5.0,41.0,85.0,-77.0
8002,-22.0,-72.0,-120.0,-34.0,28.0,100.0,-4.0,40.0,84.0,-76.0
8003,-23.0,-71.0,-121.0,-35.0,29.0,99.0,-3.0,41.0,83.0,-75.0
8004,-22.0,-70.0,-120.0,-36.0,28.0,98.0,-2.0,42.0,84.0,-74.0
8005,-21.0,-71.0,-119.0,-37.0,27.0,99.0,-3.0,43.0,83.0,-75.0
8006,-20.0,-70.0,-120.0,-38.0,28.0,100.0,-4.0,42.0,84.0,-74.0
8007,-19.0,-71.0,-119.0,-39.0,29.0,99.0,-3.0,41.0,85.0,-75.0
8008,-18.0,-70.0,-118.0,-38.0,30.0,98.0,-4.0,40.0,84.0,-76.0
8009,-19.0,-71.0,-119.0,-39.0,29.0,97.0,-5.0,39.0,83.0,-77.0
8010,-20.0,-72.0,-118.0,-38.0,28.0,96.0,-4.0,40.0,82.0,-78.0
8011,-21.0,-71.0,-117.0,-39.0,27.0,97.0,-3.0,39.0,83.0,-77.0
8012,-20.0,-70.0,-116.0,-38.0,28.0,98.0,-2.0,40.0,82.0,-78.0
8013,-21.0,-69.0,-117.0,-37.0,27.0,99.0,-3.0,41.0,81.0,-77.0
8014,-22.0,-70.0,-118.0,-38.0,26.0,98.0,-4.0,40.0,80.0,-76.0
8015,-23.0,-69.0,-119.0,-37.0,25.0,99.0,-5.0,41.0,79.0,-75.0
8016,-24.0,-68.0,-120.0,-38.0,26.0,98.0,-6.0,42.0,78.0,-76.0
8017,-25.0,-69.0,-119.0,-37.0,25.0,97.0,-7.0,43.0,79.0,-77.0
8018,-26.0,-70.0,-118.0,-36.0,24.0,96.0,-6.0,44.0,78.0,-78.0
8019,-27.0,-69.0,-119.0,-35.0,23.0,95.0,-5.0,43.0,79.0,-79.0
8020,-28.0,-70.0,-118.0,-34.0,22.0,94.0,-4.0,44.0,78.0,-80.0
8021,-29.0,-71.0,-119.0,-35.0,23.0,95.0,-3.0,45.0,77.0,-81.0
8022,-28.0,-70.0,-118.0,-34.0,24.0,96.0,-2.0,46.0,78.0,-80.0
8023,-27.0,-69.0,-117.0,-33.0,25.0,95.0,-3.0,45.0,77.0,-81.0
8024,-26.0,-68.0,-118.0,-34.0,26.0,96.0,-4.0,44.0,78.0,-80.0
8025,-27.0,-69.0,-117.0,-33.0,25.0,95.0,-3.0,45.0,77.0,-81.0
8026,-28.0,-68.0,-116.0,-34.0,26.0,96.0,-4.0,46.0,78.0,-82.0
8027,-27.0,-67.0,-117.0,-35.0,25.0,97.0,-3.0,45.0,77.0,-83.0
8028,-28.0,-66.0,-118.0,-34.0,24.0,98.0,-4.0,46.0,76.0,-82.0
8029,-29.0,-65.0,-119.0,-33.0,23.0,99.0,-5.0,45.0,77.0,-83.0
8030,-30.0,-64.0,-120.0,-32.0,22.0,98.0,-4.0,44.0,78.0,-84.0
8031,-31.0,-63.0,-121.0,-31.0,21.0,99.0,-5.0,45.0,77.0,-83.0
8032,-32.0,-62.0,-120.0,-32.0,22.0,100.0,-6.0,44.0,78.0,-84.0
8033,-33.0,-63.0,-119.0,-31.0,21.0,99.0,-7.0,45.0,79.0,-85.0
8034,-32.0,-64.0,-118.0,-32.0,22.0,98.0,-6.0,44.0,78.0,-84.0
8035,-31.0,-65.0,-117.0,-33.0,21.0,99.0,-7.0,45.0,77.0,-85.0
8036,-30.0,-64.0,-118.0,-34.0,20.0,100.0,-6.0,46.0,76.0,-86.0
8037,-29.0,-63.0,-119.0,-35.0,21.0,101.0,-7.0,45.0,77.0,-85.0
8038,-28.0,-64.0,-118.0,-36.0,22.0,102.0,-8.0,46.0,76.0,-84.0
8039,-29.0,-63.0,-119.0,-35.0,21.0,101.0,-7.0,45.0,77.0,-85.0
8040,-28.0,-62.0,-118.0,-34.0,20.0,100.0,-8.0,44.0,76.0,-84.0
8041,-29.0,-63.0,-119.0,-33.0,21.0,101.0,-7.0,43.0,75.0,-85.0
8042,-28.0,-62.0,-118.0,-32.0,22.0,102.0,-6.0,44.0,76.0,-84.0
8043,-27.0,-63.0,-119.0,-31.0,23.0,101.0,-7.0,45.0,77.0,-85.0
8044,-26.0,-64.0,-120.0,-30.0,24.0,100.0,-8.0,46.0,78.0,-86.0
8045,-25.0,-63.0,-119.0,-29.0,25.0,101.0,-7.0,47.0,79.0,-85.0
8046,-24.0,-64.0,-120.0,-28.0,24.0,100.0,-6.0,48.0,78.0,-84.0
8047,-25.0,-63.0,-121.0,-27.0,23.0,101.0,-7.0,49.0,79.0,-85.0
8048,-26.0,-62.0,-122.0,-28.0,24.0,100.0,-8.0,50.0,78.0,-86.0
8049,-27.0,-61.0,-123.0,-27.0,23.0,101.0,-7.0,49.0,79.0,-87.0
8050,-28.0,-60.0,-124.0,-26.0,24.0,100.0,-6.0,48.0,78.0,-86.0
8051,-27.0,-59.0,-123.0,-25.0,25.0,101.0,-5.0,49.0,79.0,-85.0
8052,-28.0,-58.0,-122.0,-26.0,24.0,102.0,-4.0,48.0,78.0,-84.0
8053,-27.0,-57.0,-121.0,-25.0,25.0,103.0,-3.0,49.0,77.0,-85.0
8054,-28.0,-56.0,-122.0,-26.0,26.0,102.0,-4.0,50.0,76.0,-84.0
8055,-27.0,-57.0,-123.0,-25.0,27.0,101.0,-3.0,51.0,75.0,-85.0
8056,-28.0,-56.0,-124.0,-24.0,26.0,102.0,-4.0,52.0,74.0,-84.0
8057,-29.0,-57.0,-123.0,-23.0,27.0,101.0,-5.0,53.0,75.0,-83.0
8058,-30.0,-56.0,-122.0,-24.0,28.0,102.0,-6.0,54.0,76.0,-84.0
8059,-31.0,-55.0,-123.0,-23.0,27.0,103.0,-7.0,55.0,75.0,-83.0
8060,-32.0,-56.0,-124.0,-24.0,26.0,102.0,-8.0,54.0,74.0,-84.0
8061,-33.0,-57.0,-125.0,-25.0,25.0,101.0,-9.0,53.0,73.0,-85.0
8062,-32.0,-58.0,-124.0,-26.0,24.0,102.0,-10.0,54.0,72.0,-86.0
8063,-31.0,-59.0,-123.0,-27.0,25.0,103.0,-11.0,55.0,71.0,-85.0
8064,-32.0,-60.0,-124.0,-28.0,24.0,102.0,-12.0,56.0,72.0,-84.0
8065,-33.0,-61.0,-123.0,-27.0,25.0,101.0,-13.0,57.0,73.0,-83.0
8066,-32.0,-62.0,-122.0,-26.0,24.0,102.0,-14.0,56.0,74.0,-84.0
8067,-33.0,-63.0,-123.0,-25.0,25.0,103.0,-15.0,55.0,73.0,-83.0
8068,-34.0,-62.0,-124.0,-24.0,24.0,104.0,-16.0,56.0,72.0,-82.0
8069,-33.0,-61.0,-125.0,-25.0,23.0,105.0,-15.0,55.0,71.0,-83.0
8070,-34.0,-60.0,-126.0,-24.0,22.0,106.0,-16.0,56.0,70.0,-82.0
8071,-33.0,-59.0,-125.0,-23.0,21.0,105.0,-17.0,55.0,71.0,-81.0
8072,-32.0,-58.0,-124.0,-22.0,22.0,106.0,-16.0,56.0,72.0,-80.0
8073,-31.0,-57.0,-123.0,-21.0,23.0,107.0,-15.0,57.0,73.0,-79.0
8074,-32.0,-58.0,-124.0,-20.0,24.0,108.0,-16.0,56.0,72.0,-78.0
8075,-31.0,-59.0,-125.0,-19.0,25.0,107.0,-17.0,57.0,71.0,-79.0
8076,-30.0,-60.0,-124.0,-20.0,26.0,106.0,-16.0,58.0,70.0,-78.0
8077,-29.0,-61.0,-123.0,-21.0,27.0,105.0,-15.0,57.0,71.0,-79.0
8078,-28.0,-62.0,-124.0,-20.0,28.0,104.0,-16.0,58.0,72.0,-80.0
8079,-29.0,-63.0,-125.0,-19.0,29.0,105.0,-15.0,57.0,71.0,-81.0
8080,-28.0,-62.0,-124.0,-18.0,30.0,106.0,-14.0,58.0,72.0,-80.0
8081,-29.0,-61.0,-123.0,-19.0,29.0,107.0,-13.0,57.0,73.0,-79.0
8082,-30.0,-62.0,-122.0,-18.0,28.0,106.0,-14.0,58.0,74.0,-80.0
8083,-29.0,-61.0,-123.0,-19.0,27.0,107.0,-13.0,59.0,73.0,-81.0
8084,-28.0,-60.0,-122.0,-18.0,26.0,106.0,-14.0,58.0,74.0,-80.0
8085,-29.0,-61.0,-123.0,-19.0,25.0,105.0,-15.0,57.0,73.0,-81.0
8086,-30.0,-62.0,-124.0,-20.0,24.0,104.0,-16.0,56.0,74.0,-80.0
8087,-31.0,-61.0,-125.0,-19.0,23.0,105.0,-17.0,57.0,73.0,-79.0
8088,-32.0,-60.0,-124.0,-20.0,22.0,106.0,-16.0,56.0,72.0,-78.0
8089,-33.0,-61.0,-123.0,-19.0,23.0,105.0,-17.0,55.0,73.0,-77.0
8090,-34.0,-62.0,-122.0,-18.0,22.0,104.0,-16.0,56.0,74.0,-78.0
8091,-35.0,-63.0,-123.0,-19.0,21.0,103.0,-17.0,55.0,73.0,-79.0
8092,-34.0,-64.0,-124.0,-18.0,20.0,102.0,-16.0,54.0,72.0,-78.0
8093,-33.0,-63.0,-123.0,-17.0,21.0,103.0,-15.0,53.0,71.0,-79.0
8094,-34.0,-64.0,-124.0,-18.0,20.0,104.0,-14.0,54.0,72.0,-78.0
8095,-35.0,-63.0,-123.0,-19.0,21.0,105.0,-15.0,55.0,73.0,-79.0
8096,-36.0,-64.0,-124.0,-20.0,20.0,104.0,-16.0,56.0,74.0,-78.0
8097,-37.0,-63.0,-125.0,-19.0,19.0,105.0,-17.0,57.0,73.0,-77.0
8098,-36.0,-64.0,-124.0,-20.0,20.0,104.0,-16.0,56.0,74.0,-78.0
8099,-37.0,-63.0,-125.0,-21.0,21.0,103.0,-17.0,57.0,73.0,-79.0
8100,-38.0,-64.0,-126.0,-22.0,20.0,102.0,-18.0,56.0,72.0,-80.0
8101,-39.0,-63.0,-127.0,-23.0,21.0,101.0,-19.0,57.0,71.0,-81.0
8102,-40.0,-62.0,-128.0,-22.0,20.0,102.0,-20.0,58.0,72.0,-82.0
8103,-39.0,-61.0,-127.0,-21.0,21.0,103.0,-19.0,59.0,71.0,-83.0
8104,-40.0,-60.0,-126.0,-22.0,22.0,104.0,-20.0,60.0,72.0,-84.0
8105,-41.0,-59.0,-127.0,-21.0,21.0,105.0,-21.0,61.0,71.0,-83.0
8106,-42.0,-60.0,-128.0,-20.0,22.0,106.0,-20.0,60.0,70.0,-84.0
8107,-41.0,-61.0,-129.0,-19.0,23.0,105.0,-21.0,61.0,71.0,-85.0
8108,-40.0,-62.0,-130.0,-18.0,24.0,104.0,-22.0,62.0,72.0,-86.0
8109,-39.0,-63.0,-129.0,-19.0,25.0,103.0,-21.0,63.0,71.0,-85.0
8110,-38.0,-64.0,-128.0,-20.0,26.0,102.0,-22.0,64.0,70.0,-84.0
8111,-37.0,-65.0,-129.0,-19.0,25.0,101.0,-21.0,65.0,69.0,-83.0
8112,-36.0,-66.0,-130.0,-18.0,26.0,100.0,-22.0,66.0,70.0,-84.0
8113,-37.0,-67.0,-129.0,-17.0,27.0,99.0,-23.0,65.0,71.0,-83.0
8114,-36.0,-66.0,-130.0,-18.0,26.0,100.0,-22.0,66.0,70.0,-84.0
8115,-35.0,-65.0,-131.0,-19.0,27.0,101.0,-21.0,65.0,69.0,-83.0
8116,-34.0,-64.0,-130.0,-20.0,26.0,100.0,-22.0,66.0,70.0,-82.0
8117,-33.0,-63.0,-129.0,-19.0,27.0,101.0,-21.0,67.0,71.0,-81.0
8118,-34.0,-62.0,-130.0,-18.0,26.0,102.0,-22.0,68.0,72.0,-82.0
8119,-35.0,-63.0,-131.0,-19.0,25.0,101.0,-21.0,69.0,73.0,-81.0
8120,-34.0,-64.0,-130.0,-20.0,26.0,100.0,-20.0,68.0,74.0,-82.0
8121,-33.0,-63.0,-131.0,-21.0,25.0,101.0,-19.0,67.0,73.0,-83.0
8122,-32.0,-62.0,-132.0,-22.0,26.0,102.0,-20.0,66.0,74.0,-82.0
8123,-31.0,-61.0,-133.0,-23.0,25.0,103.0,-19.0,67.0,73.0,-83.0
8124,-30.0,-60.0,-132.0,-22.0,26.0,104.0,-18.0,68.0,74.0,-82.0
8125,-29.0,-61.0,-131.0,-21.0,25.0,105.0,-19.0,67.0,75.0,-83.0
8126,-30.0,-60.0,-132.0,-20.0,26.0,104.0,-18.0,66.0,76.0,-82.0
8127,-29.0,-61.0,-131.0,-21.0,27.0,105.0,-19.0,67.0,75.0,-81.0
8128,-28.0,-62.0,-132.0,-20.0,26.0,104.0,-18.0,66.0,74.0,-80.0
8129,-27.0,-61.0,-131.0,-21.0,25.0,103.0,-19.0,67.0,75.0,-79.0
8130,-26.0,-62.0,-132.0,-20.0,24.0,102.0,-18.0,68.0,74.0,-78.0
8131,-25.0,-63.0,-133.0,-19.0,23.0,101.0,-17.0,67.0,73.0,-77.0
8132,-26.0,-64.0,-132.0,-18.0,24.0,100.0,-18.0,66.0,74.0,-76.0
8133,-25.0,-63.0,-133.0,-19.0,25.0,101.0,-17.0,65.0,73.0,-75.0
8134,-26.0,-62.0,-134.0,-20.0,26.0,100.0,-18.0,66.0,72.0,-76.0
8135,-27.0,-61.0,-135.0,-21.0,27.0,99.0,-19.0,67.0,71.0,-77.0
8136,-28.0,-60.0,-136.0,-20.0,26.0,100.0,-18.0,66.0,72.0,-78.0
8137,-29.0,-61.0,-137.0,-21.0,25.0,99.0,-19.0,65.0,71.0,-79.0
8138,-28.0,-62.0,-138.0,-20.0,24.0,98.0,-18.0,64.0,70.0,-78.0
8139,-29.0,-63.0,-139.0,-21.0,23.0,97.0,-19.0,63.0,69.0,-79.0
8140,-28.0,-62.0,-138.0,-22.0,22.0,96.0,-20.0,64.0,70.0,-78.0
8141,-27.0,-61.0,-137.0,-21.0,23.0,97.0,-19.0,65.0,71.0,-77.0
8142,-28.0,-60.0,-138.0,-20.0,24.0,96.0,-18.0,64.0,72.0,-76.0
8143,-29.0,-59.0,-137.0,-21.0,25.0,97.0,-19.0,63.0,73.0,-77.0
8144,-30.0,-58.0,-136.0,-22.0,24.0,98.0,-18.0,62.0,72.0,-76.0
8145,-31.0,-57.0,-137.0,-21.0,23.0,99.0,-19.0,63.0,73.0,-77.0
8146,-30.0,-56.0,-138.0,-22.0,24.0,100.0,-20.0,62.0,74.0,-76.0
8147,-31.0,-55.0,-139.0,-21.0,23.0,101.0,-21.0,63.0,75.0,-77.0
8148,-32.0,-54.0,-140.0,-22.0,24.0,100.0,-20.0,64.0,74.0,-76.0
8149,-31.0,-53.0,-141.0,-23.0,23.0,101.0,-19.0,65.0,73.0,-77.0
8150,-30.0,-52.0,-142.0,-24.0,24.0,102.0,-18.0,64.0,72.0,-76.0
8151,-31.0,-51.0,-143.0,-23.0,23.0,103.0,-19.0,63.0,73.0,-77.0
8152,-30.0,-52.0,-144.0,-22.0,24.0,102.0,-18.0,64.0,72.0,-78.0
8153,-31.0,-53.0,-145.0,-23.0,23.0,101.0,-19.0,63.0,71.0,-79.0
8154,-32.0,-52.0,-146.0,-24.0,24.0,100.0,-18.0,64.0,70.0,-78.0
8155,-33.0,-53.0,-145.0,-23.0,25.0,99.0,-19.0,63.0,71.0,-77.0
8156,-34.0,-52.0,-144.0,-24.0,24.0,100.0,-18.0,62.0,72.0,-76.0
8157,-35.0,-51.0,-145.0,-23.0,23.0,101.0,-17.0,61.0,73.0,-77.0
8158,-34.0,-50.0,-144.0,-22.0,24.0,102.0,-16.0,62.0,74.0,-76.0
8159,-35.0,-51.0,-143.0,-21.0,23.0,101.0,-15.0,63.0,73.0,-77.0
8160,-34.0,-50.0,-142.0,-22.0,22.0,100.0,-14.0,64.0,74.0,-78.0
8161,-35.0,-49.0,-143.0,-21.0,21.0,101.0,-15.0,65.0,73.0,-77.0
8162,-34.0,-50.0,-142.0,-22.0,20.0,102.0,-16.0,66.0,74.0,-78.0
8163,-33.0,-49.0,-141.0,-21.0,21.0,103.0,-15.0,67.0,75.0,-77.0
8164,-34.0,-50.0,-142.0,-20.0,22.0,104.0,-14.0,66.0,74.0,-78.0
8165,-33.0,-51.0,-141.0,-21.0,23.0,103.0,-13.0,67.0,73.0,-77.0
8166,-32.0,-52.0,-140.0,-22.0,24.0,104.0,-14.0,68.0,72.0,-76.0
8167,-33.0,-53.0,-139.0,-21.0,25.0,103.0,-15.0,69.0,73.0,-75.0
8168,-32.0,-54.0,-138.0,-22.0,26.0,102.0,-14.0,70.0,72.0,-74.0
8169,-31.0,-55.0,-137.0,-21.0,25.0,103.0,-15.0,69.0,73.0,-75.0
8170,-32.0,-54.0,-138.0,-22.0,26.0,102.0,-14.0,70.0,72.0,-74.0
8171,-33.0,-53.0,-139.0,-23.0,27.0,101.0,-15.0,71.0,71.0,-75.0
8172,-34.0,-54.0,-140.0,-24.0,26.0,100.0,-16.0,70.0,70.0,-76.0
8173,-35.0,-55.0,-141.0,-23.0,27.0,101.0,-17.0,69.0,69.0,-77.0
8174,-34.0,-54.0,-140.0,-22.0,28.0,102.0,-18.0,68.0,68.0,-78.0
8175,-33.0,-55.0,-139.0,-23.0,29.0,101.0,-17.0,69.0,67.0,-77.0
8176,-34.0,-54.0,-140.0,-22.0,28.0,100.0,-16.0,68.0,68.0,-78.0
8177,-35.0,-53.0,-139.0,-23.0,27.0,101.0,-15.0,67.0,67.0,-77.0
8178,-36.0,-54.0,-140.0,-24.0,26.0,100.0,-16.0,66.0,66.0,-78.0
8179,-37.0,-55.0,-141.0,-25.0,27.0,101.0,-15.0,67.0,65.0,-79.0
8180,-36.0,-54.0,-142.0,-26.0,26.0,102.0,-14.0,68.0,64.0,-80.0
8181,-35.0,-55.0,-143.0,-25.0,25.0,101.0,-13.0,67.0,63.0,-79.0
8182,-36.0,-56.0,-142.0,-24.0,24.0,100.0,-12.0,68.0,62.0,-80.0
8183,-37.0,-57.0,-141.0,-23.0,23.0,99.0,-11.0,69.0,63.0,-81.0
8184,-36.0,-58.0,-140.0,-22.0,22.0,100.0,-12.0,68.0,64.0,-82.0
8185,-35.0,-57.0,-139.0,-23.0,21.0,99.0,-13.0,69.0,65.0,-81.0
8186,-36.0,-58.0,-138.0,-22.0,22.0,98.0,-14.0,68.0,66.0,-80.0
8187,-37.0,-57.0,-137.0,-23.0,21.0,99.0,-13.0,67.0,65.0,-79.0
8188,-36.0,-58.0,-136.0,-24.0,22.0,98.0,-12.0,68.0,64.0,-78.0
8189,-37.0,-57.0,-135.0,-25.0,23.0,99.0,-13.0,69.0,65.0,-79.0
8190,-36.0,-58.0,-134.0,-24.0,22.0,100.0,-12.0,68.0,66.0,-80.0
8191,-37.0,-57.0,-135.0,-23.0,21.0,101.0,-13.0,69.0,65.0,-79.0
8192,-38.0,-56.0,-136.0,-22.0,20.0,102.0,-12.0,68.0,66.0,-80.0
8193,-37.0,-57.0,-137.0,-21.0,19.0,101.0,-11.0,67.0,65.0,-79.0
8194,-36.0,-58.0,-138.0,-20.0,20.0,100.0,-12.0,68.0,66.0,-80.0
8195,-35.0,-59.0,-137.0,-21.0,19.0,101.0,-13.0,69.0,67.0,-81.0
8196,-36.0,-58.0,-136.0,-22.0,18.0,102.0,-12.0,68.0,68.0,-80.0
8197,-35.0,-57.0,-135.0,-21.0,17.0,101.0,-13.0,67.0,69.0,-79.0
8198,-34.0,-56.0,-134.0,-20.0,18.0,102.0,-12.0,68.0,70.0,-78.0
8199,-35.0,-55.0,-135.0,-19.0,17.0,103.0,-13.0,69.0,69.0,-77.0
8200,-36.0,-56.0,-134.0,-18.0,18.0,102.0,-14.0,68.0,70.0,-76.0
8201,-35.0,-55.0,-133.0,-19.0,17.0,101.0,-13.0,69.0,71.0,-77.0
8202,-34.0,-54.0,-134.0,-20.0,18.0,102.0,-12.0,68.0,70.0,-76.0
8203,-35.0,-53.0,-133.0,-21.0,17.0,103.0,-11.0,67.0,69.0,-75.0
8204,-36.0,-52.0,-134.0,-20.0,16.0,104.0,-10.0,66.0,70.0,-76.0
8205,-35.0,-51.0,-133.0,-19.0,17.0,105.0,-11.0,65.0,69.0,-77.0
8206,-36.0,-50.0,-134.0,-18.0,16.0,106.0,-10.0,64.0,70.0,-78.0
8207,-35.0,-49.0,-133.0,-17.0,17.0,107.0,-9.0,65.0,71.0,-77.0
8208,-36.0,-48.0,-134.0,-16.0,16.0,108.0,-10.0,66.0,72.0,-78.0
8209,-35.0,-49.0,-135.0,-15.0,15.0,107.0,-9.0,65.0,71.0,-77.0
8210,-36.0,-48.0,-134.0,-16.0,14.0,108.0,-10.0,64.0,72.0,-76.0
8211,-37.0,-49.0,-135.0,-17.0,13.0,109.0,-9.0,65.0,73.0,-75.0
8212,-38.0,-48.0,-136.0,-16.0,14.0,108.0,-8.0,64.0,74.0,-74.0
8213,-37.0,-47.0,-135.0,-15.0,15.0,109.0,-7.0,65.0,75.0,-73.0
8214,-36.0,-46.0,-134.0,-16.0,14.0,108.0,-6.0,66.0,76.0,-74.0
8215,-35.0,-45.0,-133.0,-15.0,13.0,107.0,-7.0,65.0,77.0,-73.0
8216,-34.0,-44.0,-132.0,-14.0,14.0,108.0,-6.0,66.0,78.0,-72.0
8217,-33.0,-43.0,-133.0,-15.0,15.0,109.0,-7.0,65.0,77.0,-71.0
8218,-32.0,-42.0,-132.0,-14.0,16.0,110.0,-6.0,66.0,76.0,-72.0
8219,-31.0,-41.0,-131.0,-13.0,17.0,111.0,-5.0,67.0,77.0,-71.0
8220,-32.0,-42.0,-132.0,-14.0,16.0,110.0,-6.0,66.0,76.0,-72.0
8221,-31.0,-41.0,-131.0,-15.0,15.0,109.0,-5.0,67.0,77.0,-73.0
8222,-30.0,-40.0,-132.0,-16.0,14.0,110.0,-4.0,68.0,76.0,-74.0
8223,-29.0,-39.0,-131.0,-17.0,13.0,109.0,-3.0,69.0,77.0,-75.0
8224,-30.0,-38.0,-132.0,-18.0,14.0,108.0,-4.0,70.0,76.0,-76.0
8225,-31.0,-39.0,-131.0,-17.0,13.0,107.0,-5.0,71.0,77.0,-77.0
8226,-32.0,-38.0,-130.0,-18.0,14.0,108.0,-6.0,72.0,78.0,-78.0
8227,-31.0,-37.0,-129.0,-17.0,15.0,109.0,-5.0,73.0,79.0,-77.0
8228,-30.0,-38.0,-128.0,-16.0,14.0,110.0,-6.0,72.0,80.0,-78.0
8229,-31.0,-39.0,-127.0,-15.0,13.0,109.0,-5.0,73.0,79.0,-79.0
8230,-30.0,-38.0,-126.0,-14.0,14.0,108.0,-6.0,72.0,78.0,-80.0
8231,-29.0,-37.0,-125.0,-13.0,15.0,109.0,-5.0,73.0,79.0,-81.0
8232,-28.0,-38.0,-124.0,-14.0,16.0,108.0,-4.0,72.0,80.0,-80.0
8233,-27.0,-37.0,-125.0,-15.0,17.0,109.0,-3.0,71.0,79.0,-79.0
8234,-28.0,-36.0,-126.0,-14.0,16.0,108.0,-2.0,70.0,80.0,-80.0
8235,-29.0,-35.0,-127.0,-13.0,17.0,107.0,-1.0,69.0,81.0,-79.0
8236,-30.0,-34.0,-128.0,-14.0,18.0,106.0,0.0,70.0,80.0,-78.0
8237,-31.0,-33.0,-129.0,-15.0,19.0,105.0,1.0,71.0,79.0,-77.0
8238,-32.0,-32.0,-128.0,-16.0,20.0,106.0,0.0,72.0,80.0,-78.0
8239,-31.0,-33.0,-127.0,-15.0,19.0,107.0,-1.0,71.0,81.0,-79.0
8240,-32.0,-34.0,-128.0,-16.0,18.0,106.0,-2.0,70.0,80.0,-80.0
8241,-33.0,-35.0,-129.0,-17.0,17.0,105.0,-3.0,69.0,79.0,-81.0
8242,-32.0,-34.0,-128.0,-18.0,16.0,104.0,-4.0,70.0,80.0,-80.0
8243,-33.0,-33.0,-129.0,-17.0,17.0,103.0,-3.0,69.0,81.0,-79.0
8244,-34.0,-34.0,-128.0,-16.0,18.0,102.0,-4.0,68.0,82.0,-78.0
8245,-35.0,-33.0,-129.0,-15.0,19.0,101.0,-3.0,67.0,83.0,-77.0
8246,-36.0,-34.0,-128.0,-14.0,18.0,100.0,-4.0,68.0,84.0,-78.0
8247,-35.0,-33.0,-127.0,-13.0,19.0,101.0,-3.0,69.0,85.0,-77.0
8248,-34.0,-34.0,-128.0,-12.0,18.0,100.0,-2.0,70.0,84.0,-76.0
8249,-33.0,-35.0,-129.0,-11.0,19.0,99.0,-3.0,71.0,85.0,-77.0
8250,-34.0,-34.0,-130.0,-10.0,18.0,100.0,-4.0,72.0,84.0,-76.0
8251,-35.0,-33.0,-131.0,-9.0,17.0,101.0,-5.0,71.0,85.0,-77.0
8252,-34.0,-34.0,-130.0,-10.0,18.0,100.0,-4.0,70.0,86.0,-78.0
8253,-35.0,-35.0,-129.0,-9.0,19.0,99.0,-5.0,69.0,87.0,-77.0
8254,-34.0,-34.0,-128.0,-8.0,20.0,100.0,-4.0,70.0,88.0,-76.0
8255,-35.0,-35.0,-129.0,-9.0,21.0,101.0,-3.0,71.0,87.0,-77.0
8256,-36.0,-36.0,-130.0,-8.0,22.0,102.0,-4.0,70.0,86.0,-76.0
8257,-37.0,-37.0,-131.0,-9.0,21.0,101.0,-5.0,69.0,85.0,-77.0
8258,-36.0,-36.0,-130.0,-8.0,20.0,100.0,-6.0,68.0,84.0,-76.0
8259,-35.0,-35.0,-131.0,-9.0,19.0,101.0,-5.0,67.0,83.0,-77.0
8260,-36.0,-34.0,-132.0,-8.0,18.0,102.0,-6.0,68.0,82.0,-76.0
8261,-35.0,-35.0,-131.0,-9.0,17.0,103.0,-7.0,69.0,81.0,-77.0
8262,-34.0,-34.0,-132.0,-10.0,16.0,104.0,-6.0,70.0,80.0,-78.0
8263,-33.0,-33.0,-133.0,-11.0,17.0,105.0,-7.0,69.0,79.0,-77.0
8264,-32.0,-34.0,-134.0,-10.0,16.0,104.0,-6.0,68.0,78.0,-76.0
8265,-31.0,-35.0,-133.0,-11.0,17.0,103.0,-5.0,67.0,79.0,-77.0
8266,-32.0,-36.0,-132.0,-10.0,16.0,102.0,-4.0,68.0,78.0,-78.0
8267,-33.0,-37.0,-133.0,-11.0,15.0,103.0,-3.0,69.0,79.0,-77.0
8268,-34.0,-36.0,-134.0,-10.0,14.0,104.0,-4.0,70.0,78.0,-76.0
8269,-35.0,-35.0,-133.0,-11.0,13.0,105.0,-3.0,69.0,77.0,-75.0
8270,-36.0,-36.0,-134.0,-12.0,12.0,104.0,-4.0,68.0,78.0,-74.0
8271,-35.0,-37.0,-135.0,-11.0,11.0,103.0,-3.0,69.0,77.0,-73.0
8272,-36.0,-38.0,-134.0,-10.0,10.0,102.0,-2.0,70.0,76.0,-74.0
8273,-37.0,-37.0,-135.0,-11.0,11.0,101.0,-1.0,71.0,75.0,-73.0
8274,-38.0,-38.0,-136.0,-12.0,10.0,100.0,-2.0,70.0,74.0,-74.0
8275,-39.0,-37.0,-137.0,-11.0,9.0,101.0,-3.0,71.0,73.0,-73.0
8276,-40.0,-38.0,-138.0,-10.0,10.0,102.0,-4.0,70.0,72.0,-72.0
8277,-41.0,-37.0,-137.0,-11.0,9.0,103.0,-3.0,69.0,71.0,-71.0
8278,-40.0,-36.0,-138.0,-12.0,8.0,104.0,-2.0,68.0,70.0,-72.0
8279,-41.0,-37.0,-139.0,-13.0,7.0,103.0,-3.0,67.0,69.0,-73.0
8280,-40.0,-36.0,-138.0,-12.0,8.0,104.0,-2.0,68.0,70.0,-72.0
8281,-39.0,-35.0,-139.0,-13.0,9.0,105.0,-1.0,67.0,69.0,-71.0
8282,-40.0,-36.0,-140.0,-14.0,8.0,104.0,-2.0,66.0,68.0,-72.0
8283,-41.0,-37.0,-139.0,-13.0,7.0,103.0,-1.0,67.0,67.0,-73.0
8284,-40.0,-36.0,-138.0,-12.0,8.0,104.0,0.0,66.0,66.0,-74.0
8285,-41.0,-35.0,-139.0,-13.0,9.0,103.0,-1.0,67.0,65.0,-75.0
8286,-40.0,-34.0,-140.0,-14.0,10.0,104.0,0.0,66.0,64.0,-74.0
8287,-41.0,-33.0,-141.0,-13.0,9.0,103.0,1.0,65.0,65.0,-75.0
8288,-42.0,-34.0,-140.0,-12.0,8.0,102.0,2.0,66.0,66.0,-76.0
8289,-43.0,-35.0,-139.0,-11.0,9.0,101.0,1.0,65.0,67.0,-75.0
8290,-44.0,-36.0,-138.0,-10.0,10.0,100.0,0.0,64.0,68.0,-74.0
8291,-45.0,-37.0,-139.0,-11.0,9.0,99.0,-1.0,65.0,69.0,-73.0
8292,-44.0,-38.0,-140.0,-10.0,10.0,98.0,-2.0,66.0,70.0,-74.0
8293,-45.0,-37.0,-141.0,-9.0,9.0,99.0,-3.0,67.0,69.0,-73.0
8294,-46.0,-36.0,-142.0,-8.0,8.0,100.0,-4.0,68.0,70.0,-74.0
8295,-45.0,-37.0,-141.0,-9.0,9.0,101.0,-5.0,69.0,69.0,-73.0
8296,-44.0,-36.0,-142.0,-10.0,8.0,102.0,-4.0,70.0,68.0,-74.0
8297,-43.0,-37.0,-143.0,-9.0,7.0,101.0,-3.0,69.0,67.0,-73.0
8298,-44.0,-38.0,-142.0,-8.0,6.0,100.0,-4.0,70.0,68.0,-74.0
8299,-45.0,-39.0,-143.0,-9.0,5.0,99.0,-5.0,69.0,67.0,-75.0
8300,-46.0,-40.0,-144.0,-10.0,4.0,98.0,-6.0,68.0,66.0,-76.0
8301,-45.0,-39.0,-145.0,-11.0,5.0,99.0,-7.0,67.0,67.0,-75.0
8302,-46.0,-40.0,-146.0,-12.0,4.0,98.0,-8.0,66.0,66.0,-74.0
8303,-45.0,-41.0,-147.0,-11.0,5.0,97.0,-9.0,67.0,67.0,-75.0
8304,-46.0,-40.0,-146.0,-12.0,4.0,98.0,-10.0,66.0,68.0,-74.0
8305,-45.0,-39.0,-145.0,-11.0,5.0,99.0,-9.0,67.0,67.0,-75.0
8306,-44.0,-38.0,-144.0,-10.0,4.0,98.0,-10.0,66.0,66.0,-74.0
8307,-45.0,-37.0,-143.0,-11.0,5.0,99.0,-11.0,67.0,67.0,-75.0
8308,-44.0,-36.0,-142.0,-12.0,4.0,98.0,-10.0,68.0,68.0,-76.0
8309,-43.0,-35.0,-143.0,-13.0,5.0,99.0,-11.0,67.0,67.0,-75.0
8310,-44.0,-36.0,-144.0,-14.0,4.0,98.0,-12.0,66.0,66.0,-76.0
8311,-43.0,-35.0,-143.0,-13.0,3.0,97.0,-13.0,65.0,67.0,-75.0
8312,-42.0,-34.0,-142.0,-14.0,2.0,96.0,-12.0,66.0,68.0,-76.0
8313,-43.0,-35.0,-141.0,-13.0,3.0,95.0,-13.0,67.0,69.0,-75.0
8314,-44.0,-36.0,-140.0,-12.0,2.0,94.0,-14.0,68.0,70.0,-76.0
8315,-45.0,-37.0,-141.0,-13.0,1.0,93.0,-15.0,67.0,69.0,-77.0
8316,-46.0,-38.0,-140.0,-12.0,2.0,92.0,-16.0,66.0,70.0,-76.0
8317,-45.0,-37.0,-139.0,-11.0,3.0,93.0,-15.0,67.0,71.0,-75.0
8318,-44.0,-36.0,-140.0,-12.0,2.0,94.0,-14.0,68.0,70.0,-76.0
8319,-45.0,-37.0,-141.0,-13.0,1.0,93.0,-13.0,69.0,71.0,-75.0
8320,-44.0,-36.0,-140.0,-12.0,2.0,94.0,-12.0,70.0,72.0,-74.0
8321,-43.0,-35.0,-139.0,-11.0,3.0,95.0,-11.0,71.0,73.0,-73.0
8322,-44.0,-36.0,-140.0,-10.0,4.0,96.0,-12.0,70.0,72.0,-72.0
8323,-43.0,-35.0,-139.0,-11.0,3.0,95.0,-13.0,71.0,73.0,-71.0
8324,-42.0,-36.0,-140.0,-10.0,2.0,94.0,-12.0,72.0,72.0,-70.0
8325,-43.0,-35.0,-141.0,-9.0,1.0,95.0,-11.0,71.0,73.0,-71.0
8326,-42.0,-34.0,-140.0,-8.0,2.0,96.0,-10.0,72.0,74.0,-70.0
8327,-41.0,-33.0,-139.0,-7.0,3.0,97.0,-9.0,73.0,75.0,-69.0
8328,-40.0,-34.0,-140.0,-6.0,2.0,96.0,-8.0,74.0,74.0,-68.0
8329,-39.0,-33.0,-139.0,-5.0,1.0,95.0,-9.0,73.0,75.0,-67.0
8330,-38.0,-32.0,-138.0,-4.0,2.0,96.0,-8.0,74.0,76.0,-66.0
8331,-39.0,-33.0,-139.0,-5.0,1.0,95.0,-9.0,73.0,75.0,-67.0
8332,-40.0,-34.0,-138.0,-4.0,0.0,94.0,-8.0,74.0,74.0,-68.0
8333,-41.0,-35.0,-139.0,-5.0,-1.0,93.0,-9.0,73.0,73.0,-69.0
8334,-42.0,-34.0,-140.0,-4.0,-2.0,94.0,-10.0,72.0,74.0,-70.0
8335,-41.0,-35.0,-139.0,-5.0,-1.0,93.0,-11.0,73.0,73.0,-69.0
8336,-40.0,-36.0,-138.0,-4.0,-2.0,94.0,-10.0,72.0,74.0,-68.0
8337,-41.0,-37.0,-139.0,-3.0,-1.0,95.0,-11.0,71.0,73.0,-69.0
8338,-42.0,-36.0,-140.0,-2.0,0.0,94.0,-10.0,70.0,72.0,-68.0
8339,-43.0,-35.0,-141.0,-1.0,1.0,93.0,-9.0,69.0,73.0,-67.0
8340,-42.0,-36.0,-140.0,-2.0,2.0,92.0,-8.0,70.0,72.0,-66.0
8341,-43.0,-35.0,-139.0,-3.0,1.0,93.0,-7.0,69.0,73.0,-65.0
8342,-44.0,-34.0,-138.0,-4.0,2.0,94.0,-8.0,70.0,74.0,-66.0
8343,-45.0,-35.0,-137.0,-3.0,1.0,93.0,-7.0,71.0,75.0,-67.0
8344,-44.0,-36.0,-136.0,-4.0,0.0,94.0,-8.0,72.0,76.0,-68.0
8345,-43.0,-35.0,-135.0,-5.0,-1.0,93.0,-9.0,73.0,77.0,-67.0
8346,-42.0,-34.0,-134.0,-4.0,0.0,92.0,-10.0,72.0,76.0,-68.0
8347,-41.0,-35.0,-135.0,-3.0,-1.0,91.0,-9.0,71.0,75.0,-67.0
8348,-40.0,-36.0,-136.0,-2.0,-2.0,90.0,-8.0,72.0,74.0,-66.0
8349,-39.0,-37.0,-137.0,-1.0,-3.0,89.0,-7.0,71.0,73.0,-65.0
8350,-40.0,-38.0,-136.0,0.0,-4.0,88.0,-8.0,72.0,74.0,-66.0
8351,-39.0,-37.0,-135.0,1.0,-3.0,89.0,-7.0,73.0,73.0,-67.0
8352,-38.0,-38.0,-134.0,0.0,-4.0,90.0,-8.0,74.0,74.0,-68.0
8353,-37.0,-37.0,-133.0,1.0,-3.0,91.0,-7.0,75.0,75.0,-67.0
8354,-36.0,-36.0,-132.0,2.0,-4.0,90.0,-8.0,74.0,74.0,-66.0
8355,-35.0,-35.0,-133.0,1.0,-3.0,91.0,-7.0,73.0,73.0,-65.0
8356,-34.0,-36.0,-132.0,0.0,-4.0,92.0,-8.0,74.0,72.0,-66.0
8357,-33.0,-37.0,-131.0,-1.0,-3.0,91.0,-7.0,73.0,73.0,-65.0
8358,-32.0,-38.0,-132.0,0.0,-2.0,90.0,-8.0,74.0,74.0,-66.0
8359,-31.0,-37.0,-131.0,1.0,-1.0,91.0,-9.0,73.0,73.0,-67.0
8360,-32.0,-38.0,-132.0,2.0,0.0,92.0,-10.0,72.0,72.0,-68.0
8361,-31.0,-39.0,-133.0,3.0,-1.0,91.0,-9.0,71.0,71.0,-67.0
8362,-32.0,-38.0,-132.0,2.0,-2.0,92.0,-10.0,70.0,72.0,-66.0
8363,-33.0,-37.0,-133.0,1.0,-1.0,91.0,-9.0,71.0,71.0,-65.0
8364,-32.0,-38.0,-132.0,0.0,0.0,90.0,-10.0,72.0,70.0,-64.0
8365,-31.0,-39.0,-131.0,-1.0,1.0,89.0,-9.0,71.0,71.0,-65.0
8366,-30.0,-40.0,-130.0,0.0,0.0,90.0,-8.0,70.0,72.0,-64.0
8367,-29.0,-39.0,-131.0,-1.0,1.0,91.0,-7.0,69.0,71.0,-63.0
8368,-28.0,-38.0,-132.0,-2.0,2.0,92.0,-8.0,68.0,72.0,-62.0
8369,-27.0,-37.0,-131.0,-1.0,3.0,93.0,-9.0,67.0,71.0,-63.0
8370,-28.0,-38.0,-130.0,0.0,2.0,92.0,-8.0,68.0,72.0,-64.0
8371,-29.0,-37.0,-131.0,1.0,1.0,93.0,-9.0,69.0,71.0,-63.0
8372,-28.0,-38.0,-132.0,2.0,2.0,92.0,-10.0,70.0,72.0,-64.0
8373,-27.0,-37.0,-133.0,1.0,3.0,93.0,-11.0,69.0,71.0,-63.0
8374,-26.0,-38.0,-134.0,2.0,4.0,92.0,-10.0,70.0,70.0,-64.0
8375,-25.0,-39.0,-133.0,1.0,3.0,93.0,-11.0,71.0,69.0,-65.0
8376,-26.0,-40.0,-134.0,0.0,2.0,94.0,-10.0,72.0,70.0,-64.0
8377,-25.0,-41.0,-133.0,1.0,1.0,95.0,-11.0,71.0,71.0,-65.0
8378,-24.0,-40.0,-134.0,0.0,0.0,96.0,-10.0,70.0,70.0,-66.0
8379,-23.0,-41.0,-133.0,-1.0,1.0,95.0,-9.0,69.0,71.0,-67.0
8380,-22.0,-42.0,-132.0,-2.0,2.0,96.0,-10.0,70.0,70.0,-66.0
8381,-23.0,-43.0,-133.0,-1.0,3.0,97.0,-9.0,69.0,69.0,-67.0
8382,-24.0,-42.0,-134.0,-2.0,4.0,96.0,-8.0,70.0,68.0,-66.0
8383,-25.0,-43.0,-133.0,-1.0,5.0,95.0,-9.0,71.0,69.0,-65.0
8384,-24.0,-44.0,-132.0,0.0,4.0,96.0,-10.0,70.0,70.0,-66.0
8385,-23.0,-43.0,-133.0,-1.0,3.0,97.0,-9.0,69.0,69.0,-67.0
8386,-24.0,-42.0,-134.0,0.0,2.0,96.0,-8.0,68.0,70.0,-68.0
8387,-25.0,-41.0,-135.0,1.0,1.0,97.0,-9.0,69.0,69.0,-67.0
8388,-24.0,-40.0,-136.0,0.0,2.0,98.0,-8.0,68.0,68.0,-66.0
8389,-23.0,-41.0,-135.0,-1.0,3.0,97.0,-7.0,69.0,67.0,-65.0
8390,-22.0,-42.0,-136.0,0.0,2.0,96.0,-6.0,70.0,66.0,-64.0
8391,-23.0,-41.0,-137.0,-1.0,3.0,95.0,-5.0,71.0,65.0,-63.0
8392,-22.0,-40.0,-136.0,0.0,4.0,96.0,-4.0,72.0,66.0,-64.0
8393,-21.0,-39.0,-135.0,1.0,3.0,95.0,-5.0,71.0,65.0,-63.0
8394,-20.0,-40.0,-134.0,0.0,4.0,94.0,-4.0,70.0,66.0,-64.0
8395,-19.0,-39.0,-133.0,1.0,5.0,95.0,-3.0,71.0,67.0,-63.0
8396,-20.0,-38.0,-132.0,0.0,4.0,96.0,-2.0,70.0,66.0,-62.0
8397,-21.0,-39.0,-133.0,-1.0,3.0,95.0,-3.0,69.0,65.0,-61.0
8398,-22.0,-38.0,-132.0,-2.0,2.0,96.0,-4.0,68.0,66.0,-60.0
8399,-21.0,-37.0,-133.0,-3.0,1.0,97.0,-3.0,69.0,65.0,-61.0
8400,-22.0,-36.0,-134.0,-2.0,0.0,98.0,-4.0,70.0,64.0,-62.0
8401,-21.0,-35.0,-133.0,-3.0,-1.0,97.0,-3.0,71.0,65.0,-63.0
8402,-22.0,-34.0,-134.0,-4.0,0.0,96.0,-2.0,72.0,64.0,-62.0
8403,-21.0,-33.0,-135.0,-5.0,-1.0,97.0,-1.0,73.0,63.0,-63.0
8404,-22.0,-32.0,-136.0,-4.0,-2.0,96.0,0.0,72.0,64.0,-64.0
8405,-21.0,-31.0,-135.0,-3.0,-1.0,95.0,-1.0,71.0,63.0,-65.0
8406,-22.0,-32.0,-136.0,-4.0,-2.0,94.0,-2.0,70.0,62.0,-66.0
8407,-21.0,-33.0,-135.0,-3.0,-3.0,95.0,-3.0,69.0,63.0,-67.0
8408,-22.0,-34.0,-136.0,-4.0,-4.0,94.0,-4.0,68.0,62.0,-68.0
8409,-21.0,-33.0,-137.0,-5.0,-3.0,95.0,-5.0,67.0,63.0,-67.0
8410,-20.0,-34.0,-136.0,-6.0,-2.0,94.0,-4.0,66.0,64.0,-68.0
8411,-19.0,-35.0,-137.0,-5.0,-1.0,93.0,-5.0,67.0,65.0,-69.0
8412,-18.0,-34.0,-136.0,-6.0,-2.0,92.0,-4.0,68.0,66.0,-70.0
8413,-19.0,-35.0,-135.0,-5.0,-3.0,91.0,-5.0,69.0,67.0,-71.0
8414,-18.0,-34.0,-136.0,-6.0,-2.0,92.0,-4.0,68.0,66.0,-70.0
8415,-17.0,-35.0,-135.0,-7.0,-1.0,91.0,-3.0,69.0,65.0,-69.0
8416,-16.0,-36.0,-136.0,-6.0,0.0,90.0,-4.0,70.0,66.0,-70.0
8417,-17.0,-37.0,-135.0,-5.0,-1.0,89.0,-3.0,71.0,67.0,-71.0
8418,-18.0,-38.0,-136.0,-6.0,0.0,90.0,-2.0,72.0,66.0,-72.0
8419,-19.0,-37.0,-137.0,-7.0,1.0,89.0,-1.0,73.0,65.0,-71.0
8420,-20.0,-36.0,-136.0,-8.0,0.0,90.0,0.0,72.0,64.0,-70.0
8421,-19.0,-37.0,-135.0,-9.0,-1.0,91.0,-1.0,73.0,63.0,-71.0
8422,-20.0,-36.0,-136.0,-8.0,0.0,90.0,0.0,72.0,62.0,-70.0
8423,-21.0,-35.0,-137.0,-7.0,-1.0,91.0,-1.0,73.0,61.0,-69.0
8424,-20.0,-34.0,-138.0,-8.0,0.0,92.0,0.0,72.0,60.0,-68.0
8425,-21.0,-33.0,-139.0,-7.0,-1.0,93.0,-1.0,73.0,59.0,-67.0
8426,-22.0,-34.0,-138.0,-6.0,0.0,92.0,-2.0,74.0,60.0,-66.0
8427,-23.0,-35.0,-139.0,-5.0,1.0,93.0,-1.0,73.0,59.0,-67.0
8428,-22.0,-34.0,-138.0,-4.0,0.0,92.0,-2.0,72.0,58.0,-66.0
8429,-23.0,-33.0,-137.0,-5.0,1.0,93.0,-3.0,71.0,59.0,-67.0
8430,-24.0,-32.0,-136.0,-6.0,0.0,94.0,-4.0,70.0,60.0,-66.0
8431,-23.0,-33.0,-137.0,-5.0,1.0,93.0,-5.0,71.0,59.0,-67.0
8432,-24.0,-32.0,-136.0,-6.0,2.0,94.0,-6.0,72.0,60.0,-68.0
8433,-25.0,-31.0,-137.0,-5.0,3.0,93.0,-5.0,71.0,59.0,-67.0
8434,-24.0,-32.0,-136.0,-4.0,2.0,94.0,-6.0,70.0,60.0,-68.0
8435,-23.0,-33.0,-137.0,-3.0,3.0,93.0,-7.0,71.0,59.0,-69.0
8436,-22.0,-32.0,-138.0,-4.0,4.0,94.0,-6.0,70.0,58.0,-68.0
8437,-21.0,-31.0,-139.0,-5.0,5.0,95.0,-7.0,69.0,59.0,-67.0
8438,-20.0,-30.0,-138.0,-4.0,6.0,96.0,-6.0,70.0,60.0,-66.0
8439,-21.0,-31.0,-139.0,-3.0,7.0,97.0,-7.0,69.0,59.0,-65.0
8440,-20.0,-32.0,-138.0,-4.0,8.0,98.0,-8.0,70.0,58.0,-64.0
8441,-21.0,-31.0,-139.0,-3.0,7.0,99.0,-7.0,69.0,59.0,-65.0
8442,-22.0,-32.0,-140.0,-2.0,8.0,100.0,-8.0,68.0,58.0,-66.0
8443,-21.0,-33.0,-141.0,-1.0,7.0,99.0,-7.0,69.0,57.0,-65.0
8444,-20.0,-34.0,-142.0,0.0,6.0,98.0,-6.0,70.0,56.0,-64.0
8445,-19.0,-35.0,-141.0,1.0,5.0,99.0,-7.0,69.0,57.0,-65.0
8446,-18.0,-34.0,-142.0,0.0,6.0,100.0,-8.0,68.0,58.0,-64.0
8447,-17.0,-33.0,-141.0,-1.0,5.0,99.0,-9.0,69.0,59.0,-63.0
8448,-18.0,-34.0,-142.0,-2.0,6.0,100.0,-8.0,70.0,58.0,-64.0
8449,-17.0,-35.0,-141.0,-3.0,5.0,101.0,-9.0,71.0,57.0,-65.0
8450,-16.0,-34.0,-140.0,-2.0,6.0,102.0,-8.0,72.0,58.0,-64.0
8451,-17.0,-33.0,-139.0,-3.0,7.0,103.0,-9.0,73.0,59.0,-65.0
8452,-18.0,-32.0,-138.0,-4.0,8.0,104.0,-10.0,72.0,60.0,-66.0
8453,-17.0,-31.0,-137.0,-3.0,9.0,103.0,-11.0,71.0,59.0,-67.0
8454,-16.0,-32.0,-136.0,-4.0,8.0,104.0,-12.0,72.0,58.0,-68.0
8455,-15.0,-33.0,-135.0,-5.0,9.0,103.0,-11.0,71.0,59.0,-69.0
8456,-14.0,-32.0,-134.0,-4.0,10.0,104.0,-10.0,72.0,60.0,-68.0
8457,-15.0,-31.0,-133.0,-5.0,9.0,105.0,-9.0,71.0,59.0,-67.0
8458,-16.0,-30.0,-134.0,-4.0,8.0,106.0,-8.0,70.0,60.0,-68.0
8459,-17.0,-29.0,-135.0,-5.0,9.0,105.0,-9.0,71.0,59.0,-69.0
8460,-16.0,-30.0,-136.0,-4.0,10.0,104.0,-10.0,72.0,60.0,-70.0
8461,-15.0,-31.0,-135.0,-5.0,9.0,105.0,-11.0,73.0,59.0,-71.0
8462,-16.0,-32.0,-136.0,-6.0,8.0,104.0,-12.0,72.0,58.0,-72.0
8463,-17.0,-31.0,-137.0,-5.0,7.0,105.0,-13.0,71.0,59.0,-73.0
8464,-18.0,-32.0,-136.0,-4.0,6.0,104.0,-12.0,72.0,58.0,-74.0
8465,-17.0,-31.0,-137.0,-5.0,7.0,105.0,-13.0,71.0,57.0,-73.0
8466,-16.0,-30.0,-136.0,-4.0,8.0,106.0,-14.0,70.0,56.0,-74.0
8467,-17.0,-31.0,-135.0,-3.0,7.0,105.0,-13.0,71.0,55.0,-75.0
8468,-16.0,-32.0,-134.0,-4.0,8.0,104.0,-12.0,70.0,54.0,-74.0
8469,-15.0,-33.0,-133.0,-5.0,9.0,103.0,-11.0,69.0,55.0,-75.0
8470,-16.0,-34.0,-134.0,-6.0,10.0,104.0,-10.0,70.0,56.0,-76.0
8471,-17.0,-35.0,-133.0,-5.0,9.0,103.0,-11.0,71.0,57.0,-77.0
8472,-18.0,-34.0,-134.0,-6.0,10.0,102.0,-12.0,72.0,56.0,-78.0
8473,-19.0,-35.0,-135.0,-7.0,11.0,103.0,-11.0,73.0,55.0,-79.0
8474,-20.0,-34.0,-136.0,-8.0,12.0,102.0,-10.0,74.0,54.0,-78.0
8475,-19.0,-33.0,-135.0,-7.0,11.0,101.0,-11.0,73.0,53.0,-77.0
8476,-18.0,-32.0,-136.0,-8.0,10.0,102.0,-10.0,74.0,52.0,-78.0
8477,-19.0,-33.0,-137.0,-9.0,9.0,101.0,-11.0,73.0,51.0,-79.0
8478,-18.0,-34.0,-138.0,-8.0,10.0,100.0,-10.0,74.0,50.0,-80.0
8479,-19.0,-33.0,-139.0,-9.0,11.0,99.0,-9.0,75.0,49.0,-79.0
8480,-20.0,-34.0,-138.0,-8.0,12.0,98.0,-10.0,74.0,50.0,-78.0
8481,-19.0,-33.0,-137.0,-9.0,11.0,97.0,-9.0,75.0,51.0,-77.0
8482,-20.0,-34.0,-138.0,-10.0,10.0,96.0,-8.0,76.0,52.0,-76.0
8483,-21.0,-35.0,-137.0,-9.0,9.0,95.0,-7.0,77.0,53.0,-77.0
8484,-22.0,-36.0,-138.0,-10.0,8.0,96.0,-6.0,78.0,54.0,-76.0
8485,-21.0,-37.0,-137.0,-11.0,9.0,95.0,-7.0,79.0,53.0,-75.0
8486,-22.0,-38.0,-136.0,-10.0,10.0,94.0,-8.0,80.0,54.0,-74.0
8487,-23.0,-37.0,-137.0,-11.0,11.0,93.0,-7.0,81.0,53.0,-73.0
8488,-22.0,-36.0,-136.0,-10.0,12.0,92.0,-8.0,80.0,52.0,-74.0
8489,-21.0,-35.0,-135.0,-11.0,11.0,91.0,-7.0,81.0,53.0,-75.0
8490,-20.0,-34.0,-134.0,-10.0,12.0,90.0,-8.0,80.0,52.0,-76.0
8491,-19.0,-35.0,-135.0,-9.0,11.0,89.0,-7.0,81.0,51.0,-75.0
8492,-20.0,-34.0,-134.0,-10.0,12.0,90.0,-8.0,82.0,52.0,-76.0
8493,-21.0,-33.0,-135.0,-9.0,11.0,91.0,-9.0,83.0,51.0,-75.0
8494,-20.0,-34.0,-134.0,-10.0,12.0,92.0,-10.0,84.0,50.0,-74.0
8495,-19.0,-35.0,-135.0,-9.0,13.0,91.0,-11.0,85.0,51.0,-75.0
8496,-20.0,-36.0,-134.0,-8.0,14.0,90.0,-12.0,84.0,52.0,-74.0
8497,-21.0,-37.0,-135.0,-9.0,13.0,89.0,-13.0,83.0,51.0,-75.0
8498,-22.0,-38.0,-136.0,-10.0,14.0,90.0,-12.0,84.0,50.0,-76.0
8499,-21.0,-37.0,-137.0,-11.0,13.0,91.0,-11.0,85.0,49.0,-77.0
8500,-22.0,-36.0,-138.0,-10.0,12.0,92.0,-12.0,86.0,50.0,-78.0
8501,-23.0,-35.0,-139.0,-9.0,11.0,91.0,-11.0,85.0,51.0,-79.0
8502,-24.0,-34.0,-140.0,-8.0,10.0,92.0,-12.0,86.0,50.0,-78.0
8503,-23.0,-33.0,-139.0,-7.0,11.0,93.0,-11.0,87.0,51.0,-77.0
8504,-22.0,-34.0,-138.0,-8.0,12.0,92.0,-10.0,86.0,52.0,-78.0
8505,-21.0,-35.0,-137.0,-7.0,11.0,93.0,-9.0,85.0,53.0,-77.0
8506,-20.0,-36.0,-136.0,-8.0,12.0,92.0,-8.0,84.0,54.0,-78.0
8507,-19.0,-35.0,-135.0,-7.0,13.0,93.0,-7.0,85.0,55.0,-79.0
8508,-20.0,-36.0,-134.0,-6.0,12.0,92.0,-6.0,86.0,54.0,-80.0
8509,-19.0,-35.0,-133.0,-5.0,13.0,93.0,-5.0,87.0,55.0,-79.0
8510,-20.0,-36.0,-134.0,-4.0,14.0,94.0,-4.0,86.0,54.0,-80.0
8511,-19.0,-35.0,-135.0,-5.0,15.0,95.0,-3.0,85.0,53.0,-79.0
8512,-20.0,-36.0,-134.0,-4.0,14.0,94.0,-2.0,86.0,52.0,-80.0
8513,-21.0,-35.0,-133.0,-5.0,15.0,95.0,-3.0,85.0,53.0,-81.0
8514,-22.0,-34.0,-134.0,-4.0,14.0,94.0,-2.0,84.0,54.0,-82.0
8515,-23.0,-35.0,-135.0,-5.0,13.0,93.0,-3.0,83.0,53.0,-83.0
8516,-22.0,-34.0,-136.0,-6.0,14.0,94.0,-4.0,82.0,54.0,-82.0
8517,-23.0,-35.0,-137.0,-7.0,13.0,93.0,-5.0,81.0,53.0,-83.0
8518,-22.0,-36.0,-138.0,-6.0,12.0,92.0,-4.0,80.0,52.0,-82.0
8519,-21.0,-35.0,-137.0,-5.0,13.0,93.0,-3.0,81.0,53.0,-81.0
8520,-22.0,-36.0,-136.0,-4.0,12.0,92.0,-2.0,82.0,52.0,-82.0
8521,-21.0,-35.0,-135.0,-3.0,13.0,93.0,-1.0,81.0,51.0,-83.0
8522,-20.0,-34.0,-134.0,-4.0,12.0,92.0,0.0,82.0,52.0,-84.0
8523,-19.0,-33.0,-133.0,-5.0,11.0,91.0,-1.0,83.0,53.0,-83.0
8524,-20.0,-32.0,-134.0,-4.0,10.0,90.0,0.0,82.0,54.0,-84.0
8525,-19.0,-33.0,-135.0,-3.0,11.0,89.0,1.0,83.0,53.0,-85.0
8526,-18.0,-34.0,-134.0,-2.0,10.0,90.0,2.0,82.0,54.0,-84.0
8527,-17.0,-33.0,-133.0,-1.0,11.0,91.0,3.0,83.0,55.0,-83.0
8528,-16.0,-32.0,-132.0,-2.0,10.0,90.0,2.0,84.0,56.0,-82.0
8529,-15.0,-33.0,-131.0,-3.0,9.0,91.0,1.0,85.0,57.0,-83.0
8530,-14.0,-34.0,-130.0,-4.0,8.0,92.0,0.0,86.0,56.0,-84.0
8531,-15.0,-35.0,-131.0,-5.0,7.0,91.0,-1.0,85.0,55.0,-83.0
8532,-16.0,-36.0,-132.0,-6.0,8.0,92.0,0.0,86.0,54.0,-84.0
8533,-17.0,-37.0,-131.0,-5.0,9.0,91.0,-1.0,87.0,55.0,-83.0
8534,-18.0,-38.0,-132.0,-6.0,8.0,90.0,-2.0,86.0,54.0,-84.0
8535,-17.0,-37.0,-131.0,-5.0,9.0,91.0,-3.0,85.0,53.0,-85.0
8536,-16.0,-38.0,-130.0,-6.0,10.0,92.0,-4.0,86.0,52.0,-84.0
8537,-17.0,-37.0,-131.0,-5.0,9.0,91.0,-3.0,85.0,53.0,-85.0
8538,-18.0,-36.0,-132.0,-4.0,10.0,90.0,-2.0,84.0,54.0,-84.0
8539,-19.0,-35.0,-133.0,-5.0,11.0,89.0,-3.0,85.0,53.0,-85.0
8540,-18.0,-34.0,-132.0,-4.0,10.0,88.0,-4.0,84.0,54.0,-84.0
8541,-19.0,-35.0,-133.0,-5.0,11.0,89.0,-3.0,85.0,55.0,-85.0
8542,-18.0,-36.0,-134.0,-4.0,10.0,88.0,-2.0,86.0,54.0,-84.0
8543,-17.0,-35.0,-133.0,-3.0,11.0,89.0,-1.0,87.0,53.0,-85.0
8544,-18.0,-34.0,-134.0,-4.0,12.0,88.0,0.0,88.0,52.0,-84.0
8545,-19.0,-33.0,-135.0,-3.0,11.0,89.0,-1.0,89.0,51.0,-83.0
8546,-20.0,-32.0,-134.0,-4.0,12.0,90.0,-2.0,90.0,52.0,-84.0
8547,-19.0,-31.0,-133.0,-3.0,13.0,91.0,-1.0,91.0,53.0,-83.0
8548,-20.0,-30.0,-132.0,-4.0,12.0,92.0,0.0,90.0,52.0,-82.0
8549,-21.0,-31.0,-133.0,-5.0,11.0,93.0,1.0,91.0,53.0,-81.0
8550,-20.0,-32.0,-132.0,-6.0,12.0,92.0,2.0,90.0,54.0,-82.0
8551,-21.0,-33.0,-133.0,-7.0,11.0,91.0,1.0,89.0,53.0,-81.0
8552,-20.0,-34.0,-132.0,-6.0,10.0,92.0,2.0,88.0,54.0,-82.0
8553,-19.0,-35.0,-133.0,-5.0,11.0,91.0,1.0,89.0,55.0,-83.0
8554,-18.0,-36.0,-134.0,-4.0,12.0,90.0,0.0,90.0,54.0,-84.0
8555,-19.0,-37.0,-135.0,-3.0,13.0,91.0,-1.0,89.0,53.0,-83.0
8556,-18.0,-36.0,-136.0,-4.0,12.0,92.0,0.0,88.0,52.0,-84.0
8557,-17.0,-37.0,-135.0,-5.0,11.0,93.0,-1.0,89.0,53.0,-85.0
8558,-18.0,-38.0,-136.0,-6.0,10.0,94.0,0.0,90.0,54.0,-84.0
8559,-17.0,-39.0,-135.0,-7.0,11.0,93.0,1.0,89.0,55.0,-85.0
8560,-18.0,-38.0,-134.0,-8.0,12.0,94.0,0.0,90.0,56.0,-86.0
8561,-19.0,-39.0,-135.0,-7.0,13.0,95.0,-1.0,89.0,55.0,-85.0
8562,-20.0,-40.0,-136.0,-8.0,12.0,94.0,-2.0,88.0,54.0,-86.0
8563,-21.0,-39.0,-137.0,-7.0,13.0,93.0,-1.0,87.0,53.0,-85.0
8564,-22.0,-40.0,-138.0,-6.0,14.0,94.0,0.0,86.0,52.0,-86.0
8565,-23.0,-39.0,-137.0,-7.0,13.0,95.0,1.0,85.0,51.0,-85.0
8566,-22.0,-40.0,-136.0,-8.0,14.0,94.0,2.0,84.0,52.0,-86.0
8567,-21.0,-41.0,-135.0,-7.0,13.0,95.0,3.0,83.0,53.0,-85.0
8568,-22.0,-42.0,-136.0,-6.0,14.0,96.0,4.0,82.0,52.0,-86.0
8569,-21.0,-43.0,-135.0,-5.0,13.0,97.0,5.0,81.0,53.0,-85.0
8570,-20.0,-44.0,-134.0,-4.0,12.0,98.0,4.0,80.0,54.0,-86.0
8571,-19.0,-43.0,-133.0,-5.0,11.0,97.0,3.0,81.0,55.0,-85.0
8572,-18.0,-42.0,-132.0,-6.0,10.0,96.0,4.0,82.0,56.0,-84.0
8573,-19.0,-41.0,-131.0,-7.0,9.0,97.0,5.0,81.0,55.0,-83.0
8574,-18.0,-40.0,-130.0,-6.0,8.0,96.0,4.0,80.0,54.0,-82.0
8575,-19.0,-39.0,-129.0,-7.0,9.0,97.0,3.0,81.0,55.0,-83.0
8576,-20.0,-38.0,-128.0,-8.0,10.0,98.0,2.0,80.0,56.0,-84.0
8577,-19.0,-39.0,-129.0,-7.0,11.0,97.0,1.0,81.0,57.0,-85.0
8578,-18.0,-40.0,-128.0,-8.0,12.0,98.0,0.0,82.0,56.0,-84.0
8579,-17.0,-41.0,-127.0,-9.0,13.0,97.0,1.0,81.0,57.0,-83.0
8580,-18.0,-42.0,-126.0,-8.0,12.0,96.0,0.0,82.0,58.0,-84.0
8581,-19.0,-43.0,-127.0,-9.0,13.0,97.0,1.0,83.0,59.0,-85.0
8582,-20.0,-42.0,-126.0,-10.0,12.0,98.0,2.0,82.0,58.0,-84.0
8583,-21.0,-43.0,-127.0,-11.0,11.0,97.0,1.0,81.0,57.0,-85.0
8584,-22.0,-44.0,-126.0,-10.0,12.0,96.0,0.0,80.0,58.0,-84.0
8585,-23.0,-45.0,-125.0,-9.0,13.0,95.0,-1.0,79.0,59.0,-83.0
8586,-22.0,-46.0,-124.0,-10.0,14.0,94.0,0.0,78.0,60.0,-84.0
8587,-23.0,-45.0,-125.0,-11.0,15.0,93.0,-1.0,79.0,59.0,-85.0
8588,-22.0,-44.0,-124.0,-12.0,14.0,92.0,-2.0,80.0,60.0,-84.0
8589,-23.0,-45.0,-125.0,-13.0,13.0,91.0,-3.0,79.0,59.0,-85.0
8590,-22.0,-46.0,-126.0,-12.0,12.0,90.0,-2.0,80.0,58.0,-84.0
8591,-21.0,-45.0,-125.0,-11.0,13.0,91.0,-1.0,81.0,59.0,-83.0
8592,-20.0,-44.0,-124.0,-10.0,14.0,90.0,-2.0,80.0,58.0,-84.0
8593,-21.0,-43.0,-123.0,-11.0,13.0,91.0,-1.0,79.0,57.0,-83.0
8594,-22.0,-44.0,-122.0,-10.0,14.0,90.0,-2.0,80.0,58.0,-82.0
8595,-23.0,-45.0,-121.0,-9.0,13.0,89.0,-3.0,81.0,59.0,-83.0
8596,-24.0,-46.0,-120.0,-8.0,14.0,88.0,-4.0,82.0,60.0,-82.0
8597,-25.0,-47.0,-121.0,-7.0,15.0,89.0,-5.0,81.0,59.0,-83.0
8598,-26.0,-48.0,-120.0,-6.0,14.0,88.0,-6.0,82.0,60.0,-84.0
8599,-25.0,-49.0,-119.0,-7.0,15.0,89.0,-7.0,83.0,59.0,-83.0
8600,-26.0,-48.0,-120.0,-6.0,14.0,90.0,-8.0,84.0,58.0,-82.0
8601,-27.0,-49.0,-119.0,-5.0,13.0,89.0,-9.0,85.0,59.0,-83.0
8602,-26.0,-50.0,-118.0,-6.0,14.0,88.0,-8.0,84.0,60.0,-84.0
8603,-27.0,-49.0,-119.0,-5.0,13.0,89.0,-7.0,83.0,61.0,-85.0
8604,-26.0,-48.0,-118.0,-6.0,12.0,88.0,-6.0,84.0,62.0,-86.0
8605,-25.0,-47.0,-119.0,-7.0,11.0,89.0,-5.0,85.0,61.0,-87.0
8606,-24.0,-48.0,-120.0,-6.0,10.0,88.0,-4.0,84.0,60.0,-86.0
8607,-23.0,-47.0,-119.0,-5.0,11.0,89.0,-3.0,85.0,59.0,-87.0
8608,-24.0,-48.0,-120.0,-4.0,12.0,90.0,-4.0,84.0,58.0,-88.0
8609,-25.0,-49.0,-119.0,-3.0,11.0,89.0,-5.0,85.0,59.0,-89.0
8610,-24.0,-48.0,-118.0,-2.0,12.0,90.0,-4.0,86.0,60.0,-88.0
8611,-23.0,-49.0,-117.0,-3.0,13.0,89.0,-3.0,87.0,59.0,-87.0
8612,-22.0,-48.0,-116.0,-2.0,14.0,90.0,-2.0,88.0,60.0,-86.0
8613,-21.0,-47.0,-117.0,-3.0,13.0,91.0,-1.0,89.0,59.0,-87.0
8614,-22.0,-48.0,-118.0,-4.0,12.0,90.0,-2.0,88.0,58.0,-88.0
8615,-23.0,-49.0,-119.0,-5.0,11.0,89.0,-3.0,87.0,57.0,-89.0
8616,-22.0,-48.0,-118.0,-4.0,12.0,90.0,-2.0,86.0,56.0,-90.0
8617,-23.0,-49.0,-119.0,-5.0,13.0,91.0,-1.0,87.0,55.0,-91.0
8618,-22.0,-50.0,-118.0,-6.0,14.0,90.0,0.0,86.0,56.0,-92.0
8619,-23.0,-49.0,-117.0,-7.0,15.0,91.0,-1.0,87.0,57.0,-93.0
8620,-24.0,-50.0,-118.0,-8.0,14.0,90.0,-2.0,88.0,58.0,-92.0
8621,-25.0,-51.0,-119.0,-9.0,13.0,89.0,-3.0,87.0,57.0,-91.0
8622,-24.0,-52.0,-120.0,-8.0,12.0,88.0,-2.0,86.0,56.0,-90.0
8623,-23.0,-51.0,-119.0,-9.0,11.0,87.0,-1.0,87.0,57.0,-91.0
8624,-22.0,-52.0,-118.0,-10.0,10.0,88.0,-2.0,88.0,56.0,-92.0
8625,-23.0,-51.0,-117.0,-11.0,9.0,89.0,-1.0,87.0,57.0,-91.0
8626,-24.0,-50.0,-118.0,-12.0,10.0,88.0,0.0,88.0,56.0,-90.0
8627,-25.0,-49.0,-119.0,-11.0,9.0,89.0,-1.0,89.0,55.0,-89.0
8628,-26.0,-48.0,-120.0,-10.0,8.0,90.0,-2.0,88.0,56.0,-90.0
8629,-27.0,-47.0,-121.0,-9.0,7.0,91.0,-3.0,89.0,55.0,-89.0
8630,-28.0,-46.0,-122.0,-10.0,8.0,90.0,-2.0,90.0,54.0,-88.0
8631,-29.0,-45.0,-123.0,-9.0,9.0,89.0,-1.0,89.0,55.0,-87.0
8632,-30.0,-44.0,-122.0,-10.0,10.0,90.0,-2.0,90.0,56.0,-88.0
8633,-29.0,-45.0,-121.0,-9.0,9.0,91.0,-3.0,89.0,57.0,-89.0
8634,-28.0,-46.0,-120.0,-10.0,8.0,92.0,-4.0,90.0,58.0,-90.0
8635,-27.0,-47.0,-119.0,-9.0,7.0,93.0,-3.0,89.0,59.0,-89.0
8636,-26.0,-48.0,-118.0,-10.0,8.0,92.0,-2.0,88.0,60.0,-90.0
8637,-27.0,-47.0,-119.0,-9.0,7.0,93.0,-3.0,87.0,61.0,-91.0
8638,-26.0,-48.0,-118.0,-10.0,8.0,92.0,-2.0,86.0,62.0,-92.0
8639,-25.0,-49.0,-117.0,-11.0,9.0,91.0,-3.0,87.0,61.0,-91.0
8640,-24.0,-50.0,-116.0,-12.0,10.0,90.0,-4.0,88.0,60.0,-90.0
8641,-25.0,-49.0,-115.0,-13.0,9.0,91.0,-3.0,87.0,61.0,-89.0
8642,-24.0,-48.0,-116.0,-14.0,10.0,92.0,-4.0,86.0,62.0,-88.0
8643,-25.0,-47.0,-117.0,-13.0,9.0,93.0,-5.0,87.0,61.0,-87.0
8644,-26.0,-48.0,-118.0,-14.0,8.0,92.0,-6.0,86.0,60.0,-88.0
8645,-25.0,-47.0,-119.0,-15.0,7.0,93.0,-5.0,87.0,59.0,-89.0
8646,-24.0,-48.0,-118.0,-16.0,8.0,92.0,-4.0,86.0,60.0,-90.0
8647,-23.0,-47.0,-117.0,-17.0,7.0,91.0,-5.0,87.0,61.0,-89.0
8648,-24.0,-48.0,-118.0,-18.0,6.0,92.0,-4.0,88.0,62.0,-88.0
8649,-25.0,-47.0,-119.0,-19.0,7.0,91.0,-3.0,89.0,61.0,-87.0
8650,-24.0,-48.0,-118.0,-20.0,6.0,92.0,-4.0,90.0,62.0,-88.0
8651,-23.0,-49.0,-117.0,-21.0,7.0,91.0,-5.0,91.0,61.0,-87.0
8652,-22.0,-50.0,-116.0,-22.0,8.0,90.0,-4.0,90.0,60.0,-86.0
8653,-21.0,-51.0,-115.0,-23.0,9.0,91.0,-5.0,91.0,59.0,-85.0
8654,-20.0,-50.0,-114.0,-24.0,8.0,90.0,-4.0,92.0,60.0,-86.0
8655,-19.0,-51.0,-115.0,-23.0,9.0,89.0,-5.0,93.0,61.0,-87.0
8656,-20.0,-52.0,-116.0,-24.0,8.0,88.0,-6.0,92.0,60.0,-86.0
8657,-21.0,-53.0,-117.0,-25.0,7.0,87.0,-7.0,91.0,59.0,-87.0
8658,-22.0,-54.0,-116.0,-24.0,6.0,86.0,-6.0,92.0,60.0,-88.0
8659,-23.0,-55.0,-117.0,-25.0,5.0,85.0,-5.0,93.0,61.0,-87.0
8660,-22.0,-54.0,-116.0,-26.0,4.0,84.0,-4.0,94.0,62.0,-88.0
8661,-21.0,-53.0,-115.0,-25.0,5.0,85.0,-3.0,95.0,63.0,-87.0
8662,-20.0,-54.0,-116.0,-24.0,4.0,84.0,-2.0,94.0,62.0,-86.0
8663,-19.0,-53.0,-117.0,-25.0,3.0,85.0,-1.0,93.0,61.0,-87.0
8664,-20.0,-54.0,-118.0,-26.0,2.0,84.0,-2.0,94.0,62.0,-86.0
8665,-19.0,-53.0,-119.0,-27.0,1.0,85.0,-1.0,93.0,61.0,-87.0
8666,-20.0,-52.0,-120.0,-28.0,2.0,84.0,0.0,94.0,60.0,-86.0
8667,-19.0,-51.0,-119.0,-29.0,1.0,83.0,1.0,95.0,61.0,-85.0
8668,-20.0,-52.0,-120.0,-30.0,0.0,82.0,2.0,96.0,62.0,-84.0
8669,-21.0,-53.0,-121.0,-29.0,1.0,83.0,3.0,95.0,61.0,-85.0
8670,-22.0,-54.0,-122.0,-28.0,2.0,84.0,4.0,94.0,60.0,-86.0
8671,-23.0,-53.0,-121.0,-29.0,3.0,85.0,3.0,95.0,61.0,-87.0
8672,-22.0,-52.0,-120.0,-28.0,4.0,86.0,4.0,96.0,62.0,-86.0
8673,-21.0,-53.0,-119.0,-29.0,3.0,87.0,3.0,97.0,61.0,-87.0
8674,-20.0,-52.0,-118.0,-30.0,2.0,86.0,2.0,98.0,62.0,-86.0
8675,-21.0,-53.0,-119.0,-31.0,1.0,85.0,1.0,97.0,61.0,-87.0
8676,-20.0,-54.0,-118.0,-30.0,0.0,86.0,2.0,96.0,62.0,-88.0
8677,-19.0,-55.0,-117.0,-29.0,-1.0,87.0,3.0,95.0,63.0,-87.0
8678,-18.0,-56.0,-118.0,-28.0,-2.0,86.0,4.0,96.0,62.0,-86.0
8679,-17.0,-57.0,-117.0,-29.0,-1.0,85.0,5.0,95.0,63.0,-87.0
8680,-18.0,-58.0,-116.0,-28.0,-2.0,84.0,6.0,96.0,62.0,-88.0
8681,-17.0,-57.0,-117.0,-29.0,-3.0,85.0,7.0,97.0,61.0,-89.0
8682,-18.0,-58.0,-116.0,-28.0,-4.0,84.0,6.0,98.0,62.0,-90.0
8683,-19.0,-59.0,-117.0,-29.0,-5.0,83.0,5.0,97.0,63.0,-89.0
8684,-20.0,-58.0,-118.0,-28.0,-6.0,82.0,6.0,96.0,64.0,-90.0
8685,-21.0,-57.0,-119.0,-27.0,-7.0,83.0,5.0,97.0,63.0,-89.0
8686,-22.0,-58.0,-118.0,-26.0,-8.0,82.0,4.0,98.0,64.0,-90.0
8687,-21.0,-57.0,-117.0,-25.0,-7.0,83.0,5.0,99.0,65.0,-89.0
8688,-22.0,-56.0,-118.0,-24.0,-8.0,82.0,6.0,98.0,66.0,-90.0
8689,-21.0,-57.0,-117.0,-25.0,-7.0,81.0,7.0,97.0,67.0,-91.0
8690,-22.0,-58.0,-116.0,-24.0,-8.0,80.0,8.0,98.0,68.0,-92.0
8691,-21.0,-59.0,-117.0,-23.0,-7.0,79.0,7.0,99.0,67.0,-93.0
8692,-20.0,-60.0,-116.0,-24.0,-6.0,78.0,8.0,98.0,68.0,-94.0
8693,-21.0,-59.0,-115.0,-25.0,-7.0,79.0,7.0,97.0,69.0,-93.0
8694,-22.0,-58.0,-114.0,-26.0,-8.0,80.0,8.0,96.0,68.0,-92.0
8695,-23.0,-59.0,-113.0,-25.0,-9.0,79.0,9.0,97.0,67.0,-93.0
8696,-22.0,-60.0,-114.0,-24.0,-8.0,78.0,8.0,98.0,68.0,-94.0
8697,-21.0,-59.0,-113.0,-23.0,-7.0,79.0,9.0,99.0,67.0,-95.0
8698,-22.0,-58.0,-114.0,-22.0,-8.0,80.0,8.0,100.0,66.0,-94.0
8699,-23.0,-57.0,-115.0,-23.0,-7.0,79.0,7.0,101.0,65.0,-93.0
8700,-24.0,-58.0,-114.0,-22.0,-8.0,78.0,8.0,102.0,64.0,-94.0
8701,-25.0,-59.0,-115.0,-23.0,-9.0,77.0,7.0,101.0,65.0,-93.0
8702,-24.0,-58.0,-114.0,-22.0,-10.0,76.0,6.0,100.0,64.0,-92.0
8703,-23.0,-59.0,-113.0,-23.0,-11.0,77.0,5.0,101.0,65.0,-93.0
8704,-22.0,-60.0,-112.0,-22.0,-12.0,78.0,4.0,100.0,66.0,-94.0
8705,-23.0,-61.0,-113.0,-23.0,-13.0,77.0,3.0,99.0,65.0,-95.0
8706,-22.0,-60.0,-114.0,-24.0,-12.0,78.0,2.0,98.0,66.0,-94.0
8707,-23.0,-59.0,-113.0,-25.0,-13.0,79.0,3.0,97.0,65.0,-93.0
8708,-22.0,-58.0,-114.0,-26.0,-14.0,80.0,4.0,96.0,64.0,-94.0
8709,-23.0,-59.0,-115.0,-27.0,-15.0,79.0,3.0,95.0,65.0,-93.0
8710,-24.0,-60.0,-116.0,-28.0,-16.0,78.0,2.0,94.0,64.0,-94.0
8711,-23.0,-59.0,-117.0,-29.0,-17.0,79.0,3.0,93.0,63.0,-95.0
8712,-22.0,-60.0,-116.0,-30.0,-16.0,78.0,4.0,92.0,64.0,-96.0
8713,-21.0,-59.0,-115.0,-29.0,-15.0,79.0,5.0,93.0,65.0,-95.0
8714,-22.0,-58.0,-114.0,-30.0,-14.0,80.0,4.0,92.0,66.0,-96.0
8715,-23.0,-59.0,-115.0,-31.0,-13.0,81.0,5.0,93.0,67.0,-97.0
8716,-24.0,-58.0,-114.0,-32.0,-12.0,82.0,4.0,94.0,68.0,-98.0
8717,-23.0,-59.0,-113.0,-31.0,-13.0,83.0,3.0,93.0,69.0,-99.0
8718,-22.0,-60.0,-112.0,-30.0,-14.0,84.0,4.0,92.0,70.0,-98.0
8719,-21.0,-59.0,-111.0,-29.0,-13.0,85.0,5.0,93.0,71.0,-97.0
8720,-20.0,-60.0,-110.0,-30.0,-14.0,86.0,4.0,94.0,72.0,-98.0
8721,-21.0,-61.0,-111.0,-31.0,-13.0,87.0,5.0,95.0,73.0,-99.0
8722,-22.0,-62.0,-112.0,-32.0,-14.0,86.0,4.0,94.0,72.0,-100.0
8723,-23.0,-61.0,-113.0,-31.0,-15.0,87.0,3.0,95.0,71.0,-99.0
8724,-24.0,-62.0,-112.0,-30.0,-14.0,86.0,2.0,94.0,72.0,-98.0
8725,-23.0,-63.0,-111.0,-31.0,-13.0,85.0,3.0,93.0,73.0,-97.0
8726,-22.0,-62.0,-110.0,-32.0,-14.0,84.0,4.0,94.0,74.0,-98.0
8727,-21.0,-63.0,-109.0,-33.0,-15.0,85.0,3.0,95.0,75.0,-99.0
8728,-22.0,-64.0,-108.0,-32.0,-14.0,84.0,2.0,94.0,76.0,-98.0
8729,-23.0,-63.0,-109.0,-33.0,-13.0,83.0,1.0,95.0,75.0,-99.0
8730,-22.0,-64.0,-108.0,-32.0,-14.0,84.0,2.0,94.0,76.0,-98.0
8731,-23.0,-65.0,-109.0,-33.0,-15.0,83.0,1.0,95.0,77.0,-97.0
8732,-22.0,-66.0,-110.0,-32.0,-16.0,82.0,2.0,94.0,76.0,-96.0
8733,-23.0,-67.0,-111.0,-31.0,-15.0,83.0,1.0,93.0,75.0,-95.0
8734,-22.0,-68.0,-110.0,-30.0,-16.0,84.0,2.0,92.0,76.0,-96.0
8735,-21.0,-67.0,-109.0,-29.0,-15.0,85.0,3.0,93.0,77.0,-95.0
8736,-20.0,-68.0,-108.0,-28.0,-16.0,86.0,4.0,92.0,78.0,-96.0
8737,-21.0,-67.0,-109.0,-29.0,-15.0,85.0,3.0,93.0,77.0,-97.0
8738,-22.0,-66.0,-110.0,-28.0,-16.0,86.0,2.0,94.0,76.0,-98.0
8739,-21.0,-65.0,-109.0,-27.0,-15.0,87.0,3.0,95.0,77.0,-97.0
8740,-20.0,-66.0,-108.0,-28.0,-14.0,86.0,2.0,96.0,76.0,-96.0
8741,-21.0,-67.0,-109.0,-29.0,-15.0,87.0,3.0,97.0,77.0,-95.0
8742,-20.0,-68.0,-108.0,-30.0,-14.0,86.0,2.0,98.0,76.0,-94.0
8743,-19.0,-67.0,-107.0,-29.0,-13.0,87.0,3.0,99.0,77.0,-93.0
8744,-18.0,-68.0,-106.0,-30.0,-12.0,86.0,4.0,100.0,76.0,-92.0
8745,-19.0,-69.0,-107.0,-31.0,-13.0,85.0,3.0,99.0,75.0,-93.0
8746,-18.0,-70.0,-108.0,-30.0,-12.0,84.0,2.0,100.0,76.0,-94.0
8747,-19.0,-69.0,-107.0,-31.0,-13.0,85.0,3.0,99.0,75.0,-93.0
8748,-20.0,-70.0,-108.0,-30.0,-12.0,86.0,4.0,98.0,74.0,-94.0
8749,-19.0,-69.0,-107.0,-29.0,-11.0,87.0,3.0,97.0,73.0,-95.0
8750,-20.0,-68.0,-108.0,-30.0,-10.0,86.0,4.0,98.0,72.0,-94.0
8751,-19.0,-69.0,-109.0,-29.0,-9.0,85.0,3.0,99.0,73.0,-95.0
8752,-18.0,-68.0,-108.0,-28.0,-8.0,86.0,4.0,100.0,74.0,-94.0
8753,-19.0,-69.0,-107.0,-27.0,-9.0,85.0,5.0,101.0,75.0,-95.0
8754,-20.0,-70.0,-106.0,-26.0,-10.0,84.0,6.0,102.0,74.0,-96.0
8755,-19.0,-69.0,-107.0,-27.0,-9.0,85.0,7.0,101.0,73.0,-95.0
8756,-20.0,-70.0,-108.0,-28.0,-8.0,86.0,8.0,102.0,74.0,-96.0
8757,-21.0,-69.0,-107.0,-29.0,-9.0,87.0,9.0,101.0,73.0,-95.0
8758,-22.0,-70.0,-106.0,-28.0,-10.0,86.0,10.0,102.0,74.0,-96.0
8759,-23.0,-69.0,-107.0,-27.0,-11.0,85.0,11.0,101.0,75.0,-97.0
8760,-22.0,-68.0,-106.0,-26.0,-10.0,86.0,12.0,102.0,76.0,-96.0
8761,-21.0,-67.0,-107.0,-27.0,-9.0,87.0,13.0,101.0,75.0,-95.0
8762,-22.0,-66.0,-108.0,-26.0,-8.0,86.0,14.0,100.0,76.0,-94.0
8763,-21.0,-65.0,-107.0,-25.0,-9.0,85.0,13.0,99.0,77.0,-93.0
8764,-20.0,-64.0,-108.0,-26.0,-8.0,86.0,14.0,98.0,76.0,-92.0
8765,-19.0,-65.0,-107.0,-27.0,-7.0,85.0,15.0,97.0,77.0,-93.0
8766,-18.0,-66.0,-108.0,-26.0,-6.0,84.0,14.0,98.0,78.0,-94.0
8767,-19.0,-67.0,-107.0,-25.0,-7.0,83.0,13.0,99.0,79.0,-95.0
8768,-18.0,-68.0,-106.0,-26.0,-6.0,82.0,14.0,98.0,80.0,-96.0
8769,-17.0,-67.0,-105.0,-25.0,-5.0,81.0,13.0,97.0,79.0,-97.0
8770,-18.0,-66.0,-104.0,-26.0,-6.0,82.0,12.0,96.0,80.0,-96.0
8771,-17.0,-65.0,-103.0,-25.0,-5.0,83.0,13.0,97.0,81.0,-95.0
8772,-16.0,-66.0,-102.0,-26.0,-6.0,84.0,12.0,98.0,82.0,-96.0
8773,-17.0,-67.0,-103.0,-25.0,-5.0,85.0,11.0,97.0,81.0,-97.0
8774,-16.0,-68.0,-104.0,-24.0,-4.0,84.0,10.0,98.0,82.0,-98.0
8775,-17.0,-67.0,-103.0,-25.0,-5.0,85.0,11.0,97.0,81.0,-97.0
8776,-18.0,-66.0,-104.0,-24.0,-4.0,84.0,12.0,96.0,80.0,-96.0
8777,-17.0,-65.0,-103.0,-23.0,-3.0,83.0,11.0,95.0,79.0,-97.0
8778,-16.0,-66.0,-102.0,-22.0,-4.0,84.0,10.0,94.0,80.0,-98.0
8779,-17.0,-65.0,-101.0,-23.0,-3.0,85.0,9.0,93.0,81.0,-99.0
8780,-16.0,-66.0,-100.0,-24.0,-4.0,86.0,8.0,94.0,80.0,-100.0
8781,-17.0,-65.0,-101.0,-23.0,-5.0,87.0,7.0,95.0,79.0,-101.0
8782,-18.0,-64.0,-100.0,-24.0,-6.0,88.0,8.0,94.0,78.0,-100.0
8783,-17.0,-63.0,-101.0,-25.0,-5.0,89.0,7.0,93.0,79.0,-99.0
8784,-18.0,-62.0,-100.0,-26.0,-6.0,90.0,6.0,92.0,80.0,-98.0
8785,-19.0,-63.0,-101.0,-27.0,-7.0,89.0,5.0,91.0,79.0,-99.0
8786,-18.0,-64.0,-100.0,-28.0,-6.0,88.0,6.0,90.0,80.0,-100.0
8787,-19.0,-63.0,-99.0,-29.0,-7.0,89.0,5.0,89.0,81.0,-99.0
8788,-20.0,-62.0,-100.0,-30.0,-6.0,88.0,6.0,90.0,80.0,-98.0
8789,-21.0,-63.0,-101.0,-29.0,-5.0,89.0,7.0,89.0,79.0,-99.0
8790,-22.0,-64.0,-102.0,-30.0,-4.0,90.0,8.0,90.0,78.0,-100.0
8791,-21.0,-65.0,-101.0,-31.0,-3.0,89.0,9.0,89.0,79.0,-101.0
8792,-22.0,-64.0,-102.0,-30.0,-2.0,88.0,10.0,88.0,78.0,-100.0
8793,-23.0,-65.0,-101.0,-29.0,-3.0,87.0,11.0,89.0,77.0,-101.0
8794,-22.0,-64.0,-100.0,-30.0,-4.0,86.0,12.0,90.0,78.0,-100.0
8795,-21.0,-63.0,-99.0,-31.0,-5.0,85.0,11.0,91.0,79.0,-99.0
8796,-22.0,-64.0,-98.0,-30.0,-4.0,84.0,10.0,90.0,80.0,-98.0
8797,-21.0,-65.0,-99.0,-29.0,-5.0,83.0,11.0,89.0,79.0,-97.0
8798,-22.0,-64.0,-98.0,-30.0,-6.0,84.0,12.0,88.0,78.0,-96.0
8799,-21.0,-65.0,-97.0,-31.0,-5.0,83.0,13.0,87.0,79.0,-97.0
8800,-20.0,-64.0,-96.0,-30.0,-4.0,84.0,14.0,88.0,80.0,-96.0
8801,-21.0,-63.0,-97.0,-31.0,-3.0,83.0,13.0,89.0,79.0,-97.0
8802,-20.0,-64.0,-96.0,-30.0,-4.0,84.0,14.0,88.0,80.0,-98.0
8803,-21.0,-63.0,-97.0,-29.0,-5.0,85.0,13.0,89.0,79.0,-97.0
8804,-22.0,-62.0,-98.0,-30.0,-4.0,84.0,14.0,90.0,78.0,-96.0
8805,-21.0,-61.0,-99.0,-31.0,-5.0,85.0,15.0,89.0,77.0,-97.0
8806,-22.0,-60.0,-100.0,-30.0,-4.0,84.0,16.0,88.0,78.0,-96.0
8807,-23.0,-61.0,-101.0,-31.0,-5.0,83.0,15.0,87.0,77.0,-97.0
8808,-22.0,-62.0,-100.0,-32.0,-4.0,82.0,16.0,86.0,76.0,-96.0
8809,-23.0,-61.0,-99.0,-33.0,-5.0,83.0,17.0,85.0,75.0,-95.0
8810,-24.0,-60.0,-98.0,-34.0,-6.0,84.0,16.0,84.0,76.0,-94.0
8811,-25.0,-59.0,-99.0,-33.0,-5.0,83.0,17.0,83.0,77.0,-93.0
8812,-26.0,-58.0,-100.0,-32.0,-6.0,84.0,16.0,84.0,76.0,-92.0
8813,-27.0,-59.0,-101.0,-33.0,-7.0,83.0,15.0,83.0,77.0,-91.0
8814,-28.0,-58.0,-102.0,-32.0,-8.0,84.0,14.0,84.0,76.0,-90.0
8815,-29.0,-59.0,-101.0,-31.0,-9.0,83.0,15.0,85.0,75.0,-91.0
8816,-30.0,-58.0,-102.0,-32.0,-8.0,82.0,16.0,86.0,74.0,-90.0
8817,-31.0,-57.0,-101.0,-33.0,-7.0,83.0,15.0,87.0,75.0,-91.0
8818,-32.0,-56.0,-100.0,-34.0,-8.0,84.0,14.0,86.0,76.0,-90.0
8819,-33.0,-55.0,-101.0,-33.0,-9.0,85.0,13.0,87.0,75.0,-89.0
8820,-32.0,-54.0,-100.0,-32.0,-10.0,84.0,12.0,86.0,76.0,-88.0
8821,-33.0,-53.0,-99.0,-33.0,-11.0,85.0,11.0,85.0,77.0,-87.0
8822,-32.0,-52.0,-98.0,-34.0,-12.0,84.0,10.0,86.0,78.0,-86.0
8823,-33.0,-51.0,-99.0,-33.0,-13.0,83.0,11.0,85.0,79.0,-87.0
8824,-34.0,-52.0,-98.0,-32.0,-12.0,82.0,10.0,84.0,80.0,-86.0
8825,-35.0,-53.0,-99.0,-33.0,-13.0,81.0,9.0,83.0,79.0,-87.0
8826,-36.0,-52.0,-100.0,-32.0,-12.0,80.0,10.0,82.0,80.0,-86.0
8827,-35.0,-51.0,-101.0,-33.0,-11.0,81.0,9.0,81.0,81.0,-85.0
8828,-36.0,-50.0,-102.0,-34.0,-10.0,80.0,8.0,82.0,80.0,-84.0
8829,-37.0,-49.0,-101.0,-35.0,-11.0,81.0,9.0,81.0,79.0,-83.0
8830,-38.0,-50.0,-102.0,-34.0,-10.0,82.0,8.0,80.0,78.0,-82.0
8831,-39.0,-51.0,-103.0,-33.0,-9.0,83.0,7.0,79.0,77.0,-83.0
8832,-40.0,-50.0,-104.0,-32.0,-10.0,82.0,8.0,78.0,78.0,-84.0
8833,-41.0,-51.0,-105.0,-33.0,-11.0,81.0,7.0,77.0,77.0,-85.0
8834,-42.0,-50.0,-106.0,-34.0,-10.0,80.0,6.0,78.0,76.0,-86.0
8835,-41.0,-49.0,-105.0,-33.0,-9.0,81.0,7.0,77.0,75.0,-87.0
8836,-40.0,-48.0,-104.0,-34.0,-10.0,80.0,6.0,78.0,76.0,-86.0
8837,-39.0,-47.0,-105.0,-35.0,-9.0,81.0,7.0,77.0,75.0,-85.0
8838,-40.0,-48.0,-106.0,-34.0,-8.0,82.0,8.0,76.0,74.0,-86.0
8839,-39.0,-49.0,-105.0,-35.0,-7.0,83.0,7.0,77.0,73.0,-85.0
8840,-38.0,-48.0,-106.0,-36.0,-8.0,84.0,8.0,78.0,72.0,-86.0
8841,-37.0,-47.0,-105.0,-35.0,-7.0,85.0,9.0,79.0,73.0,-85.0
8842,-36.0,-46.0,-106.0,-36.0,-8.0,86.0,10.0,80.0,72.0,-86.0
8843,-35.0,-45.0,-105.0,-35.0,-7.0,87.0,11.0,81.0,73.0,-85.0
8844,-34.0,-46.0,-104.0,-36.0,-6.0,86.0,10.0,82.0,72.0,-84.0
8845,-35.0,-45.0,-105.0,-35.0,-7.0,87.0,9.0,83.0,71.0,-83.0
8846,-36.0,-44.0,-104.0,-36.0,-8.0,88.0,10.0,82.0,70.0,-82.0
8847,-37.0,-45.0,-103.0,-35.0,-7.0,87.0,9.0,81.0,71.0,-81.0
8848,-36.0,-46.0,-102.0,-34.0,-8.0,88.0,8.0,80.0,72.0,-82.0
8849,-37.0,-45.0,-103.0,-33.0,-7.0,87.0,9.0,79.0,71.0,-81.0
8850,-36.0,-44.0,-102.0,-34.0,-8.0,86.0,8.0,80.0,72.0,-80.0
8851,-37.0,-45.0,-101.0,-33.0,-9.0,85.0,7.0,81.0,73.0,-81.0
8852,-36.0,-46.0,-100.0,-34.0,-10.0,86.0,6.0,82.0,74.0,-82.0
8853,-35.0,-47.0,-101.0,-33.0,-9.0,85.0,5.0,83.0,75.0,-83.0
8854,-36.0,-46.0,-102.0,-32.0,-10.0,86.0,4.0,84.0,76.0,-84.0
8855,-37.0,-47.0,-101.0,-31.0,-11.0,85.0,5.0,85.0,75.0,-85.0
8856,-38.0,-48.0,-100.0,-30.0,-12.0,84.0,4.0,86.0,76.0,-86.0
8857,-37.0,-49.0,-99.0,-31.0,-11.0,85.0,3.0,87.0,75.0,-85.0
8858,-36.0,-48.0,-98.0,-30.0,-10.0,86.0,4.0,88.0,76.0,-84.0
8859,-37.0,-49.0,-99.0,-31.0,-11.0,85.0,3.0,87.0,75.0,-85.0
8860,-38.0,-50.0,-98.0,-30.0,-12.0,84.0,4.0,88.0,74.0,-86.0
8861,-37.0,-49.0,-97.0,-29.0,-11.0,85.0,3.0,87.0,73.0,-87.0
8862,-36.0,-50.0,-98.0,-28.0,-10.0,84.0,2.0,88.0,74.0,-88.0
8863,-37.0,-51.0,-99.0,-29.0,-9.0,85.0,3.0,89.0,73.0,-89.0
8864,-36.0,-50.0,-98.0,-28.0,-8.0,86.0,4.0,90.0,72.0,-90.0
8865,-37.0,-49.0,-97.0,-29.0,-7.0,87.0,3.0,89.0,73.0,-91.0
8866,-36.0,-48.0,-96.0,-28.0,-8.0,86.0,2.0,88.0,72.0,-90.0
8867,-35.0,-47.0,-95.0,-27.0,-7.0,87.0,3.0,89.0,73.0,-89.0
8868,-36.0,-48.0,-94.0,-26.0,-6.0,86.0,2.0,90.0,74.0,-88.0
8869,-35.0,-49.0,-95.0,-25.0,-7.0,85.0,3.0,89.0,73.0,-87.0
8870,-34.0,-48.0,-96.0,-26.0,-8.0,86.0,4.0,90.0,72.0,-88.0
8871,-33.0,-47.0,-95.0,-25.0,-7.0,87.0,5.0,91.0,73.0,-87.0
8872,-32.0,-48.0,-96.0,-24.0,-6.0,86.0,4.0,92.0,72.0,-88.0
8873,-31.0,-49.0,-95.0,-25.0,-5.0,85.0,5.0,91.0,73.0,-89.0
8874,-30.0,-50.0,-94.0,-24.0,-6.0,86.0,4.0,90.0,74.0,-90.0
8875,-29.0,-49.0,-95.0,-25.0,-7.0,87.0,5.0,91.0,73.0,-91.0
8876,-30.0,-50.0,-94.0,-24.0,-8.0,86.0,4.0,92.0,74.0,-92.0
8877,-29.0,-49.0,-93.0,-23.0,-7.0,87.0,5.0,93.0,75.0,-93.0
8878,-28.0,-48.0,-92.0,-22.0,-6.0,88.0,6.0,94.0,76.0,-92.0
8879,-27.0,-47.0,-91.0,-23.0,-7.0,87.0,5.0,95.0,77.0,-91.0
8880,-28.0,-46.0,-90.0,-24.0,-8.0,88.0,4.0,94.0,78.0,-90.0
8881,-29.0,-47.0,-91.0,-25.0,-9.0,87.0,5.0,95.0,79.0,-89.0
8882,-30.0,-48.0,-92.0,-26.0,-10.0,86.0,4.0,94.0,78.0,-90.0
8883,-29.0,-49.0,-93.0,-25.0,-9.0,85.0,3.0,95.0,79.0,-91.0
8884,-28.0,-50.0,-94.0,-24.0,-10.0,84.0,4.0,94.0,78.0,-90.0
8885,-27.0,-51.0,-93.0,-25.0,-9.0,83.0,3.0,95.0,77.0,-89.0
8886,-26.0,-50.0,-92.0,-24.0,-8.0,84.0,4.0,96.0,78.0,-90.0
8887,-25.0,-51.0,-93.0,-23.0,-9.0,83.0,5.0,97.0,77.0,-89.0
8888,-24.0,-52.0,-94.0,-22.0,-8.0,82.0,4.0,98.0,78.0,-90.0
8889,-23.0,-53.0,-93.0,-21.0,-9.0,83.0,5.0,97.0,79.0,-89.0
8890,-22.0,-54.0,-92.0,-22.0,-10.0,84.0,4.0,98.0,80.0,-90.0
8891,-23.0,-53.0,-91.0,-23.0,-11.0,85.0,3.0,97.0,81.0,-89.0
8892,-22.0,-54.0,-92.0,-22.0,-10.0,84.0,2.0,98.0,80.0,-90.0
8893,-23.0,-53.0,-91.0,-23.0,-11.0,85.0,3.0,97.0,81.0,-89.0
8894,-24.0,-54.0,-92.0,-22.0,-10.0,86.0,2.0,96.0,80.0,-88.0
8895,-25.0,-55.0,-93.0,-23.0,-11.0,85.0,1.0,95.0,79.0,-89.0
8896,-24.0,-56.0,-92.0,-24.0,-10.0,84.0,2.0,94.0,80.0,-90.0
8897,-23.0,-57.0,-91.0,-23.0,-11.0,85.0,3.0,93.0,81.0,-89.0
8898,-24.0,-58.0,-90.0,-22.0,-12.0,84.0,2.0,94.0,82.0,-90.0
8899,-23.0,-57.0,-89.0,-21.0,-13.0,83.0,1.0,93.0,83.0,-89.0
8900,-24.0,-58.0,-88.0,-20.0,-14.0,82.0,0.0,94.0,84.0,-90.0
8901,-23.0,-57.0,-89.0,-21.0,-13.0,83.0,-1.0,93.0,83.0,-89.0
8902,-22.0,-58.0,-88.0,-20.0,-14.0,84.0,0.0,92.0,84.0,-88.0
8903,-23.0,-57.0,-89.0,-21.0,-13.0,83.0,1.0,93.0,83.0,-87.0
8904,-24.0,-56.0,-90.0,-20.0,-12.0,82.0,2.0,92.0,82.0,-86.0
8905,-25.0,-57.0,-91.0,-19.0,-11.0,83.0,1.0,91.0,81.0,-85.0
8906,-26.0,-58.0,-92.0,-20.0,-12.0,82.0,0.0,90.0,80.0,-86.0
8907,-25.0,-57.0,-91.0,-19.0,-13.0,81.0,-1.0,89.0,81.0,-85.0
8908,-26.0,-58.0,-92.0,-18.0,-12.0,82.0,-2.0,88.0,80.0,-84.0
8909,-25.0,-59.0,-91.0,-19.0,-11.0,81.0,-3.0,89.0,79.0,-83.0
8910,-24.0,-60.0,-90.0,-20.0,-10.0,80.0,-2.0,88.0,80.0,-84.0
8911,-25.0,-59.0,-91.0,-21.0,-9.0,79.0,-1.0,89.0,79.0,-83.0
8912,-24.0,-58.0,-90.0,-20.0,-10.0,78.0,-2.0,88.0,80.0,-82.0
8913,-23.0,-59.0,-89.0,-21.0,-9.0,77.0,-1.0,87.0,81.0,-83.0
8914,-24.0,-60.0,-90.0,-22.0,-10.0,76.0,0.0,88.0,82.0,-82.0
8915,-25.0,-59.0,-89.0,-23.0,-11.0,77.0,-1.0,87.0,83.0,-81.0
8916,-24.0,-60.0,-88.0,-24.0,-10.0,76.0,-2.0,88.0,82.0,-80.0
8917,-25.0,-59.0,-89.0,-23.0,-9.0,75.0,-1.0,87.0,83.0,-79.0
8918,-26.0,-58.0,-90.0,-24.0,-8.0,74.0,-2.0,88.0,82.0,-80.0
8919,-27.0,-57.0,-89.0,-25.0,-9.0,75.0,-1.0,87.0,81.0,-79.0
8920,-26.0,-56.0,-88.0,-24.0,-8.0,76.0,0.0,88.0,82.0,-78.0
8921,-25.0,-57.0,-87.0,-25.0,-7.0,75.0,1.0,89.0,81.0,-77.0
8922,-24.0,-56.0,-86.0,-24.0,-6.0,74.0,0.0,88.0,80.0,-78.0
8923,-23.0,-55.0,-85.0,-25.0,-7.0,73.0,1.0,89.0,81.0,-79.0
8924,-24.0,-54.0,-86.0,-24.0,-8.0,74.0,0.0,90.0,80.0,-78.0
8925,-25.0,-55.0,-85.0,-23.0,-9.0,73.0,1.0,91.0,79.0,-79.0
8926,-24.0,-56.0,-84.0,-24.0,-8.0,72.0,2.0,90.0,80.0,-80.0
8927,-23.0,-57.0,-85.0,-23.0,-7.0,71.0,1.0,91.0,79.0,-81.0
8928,-22.0,-56.0,-86.0,-24.0,-6.0,72.0,0.0,90.0,80.0,-80.0
8929,-21.0,-55.0,-87.0,-25.0,-5.0,73.0,-1.0,89.0,81.0,-79.0
8930,-20.0,-54.0,-86.0,-24.0,-4.0,74.0,0.0,90.0,82.0,-78.0
8931,-21.0,-55.0,-87.0,-25.0,-5.0,73.0,-1.0,89.0,81.0,-79.0
8932,-20.0,-54.0,-86.0,-26.0,-6.0,72.0,0.0,90.0,82.0,-78.0
8933,-21.0,-55.0,-87.0,-27.0,-5.0,73.0,1.0,91.0,81.0,-79.0
8934,-20.0,-56.0,-88.0,-26.0,-4.0,72.0,0.0,92.0,82.0,-80.0
8935,-19.0,-57.0,-89.0,-25.0,-3.0,71.0,-1.0,93.0,81.0,-81.0
8936,-18.0,-58.0,-90.0,-24.0,-2.0,70.0,-2.0,94.0,82.0,-82.0
8937,-19.0,-57.0,-91.0,-23.0,-3.0,71.0,-3.0,95.0,81.0,-81.0
8938,-20.0,-58.0,-92.0,-24.0,-2.0,72.0,-2.0,96.0,82.0,-82.0
8939,-21.0,-57.0,-93.0,-23.0,-3.0,73.0,-3.0,97.0,83.0,-83.0
8940,-22.0,-58.0,-94.0,-24.0,-4.0,72.0,-4.0,96.0,82.0,-84.0
8941,-23.0,-59.0,-93.0,-23.0,-5.0,71.0,-3.0,97.0,83.0,-85.0
8942,-22.0,-60.0,-92.0,-22.0,-6.0,72.0,-4.0,96.0,84.0,-86.0
8943,-21.0,-61.0,-91.0,-23.0,-5.0,71.0,-3.0,95.0,85.0,-87.0
8944,-22.0,-60.0,-92.0,-22.0,-6.0,72.0,-4.0,96.0,84.0,-86.0
8945,-21.0,-59.0,-91.0,-21.0,-5.0,73.0,-3.0,97.0,85.0,-85.0
8946,-20.0,-60.0,-92.0,-20.0,-4.0,72.0,-2.0,98.0,84.0,-86.0
8947,-21.0,-61.0,-93.0,-19.0,-3.0,73.0,-3.0,97.0,83.0,-85.0
8948,-20.0,-62.0,-92.0,-20.0,-2.0,72.0,-2.0,96.0,82.0,-84.0
8949,-19.0,-63.0,-91.0,-21.0,-1.0,71.0,-1.0,95.0,81.0,-83.0
8950,-20.0,-62.0,-90.0,-22.0,-2.0,72.0,0.0,94.0,80.0,-82.0
8951,-21.0,-61.0,-89.0,-23.0,-1.0,73.0,-1.0,95.0,81.0,-83.0
8952,-22.0,-62.0,-88.0,-22.0,0.0,72.0,-2.0,96.0,82.0,-82.0
8953,-21.0,-63.0,-87.0,-21.0,-1.0,73.0,-1.0,95.0,83.0,-81.0
8954,-22.0,-62.0,-88.0,-20.0,-2.0,74.0,-2.0,96.0,82.0,-82.0
8955,-21.0,-63.0,-87.0,-21.0,-1.0,73.0,-1.0,97.0,81.0,-81.0
8956,-20.0,-62.0,-88.0,-22.0,-2.0,74.0,0.0,98.0,80.0,-82.0
8957,-21.0,-61.0,-87.0,-23.0,-3.0,75.0,1.0,97.0,81.0,-81.0
8958,-20.0,-62.0,-86.0,-22.0,-4.0,76.0,2.0,96.0,82.0,-82.0
8959,-21.0,-63.0,-87.0,-21.0,-3.0,77.0,3.0,95.0,81.0,-83.0
8960,-20.0,-62.0,-86.0,-20.0,-4.0,76.0,2.0,94.0,82.0,-82.0
8961,-21.0,-61.0,-87.0,-19.0,-5.0,75.0,3.0,93.0,83.0,-83.0
8962,-20.0,-60.0,-88.0,-20.0,-4.0,76.0,2.0,92.0,84.0,-82.0
8963,-21.0,-61.0,-89.0,-21.0,-5.0,75.0,1.0,91.0,83.0,-83.0
8964,-20.0,-62.0,-88.0,-20.0,-6.0,76.0,2.0,90.0,84.0,-82.0
8965,-21.0,-61.0,-89.0,-19.0,-7.0,77.0,1.0,89.0,85.0,-83.0
8966,-20.0,-60.0,-88.0,-20.0,-8.0,76.0,2.0,90.0,86.0,-84.0
8967,-21.0,-61.0,-89.0,-21.0,-9.0,75.0,1.0,91.0,87.0,-83.0
8968,-20.0,-62.0,-88.0,-20.0,-10.0,76.0,2.0,90.0,88.0,-84.0
8969,-19.0,-63.0,-87.0,-21.0,-11.0,77.0,1.0,91.0,87.0,-85.0
8970,-18.0,-64.0,-88.0,-20.0,-10.0,76.0,0.0,92.0,86.0,-86.0
8971,-17.0,-63.0,-87.0,-19.0,-11.0,75.0,-1.0,91.0,87.0,-85.0
8972,-16.0,-64.0,-86.0,-20.0,-10.0,74.0,0.0,90.0,88.0,-86.0
8973,-17.0,-63.0,-87.0,-19.0,-11.0,75.0,-1.0,91.0,87.0,-85.0
8974,-18.0,-62.0,-86.0,-20.0,-10.0,76.0,-2.0,92.0,88.0,-86.0
8975,-19.0,-63.0,-87.0,-21.0,-11.0,75.0,-1.0,93.0,89.0,-85.0
8976,-18.0,-62.0,-86.0,-20.0,-10.0,76.0,-2.0,92.0,88.0,-86.0
8977,-19.0,-61.0,-85.0,-21.0,-11.0,77.0,-1.0,91.0,87.0,-85.0
8978,-18.0,-60.0,-86.0,-22.0,-12.0,78.0,0.0,92.0,86.0,-86.0
8979,-17.0,-59.0,-85.0,-21.0,-11.0,79.0,1.0,93.0,87.0,-85.0
8980,-16.0,-60.0,-86.0,-20.0,-12.0,78.0,2.0,92.0,86.0,-84.0
8981,-15.0,-61.0,-85.0,-21.0,-11.0,77.0,3.0,91.0,87.0,-85.0
8982,-14.0,-62.0,-86.0,-20.0,-10.0,76.0,2.0,92.0,86.0,-86.0
8983,-15.0,-63.0,-87.0,-21.0,-11.0,77.0,3.0,93.0,87.0,-85.0
8984,-14.0,-62.0,-86.0,-20.0,-10.0,76.0,2.0,92.0,86.0,-86.0
8985,-15.0,-61.0,-85.0,-21.0,-11.0,77.0,3.0,91.0,85.0,-85.0
8986,-14.0,-60.0,-84.0,-20.0,-12.0,76.0,2.0,90.0,84.0,-84.0
8987,-13.0,-59.0,-83.0,-19.0,-13.0,75.0,1.0,89.0,83.0,-83.0
8988,-12.0,-58.0,-82.0,-18.0,-12.0,74.0,0.0,88.0,82.0,-84.0
8989,-13.0,-59.0,-83.0,-19.0,-13.0,73.0,-1.0,87.0,81.0,-85.0
8990,-14.0,-58.0,-84.0,-18.0,-14.0,72.0,0.0,86.0,82.0,-86.0
8991,-15.0,-59.0,-85.0,-19.0,-15.0,71.0,-1.0,85.0,81.0,-87.0
8992,-16.0,-58.0,-86.0,-18.0,-16.0,72.0,-2.0,86.0,80.0,-86.0
8993,-15.0,-57.0,-85.0,-19.0,-17.0,71.0,-1.0,87.0,81.0,-87.0
8994,-14.0,-56.0,-84.0,-20.0,-18.0,70.0,0.0,88.0,82.0,-88.0
8995,-15.0,-57.0,-83.0,-19.0,-17.0,69.0,-1.0,87.0,83.0,-87.0
8996,-16.0,-58.0,-84.0,-20.0,-16.0,70.0,0.0,88.0,82.0,-88.0
8997,-17.0,-57.0,-85.0,-19.0,-17.0,71.0,-1.0,89.0,81.0,-89.0
8998,-18.0,-56.0,-84.0,-20.0,-18.0,72.0,-2.0,88.0,82.0,-88.0
8999,-19.0,-55.0,-85.0,-21.0,-17.0,71.0,-1.0,89.0,81.0,-87.0
9000,-20.0,-54.0,-86.0,-20.0,-18.0,72.0,-2.0,88.0,82.0,-88.0
9001,-21.0,-53.0,-87.0,-19.0,-19.0,73.0,-3.0,89.0,81.0,-87.0
9002,-22.0,-54.0,-88.0,-20.0,-18.0,74.0,-2.0,90.0,80.0,-88.0
9003,-21.0,-53.0,-87.0,-19.0,-17.0,75.0,-1.0,89.0,79.0,-89.0
9004,-22.0,-54.0,-88.0,-20.0,-18.0,76.0,0.0,90.0,80.0,-88.0
9005,-23.0,-55.0,-87.0,-19.0,-19.0,75.0,1.0,91.0,79.0,-89.0
9006,-24.0,-56.0,-88.0,-18.0,-18.0,76.0,2.0,90.0,78.0,-90.0
9007,-23.0,-55.0,-87.0,-17.0,-17.0,77.0,3.0,91.0,77.0,-91.0
9008,-24.0,-56.0,-88.0,-16.0,-16.0,78.0,4.0,90.0,76.0,-92.0
9009,-23.0,-57.0,-89.0,-15.0,-15.0,77.0,3.0,91.0,77.0,-93.0
9010,-22.0,-58.0,-88.0,-16.0,-14.0,76.0,4.0,90.0,78.0,-92.0
9011,-23.0,-59.0,-89.0,-15.0,-13.0,77.0,5.0,89.0,77.0,-93.0
9012,-22.0,-60.0,-88.0,-16.0,-12.0,78.0,4.0,90.0,76.0,-92.0
9013,-23.0,-61.0,-87.0,-15.0,-13.0,77.0,5.0,91.0,77.0,-93.0
9014,-22.0,-62.0,-88.0,-14.0,-14.0,76.0,6.0,92.0,76.0,-92.0
9015,-23.0,-63.0,-89.0,-13.0,-13.0,77.0,5.0,91.0,75.0,-93.0
9016,-24.0,-62.0,-90.0,-12.0,-14.0,76.0,6.0,90.0,76.0,-94.0
9017,-25.0,-63.0,-91.0,-11.0,-13.0,77.0,7.0,89.0,75.0,-95.0
9018,-26.0,-62.0,-90.0,-12.0,-12.0,78.0,6.0,88.0,76.0,-96.0
9019,-25.0,-61.0,-89.0,-13.0,-13.0,77.0,5.0,89.0,77.0,-95.0
9020,-26.0,-62.0,-88.0,-12.0,-12.0,76.0,4.0,90.0,78.0,-94.0
9021,-27.0,-63.0,-89.0,-11.0,-11.0,77.0,3.0,89.0,77.0,-93.0
9022,-26.0,-64.0,-88.0,-12.0,-10.0,78.0,2.0,90.0,76.0,-92.0
9023,-27.0,-65.0,-89.0,-13.0,-11.0,79.0,3.0,91.0,77.0,-91.0
9024,-28.0,-66.0,-90.0,-14.0,-10.0,80.0,4.0,92.0,76.0,-92.0
9025,-29.0,-65.0,-91.0,-13.0,-11.0,81.0,3.0,93.0,75.0,-91.0
9026,-28.0,-66.0,-92.0,-12.0,-10.0,80.0,4.0,94.0,74.0,-92.0
9027,-27.0,-65.0,-93.0,-13.0,-11.0,81.0,5.0,93.0,73.0,-93.0
9028,-28.0,-66.0,-92.0,-12.0,-12.0,80.0,6.0,94.0,74.0,-94.0
9029,-27.0,-65.0,-91.0,-11.0,-11.0,81.0,7.0,95.0,75.0,-93.0
9030,-28.0,-64.0,-92.0,-10.0,-12.0,82.0,6.0,96.0,74.0,-92.0
9031,-29.0,-63.0,-93.0,-9.0,-13.0,83.0,5.0,97.0,73.0,-91.0
9032,-28.0,-64.0,-92.0,-10.0,-12.0,82.0,6.0,96.0,74.0,-92.0
9033,-29.0,-65.0,-93.0,-11.0,-13.0,81.0,5.0,97.0,75.0,-91.0
9034,-28.0,-64.0,-92.0,-12.0,-14.0,80.0,4.0,98.0,76.0,-90.0
9035,-29.0,-63.0,-93.0,-11.0,-15.0,81.0,3.0,97.0,77.0,-91.0
9036,-30.0,-62.0,-94.0,-10.0,-16.0,82.0,2.0,98.0,78.0,-92.0
9037,-29.0,-63.0,-93.0,-11.0,-15.0,81.0,1.0,99.0,77.0,-91.0
9038,-30.0,-64.0,-94.0,-10.0,-14.0,82.0,0.0,98.0,76.0,-92.0
9039,-29.0,-63.0,-93.0,-9.0,-13.0,83.0,1.0,99.0,77.0,-91.0
9040,-28.0,-64.0,-92.0,-10.0,-12.0,82.0,2.0,98.0,78.0,-92.0
9041,-27.0,-65.0,-93.0,-9.0,-11.0,81.0,3.0,99.0,77.0,-93.0
9042,-26.0,-66.0,-92.0,-8.0,-12.0,82.0,2.0,98.0,78.0,-94.0
9043,-27.0,-67.0,-93.0,-7.0,-11.0,83.0,3.0,97.0,77.0,-95.0
9044,-26.0,-68.0,-92.0,-6.0,-12.0,84.0,4.0,96.0,78.0,-94.0
9045,-27.0,-67.0,-93.0,-5.0,-13.0,85.0,3.0,97.0,77.0,-93.0
9046,-28.0,-68.0,-92.0,-4.0,-12.0,84.0,2.0,96.0,78.0,-92.0
9047,-27.0,-69.0,-93.0,-3.0,-11.0,83.0,1.0,97.0,77.0,-93.0
9048,-28.0,-70.0,-92.0,-2.0,-12.0,82.0,2.0,98.0,76.0,-94.0
9049,-27.0,-71.0,-93.0,-1.0,-11.0,81.0,1.0,99.0,77.0,-95.0
9050,-28.0,-72.0,-92.0,0.0,-12.0,80.0,2.0,100.0,76.0,-96.0
9051,-29.0,-71.0,-93.0,1.0,-13.0,81.0,3.0,99.0,77.0,-97.0
9052,-30.0,-72.0,-92.0,2.0,-12.0,80.0,2.0,100.0,78.0,-96.0
9053,-29.0,-73.0,-93.0,3.0,-11.0,79.0,1.0,101.0,79.0,-97.0
9054,-28.0,-74.0,-94.0,4.0,-10.0,78.0,2.0,102.0,78.0,-98.0
9055,-27.0,-75.0,-93.0,5.0,-11.0,79.0,1.0,101.0,79.0,-99.0
9056,-28.0,-76.0,-94.0,6.0,-10.0,80.0,0.0,100.0,78.0,-98.0
9057,-29.0,-77.0,-93.0,7.0,-11.0,79.0,1.0,101.0,79.0,-99.0
9058,-30.0,-76.0,-94.0,8.0,-12.0,80.0,0.0,102.0,78.0,-98.0
9059,-31.0,-77.0,-93.0,9.0,-13.0,79.0,1.0,103.0,79.0,-99.0
9060,-30.0,-76.0,-94.0,8.0,-12.0,80.0,2.0,102.0,78.0,-98.0
9061,-29.0,-77.0,-93.0,7.0,-11.0,79.0,3.0,101.0,79.0,-99.0
9062,-30.0,-78.0,-94.0,6.0,-12.0,78.0,2.0,100.0,78.0,-100.0
9063,-29.0,-79.0,-95.0,7.0,-13.0,77.0,3.0,101.0,77.0,-99.0
9064,-28.0,-78.0,-94.0,6.0,-14.0,76.0,4.0,102.0,78.0,-100.0
9065,-29.0,-79.0,-93.0,7.0,-15.0,75.0,3.0,103.0,79.0,-101.0
9066,-28.0,-80.0,-92.0,6.0,-14.0,74.0,4.0,104.0,78.0,-100.0
9067,-27.0,-79.0,-93.0,5.0,-13.0,75.0,3.0,103.0,77.0,-99.0
9068,-26.0,-78.0,-94.0,4.0,-14.0,76.0,4.0,102.0,76.0,-100.0
9069,-25.0,-77.0,-95.0,3.0,-15.0,77.0,5.0,101.0,75.0,-101.0
9070,-26.0,-78.0,-96.0,2.0,-14.0,78.0,6.0,102.0,74.0,-102.0
9071,-25.0,-79.0,-95.0,1.0,-15.0,79.0,5.0,103.0,75.0,-103.0
9072,-26.0,-80.0,-94.0,2.0,-16.0,78.0,6.0,104.0,74.0,-104.0
9073,-27.0,-81.0,-93.0,3.0,-15.0,77.0,5.0,103.0,75.0,-103.0
9074,-28.0,-80.0,-94.0,4.0,-16.0,76.0,6.0,102.0,76.0,-104.0
9075,-27.0,-79.0,-93.0,5.0,-15.0,77.0,7.0,103.0,77.0,-105.0
9076,-26.0,-78.0,-92.0,6.0,-14.0,78.0,8.0,104.0,78.0,-106.0
9077,-27.0,-79.0,-93.0,5.0,-15.0,77.0,7.0,103.0,77.0,-107.0
9078,-26.0,-80.0,-92.0,4.0,-14.0,76.0,8.0,102.0,78.0,-108.0
9079,-27.0,-79.0,-93.0,5.0,-13.0,75.0,9.0,101.0,77.0,-107.0
9080,-26.0,-78.0,-92.0,4.0,-14.0,74.0,10.0,102.0,78.0,-106.0
9081,-25.0,-79.0,-91.0,5.0,-15.0,75.0,9.0,101.0,79.0,-107.0
9082,-24.0,-78.0,-92.0,4.0,-14.0,76.0,8.0,100.0,78.0,-106.0
9083,-23.0,-77.0,-91.0,3.0,-15.0,75.0,9.0,101.0,79.0,-107.0
9084,-24.0,-78.0,-92.0,2.0,-16.0,74.0,8.0,100.0,78.0,-108.0
9085,-23.0,-79.0,-91.0,1.0,-15.0,73.0,7.0,101.0,77.0,-107.0
9086,-22.0,-78.0,-90.0,2.0,-14.0,74.0,8.0,100.0,76.0,-108.0
9087,-23.0,-79.0,-91.0,3.0,-13.0,75.0,9.0,99.0,75.0,-109.0
9088,-22.0,-80.0,-92.0,4.0,-12.0,74.0,8.0,100.0,76.0,-110.0
9089,-21.0,-81.0,-93.0,5.0,-13.0,73.0,9.0,101.0,75.0,-109.0
9090,-20.0,-82.0,-94.0,6.0,-14.0,72.0,10.0,100.0,74.0,-108.0
9091,-21.0,-83.0,-93.0,7.0,-15.0,71.0,11.0,101.0,73.0,-109.0
9092,-22.0,-84.0,-94.0,8.0,-14.0,72.0,12.0,100.0,72.0,-110.0
9093,-21.0,-83.0,-93.0,9.0,-13.0,71.0,11.0,99.0,71.0,-111.0
9094,-20.0,-82.0,-94.0,8.0,-14.0,72.0,12.0,100.0,70.0,-112.0
9095,-19.0,-81.0,-95.0,7.0,-13.0,73.0,11.0,99.0,71.0,-111.0
9096,-20.0,-82.0,-96.0,8.0,-12.0,74.0,10.0,98.0,70.0,-110.0
9097,-21.0,-81.0,-97.0,9.0,-13.0,75.0,9.0,99.0,69.0,-109.0
9098,-22.0,-82.0,-96.0,10.0,-14.0,74.0,10.0,100.0,68.0,-110.0
9099,-23.0,-83.0,-97.0,11.0,-13.0,75.0,11.0,99.0,67.0,-111.0
9100,-24.0,-84.0,-96.0,12.0,-12.0,74.0,10.0,98.0,68.0,-110.0
9101,-23.0,-85.0,-95.0,11.0,-13.0,75.0,9.0,99.0,69.0,-111.0
9102,-24.0,-86.0,-96.0,10.0,-14.0,74.0,8.0,98.0,68.0,-112.0
9103,-25.0,-85.0,-95.0,9.0,-15.0,75.0,9.0,97.0,67.0,-111.0
9104,-26.0,-86.0,-94.0,10.0,-14.0,74.0,8.0,96.0,68.0,-110.0
9105,-25.0,-87.0,-95.0,11.0,-13.0,73.0,7.0,97.0,69.0,-111.0
9106,-26.0,-88.0,-96.0,10.0,-12.0,74.0,8.0,98.0,68.0,-112.0
9107,-25.0,-89.0,-97.0,11.0,-11.0,73.0,9.0,99.0,67.0,-113.0
9108,-24.0,-90.0,-96.0,10.0,-10.0,74.0,8.0,100.0,66.0,-112.0
9109,-25.0,-89.0,-97.0,11.0,-11.0,75.0,7.0,101.0,67.0,-113.0
9110,-26.0,-90.0,-98.0,10.0,-12.0,74.0,6.0,102.0,68.0,-112.0
9111,-27.0,-89.0,-99.0,9.0,-11.0,73.0,5.0,103.0,67.0,-113.0
9112,-26.0,-90.0,-98.0,8.0,-10.0,74.0,4.0,104.0,66.0,-112.0
9113,-25.0,-91.0,-99.0,9.0,-11.0,73.0,5.0,103.0,65.0,-111.0
9114,-26.0,-90.0,-98.0,8.0,-10.0,74.0,4.0,102.0,66.0,-112.0
9115,-25.0,-91.0,-99.0,9.0,-11.0,73.0,5.0,101.0,65.0,-111.0
9116,-26.0,-92.0,-100.0,8.0,-12.0,72.0,4.0,100.0,64.0,-112.0
9117,-27.0,-93.0,-101.0,7.0,-13.0,71.0,5.0,101.0,65.0,-111.0
9118,-28.0,-92.0,-102.0,8.0,-14.0,72.0,6.0,100.0,66.0,-112.0
9119,-29.0,-93.0,-103.0,7.0,-15.0,71.0,7.0,101.0,67.0,-111.0
9120,-30.0,-94.0,-102.0,8.0,-14.0,70.0,6.0,102.0,68.0,-110.0
9121,-29.0,-95.0,-101.0,7.0,-15.0,71.0,5.0,103.0,69.0,-111.0
9122,-30.0,-94.0,-100.0,6.0,-14.0,72.0,4.0,104.0,70.0,-112.0
9123,-29.0,-93.0,-99.0,7.0,-13.0,73.0,5.0,105.0,71.0,-111.0
9124,-30.0,-92.0,-100.0,8.0,-14.0,72.0,6.0,104.0,72.0,-112.0
9125,-31.0,-93.0,-101.0,7.0,-15.0,73.0,7.0,105.0,73.0,-111.0
9126,-30.0,-94.0,-102.0,8.0,-16.0,72.0,8.0,104.0,72.0,-110.0
9127,-31.0,-93.0,-103.0,7.0,-15.0,71.0,7.0,105.0,71.0,-109.0
9128,-32.0,-92.0,-102.0,6.0,-16.0,72.0,8.0,104.0,70.0,-108.0
9129,-33.0,-93.0,-103.0,5.0,-17.0,71.0,7.0,103.0,71.0,-107.0
9130,-34.0,-94.0,-104.0,4.0,-16.0,72.0,8.0,104.0,70.0,-108.0
9131,-33.0,-93.0,-103.0,5.0,-15.0,73.0,9.0,105.0,71.0,-107.0
9132,-32.0,-94.0,-102.0,4.0,-14.0,72.0,10.0,104.0,72.0,-108.0
9133,-33.0,-95.0,-103.0,3.0,-15.0,71.0,9.0,103.0,71.0,-109.0
9134,-32.0,-94.0,-102.0,4.0,-14.0,72.0,10.0,104.0,72.0,-108.0
9135,-31.0,-93.0,-101.0,5.0,-13.0,73.0,11.0,105.0,73.0,-107.0
9136,-30.0,-92.0,-102.0,4.0,-12.0,74.0,12.0,104.0,72.0,-106.0
9137,-29.0,-93.0,-101.0,3.0,-11.0,73.0,13.0,103.0,73.0,-107.0
9138,-28.0,-94.0,-100.0,2.0,-10.0,72.0,12.0,104.0,72.0,-106.0
9139,-27.0,-93.0,-99.0,1.0,-11.0,71.0,11.0,105.0,73.0,-105.0
9140,-26.0,-92.0,-100.0,0.0,-12.0,72.0,12.0,106.0,72.0,-106.0
9141,-25.0,-91.0,-99.0,1.0,-11.0,73.0,13.0,107.0,73.0,-105.0
9142,-24.0,-90.0,-98.0,0.0,-12.0,72.0,14.0,108.0,74.0,-106.0
9143,-23.0,-91.0,-99.0,1.0,-11.0,71.0,15.0,109.0,73.0,-107.0
9144,-24.0,-90.0,-100.0,0.0,-10.0,70.0,14.0,110.0,72.0,-108.0
9145,-23.0,-91.0,-99.0,-1.0,-11.0,71.0,13.0,111.0,71.0,-109.0
9146,-22.0,-92.0,-98.0,-2.0,-10.0,70.0,14.0,110.0,72.0,-110.0
9147,-23.0,-91.0,-99.0,-3.0,-9.0,69.0,15.0,111.0,71.0,-109.0
9148,-22.0,-92.0,-98.0,-4.0,-10.0,70.0,14.0,112.0,70.0,-110.0
9149,-23.0,-91.0,-99.0,-3.0,-11.0,71.0,13.0,113.0,69.0,-111.0
9150,-24.0,-90.0,-100.0,-4.0,-10.0,70.0,14.0,114.0,68.0,-110.0
9151,-23.0,-91.0,-101.0,-3.0,-9.0,69.0,13.0,115.0,69.0,-111.0
9152,-22.0,-90.0,-100.0,-4.0,-10.0,68.0,14.0,116.0,70.0,-112.0
9153,-23.0,-89.0,-101.0,-3.0,-11.0,69.0,13.0,117.0,69.0,-111.0
9154,-24.0,-88.0,-102.0,-2.0,-12.0,70.0,12.0,116.0,70.0,-112.0
9155,-23.0,-89.0,-101.0,-3.0,-11.0,69.0,13.0,115.0,71.0,-113.0
9156,-24.0,-88.0,-102.0,-4.0,-10.0,68.0,14.0,116.0,70.0,-112.0
9157,-25.0,-89.0,-103.0,-5.0,-9.0,69.0,15.0,117.0,71.0,-113.0
9158,-24.0,-88.0,-102.0,-6.0,-10.0,68.0,14.0,118.0,72.0,-112.0
9159,-23.0,-89.0,-101.0,-5.0,-11.0,69.0,15.0,117.0,73.0,-111.0
9160,-24.0,-88.0,-102.0,-6.0,-10.0,68.0,16.0,118.0,72.0,-110.0
9161,-23.0,-87.0,-101.0,-5.0,-11.0,67.0,15.0,117.0,71.0,-109.0
9162,-24.0,-86.0,-100.0,-6.0,-10.0,68.0,14.0,118.0,72.0,-110.0
9163,-25.0,-85.0,-101.0,-5.0,-9.0,67.0,15.0,117.0,71.0,-109.0
9164,-24.0,-84.0,-102.0,-6.0,-8.0,68.0,16.0,116.0,70.0,-108.0
9165,-23.0,-85.0,-103.0,-5.0,-9.0,67.0,17.0,115.0,69.0,-107.0
9166,-22.0,-86.0,-104.0,-4.0,-10.0,66.0,18.0,116.0,68.0,-106.0
9167,-23.0,-85.0,-105.0,-3.0,-11.0,67.0,17.0,117.0,67.0,-105.0
9168,-22.0,-84.0,-104.0,-2.0,-10.0,68.0,18.0,118.0,68.0,-104.0
9169,-21.0,-83.0,-103.0,-1.0,-9.0,69.0,19.0,117.0,67.0,-105.0
9170,-22.0,-82.0,-104.0,0.0,-10.0,70.0,18.0,118.0,66.0,-104.0
9171,-23.0,-81.0,-105.0,1.0,-11.0,71.0,17.0,119.0,65.0,-103.0
9172,-22.0,-82.0,-106.0,2.0,-12.0,70.0,18.0,118.0,64.0,-102.0
9173,-21.0,-83.0,-105.0,1.0,-13.0,71.0,17.0,119.0,63.0,-103.0
9174,-20.0,-82.0,-104.0,2.0,-14.0,70.0,16.0,118.0,64.0,-102.0
9175,-21.0,-81.0,-105.0,3.0,-15.0,71.0,17.0,117.0,65.0,-103.0
9176,-22.0,-80.0,-104.0,2.0,-16.0,72.0,18.0,116.0,64.0,-102.0
9177,-23.0,-81.0,-105.0,1.0,-15.0,73.0,19.0,117.0,65.0,-103.0
9178,-22.0,-82.0,-104.0,0.0,-16.0,74.0,18.0,118.0,64.0,-104.0
9179,-23.0,-83.0,-105.0,-1.0,-17.0,73.0,17.0,119.0,65.0,-103.0
9180,-24.0,-84.0,-104.0,0.0,-18.0,72.0,18.0,120.0,66.0,-104.0
9181,-23.0,-85.0,-105.0,1.0,-19.0,71.0,19.0,119.0,65.0,-103.0
9182,-24.0,-84.0,-106.0,0.0,-18.0,70.0,20.0,120.0,64.0,-102.0
9183,-25.0,-85.0,-105.0,1.0,-19.0,69.0,19.0,121.0,65.0,-103.0
9184,-26.0,-84.0,-106.0,0.0,-18.0,68.0,18.0,122.0,64.0,-102.0
9185,-27.0,-85.0,-107.0,-1.0,-17.0,69.0,19.0,123.0,63.0,-103.0
9186,-28.0,-84.0,-106.0,-2.0,-16.0,70.0,18.0,124.0,64.0,-104.0
9187,-27.0,-83.0,-107.0,-3.0,-17.0,71.0,19.0,125.0,63.0,-105.0
9188,-28.0,-84.0,-108.0,-4.0,-18.0,70.0,18.0,124.0,62.0,-106.0
9189,-27.0,-85.0,-109.0,-3.0,-17.0,69.0,17.0,125.0,63.0,-107.0
9190,-26.0,-86.0,-108.0,-4.0,-16.0,68.0,18.0,124.0,64.0,-108.0
9191,-25.0,-87.0,-109.0,-3.0,-15.0,67.0,17.0,125.0,65.0,-109.0
9192,-24.0,-88.0,-108.0,-4.0,-14.0,66.0,18.0,124.0,64.0,-108.0
9193,-25.0,-89.0,-109.0,-5.0,-15.0,65.0,17.0,123.0,63.0,-109.0
9194,-26.0,-88.0,-110.0,-4.0,-16.0,66.0,16.0,122.0,64.0,-110.0
9195,-27.0,-89.0,-111.0,-5.0,-15.0,67.0,17.0,123.0,63.0,-111.0
9196,-28.0,-88.0,-112.0,-6.0,-14.0,66.0,16.0,124.0,62.0,-112.0
9197,-27.0,-87.0,-111.0,-5.0,-13.0,67.0,17.0,125.0,63.0,-111.0
9198,-28.0,-88.0,-110.0,-4.0,-12.0,66.0,16.0,124.0,64.0,-110.0
9199,-29.0,-89.0,-111.0,-5.0,-13.0,65.0,15.0,123.0,63.0,-111.0
9200,-30.0,-88.0,-112.0,-6.0,-12.0,64.0,16.0,124.0,62.0,-110.0
9201,-31.0,-87.0,-113.0,-5.0,-13.0,65.0,17.0,123.0,63.0,-111.0
9202,-30.0,-88.0,-112.0,-6.0,-12.0,64.0,18.0,122.0,64.0,-112.0
9203,-31.0,-87.0,-111.0,-7.0,-13.0,65.0,19.0,121.0,63.0,-111.0
9204,-30.0,-88.0,-112.0,-6.0,-12.0,64.0,18.0,122.0,64.0,-112.0
9205,-29.0,-89.0,-111.0,-7.0,-11.0,65.0,17.0,123.0,63.0,-111.0
9206,-30.0,-90.0,-112.0,-6.0,-10.0,66.0,16.0,122.0,62.0,-112.0
9207,-31.0,-91.0,-111.0,-5.0,-11.0,65.0,17.0,123.0,61.0,-113.0
9208,-32.0,-90.0,-110.0,-6.0,-12.0,66.0,18.0,122.0,60.0,-112.0
9209,-33.0,-89.0,-111.0,-5.0,-13.0,67.0,17.0,121.0,61.0,-113.0
9210,-32.0,-88.0,-110.0,-6.0,-14.0,66.0,18.0,122.0,62.0,-112.0
9211,-31.0,-89.0,-109.0,-7.0,-15.0,67.0,17.0,123.0,63.0,-113.0
9212,-32.0,-90.0,-110.0,-8.0,-16.0,66.0,18.0,124.0,64.0,-112.0
9213,-33.0,-91.0,-111.0,-7.0,-15.0,67.0,19.0,123.0,63.0,-113.0
9214,-34.0,-90.0,-110.0,-8.0,-14.0,68.0,18.0,122.0,64.0,-114.0
9215,-35.0,-89.0,-109.0,-9.0,-15.0,69.0,19.0,121.0,63.0,-113.0
9216,-36.0,-90.0,-110.0,-10.0,-16.0,68.0,18.0,120.0,62.0,-114.0
9217,-35.0,-89.0,-109.0,-11.0,-17.0,67.0,19.0,121.0,63.0,-115.0
9218,-36.0,-88.0,-110.0,-10.0,-18.0,68.0,18.0,122.0,62.0,-114.0
9219,-35.0,-89.0,-111.0,-9.0,-17.0,67.0,17.0,123.0,61.0,-115.0
9220,-36.0,-90.0,-112.0,-10.0,-18.0,66.0,16.0,122.0,60.0,-116.0
9221,-37.0,-89.0,-113.0,-11.0,-17.0,65.0,15.0,123.0,59.0,-115.0
9222,-38.0,-88.0,-114.0,-10.0,-16.0,64.0,16.0,122.0,58.0,-114.0
9223,-39.0,-87.0,-115.0,-9.0,-17.0,63.0,17.0,121.0,59.0,-115.0
9224,-40.0,-86.0,-116.0,-8.0,-18.0,64.0,16.0,122.0,58.0,-114.0
9225,-41.0,-85.0,-115.0,-9.0,-17.0,65.0,15.0,121.0,59.0,-115.0
9226,-42.0,-86.0,-114.0,-8.0,-18.0,64.0,16.0,122.0,60.0,-116.0
9227,-43.0,-87.0,-113.0,-7.0,-19.0,63.0,17.0,123.0,61.0,-117.0
9228,-44.0,-88.0,-112.0,-6.0,-20.0,62.0,18.0,124.0,60.0,-118.0
9229,-45.0,-89.0,-111.0,-5.0,-21.0,61.0,19.0,125.0,59.0,-119.0
9230,-46.0,-88.0,-110.0,-6.0,-20.0,62.0,18.0,126.0,60.0,-120.0
9231,-47.0,-89.0,-109.0,-5.0,-21.0,61.0,19.0,127.0,59.0,-121.0
9232,-46.0,-90.0,-108.0,-6.0,-20.0,60.0,18.0,128.0,58.0,-120.0
9233,-47.0,-91.0,-109.0,-7.0,-21.0,61.0,19.0,129.0,59.0,-119.0
9234,-48.0,-90.0,-108.0,-8.0,-22.0,62.0,20.0,128.0,60.0,-118.0
9235,-49.0,-91.0,-107.0,-7.0,-21.0,61.0,19.0,129.0,61.0,-117.0
9236,-50.0,-92.0,-108.0,-8.0,-22.0,60.0,18.0,128.0,60.0,-118.0
9237,-51.0,-93.0,-109.0,-7.0,-21.0,61.0,17.0,127.0,59.0,-117.0
9238,-52.0,-94.0,-108.0,-6.0,-20.0,60.0,16.0,128.0,60.0,-116.0
9239,-53.0,-93.0,-109.0,-7.0,-19.0,59.0,15.0,129.0,59.0,-117.0
9240,-54.0,-94.0,-110.0,-8.0,-20.0,58.0,14.0,128.0,58.0,-118.0
9241,-53.0,-95.0,-111.0,-7.0,-21.0,57.0,15.0,129.0,57.0,-117.0
9242,-54.0,-96.0,-112.0,-8.0,-20.0,58.0,16.0,130.0,58.0,-118.0
9243,-55.0,-95.0,-113.0,-9.0,-19.0,57.0,17.0,131.0,57.0,-117.0
9244,-54.0,-94.0,-112.0,-8.0,-18.0,58.0,18.0,132.0,58.0,-116.0
9245,-53.0,-95.0,-111.0,-9.0,-17.0,59.0,17.0,133.0,57.0,-115.0
9246,-52.0,-96.0,-112.0,-8.0,-16.0,58.0,16.0,134.0,58.0,-116.0
9247,-53.0,-97.0,-111.0,-7.0,-17.0,57.0,17.0,135.0,59.0,-117.0
9248,-52.0,-98.0,-110.0,-8.0,-16.0,56.0,18.0,134.0,60.0,-118.0
9249,-51.0,-97.0,-109.0,-7.0,-15.0,57.0,19.0,135.0,61.0,-117.0
9250,-52.0,-96.0,-110.0,-6.0,-16.0,58.0,20.0,134.0,62.0,-118.0
9251,-51.0,-95.0,-109.0,-5.0,-15.0,57.0,19.0,133.0,61.0,-119.0
9252,-50.0,-94.0,-110.0,-6.0,-14.0,58.0,18.0,132.0,62.0,-118.0
9253,-49.0,-93.0,-109.0,-5.0,-13.0,59.0,19.0,133.0,63.0,-117.0
9254,-48.0,-94.0,-108.0,-4.0,-14.0,60.0,18.0,132.0,64.0,-118.0
9255,-47.0,-95.0,-109.0,-3.0,-15.0,59.0,19.0,131.0,63.0,-117.0
9256,-46.0,-96.0,-110.0,-2.0,-16.0,58.0,20.0,130.0,62.0,-116.0
9257,-45.0,-95.0,-109.0,-1.0,-15.0,59.0,21.0,131.0,63.0,-115.0
9258,-46.0,-94.0,-110.0,-2.0,-14.0,58.0,20.0,132.0,62.0,-114.0
9259,-45.0,-95.0,-109.0,-3.0,-13.0,59.0,19.0,133.0,61.0,-113.0
9260,-46.0,-96.0,-108.0,-2.0,-14.0,58.0,20.0,134.0,60.0,-114.0
9261,-47.0,-95.0,-109.0,-1.0,-15.0,59.0,21.0,133.0,61.0,-115.0
9262,-48.0,-96.0,-110.0,-2.0,-16.0,58.0,20.0,132.0,62.0,-114.0
9263,-49.0,-95.0,-111.0,-1.0,-17.0,57.0,21.0,131.0,63.0,-115.0
9264,-48.0,-94.0,-112.0,-2.0,-18.0,58.0,22.0,130.0,62.0,-116.0
9265,-47.0,-93.0,-111.0,-3.0,-19.0,57.0,23.0,131.0,63.0,-117.0
9266,-48.0,-92.0,-110.0,-4.0,-18.0,58.0,22.0,132.0,64.0,-118.0
9267,-49.0,-93.0,-109.0,-3.0,-19.0,57.0,23.0,133.0,63.0,-119.0
9268,-50.0,-92.0,-108.0,-4.0,-18.0,58.0,22.0,134.0,64.0,-120.0
9269,-49.0,-91.0,-107.0,-3.0,-17.0,59.0,23.0,135.0,63.0,-121.0
9270,-48.0,-92.0,-108.0,-2.0,-16.0,58.0,22.0,136.0,64.0,-122.0
9271,-49.0,-91.0,-107.0,-3.0,-15.0,59.0,21.0,137.0,65.0,-123.0
9272,-50.0,-90.0,-106.0,-4.0,-16.0,60.0,22.0,136.0,64.0,-122.0
9273,-51.0,-89.0,-105.0,-5.0,-15.0,61.0,21.0,135.0,65.0,-123.0
9274,-50.0,-90.0,-104.0,-6.0,-14.0,62.0,20.0,136.0,64.0,-122.0
9275,-51.0,-91.0,-105.0,-7.0,-15.0,61.0,19.0,135.0,63.0,-123.0
9276,-52.0,-90.0,-106.0,-6.0,-16.0,62.0,18.0,136.0,62.0,-122.0
9277,-51.0,-91.0,-105.0,-7.0,-15.0,61.0,19.0,135.0,63.0,-123.0
9278,-50.0,-90.0,-104.0,-6.0,-14.0,60.0,18.0,134.0,62.0,-124.0
9279,-51.0,-89.0,-105.0,-5.0,-15.0,61.0,17.0,135.0,61.0,-123.0
9280,-50.0,-90.0,-104.0,-6.0,-14.0,62.0,16.0,136.0,60.0,-122.0
9281,-51.0,-89.0,-103.0,-7.0,-15.0,63.0,15.0,135.0,61.0,-121.0
9282,-50.0,-88.0,-102.0,-6.0,-14.0,64.0,14.0,134.0,60.0,-122.0
9283,-51.0,-87.0,-103.0,-5.0,-13.0,63.0,15.0,133.0,59.0,-121.0
9284,-52.0,-86.0,-104.0,-4.0,-12.0,62.0,16.0,132.0,60.0,-120.0
9285,-51.0,-85.0,-103.0,-3.0,-13.0,61.0,15.0,131.0,59.0,-119.0
9286,-52.0,-86.0,-102.0,-2.0,-14.0,60.0,14.0,132.0,60.0,-120.0
9287,-53.0,-87.0,-103.0,-3.0,-13.0,61.0,15.0,133.0,59.0,-121.0
9288,-54.0,-86.0,-104.0,-2.0,-14.0,62.0,14.0,134.0,58.0,-120.0
9289,-53.0,-87.0,-103.0,-3.0,-13.0,61.0,15.0,133.0,59.0,-121.0
9290,-54.0,-86.0,-102.0,-4.0,-12.0,62.0,14.0,132.0,60.0,-122.0
9291,-55.0,-87.0,-101.0,-3.0,-11.0,61.0,13.0,133.0,61.0,-121.0
9292,-56.0,-88.0,-100.0,-2.0,-12.0,60.0,14.0,134.0,60.0,-122.0
9293,-57.0,-87.0,-99.0,-3.0,-13.0,61.0,15.0,133.0,59.0,-121.0
9294,-58.0,-88.0,-100.0,-4.0,-14.0,60.0,14.0,134.0,60.0,-120.0
9295,-57.0,-89.0,-101.0,-3.0,-15.0,59.0,15.0,135.0,59.0,-119.0
9296,-56.0,-90.0,-100.0,-2.0,-16.0,60.0,16.0,134.0,60.0,-118.0
9297,-55.0,-91.0,-99.0,-3.0,-15.0,59.0,17.0,133.0,61.0,-119.0
9298,-56.0,-90.0,-98.0,-4.0,-14.0,60.0,16.0,134.0,62.0,-120.0
9299,-57.0,-91.0,-99.0,-5.0,-15.0,59.0,15.0,133.0,63.0,-119.0
9300,-58.0,-92.0,-100.0,-4.0,-14.0,60.0,14.0,132.0,62.0,-118.0
9301,-59.0,-93.0,-101.0,-5.0,-15.0,59.0,13.0,131.0,61.0,-119.0
9302,-60.0,-92.0,-100.0,-6.0,-14.0,60.0,12.0,130.0,62.0,-120.0
9303,-59.0,-91.0,-99.0,-5.0,-15.0,59.0,11.0,129.0,61.0,-119.0
9304,-58.0,-90.0,-98.0,-4.0,-14.0,60.0,10.0,128.0,60.0,-120.0
9305,-59.0,-89.0,-99.0,-3.0,-15.0,59.0,11.0,127.0,61.0,-121.0
9306,-60.0,-90.0,-100.0,-2.0,-14.0,60.0,10.0,126.0,60.0,-120.0
9307,-61.0,-91.0,-101.0,-3.0,-15.0,59.0,9.0,125.0,59.0,-121.0
9308,-62.0,-92.0,-102.0,-4.0,-16.0,58.0,10.0,126.0,60.0,-120.0
9309,-63.0,-93.0,-103.0,-5.0,-17.0,57.0,11.0,127.0,61.0,-119.0
9310,-64.0,-92.0,-104.0,-6.0,-16.0,56.0,10.0,128.0,60.0,-120.0
9311,-65.0,-93.0,-105.0,-7.0,-15.0,57.0,11.0,129.0,59.0,-121.0
9312,-66.0,-94.0,-106.0,-8.0,-14.0,58.0,12.0,130.0,60.0,-122.0
9313,-67.0,-93.0,-105.0,-9.0,-15.0,59.0,13.0,129.0,61.0,-121.0
9314,-68.0,-94.0,-106.0,-10.0,-16.0,58.0,12.0,128.0,60.0,-122.0
9315,-69.0,-93.0,-107.0,-11.0,-15.0,57.0,11.0,129.0,59.0,-123.0
9316,-70.0,-92.0,-108.0,-12.0,-14.0,56.0,10.0,130.0,58.0,-122.0
9317,-71.0,-91.0,-107.0,-13.0,-13.0,57.0,9.0,131.0,59.0,-123.0
9318,-72.0,-92.0,-108.0,-12.0,-12.0,58.0,10.0,130.0,58.0,-124.0
9319,-73.0,-93.0,-109.0,-13.0,-13.0,57.0,9.0,131.0,59.0,-123.0
9320,-72.0,-94.0,-108.0,-14.0,-14.0,58.0,8.0,132.0,60.0,-124.0
9321,-71.0,-95.0,-109.0,-13.0,-15.0,57.0,9.0,131.0,59.0,-123.0
9322,-72.0,-96.0,-110.0,-14.0,-16.0,56.0,10.0,132.0,60.0,-122.0
9323,-71.0,-95.0,-109.0,-13.0,-17.0,55.0,9.0,131.0,59.0,-121.0
9324,-72.0,-96.0,-108.0,-12.0,-18.0,54.0,10.0,132.0,58.0,-122.0
9325,-71.0,-95.0,-109.0,-13.0,-17.0,55.0,9.0,131.0,59.0,-121.0
9326,-70.0,-94.0,-108.0,-12.0,-16.0,56.0,10.0,132.0,60.0,-120.0
9327,-69.0,-95.0,-109.0,-11.0,-15.0,55.0,9.0,133.0,61.0,-121.0
9328,-68.0,-96.0,-108.0,-12.0,-14.0,54.0,10.0,132.0,62.0,-122.0
9329,-69.0,-97.0,-109.0,-11.0,-13.0,55.0,11.0,131.0,61.0,-123.0
9330,-70.0,-96.0,-110.0,-10.0,-14.0,56.0,10.0,132.0,60.0,-122.0
9331,-69.0,-97.0,-111.0,-9.0,-13.0,55.0,9.0,133.0,59.0,-123.0
9332,-68.0,-98.0,-112.0,-8.0,-12.0,54.0,8.0,134.0,60.0,-124.0
9333,-67.0,-97.0,-111.0,-7.0,-11.0,53.0,7.0,133.0,59.0,-125.0
9334,-68.0,-98.0,-112.0,-8.0,-12.0,52.0,6.0,132.0,58.0,-126.0
9335,-67.0,-97.0,-111.0,-7.0,-13.0,51.0,5.0,131.0,59.0,-125.0
9336,-66.0,-98.0,-112.0,-6.0,-14.0,50.0,6.0,132.0,58.0,-124.0
9337,-65.0,-99.0,-111.0,-7.0,-13.0,49.0,7.0,131.0,59.0,-125.0
9338,-66.0,-98.0,-110.0,-8.0,-12.0,50.0,6.0,130.0,60.0,-126.0
9339,-65.0,-99.0,-111.0,-7.0,-13.0,49.0,7.0,129.0,59.0,-125.0
9340,-64.0,-100.0,-110.0,-8.0,-12.0,50.0,6.0,130.0,58.0,-124.0
9341,-65.0,-99.0,-111.0,-7.0,-11.0,49.0,7.0,129.0,59.0,-123.0
9342,-64.0,-98.0,-110.0,-6.0,-10.0,50.0,6.0,128.0,58.0,-124.0
9343,-63.0,-97.0,-109.0,-5.0,-9.0,51.0,7.0,127.0,57.0,-125.0
9344,-64.0,-96.0,-110.0,-6.0,-8.0,50.0,8.0,128.0,56.0,-124.0
9345,-63.0,-95.0,-109.0,-5.0,-7.0,51.0,9.0,129.0,57.0,-123.0
9346,-64.0,-94.0,-110.0,-6.0,-6.0,50.0,8.0,130.0,56.0,-124.0
9347,-65.0,-93.0,-111.0,-5.0,-7.0,51.0,7.0,131.0,55.0,-125.0
9348,-66.0,-92.0,-112.0,-4.0,-6.0,50.0,8.0,130.0,54.0,-124.0
9349,-67.0,-93.0,-111.0,-3.0,-5.0,49.0,7.0,131.0,55.0,-123.0
9350,-68.0,-92.0,-112.0,-2.0,-6.0,50.0,8.0,130.0,56.0,-124.0
9351,-67.0,-91.0,-113.0,-3.0,-7.0,51.0,9.0,131.0,55.0,-125.0
9352,-68.0,-90.0,-112.0,-4.0,-8.0,52.0,8.0,130.0,56.0,-124.0
9353,-67.0,-89.0,-111.0,-5.0,-9.0,51.0,7.0,131.0,57.0,-123.0
9354,-68.0,-90.0,-112.0,-6.0,-10.0,52.0,8.0,132.0,58.0,-122.0
9355,-67.0,-91.0,-113.0,-5.0,-9.0,51.0,7.0,133.0,59.0,-123.0
9356,-66.0,-92.0,-112.0,-6.0,-8.0,52.0,6.0,134.0,58.0,-122.0
9357,-67.0,-93.0,-111.0,-5.0,-9.0,51.0,7.0,135.0,57.0,-123.0
9358,-66.0,-94.0,-110.0,-4.0,-10.0,52.0,8.0,134.0,58.0,-122.0
9359,-65.0,-93.0,-109.0,-3.0,-9.0,53.0,7.0,133.0,57.0,-123.0
9360,-66.0,-92.0,-110.0,-4.0,-8.0,52.0,8.0,134.0,56.0,-122.0
9361,-65.0,-91.0,-111.0,-5.0,-7.0,53.0,9.0,133.0,55.0,-121.0
9362,-64.0,-92.0,-110.0,-4.0,-8.0,54.0,8.0,132.0,56.0,-122.0
9363,-63.0,-91.0,-109.0,-3.0,-9.0,53.0,7.0,131.0,55.0,-121.0
9364,-64.0,-92.0,-108.0,-2.0,-8.0,52.0,6.0,132.0,56.0,-120.0
9365,-63.0,-93.0,-109.0,-1.0,-9.0,51.0,7.0,133.0,55.0,-119.0
9366,-64.0,-94.0,-110.0,0.0,-8.0,52.0,6.0,132.0,54.0,-120.0
9367,-65.0,-95.0,-111.0,-1.0,-7.0,53.0,7.0,133.0,53.0,-121.0
9368,-64.0,-96.0,-110.0,0.0,-8.0,54.0,6.0,132.0,54.0,-122.0
9369,-65.0,-97.0,-109.0,1.0,-9.0,53.0,5.0,133.0,55.0,-123.0
9370,-66.0,-96.0,-110.0,2.0,-10.0,54.0,4.0,134.0,54.0,-122.0
9371,-65.0,-95.0,-109.0,3.0,-9.0,55.0,5.0,135.0,55.0,-121.0
9372,-64.0,-94.0,-108.0,4.0,-8.0,56.0,4.0,134.0,54.0,-122.0
9373,-65.0,-95.0,-109.0,3.0,-9.0,55.0,3.0,133.0,53.0,-123.0
9374,-64.0,-94.0,-110.0,2.0,-10.0,56.0,4.0,132.0,52.0,-124.0
9375,-63.0,-95.0,-109.0,3.0,-11.0,57.0,5.0,131.0,53.0,-123.0
9376,-62.0,-96.0,-110.0,4.0,-10.0,56.0,4.0,132.0,54.0,-124.0
9377,-61.0,-95.0,-109.0,5.0,-11.0,55.0,3.0,131.0,55.0,-123.0
9378,-62.0,-94.0,-110.0,4.0,-10.0,54.0,2.0,132.0,54.0,-124.0
9379,-61.0,-93.0,-111.0,3.0,-9.0,55.0,1.0,131.0,55.0,-123.0
9380,-62.0,-94.0,-110.0,4.0,-10.0,54.0,0.0,132.0,56.0,-124.0
9381,-61.0,-95.0,-109.0,5.0,-11.0,55.0,1.0,131.0,57.0,-123.0
9382,-62.0,-94.0,-110.0,6.0,-12.0,56.0,0.0,132.0,58.0,-124.0
9383,-63.0,-95.0,-111.0,7.0,-11.0,57.0,-1.0,131.0,57.0,-123.0
9384,-64.0,-96.0,-110.0,8.0,-10.0,56.0,-2.0,130.0,58.0,-122.0
9385,-65.0,-97.0,-109.0,9.0,-9.0,55.0,-3.0,131.0,59.0,-121.0
9386,-64.0,-96.0,-108.0,10.0,-8.0,56.0,-2.0,132.0,58.0,-122.0
9387,-63.0,-95.0,-107.0,9.0,-9.0,55.0,-1.0,133.0,59.0,-123.0
9388,-64.0,-96.0,-108.0,8.0,-10.0,54.0,-2.0,132.0,58.0,-124.0
9389,-63.0,-97.0,-107.0,9.0,-11.0,55.0,-3.0,131.0,59.0,-125.0
9390,-64.0,-98.0,-106.0,10.0,-12.0,54.0,-4.0,132.0,60.0,-126.0
9391,-65.0,-99.0,-107.0,9.0,-13.0,53.0,-5.0,131.0,59.0,-127.0
9392,-64.0,-100.0,-106.0,8.0,-12.0,52.0,-4.0,130.0,60.0,-128.0
9393,-63.0,-101.0,-107.0,9.0,-13.0,51.0,-3.0,131.0,59.0,-127.0
9394,-64.0,-102.0,-106.0,10.0,-14.0,50.0,-2.0,132.0,60.0,-128.0
9395,-65.0,-101.0,-105.0,9.0,-15.0,51.0,-1.0,131.0,59.0,-127.0
9396,-64.0,-102.0,-106.0,10.0,-14.0,50.0,-2.0,132.0,60.0,-128.0
9397,-63.0,-101.0,-105.0,9.0,-15.0,49.0,-1.0,133.0,61.0,-129.0
9398,-62.0,-102.0,-104.0,10.0,-16.0,50.0,0.0,132.0,62.0,-128.0
9399,-63.0,-103.0,-105.0,9.0,-17.0,49.0,1.0,133.0,63.0,-127.0
9400,-64.0,-102.0,-104.0,8.0,-18.0,50.0,0.0,132.0,64.0,-126.0
9401,-63.0,-103.0,-105.0,9.0,-17.0,49.0,-1.0,133.0,65.0,-127.0
9402,-64.0,-102.0,-106.0,8.0,-16.0,48.0,0.0,134.0,64.0,-126.0
9403,-65.0,-103.0,-107.0,7.0,-17.0,47.0,-1.0,135.0,65.0,-125.0
9404,-64.0,-102.0,-106.0,8.0,-16.0,48.0,-2.0,134.0,64.0,-126.0
9405,-63.0,-101.0,-105.0,9.0,-15.0,49.0,-1.0,133.0,63.0,-127.0
9406,-62.0,-102.0,-106.0,10.0,-16.0,48.0,0.0,134.0,62.0,-126.0
9407,-63.0,-103.0,-107.0,9.0,-17.0,47.0,-1.0,133.0,61.0,-127.0
9408,-64.0,-102.0,-106.0,8.0,-18.0,48.0,0.0,132.0,62.0,-126.0
9409,-63.0,-101.0,-107.0,7.0,-19.0,49.0,1.0,133.0,61.0,-127.0
9410,-64.0,-102.0,-106.0,8.0,-18.0,48.0,0.0,132.0,62.0,-126.0
9411,-63.0,-103.0,-107.0,9.0,-17.0,47.0,-1.0,133.0,63.0,-127.0
9412,-62.0,-104.0,-108.0,10.0,-18.0,46.0,0.0,132.0,62.0,-126.0
9413,-61.0,-105.0,-107.0,11.0,-19.0,47.0,1.0,131.0,63.0,-125.0
9414,-62.0,-106.0,-108.0,12.0,-18.0,48.0,2.0,130.0,62.0,-126.0
9415,-61.0,-105.0,-109.0,11.0,-17.0,49.0,1.0,129.0,61.0,-125.0
9416,-62.0,-104.0,-108.0,10.0,-16.0,50.0,0.0,128.0,62.0,-126.0
9417,-61.0,-105.0,-109.0,11.0,-15.0,49.0,-1.0,129.0,61.0,-127.0
9418,-62.0,-104.0,-110.0,10.0,-14.0,48.0,-2.0,130.0,60.0,-128.0
9419,-63.0,-103.0,-111.0,11.0,-15.0,49.0,-3.0,131.0,59.0,-127.0
9420,-64.0,-102.0,-110.0,10.0,-14.0,50.0,-4.0,130.0,60.0,-128.0
9421,-63.0,-103.0,-109.0,9.0,-13.0,49.0,-3.0,131.0,59.0,-127.0
9422,-64.0,-104.0,-110.0,8.0,-14.0,48.0,-4.0,130.0,58.0,-128.0
9423,-65.0,-103.0,-111.0,7.0,-13.0,47.0,-5.0,131.0,57.0,-129.0
9424,-64.0,-102.0,-110.0,6.0,-14.0,46.0,-4.0,132.0,58.0,-128.0
9425,-63.0,-101.0,-109.0,7.0,-13.0,47.0,-3.0,133.0,59.0,-127.0
9426,-64.0,-102.0,-110.0,8.0,-12.0,48.0,-4.0,132.0,58.0,-126.0
9427,-63.0,-101.0,-109.0,7.0,-13.0,47.0,-5.0,133.0,59.0,-125.0
9428,-62.0,-100.0,-108.0,8.0,-12.0,46.0,-6.0,132.0,58.0,-126.0
9429,-63.0,-99.0,-109.0,9.0,-13.0,47.0,-7.0,133.0,57.0,-125.0
9430,-64.0,-98.0,-110.0,10.0,-14.0,48.0,-8.0,134.0,56.0,-124.0
9431,-65.0,-97.0,-111.0,9.0,-13.0,47.0,-9.0,135.0,55.0,-125.0
9432,-66.0,-98.0,-112.0,10.0,-12.0,48.0,-10.0,134.0,54.0,-126.0
9433,-67.0,-97.0,-111.0,9.0,-13.0,49.0,-9.0,133.0,53.0,-125.0
9434,-66.0,-98.0,-110.0,8.0,-12.0,48.0,-8.0,132.0,54.0,-126.0
9435,-65.0,-99.0,-111.0,9.0,-11.0,47.0,-9.0,133.0,55.0,-127.0
9436,-64.0,-98.0,-112.0,8.0,-10.0,48.0,-10.0,132.0,56.0,-126.0
9437,-63.0,-99.0,-111.0,7.0,-11.0,49.0,-11.0,133.0,57.0,-127.0
9438,-64.0,-98.0,-112.0,8.0,-12.0,50.0,-12.0,132.0,58.0,-128.0
9439,-65.0,-97.0,-113.0,9.0,-11.0,49.0,-11.0,131.0,59.0,-127.0
9440,-64.0,-98.0,-112.0,8.0,-10.0,48.0,-10.0,130.0,60.0,-128.0
9441,-63.0,-99.0,-113.0,9.0,-11.0,47.0,-9.0,129.0,59.0,-127.0
9442,-64.0,-98.0,-112.0,8.0,-12.0,48.0,-8.0,128.0,58.0,-126.0
9443,-65.0,-97.0,-113.0,9.0,-13.0,47.0,-7.0,127.0,59.0,-127.0
9444,-66.0,-96.0,-112.0,8.0,-14.0,48.0,-6.0,126.0,60.0,-126.0
9445,-67.0,-97.0,-111.0,9.0,-15.0,47.0,-5.0,127.0,61.0,-127.0
9446,-66.0,-96.0,-110.0,10.0,-16.0,46.0,-6.0,126.0,62.0,-126.0
9447,-65.0,-97.0,-109.0,9.0,-15.0,45.0,-5.0,125.0,63.0,-127.0
9448,-66.0,-96.0,-108.0,8.0,-16.0,46.0,-4.0,124.0,62.0,-126.0
9449,-67.0,-95.0,-109.0,9.0,-15.0,45.0,-3.0,123.0,61.0,-125.0
9450,-68.0,-96.0,-110.0,8.0,-16.0,46.0,-2.0,124.0,62.0,-124.0
9451,-69.0,-97.0,-111.0,7.0,-17.0,47.0,-1.0,125.0,63.0,-123.0
9452,-68.0,-98.0,-110.0,6.0,-16.0,46.0,0.0,124.0,64.0,-124.0
9453,-67.0,-99.0,-109.0,5.0,-17.0,47.0,-1.0,125.0,63.0,-125.0
9454,-66.0,-100.0,-110.0,6.0,-16.0,46.0,-2.0,126.0,64.0,-126.0
9455,-65.0,-99.0,-111.0,5.0,-15.0,47.0,-3.0,125.0,63.0,-125.0
9456,-64.0,-100.0,-112.0,6.0,-16.0,46.0,-2.0,126.0,62.0,-124.0
9457,-63.0,-99.0,-113.0,5.0,-15.0,47.0,-3.0,125.0,63.0,-123.0
9458,-62.0,-98.0,-114.0,4.0,-14.0,48.0,-4.0,124.0,64.0,-122.0
9459,-61.0,-97.0,-113.0,5.0,-13.0,49.0,-3.0,125.0,65.0,-121.0
9460,-62.0,-96.0,-114.0,6.0,-14.0,48.0,-2.0,124.0,66.0,-122.0
9461,-61.0,-97.0,-113.0,5.0,-13.0,47.0,-1.0,123.0,67.0,-123.0
9462,-62.0,-96.0,-114.0,6.0,-12.0,46.0,0.0,122.0,68.0,-122.0
9463,-61.0,-97.0,-113.0,5.0,-11.0,47.0,-1.0,123.0,67.0,-121.0
9464,-60.0,-96.0,-114.0,4.0,-12.0,48.0,0.0,124.0,66.0,-122.0
9465,-59.0,-95.0,-113.0,5.0,-13.0,47.0,-1.0,123.0,67.0,-121.0
9466,-60.0,-96.0,-112.0,6.0,-12.0,46.0,-2.0,122.0,68.0,-120.0
9467,-61.0,-97.0,-113.0,5.0,-11.0,47.0,-1.0,123.0,67.0,-121.0
9468,-62.0,-96.0,-114.0,4.0,-10.0,46.0,-2.0,124.0,66.0,-122.0
9469,-63.0,-97.0,-113.0,5.0,-11.0,45.0,-1.0,125.0,65.0,-123.0
9470,-64.0,-96.0,-114.0,6.0,-10.0,44.0,0.0,124.0,64.0,-122.0
9471,-63.0,-95.0,-113.0,7.0,-9.0,45.0,1.0,123.0,63.0,-123.0
9472,-62.0,-96.0,-112.0,6.0,-8.0,46.0,0.0,124.0,62.0,-122.0
9473,-61.0,-95.0,-113.0,5.0,-9.0,47.0,1.0,123.0,61.0,-123.0
9474,-62.0,-94.0,-112.0,4.0,-10.0,48.0,2.0,122.0,60.0,-122.0
9475,-61.0,-95.0,-113.0,5.0,-9.0,47.0,1.0,123.0,61.0,-123.0
9476,-62.0,-96.0,-114.0,4.0,-10.0,46.0,0.0,122.0,60.0,-124.0
9477,-63.0,-95.0,-115.0,5.0,-11.0,47.0,-1.0,123.0,59.0,-123.0
9478,-64.0,-96.0,-116.0,4.0,-12.0,48.0,0.0,124.0,60.0,-122.0
9479,-63.0,-95.0,-117.0,3.0,-11.0,49.0,-1.0,123.0,61.0,-121.0
9480,-62.0,-94.0,-118.0,2.0,-12.0,50.0,0.0,122.0,60.0,-122.0
9481,-61.0,-93.0,-117.0,3.0,-11.0,49.0,-1.0,121.0,59.0,-123.0
9482,-60.0,-94.0,-116.0,4.0,-12.0,50.0,-2.0,120.0,60.0,-124.0
9483,-59.0,-95.0,-115.0,5.0,-13.0,51.0,-1.0,119.0,61.0,-123.0
9484,-60.0,-94.0,-114.0,4.0,-12.0,52.0,-2.0,118.0,62.0,-124.0
9485,-59.0,-93.0,-113.0,5.0,-11.0,53.0,-1.0,119.0,63.0,-123.0
9486,-60.0,-94.0,-114.0,4.0,-12.0,52.0,-2.0,120.0,64.0,-122.0
9487,-61.0,-93.0,-115.0,5.0,-11.0,51.0,-1.0,119.0,65.0,-121.0
9488,-60.0,-94.0,-114.0,4.0,-10.0,50.0,0.0,118.0,66.0,-122.0
9489,-61.0,-95.0,-115.0,3.0,-11.0,49.0,-1.0,117.0,65.0,-123.0
9490,-60.0,-96.0,-116.0,4.0,-10.0,48.0,-2.0,118.0,66.0,-124.0
9491,-61.0,-97.0,-117.0,5.0,-9.0,49.0,-1.0,117.0,65.0,-125.0
9492,-62.0,-96.0,-116.0,4.0,-8.0,50.0,-2.0,116.0,66.0,-126.0
9493,-63.0,-97.0,-117.0,3.0,-9.0,49.0,-3.0,115.0,65.0,-125.0
9494,-62.0,-98.0,-116.0,4.0,-10.0,50.0,-2.0,114.0,66.0,-126.0
9495,-63.0,-99.0,-115.0,5.0,-9.0,49.0,-3.0,113.0,67.0,-125.0
9496,-64.0,-98.0,-116.0,4.0,-8.0,48.0,-2.0,114.0,66.0,-124.0
9497,-65.0,-99.0,-117.0,3.0,-9.0,49.0,-1.0,115.0,67.0,-123.0
9498,-64.0,-100.0,-116.0,2.0,-10.0,50.0,-2.0,116.0,68.0,-124.0
9499,-63.0,-101.0,-115.0,1.0,-9.0,49.0,-1.0,115.0,69.0,-125.0
9500,-64.0,-102.0,-116.0,0.0,-10.0,48.0,-2.0,114.0,68.0,-126.0
9501,-63.0,-101.0,-117.0,-1.0,-9.0,49.0,-3.0,113.0,69.0,-125.0
9502,-62.0,-102.0,-116.0,-2.0,-8.0,48.0,-2.0,112.0,70.0,-126.0
9503,-61.0,-101.0,-117.0,-3.0,-7.0,49.0,-1.0,111.0,69.0,-125.0
9504,-62.0,-100.0,-118.0,-2.0,-6.0,48.0,0.0,110.0,70.0,-124.0
9505,-61.0,-99.0,-117.0,-1.0,-5.0,49.0,1.0,111.0,71.0,-123.0
9506,-60.0,-98.0,-116.0,0.0,-6.0,48.0,0.0,110.0,72.0,-122.0
9507,-61.0,-99.0,-115.0,1.0,-7.0,47.0,-1.0,111.0,73.0,-123.0
9508,-60.0,-100.0,-114.0,0.0,-6.0,46.0,0.0,110.0,74.0,-124.0
9509,-61.0,-99.0,-115.0,1.0,-7.0,45.0,1.0,109.0,75.0,-125.0
9510,-60.0,-100.0,-114.0,0.0,-6.0,44.0,2.0,108.0,76.0,-126.0
9511,-61.0,-101.0,-113.0,1.0,-5.0,43.0,1.0,107.0,77.0,-125.0
9512,-60.0,-102.0,-114.0,2.0,-4.0,42.0,2.0,108.0,76.0,-126.0
9513,-59.0,-103.0,-115.0,3.0,-5.0,41.0,3.0,109.0,75.0,-125.0
9514,-60.0,-102.0,-114.0,2.0,-6.0,42.0,4.0,108.0,74.0,-124.0
9515,-59.0,-103.0,-113.0,1.0,-7.0,43.0,3.0,109.0,73.0,-125.0
9516,-60.0,-102.0,-114.0,0.0,-6.0,42.0,2.0,110.0,72.0,-126.0
9517,-59.0,-103.0,-113.0,-1.0,-5.0,41.0,3.0,109.0,71.0,-125.0
9518,-58.0,-102.0,-112.0,0.0,-6.0,40.0,2.0,108.0,70.0,-124.0
9519,-57.0,-103.0,-113.0,1.0,-5.0,39.0,1.0,109.0,69.0,-125.0
9520,-58.0,-104.0,-114.0,2.0,-4.0,40.0,0.0,108.0,68.0,-124.0
9521,-59.0,-105.0,-113.0,3.0,-5.0,39.0,1.0,109.0,69.0,-125.0
9522,-58.0,-106.0,-112.0,2.0,-4.0,38.0,2.0,108.0,70.0,-126.0
9523,-57.0,-107.0,-111.0,3.0,-5.0,39.0,3.0,107.0,71.0,-127.0
9524,-58.0,-108.0,-110.0,4.0,-6.0,38.0,4.0,108.0,70.0,-128.0
9525,-57.0,-107.0,-109.0,3.0,-7.0,37.0,5.0,109.0,71.0,-129.0
9526,-58.0,-106.0,-110.0,4.0,-8.0,38.0,4.0,110.0,70.0,-130.0
9527,-59.0,-105.0,-111.0,5.0,-9.0,39.0,3.0,111.0,69.0,-129.0
9528,-60.0,-104.0,-112.0,4.0,-8.0,38.0,4.0,112.0,68.0,-128.0
9529,-59.0,-103.0,-111.0,3.0,-9.0,37.0,5.0,113.0,69.0,-129.0
9530,-58.0,-102.0,-110.0,4.0,-8.0,38.0,6.0,114.0,70.0,-130.0
9531,-57.0,-103.0,-109.0,3.0,-7.0,37.0,7.0,113.0,71.0,-131.0
9532,-56.0,-104.0,-110.0,4.0,-6.0,36.0,6.0,114.0,72.0,-132.0
9533,-57.0,-103.0,-111.0,5.0,-7.0,37.0,5.0,115.0,71.0,-133.0
9534,-58.0,-102.0,-110.0,4.0,-6.0,38.0,4.0,114.0,72.0,-134.0
9535,-59.0,-101.0,-111.0,5.0,-7.0,39.0,3.0,115.0,71.0,-133.0
9536,-58.0,-102.0,-112.0,6.0,-8.0,38.0,4.0,114.0,70.0,-132.0
9537,-57.0,-103.0,-113.0,7.0,-7.0,37.0,3.0,115.0,71.0,-133.0
9538,-56.0,-102.0,-114.0,6.0,-8.0,38.0,4.0,114.0,70.0,-134.0
9539,-57.0,-101.0,-115.0,7.0,-9.0,39.0,3.0,115.0,69.0,-133.0
9540,-56.0,-100.0,-116.0,6.0,-10.0,40.0,4.0,114.0,68.0,-134.0
9541,-55.0,-99.0,-117.0,5.0,-11.0,41.0,5.0,113.0,67.0,-135.0
9542,-54.0,-98.0,-116.0,6.0,-12.0,40.0,4.0,112.0,66.0,-134.0
9543,-53.0,-97.0,-117.0,5.0,-11.0,41.0,3.0,111.0,67.0,-133.0
9544,-52.0,-96.0,-118.0,4.0,-12.0,42.0,4.0,112.0,66.0,-134.0
9545,-53.0,-97.0,-117.0,5.0,-11.0,41.0,3.0,111.0,67.0,-133.0
9546,-54.0,-96.0,-118.0,6.0,-12.0,40.0,4.0,110.0,68.0,-134.0
9547,-55.0,-95.0,-119.0,5.0,-11.0,39.0,5.0,111.0,67.0,-133.0
9548,-56.0,-96.0,-120.0,4.0,-12.0,38.0,4.0,110.0,66.0,-134.0
9549,-55.0,-97.0,-119.0,3.0,-11.0,37.0,5.0,109.0,67.0,-135.0
9550,-54.0,-98.0,-118.0,2.0,-12.0,38.0,4.0,110.0,66.0,-136.0
9551,-53.0,-99.0,-117.0,1.0,-11.0,37.0,5.0,109.0,67.0,-137.0
9552,-54.0,-100.0,-118.0,0.0,-10.0,38.0,6.0,110.0,68.0,-138.0
9553,-53.0,-101.0,-119.0,1.0,-11.0,37.0,7.0,109.0,67.0,-137.0
9554,-52.0,-102.0,-120.0,2.0,-10.0,36.0,6.0,110.0,68.0,-138.0
9555,-51.0,-101.0,-119.0,3.0,-9.0,37.0,7.0,111.0,69.0,-137.0
9556,-52.0,-100.0,-118.0,2.0,-10.0,38.0,8.0,110.0,68.0,-136.0
9557,-53.0,-101.0,-117.0,3.0,-9.0,37.0,7.0,109.0,69.0,-135.0
9558,-54.0,-100.0,-118.0,4.0,-10.0,36.0,8.0,108.0,70.0,-136.0
9559,-53.0,-101.0,-117.0,3.0,-9.0,35.0,9.0,107.0,71.0,-137.0
9560,-54.0,-102.0,-116.0,4.0,-8.0,34.0,8.0,106.0,72.0,-136.0
9561,-55.0,-101.0,-117.0,5.0,-9.0,35.0,7.0,105.0,73.0,-137.0
9562,-56.0,-102.0,-118.0,4.0,-10.0,34.0,6.0,104.0,74.0,-136.0
9563,-55.0,-101.0,-117.0,5.0,-11.0,33.0,5.0,103.0,73.0,-135.0
9564,-56.0,-100.0,-118.0,4.0,-10.0,32.0,4.0,104.0,72.0,-134.0
9565,-57.0,-99.0,-119.0,5.0,-11.0,33.0,3.0,103.0,73.0,-135.0
9566,-56.0,-100.0,-118.0,6.0,-12.0,34.0,4.0,102.0,74.0,-136.0
9567,-57.0,-99.0,-119.0,5.0,-11.0,33.0,5.0,103.0,73.0,-135.0
9568,-58.0,-98.0,-118.0,4.0,-10.0,34.0,4.0,104.0,74.0,-136.0
9569,-59.0,-99.0,-119.0,3.0,-11.0,33.0,3.0,103.0,73.0,-137.0
9570,-58.0,-98.0,-118.0,4.0,-10.0,34.0,4.0,104.0,74.0,-136.0
9571,-57.0,-99.0,-119.0,5.0,-9.0,33.0,3.0,105.0,73.0,-137.0
9572,-56.0,-98.0,-118.0,4.0,-10.0,32.0,2.0,106.0,74.0,-136.0
9573,-57.0,-97.0,-119.0,5.0,-9.0,31.0,3.0,105.0,73.0,-135.0
9574,-56.0,-98.0,-118.0,4.0,-8.0,30.0,2.0,106.0,72.0,-134.0
9575,-55.0,-99.0,-119.0,5.0,-9.0,29.0,3.0,105.0,71.0,-133.0
9576,-56.0,-100.0,-120.0,4.0,-10.0,28.0,2.0,104.0,70.0,-134.0
9577,-57.0,-99.0,-119.0,3.0,-9.0,29.0,1.0,103.0,71.0,-135.0
9578,-56.0,-98.0,-120.0,2.0,-8.0,30.0,0.0,102.0,70.0,-134.0
9579,-57.0,-97.0,-119.0,1.0,-7.0,31.0,-1.0,103.0,71.0,-135.0
9580,-56.0,-96.0,-118.0,2.0,-8.0,30.0,-2.0,102.0,70.0,-134.0
9581,-57.0,-97.0,-119.0,1.0,-7.0,31.0,-1.0,103.0,71.0,-135.0
9582,-56.0,-96.0,-118.0,2.0,-6.0,30.0,-2.0,102.0,70.0,-136.0
9583,-57.0,-97.0,-119.0,1.0,-7.0,29.0,-3.0,101.0,69.0,-135.0
9584,-58.0,-98.0,-120.0,0.0,-8.0,28.0,-4.0,100.0,68.0,-136.0
9585,-59.0,-97.0,-121.0,-1.0,-7.0,27.0,-3.0,101.0,67.0,-135.0
9586,-58.0,-96.0,-122.0,-2.0,-6.0,28.0,-4.0,100.0,68.0,-134.0
9587,-57.0,-97.0,-121.0,-3.0,-5.0,27.0,-5.0,101.0,67.0,-133.0
9588,-58.0,-96.0,-122.0,-2.0,-6.0,28.0,-6.0,102.0,66.0,-132.0
9589,-57.0,-95.0,-123.0,-3.0,-5.0,29.0,-7.0,101.0,67.0,-131.0
9590,-58.0,-96.0,-124.0,-4.0,-6.0,28.0,-8.0,100.0,66.0,-132.0
9591,-59.0,-97.0,-125.0,-5.0,-7.0,27.0,-9.0,99.0,67.0,-131.0
9592,-58.0,-96.0,-124.0,-6.0,-8.0,26.0,-8.0,100.0,68.0,-132.0
9593,-59.0,-97.0,-123.0,-5.0,-9.0,25.0,-7.0,101.0,67.0,-133.0
9594,-60.0,-96.0,-124.0,-4.0,-10.0,26.0,-6.0,100.0,68.0,-134.0
9595,-59.0,-95.0,-123.0,-5.0,-11.0,25.0,-5.0,101.0,69.0,-135.0
9596,-60.0,-96.0,-124.0,-6.0,-12.0,24.0,-6.0,100.0,68.0,-134.0
9597,-61.0,-95.0,-125.0,-7.0,-11.0,23.0,-5.0,101.0,67.0,-133.0
9598,-62.0,-94.0,-124.0,-8.0,-10.0,24.0,-6.0,102.0,68.0,-134.0
9599,-63.0,-95.0,-125.0,-9.0,-11.0,23.0,-7.0,101.0,67.0,-135.0
9600,-64.0,-94.0,-126.0,-8.0,-12.0,24.0,-8.0,102.0,68.0,-136.0
9601,-63.0,-95.0,-125.0,-9.0,-11.0,23.0,-7.0,101.0,69.0,-135.0
9602,-62.0,-94.0,-124.0,-8.0,-10.0,24.0,-6.0,102.0,70.0,-134.0
9603,-61.0,-95.0,-123.0,-7.0,-11.0,25.0,-7.0,101.0,71.0,-135.0
9604,-62.0,-94.0,-122.0,-8.0,-12.0,26.0,-6.0,100.0,72.0,-134.0
9605,-61.0,-95.0,-121.0,-9.0,-13.0,27.0,-7.0,101.0,73.0,-135.0
9606,-60.0,-94.0,-120.0,-10.0,-14.0,26.0,-8.0,102.0,74.0,-134.0
9607,-61.0,-93.0,-121.0,-9.0,-15.0,25.0,-7.0,101.0,75.0,-135.0
9608,-60.0,-94.0,-120.0,-10.0,-14.0,24.0,-6.0,100.0,76.0,-136.0
9609,-61.0,-93.0,-121.0,-9.0,-15.0,25.0,-7.0,101.0,75.0,-135.0
9610,-62.0,-94.0,-122.0,-10.0,-14.0,26.0,-6.0,102.0,74.0,-136.0
9611,-63.0,-95.0,-123.0,-9.0,-13.0,27.0,-5.0,101.0,73.0,-137.0
9612,-62.0,-96.0,-122.0,-10.0,-12.0,28.0,-6.0,102.0,72.0,-136.0
9613,-61.0,-95.0,-121.0,-9.0,-11.0,27.0,-7.0,101.0,71.0,-137.0
9614,-62.0,-96.0,-120.0,-8.0,-12.0,26.0,-6.0,102.0,70.0,-138.0
9615,-63.0,-97.0,-119.0,-7.0,-13.0,25.0,-5.0,103.0,71.0,-139.0
9616,-62.0,-98.0,-118.0,-6.0,-14.0,26.0,-6.0,102.0,72.0,-140.0
9617,-63.0,-99.0,-119.0,-7.0,-15.0,25.0,-7.0,101.0,71.0,-141.0
9618,-64.0,-100.0,-118.0,-6.0,-16.0,24.0,-8.0,102.0,72.0,-142.0
9619,-63.0,-99.0,-117.0,-5.0,-17.0,23.0,-9.0,101.0,71.0,-141.0
9620,-64.0,-100.0,-116.0,-4.0,-18.0,22.0,-10.0,102.0,72.0,-142.0
9621,-65.0,-101.0,-117.0,-5.0,-19.0,21.0,-9.0,103.0,73.0,-141.0
9622,-64.0,-100.0,-116.0,-4.0,-18.0,22.0,-8.0,104.0,74.0,-140.0
9623,-63.0,-99.0,-117.0,-5.0,-19.0,23.0,-7.0,105.0,73.0,-141.0
9624,-62.0,-98.0,-116.0,-4.0,-18.0,24.0,-6.0,106.0,74.0,-140.0
9625,-61.0,-99.0,-115.0,-5.0,-17.0,23.0,-5.0,105.0,73.0,-139.0
9626,-62.0,-98.0,-116.0,-4.0,-18.0,22.0,-4.0,104.0,74.0,-140.0
9627,-63.0,-97.0,-115.0,-5.0,-19.0,23.0,-3.0,103.0,75.0,-139.0
9628,-64.0,-98.0,-116.0,-4.0,-18.0,24.0,-4.0,102.0,74.0,-140.0
9629,-65.0,-99.0,-117.0,-5.0,-19.0,25.0,-3.0,103.0,75.0,-139.0
9630,-66.0,-98.0,-118.0,-6.0,-18.0,24.0,-2.0,104.0,74.0,-138.0
9631,-67.0,-97.0,-119.0,-7.0,-17.0,23.0,-1.0,105.0,73.0,-137.0
9632,-68.0,-96.0,-118.0,-8.0,-16.0,24.0,-2.0,104.0,74.0,-138.0
9633,-67.0,-97.0,-119.0,-7.0,-15.0,23.0,-3.0,105.0,73.0,-139.0
9634,-68.0,-98.0,-120.0,-8.0,-16.0,22.0,-4.0,104.0,72.0,-140.0
9635,-67.0,-97.0,-119.0,-9.0,-17.0,21.0,-5.0,105.0,73.0,-139.0
9636,-66.0,-96.0,-118.0,-10.0,-18.0,20.0,-4.0,106.0,74.0,-140.0
9637,-67.0,-97.0,-119.0,-11.0,-19.0,21.0,-3.0,107.0,75.0,-139.0
9638,-66.0,-96.0,-120.0,-12.0,-18.0,22.0,-4.0,106.0,74.0,-138.0
9639,-65.0,-95.0,-119.0,-11.0,-17.0,23.0,-3.0,107.0,73.0,-139.0
9640,-66.0,-94.0,-120.0,-10.0,-18.0,24.0,-4.0,108.0,72.0,-138.0
9641,-67.0,-95.0,-121.0,-11.0,-19.0,23.0,-5.0,109.0,73.0,-137.0
9642,-68.0,-96.0,-122.0,-12.0,-20.0,24.0,-4.0,110.0,74.0,-136.0
9643,-69.0,-97.0,-123.0,-13.0,-21.0,23.0,-3.0,111.0,75.0,-135.0
9644,-70.0,-98.0,-124.0,-12.0,-20.0,24.0,-4.0,110.0,74.0,-136.0
9645,-71.0,-99.0,-125.0,-13.0,-21.0,23.0,-5.0,109.0,73.0,-137.0
9646,-70.0,-100.0,-124.0,-14.0,-20.0,24.0,-6.0,110.0,72.0,-136.0
9647,-69.0,-101.0,-123.0,-15.0,-19.0,23.0,-5.0,109.0,73.0,-135.0
9648,-68.0,-102.0,-124.0,-14.0,-18.0,22.0,-4.0,110.0,72.0,-136.0
9649,-67.0,-101.0,-123.0,-13.0,-17.0,23.0,-3.0,111.0,73.0,-135.0
9650,-66.0,-100.0,-122.0,-12.0,-16.0,24.0,-4.0,110.0,72.0,-136.0
9651,-65.0,-99.0,-121.0,-11.0,-15.0,23.0,-5.0,109.0,71.0,-137.0
9652,-64.0,-100.0,-120.0,-12.0,-14.0,24.0,-6.0,110.0,70.0,-136.0
9653,-63.0,-101.0,-119.0,-13.0,-13.0,25.0,-7.0,111.0,69.0,-135.0
9654,-62.0,-102.0,-120.0,-12.0,-14.0,24.0,-6.0,112.0,68.0,-134.0
9655,-61.0,-103.0,-119.0,-13.0,-13.0,23.0,-5.0,111.0,69.0,-135.0
9656,-60.0,-102.0,-118.0,-12.0,-12.0,22.0,-6.0,110.0,68.0,-136.0
9657,-59.0,-103.0,-117.0,-11.0,-13.0,23.0,-5.0,109.0,69.0,-137.0
9658,-58.0,-102.0,-116.0,-10.0,-12.0,24.0,-4.0,110.0,70.0,-136.0
9659,-57.0,-103.0,-115.0,-11.0,-11.0,23.0,-3.0,109.0,71.0,-137.0
9660,-56.0,-104.0,-116.0,-10.0,-12.0,22.0,-2.0,110.0,70.0,-136.0
9661,-55.0,-103.0,-115.0,-11.0,-13.0,21.0,-3.0,111.0,71.0,-135.0
9662,-54.0,-104.0,-114.0,-12.0,-12.0,20.0,-2.0,110.0,72.0,-136.0
9663,-53.0,-105.0,-113.0,-13.0,-13.0,21.0,-3.0,111.0,71.0,-137.0
9664,-54.0,-106.0,-112.0,-12.0,-14.0,20.0,-4.0,112.0,72.0,-138.0
9665,-55.0,-107.0,-111.0,-11.0,-15.0,19.0,-5.0,113.0,73.0,-139.0
9666,-56.0,-106.0,-112.0,-12.0,-14.0,18.0,-4.0,114.0,72.0,-138.0
9667,-57.0,-107.0,-113.0,-13.0,-15.0,17.0,-5.0,113.0,71.0,-139.0
9668,-56.0,-108.0,-114.0,-12.0,-14.0,16.0,-6.0,114.0,70.0,-140.0
9669,-57.0,-107.0,-115.0,-11.0,-15.0,17.0,-5.0,113.0,71.0,-141.0
9670,-58.0,-106.0,-116.0,-12.0,-14.0,16.0,-6.0,114.0,70.0,-142.0
9671,-57.0,-105.0,-115.0,-11.0,-13.0,17.0,-5.0,113.0,69.0,-143.0
9672,-58.0,-104.0,-114.0,-12.0,-14.0,18.0,-4.0,112.0,68.0,-142.0
9673,-59.0,-103.0,-115.0,-13.0,-13.0,17.0,-3.0,113.0,67.0,-141.0
9674,-60.0,-102.0,-114.0,-14.0,-14.0,18.0,-4.0,112.0,68.0,-140.0
9675,-59.0,-101.0,-113.0,-13.0,-13.0,19.0,-3.0,113.0,69.0,-139.0
9676,-58.0,-100.0,-112.0,-12.0,-14.0,18.0,-4.0,112.0,68.0,-138.0
9677,-57.0,-99.0,-111.0,-11.0,-13.0,19.0,-3.0,113.0,69.0,-137.0
9678,-58.0,-100.0,-110.0,-10.0,-14.0,18.0,-2.0,114.0,68.0,-138.0
9679,-57.0,-101.0,-109.0,-9.0,-15.0,19.0,-1.0,113.0,69.0,-139.0
9680,-58.0,-102.0,-108.0,-8.0,-16.0,18.0,0.0,114.0,68.0,-140.0
9681,-59.0,-103.0,-107.0,-7.0,-17.0,17.0,1.0,115.0,67.0,-141.0
9682,-58.0,-104.0,-106.0,-8.0,-18.0,18.0,0.0,116.0,68.0,-142.0
9683,-57.0,-103.0,-107.0,-9.0,-19.0,19.0,1.0,115.0,67.0,-143.0
9684,-58.0,-102.0,-108.0,-10.0,-18.0,18.0,2.0,116.0,66.0,-142.0
9685,-59.0,-101.0,-107.0,-11.0,-19.0,19.0,3.0,115.0,67.0,-141.0
9686,-60.0,-100.0,-108.0,-10.0,-18.0,18.0,4.0,114.0,66.0,-140.0
9687,-61.0,-101.0,-109.0,-9.0,-17.0,19.0,3.0,113.0,65.0,-139.0
9688,-62.0,-100.0,-110.0,-10.0,-16.0,18.0,4.0,114.0,64.0,-138.0
9689,-63.0,-101.0,-111.0,-9.0,-15.0,19.0,5.0,113.0,63.0,-139.0
9690,-62.0,-102.0,-110.0,-10.0,-14.0,18.0,6.0,112.0,64.0,-140.0
9691,-61.0,-103.0,-109.0,-11.0,-13.0,17.0,7.0,111.0,65.0,-141.0
9692,-60.0,-104.0,-108.0,-12.0,-12.0,16.0,8.0,110.0,64.0,-140.0
9693,-59.0,-105.0,-107.0,-11.0,-13.0,17.0,9.0,109.0,65.0,-139.0
9694,-58.0,-106.0,-106.0,-12.0,-12.0,16.0,10.0,108.0,66.0,-140.0
9695,-59.0,-107.0,-107.0,-11.0,-11.0,17.0,9.0,107.0,65.0,-139.0
9696,-58.0,-106.0,-108.0,-12.0,-10.0,18.0,8.0,106.0,66.0,-138.0
9697,-57.0,-105.0,-109.0,-13.0,-9.0,19.0,7.0,105.0,67.0,-137.0
9698,-56.0,-104.0,-110.0,-14.0,-8.0,20.0,8.0,104.0,66.0,-136.0
9699,-57.0,-103.0,-111.0,-13.0,-9.0,19.0,9.0,103.0,67.0,-137.0
9700,-56.0,-102.0,-110.0,-12.0,-8.0,20.0,10.0,102.0,66.0,-138.0
9701,-57.0,-103.0,-111.0,-13.0,-7.0,21.0,11.0,103.0,65.0,-139.0
9702,-58.0,-102.0,-112.0,-12.0,-6.0,20.0,12.0,102.0,64.0,-138.0
9703,-59.0,-103.0,-113.0,-13.0,-7.0,19.0,11.0,101.0,65.0,-137.0
9704,-58.0,-102.0,-112.0,-14.0,-8.0,18.0,10.0,102.0,66.0,-136.0
9705,-59.0,-101.0,-111.0,-15.0,-7.0,19.0,9.0,103.0,67.0,-137.0
9706,-60.0,-100.0,-110.0,-16.0,-8.0,20.0,10.0,102.0,68.0,-136.0
9707,-61.0,-99.0,-109.0,-17.0,-7.0,21.0,9.0,103.0,69.0,-137.0
9708,-60.0,-98.0,-108.0,-16.0,-8.0,20.0,8.0,102.0,68.0,-136.0
9709,-61.0,-99.0,-107.0,-15.0,-9.0,19.0,9.0,103.0,67.0,-137.0
9710,-60.0,-98.0,-106.0,-14.0,-8.0,20.0,10.0,104.0,66.0,-138.0
9711,-61.0,-99.0,-107.0,-15.0,-9.0,19.0,9.0,103.0,65.0,-139.0
9712,-62.0,-100.0,-106.0,-14.0,-10.0,18.0,8.0,104.0,66.0,-140.0
9713,-63.0,-99.0,-107.0,-13.0,-9.0,17.0,9.0,103.0,67.0,-139.0
9714,-62.0,-100.0,-106.0,-14.0,-8.0,16.0,10.0,102.0,68.0,-140.0
9715,-63.0,-99.0,-107.0,-13.0,-9.0,17.0,9.0,103.0,67.0,-139.0
9716,-64.0,-100.0,-106.0,-12.0,-8.0,16.0,8.0,102.0,68.0,-138.0
9717,-65.0,-99.0,-107.0,-11.0,-7.0,15.0,9.0,101.0,69.0,-137.0
9718,-64.0,-100.0,-106.0,-12.0,-8.0,16.0,8.0,102.0,70.0,-138.0
9719,-65.0,-101.0,-107.0,-13.0,-7.0,17.0,9.0,103.0,69.0,-139.0
9720,-66.0,-100.0,-108.0,-12.0,-8.0,18.0,10.0,102.0,70.0,-140.0
9721,-65.0,-101.0,-107.0,-13.0,-7.0,17.0,11.0,101.0,71.0,-141.0
9722,-66.0,-102.0,-108.0,-12.0,-6.0,18.0,12.0,100.0,70.0,-142.0
9723,-65.0,-103.0,-107.0,-13.0,-5.0,17.0,13.0,101.0,69.0,-141.0
9724,-64.0,-104.0,-106.0,-14.0,-6.0,18.0,12.0,102.0,68.0,-142.0
9725,-63.0,-105.0,-107.0,-13.0,-5.0,17.0,11.0,103.0,69.0,-143.0
9726,-64.0,-104.0,-108.0,-12.0,-6.0,18.0,10.0,104.0,68.0,-142.0
9727,-65.0,-103.0,-107.0,-13.0,-5.0,19.0,9.0,105.0,69.0,-143.0
9728,-64.0,-104.0,-106.0,-14.0,-4.0,18.0,10.0,104.0,70.0,-144.0
9729,-63.0,-103.0,-105.0,-13.0,-3.0,17.0,9.0,103.0,69.0,-145.0
9730,-64.0,-104.0,-104.0,-12.0,-4.0,16.0,10.0,104.0,68.0,-146.0
9731,-65.0,-103.0,-103.0,-13.0,-5.0,17.0,11.0,103.0,67.0,-145.0
9732,-66.0,-102.0,-104.0,-12.0,-6.0,18.0,10.0,104.0,66.0,-144.0
9733,-67.0,-103.0,-103.0,-11.0,-7.0,17.0,11.0,105.0,65.0,-145.0
9734,-66.0,-102.0,-102.0,-10.0,-6.0,18.0,12.0,106.0,66.0,-144.0
9735,-65.0,-101.0,-103.0,-11.0,-7.0,19.0,13.0,105.0,65.0,-145.0
9736,-66.0,-100.0,-104.0,-12.0,-6.0,18.0,14.0,106.0,64.0,-144.0
9737,-65.0,-101.0,-103.0,-13.0,-5.0,17.0,13.0,107.0,63.0,-143.0
9738,-66.0,-102.0,-102.0,-12.0,-4.0,16.0,12.0,108.0,64.0,-142.0
9739,-65.0,-103.0,-103.0,-11.0,-3.0,15.0,11.0,109.0,65.0,-143.0
9740,-64.0,-104.0,-102.0,-12.0,-2.0,14.0,12.0,108.0,66.0,-144.0
9741,-63.0,-105.0,-101.0,-13.0,-1.0,13.0,13.0,107.0,67.0,-145.0
9742,-62.0,-106.0,-100.0,-14.0,-2.0,14.0,12.0,108.0,68.0,-146.0
9743,-63.0,-107.0,-101.0,-15.0,-3.0,13.0,13.0,109.0,69.0,-145.0
9744,-62.0,-108.0,-100.0,-14.0,-4.0,14.0,12.0,108.0,70.0,-146.0
9745,-63.0,-107.0,-101.0,-15.0,-3.0,13.0,11.0,109.0,69.0,-145.0
9746,-64.0,-106.0,-100.0,-16.0,-2.0,14.0,10.0,110.0,70.0,-146.0
9747,-63.0,-107.0,-99.0,-17.0,-1.0,13.0,11.0,111.0,69.0,-145.0
9748,-62.0,-106.0,-98.0,-16.0,-2.0,12.0,10.0,110.0,70.0,-144.0
9749,-61.0,-105.0,-97.0,-15.0,-1.0,13.0,11.0,111.0,71.0,-143.0
9750,-60.0,-106.0,-98.0,-14.0,0.0,12.0,10.0,112.0,72.0,-144.0
9751,-59.0,-105.0,-97.0,-13.0,1.0,13.0,11.0,113.0,73.0,-143.0
9752,-60.0,-106.0,-96.0,-12.0,0.0,12.0,12.0,114.0,72.0,-144.0
9753,-59.0,-107.0,-97.0,-11.0,1.0,11.0,11.0,115.0,73.0,-145.0
9754,-58.0,-106.0,-96.0,-10.0,2.0,12.0,12.0,116.0,74.0,-144.0
9755,-57.0,-107.0,-95.0,-11.0,1.0,13.0,11.0,117.0,73.0,-145.0
9756,-58.0,-108.0,-96.0,-10.0,2.0,14.0,10.0,116.0,72.0,-144.0
9757,-59.0,-109.0,-95.0,-9.0,3.0,13.0,9.0,115.0,73.0,-143.0
9758,-58.0,-110.0,-94.0,-10.0,4.0,12.0,10.0,114.0,72.0,-142.0
9759,-57.0,-111.0,-93.0,-11.0,3.0,13.0,9.0,115.0,73.0,-143.0
9760,-58.0,-110.0,-94.0,-12.0,4.0,12.0,8.0,116.0,72.0,-144.0
9761,-59.0,-109.0,-95.0,-11.0,3.0,13.0,7.0,117.0,71.0,-143.0
9762,-58.0,-110.0,-96.0,-10.0,4.0,12.0,6.0,118.0,70.0,-144.0
9763,-57.0,-109.0,-95.0,-9.0,5.0,13.0,7.0,119.0,71.0,-143.0
9764,-56.0,-110.0,-94.0,-10.0,6.0,12.0,8.0,118.0,70.0,-142.0
9765,-57.0,-109.0,-95.0,-9.0,5.0,13.0,7.0,119.0,71.0,-143.0
9766,-58.0,-110.0,-96.0,-10.0,4.0,12.0,6.0,118.0,72.0,-142.0
9767,-57.0,-111.0,-95.0,-11.0,5.0,11.0,7.0,117.0,71.0,-141.0
9768,-58.0,-112.0,-94.0,-10.0,4.0,10.0,8.0,118.0,70.0,-142.0
9769,-59.0,-111.0,-93.0,-11.0,3.0,11.0,7.0,117.0,71.0,-141.0
9770,-58.0,-110.0,-94.0,-12.0,2.0,12.0,8.0,116.0,70.0,-142.0
9771,-59.0,-109.0,-95.0,-11.0,1.0,13.0,7.0,117.0,69.0,-141.0
9772,-60.0,-108.0,-96.0,-10.0,0.0,12.0,8.0,116.0,70.0,-142.0
9773,-59.0,-109.0,-95.0,-9.0,-1.0,13.0,7.0,115.0,71.0,-143.0
9774,-58.0,-110.0,-96.0,-8.0,-2.0,12.0,8.0,114.0,70.0,-142.0
9775,-59.0,-111.0,-95.0,-7.0,-3.0,11.0,9.0,115.0,69.0,-143.0
9776,-60.0,-112.0,-96.0,-8.0,-4.0,12.0,10.0,116.0,70.0,-142.0
9777,-61.0,-113.0,-97.0,-9.0,-5.0,11.0,9.0,115.0,69.0,-143.0
9778,-60.0,-112.0,-96.0,-10.0,-6.0,10.0,8.0,116.0,70.0,-142.0
9779,-61.0,-113.0,-95.0,-9.0,-5.0,9.0,7.0,115.0,71.0,-141.0
9780,-60.0,-114.0,-96.0,-8.0,-4.0,8.0,6.0,116.0,72.0,-142.0
9781,-61.0,-115.0,-95.0,-7.0,-3.0,7.0,5.0,115.0,73.0,-141.0
9782,-60.0,-116.0,-96.0,-6.0,-2.0,6.0,6.0,116.0,72.0,-142.0
9783,-59.0,-117.0,-95.0,-5.0,-3.0,7.0,7.0,115.0,73.0,-141.0
9784,-58.0,-118.0,-94.0,-6.0,-2.0,6.0,8.0,116.0,72.0,-140.0
9785,-59.0,-117.0,-95.0,-5.0,-3.0,7.0,7.0,115.0,73.0,-141.0
9786,-58.0,-118.0,-96.0,-4.0,-2.0,6.0,6.0,116.0,74.0,-142.0
9787,-59.0,-117.0,-95.0,-5.0,-3.0,7.0,5.0,115.0,75.0,-141.0
9788,-58.0,-116.0,-94.0,-4.0,-2.0,8.0,6.0,116.0,76.0,-140.0
9789,-59.0,-115.0,-95.0,-5.0,-1.0,7.0,7.0,117.0,75.0,-139.0
9790,-60.0,-116.0,-94.0,-4.0,0.0,6.0,6.0,118.0,76.0,-138.0
9791,-61.0,-117.0,-95.0,-5.0,-1.0,5.0,5.0,117.0,77.0,-137.0
9792,-62.0,-116.0,-94.0,-6.0,0.0,6.0,4.0,118.0,78.0,-138.0
9793,-61.0,-117.0,-93.0,-7.0,1.0,7.0,3.0,119.0,77.0,-137.0
9794,-60.0,-118.0,-92.0,-6.0,0.0,8.0,2.0,118.0,78.0,-138.0
9795,-59.0,-117.0,-93.0,-7.0,-1.0,9.0,3.0,119.0,77.0,-139.0
9796,-58.0,-118.0,-94.0,-6.0,-2.0,8.0,4.0,118.0,76.0,-138.0
9797,-57.0,-117.0,-95.0,-7.0,-3.0,9.0,5.0,119.0,75.0,-139.0
9798,-56.0,-118.0,-94.0,-8.0,-2.0,8.0,4.0,120.0,74.0,-138.0
9799,-55.0,-117.0,-93.0,-7.0,-1.0,9.0,5.0,121.0,75.0,-137.0
9800,-54.0,-118.0,-92.0,-8.0,-2.0,10.0,4.0,122.0,76.0,-138.0
9801,-55.0,-119.0,-93.0,-7.0,-1.0,11.0,5.0,121.0,75.0,-139.0
9802,-56.0,-118.0,-92.0,-8.0,0.0,12.0,4.0,122.0,76.0,-140.0
9803,-55.0,-119.0,-91.0,-9.0,1.0,13.0,3.0,123.0,75.0,-139.0
9804,-54.0,-118.0,-92.0,-10.0,2.0,14.0,2.0,122.0,76.0,-138.0
9805,-53.0,-117.0,-91.0,-9.0,3.0,15.0,3.0,123.0,77.0,-139.0
9806,-52.0,-118.0,-90.0,-10.0,4.0,14.0,4.0,122.0,78.0,-140.0
9807,-51.0,-119.0,-91.0,-9.0,3.0,13.0,5.0,121.0,77.0,-139.0
9808,-50.0,-118.0,-92.0,-10.0,2.0,14.0,6.0,122.0,76.0,-140.0
9809,-49.0,-119.0,-93.0,-9.0,3.0,13.0,5.0,123.0,77.0,-141.0
9810,-48.0,-118.0,-94.0,-10.0,2.0,14.0,6.0,122.0,76.0,-142.0
9811,-49.0,-117.0,-95.0,-9.0,1.0,15.0,5.0,123.0,75.0,-143.0
9812,-50.0,-116.0,-96.0,-8.0,0.0,14.0,6.0,122.0,76.0,-144.0
9813,-49.0,-117.0,-97.0,-7.0,1.0,13.0,5.0,123.0,77.0,-145.0
9814,-50.0,-118.0,-96.0,-6.0,0.0,12.0,6.0,124.0,76.0,-146.0
9815,-49.0,-119.0,-97.0,-5.0,-1.0,11.0,7.0,123.0,75.0,-145.0
9816,-50.0,-118.0,-98.0,-6.0,0.0,10.0,8.0,124.0,74.0,-144.0
9817,-49.0,-117.0,-97.0,-5.0,1.0,11.0,9.0,125.0,75.0,-143.0
9818,-50.0,-118.0,-98.0,-6.0,0.0,10.0,8.0,124.0,74.0,-144.0
9819,-49.0,-117.0,-99.0,-7.0,-1.0,11.0,9.0,125.0,73.0,-145.0
9820,-48.0,-116.0,-98.0,-8.0,-2.0,10.0,8.0,126.0,74.0,-144.0
9821,-47.0,-117.0,-97.0,-7.0,-3.0,11.0,9.0,125.0,75.0,-143.0
9822,-48.0,-116.0,-96.0,-8.0,-4.0,12.0,8.0,124.0,76.0,-142.0
9823,-47.0,-117.0,-95.0,-9.0,-3.0,11.0,9.0,123.0,77.0,-143.0
9824,-46.0,-118.0,-94.0,-10.0,-2.0,12.0,8.0,124.0,76.0,-142.0
9825,-45.0,-117.0,-93.0,-9.0,-1.0,13.0,9.0,125.0,77.0,-141.0
9826,-46.0,-116.0,-92.0,-10.0,0.0,14.0,8.0,124.0,78.0,-142.0
9827,-45.0,-115.0,-91.0,-9.0,1.0,15.0,9.0,125.0,79.0,-143.0
9828,-44.0,-116.0,-90.0,-8.0,0.0,16.0,8.0,124.0,80.0,-144.0
9829,-45.0,-115.0,-91.0,-7.0,-1.0,17.0,7.0,125.0,79.0,-143.0
9830,-44.0,-116.0,-92.0,-6.0,0.0,16.0,6.0,126.0,78.0,-144.0
9831,-45.0,-115.0,-91.0,-7.0,1.0,17.0,5.0,127.0,79.0,-145.0
9832,-44.0,-114.0,-90.0,-6.0,0.0,16.0,4.0,126.0,80.0,-144.0
9833,-43.0,-115.0,-91.0,-5.0,1.0,15.0,3.0,127.0,81.0,-145.0
9834,-42.0,-116.0,-90.0,-4.0,0.0,16.0,2.0,126.0,82.0,-146.0
9835,-43.0,-117.0,-91.0,-3.0,1.0,17.0,1.0,125.0,81.0,-145.0
9836,-44.0,-116.0,-92.0,-4.0,2.0,16.0,2.0,126.0,80.0,-144.0
9837,-45.0,-117.0,-91.0,-3.0,1.0,15.0,3.0,127.0,81.0,-145.0
9838,-44.0,-116.0,-90.0,-2.0,2.0,16.0,2.0,126.0,80.0,-146.0
9839,-45.0,-115.0,-89.0,-3.0,3.0,17.0,1.0,125.0,81.0,-147.0
9840,-46.0,-114.0,-90.0,-2.0,2.0,18.0,0.0,126.0,82.0,-148.0
9841,-47.0,-115.0,-91.0,-1.0,3.0,19.0,1.0,125.0,81.0,-149.0
9842,-46.0,-114.0,-92.0,-2.0,4.0,20.0,0.0,124.0,82.0,-148.0
9843,-45.0,-115.0,-93.0,-1.0,5.0,19.0,-1.0,125.0,83.0,-149.0
9844,-44.0,-114.0,-94.0,-2.0,4.0,20.0,0.0,124.0,82.0,-150.0
9845,-43.0,-115.0,-93.0,-3.0,3.0,21.0,-1.0,125.0,83.0,-151.0
9846,-44.0,-114.0,-92.0,-4.0,2.0,22.0,0.0,124.0,84.0,-150.0
9847,-45.0,-115.0,-93.0,-5.0,1.0,23.0,1.0,125.0,85.0,-149.0
9848,-44.0,-114.0,-92.0,-6.0,0.0,22.0,2.0,126.0,86.0,-150.0
9849,-45.0,-113.0,-93.0,-5.0,-1.0,23.0,1.0,127.0,85.0,-149.0
9850,-44.0,-112.0,-92.0,-4.0,0.0,24.0,2.0,128.0,84.0,-150.0
9851,-45.0,-111.0,-91.0,-5.0,-1.0,25.0,3.0,127.0,83.0,-149.0
9852,-44.0,-112.0,-92.0,-4.0,0.0,24.0,4.0,128.0,82.0,-150.0
9853,-43.0,-111.0,-91.0,-3.0,1.0,25.0,5.0,129.0,81.0,-151.0
9854,-42.0,-110.0,-90.0,-2.0,2.0,26.0,6.0,130.0,82.0,-152.0
9855,-41.0,-109.0,-89.0,-1.0,3.0,27.0,7.0,131.0,83.0,-151.0
9856,-42.0,-108.0,-90.0,-2.0,4.0,26.0,8.0,132.0,82.0,-150.0
9857,-43.0,-109.0,-91.0,-3.0,3.0,25.0,7.0,131.0,83.0,-149.0
9858,-44.0,-110.0,-90.0,-2.0,4.0,24.0,6.0,130.0,84.0,-148.0
9859,-43.0,-111.0,-91.0,-1.0,5.0,23.0,5.0,131.0,85.0,-149.0
9860,-44.0,-112.0,-92.0,-2.0,6.0,24.0,6.0,132.0,84.0,-150.0
9861,-45.0,-111.0,-93.0,-1.0,5.0,25.0,5.0,133.0,83.0,-149.0
9862,-46.0,-112.0,-94.0,-2.0,4.0,24.0,4.0,132.0,82.0,-150.0
9863,-45.0,-111.0,-93.0,-3.0,3.0,23.0,5.0,133.0,83.0,-151.0
9864,-44.0,-110.0,-92.0,-2.0,4.0,22.0,4.0,132.0,82.0,-152.0
9865,-45.0,-109.0,-93.0,-3.0,5.0,21.0,5.0,133.0,81.0,-151.0
9866,-46.0,-110.0,-92.0,-2.0,4.0,20.0,6.0,134.0,82.0,-152.0
9867,-47.0,-111.0,-93.0,-3.0,3.0,19.0,5.0,133.0,81.0,-153.0
9868,-46.0,-110.0,-92.0,-2.0,4.0,20.0,6.0,134.0,82.0,-152.0
9869,-47.0,-109.0,-93.0,-3.0,5.0,19.0,7.0,135.0,81.0,-151.0
9870,-46.0,-108.0,-92.0,-2.0,6.0,18.0,6.0,134.0,80.0,-152.0
9871,-47.0,-107.0,-91.0,-3.0,7.0,19.0,5.0,135.0,81.0,-153.0
9872,-48.0,-106.0,-92.0,-2.0,6.0,20.0,4.0,136.0,80.0,-152.0
9873,-49.0,-107.0,-91.0,-1.0,7.0,19.0,3.0,135.0,81.0,-151.0
9874,-50.0,-108.0,-92.0,-2.0,6.0,18.0,2.0,134.0,80.0,-152.0
9875,-51.0,-109.0,-91.0,-1.0,7.0,17.0,1.0,135.0,81.0,-151.0
9876,-52.0,-110.0,-90.0,0.0,6.0,16.0,2.0,136.0,80.0,-152.0
9877,-53.0,-109.0,-91.0,1.0,5.0,17.0,1.0,135.0,81.0,-153.0
9878,-54.0,-110.0,-92.0,0.0,4.0,16.0,0.0,136.0,82.0,-152.0
9879,-53.0,-111.0,-91.0,1.0,3.0,17.0,1.0,135.0,83.0,-153.0
9880,-54.0,-112.0,-90.0,2.0,2.0,16.0,2.0,136.0,82.0,-154.0
9881,-53.0,-113.0,-89.0,1.0,3.0,15.0,1.0,137.0,81.0,-153.0
9882,-54.0,-112.0,-90.0,2.0,2.0,16.0,0.0,138.0,80.0,-152.0
9883,-55.0,-111.0,-89.0,1.0,3.0,17.0,-1.0,139.0,81.0,-153.0
9884,-56.0,-112.0,-90.0,2.0,4.0,18.0,-2.0,138.0,80.0,-152.0
9885,-55.0,-111.0,-91.0,1.0,5.0,19.0,-3.0,137.0,81.0,-151.0
9886,-54.0,-110.0,-92.0,0.0,6.0,20.0,-4.0,136.0,80.0,-150.0
9887,-53.0,-111.0,-93.0,1.0,5.0,19.0,-3.0,137.0,79.0,-149.0
9888,-52.0,-112.0,-92.0,0.0,4.0,20.0,-4.0,138.0,78.0,-150.0
9889,-53.0,-113.0,-93.0,1.0,5.0,21.0,-5.0,137.0,77.0,-149.0
9890,-54.0,-114.0,-94.0,0.0,6.0,22.0,-4.0,138.0,76.0,-150.0
9891,-55.0,-113.0,-93.0,-1.0,5.0,23.0,-3.0,137.0,75.0,-149.0
9892,-54.0,-112.0,-92.0,0.0,4.0,22.0,-4.0,136.0,74.0,-148.0
9893,-53.0,-111.0,-91.0,1.0,5.0,23.0,-3.0,137.0,73.0,-149.0
9894,-52.0,-112.0,-90.0,2.0,4.0,24.0,-2.0,136.0,74.0,-148.0
9895,-51.0,-113.0,-91.0,3.0,3.0,23.0,-1.0,135.0,73.0,-147.0
9896,-52.0,-112.0,-92.0,4.0,2.0,24.0,-2.0,136.0,72.0,-146.0
9897,-53.0,-113.0,-93.0,3.0,1.0,23.0,-3.0,135.0,71.0,-147.0
9898,-54.0,-114.0,-92.0,4.0,2.0,22.0,-4.0,134.0,72.0,-146.0
9899,-53.0,-115.0,-91.0,5.0,1.0,23.0,-5.0,133.0,73.0,-147.0
9900,-54.0,-116.0,-92.0,4.0,0.0,24.0,-4.0,134.0,74.0,-146.0
9901,-55.0,-115.0,-93.0,5.0,1.0,23.0,-3.0,133.0,75.0,-145.0
9902,-56.0,-114.0,-92.0,4.0,0.0,24.0,-2.0,132.0,74.0,-144.0
9903,-55.0,-113.0,-93.0,3.0,1.0,25.0,-3.0,131.0,75.0,-143.0
9904,-54.0,-112.0,-92.0,2.0,0.0,24.0,-2.0,132.0,76.0,-144.0
9905,-55.0,-111.0,-91.0,1.0,-1.0,25.0,-1.0,131.0,75.0,-143.0
9906,-56.0,-110.0,-92.0,0.0,0.0,24.0,0.0,132.0,74.0,-142.0
9907,-55.0,-109.0,-93.0,-1.0,-1.0,25.0,1.0,131.0,73.0,-143.0
9908,-54.0,-108.0,-92.0,-2.0,-2.0,24.0,2.0,132.0,74.0,-144.0
9909,-53.0,-109.0,-93.0,-1.0,-3.0,23.0,3.0,131.0,73.0,-143.0
9910,-54.0,-108.0,-92.0,-2.0,-4.0,24.0,4.0,130.0,72.0,-142.0
9911,-55.0,-107.0,-93.0,-1.0,-3.0,23.0,5.0,129.0,71.0,-141.0
9912,-54.0,-108.0,-92.0,-2.0,-4.0,24.0,4.0,130.0,72.0,-142.0
9913,-55.0,-107.0,-93.0,-1.0,-5.0,25.0,5.0,129.0,73.0,-143.0
9914,-56.0,-106.0,-94.0,0.0,-4.0,24.0,6.0,128.0,74.0,-142.0
9915,-57.0,-107.0,-95.0,-1.0,-5.0,23.0,5.0,129.0,75.0,-141.0
9916,-56.0,-108.0,-96.0,0.0,-4.0,22.0,4.0,130.0,74.0,-142.0
9917,-57.0,-109.0,-97.0,1.0,-3.0,23.0,3.0,129.0,73.0,-143.0
9918,-56.0,-108.0,-98.0,0.0,-4.0,24.0,4.0,128.0,72.0,-144.0
9919,-57.0,-109.0,-97.0,1.0,-5.0,23.0,5.0,129.0,71.0,-145.0
9920,-56.0,-110.0,-96.0,0.0,-6.0,24.0,4.0,130.0,72.0,-146.0
9921,-55.0,-111.0,-95.0,1.0,-7.0,25.0,3.0,129.0,73.0,-147.0
9922,-56.0,-110.0,-96.0,2.0,-8.0,26.0,4.0,128.0,74.0,-148.0
9923,-57.0,-111.0,-97.0,1.0,-7.0,27.0,5.0,129.0,75.0,-149.0
9924,-58.0,-112.0,-98.0,0.0,-8.0,26.0,4.0,128.0,74.0,-150.0
9925,-57.0,-113.0,-99.0,1.0,-7.0,25.0,3.0,129.0,75.0,-151.0
9926,-58.0,-112.0,-98.0,0.0,-8.0,26.0,4.0,128.0,74.0,-150.0
9927,-59.0,-113.0,-99.0,-1.0,-9.0,27.0,5.0,129.0,75.0,-149.0
9928,-58.0,-114.0,-100.0,0.0,-10.0,26.0,6.0,130.0,74.0,-148.0
9929,-57.0,-115.0,-101.0,1.0,-9.0,25.0,7.0,131.0,73.0,-149.0
9930,-56.0,-114.0,-100.0,2.0,-8.0,26.0,6.0,130.0,72.0,-150.0
9931,-57.0,-115.0,-101.0,1.0,-7.0,27.0,7.0,131.0,73.0,-151.0
9932,-56.0,-116.0,-102.0,2.0,-6.0,26.0,8.0,132.0,72.0,-152.0
9933,-55.0,-117.0,-103.0,3.0,-5.0,25.0,7.0,133.0,71.0,-153.0
9934,-54.0,-116.0,-102.0,4.0,-4.0,24.0,6.0,132.0,70.0,-154.0
9935,-53.0,-117.0,-103.0,5.0,-3.0,23.0,5.0,133.0,69.0,-155.0
9936,-54.0,-118.0,-104.0,4.0,-4.0,22.0,4.0,132.0,68.0,-156.0
9937,-53.0,-119.0,-105.0,5.0,-3.0,21.0,3.0,133.0,69.0,-157.0
9938,-54.0,-120.0,-106.0,4.0,-4.0,20.0,2.0,132.0,68.0,-156.0
9939,-53.0,-119.0,-105.0,5.0,-5.0,19.0,1.0,131.0,69.0,-155.0
9940,-54.0,-120.0,-106.0,4.0,-6.0,20.0,2.0,132.0,70.0,-154.0
9941,-55.0,-121.0,-107.0,3.0,-7.0,19.0,1.0,131.0,69.0,-155.0
9942,-56.0,-120.0,-108.0,4.0,-8.0,20.0,0.0,132.0,68.0,-154.0
9943,-57.0,-121.0,-109.0,3.0,-7.0,21.0,1.0,133.0,69.0,-155.0
9944,-56.0,-120.0,-108.0,4.0,-8.0,20.0,0.0,132.0,68.0,-154.0
9945,-57.0,-119.0,-107.0,3.0,-9.0,21.0,1.0,131.0,69.0,-153.0
9946,-56.0,-120.0,-106.0,2.0,-10.0,22.0,0.0,132.0,70.0,-154.0
9947,-55.0,-121.0,-107.0,3.0,-9.0,21.0,-1.0,133.0,71.0,-155.0
9948,-56.0,-120.0,-108.0,4.0,-10.0,20.0,0.0,132.0,72.0,-156.0
9949,-55.0,-119.0,-107.0,3.0,-11.0,19.0,1.0,133.0,73.0,-157.0
9950,-54.0,-120.0,-106.0,2.0,-12.0,20.0,0.0,134.0,74.0,-158.0
9951,-53.0,-121.0,-105.0,1.0,-11.0,19.0,1.0,133.0,75.0,-157.0
9952,-54.0,-122.0,-106.0,0.0,-12.0,18.0,0.0,132.0,74.0,-158.0
9953,-53.0,-123.0,-105.0,1.0,-13.0,19.0,1.0,131.0,75.0,-159.0
9954,-54.0,-122.0,-106.0,2.0,-14.0,20.0,0.0,132.0,74.0,-158.0
9955,-55.0,-123.0,-107.0,3.0,-13.0,21.0,-1.0,131.0,73.0,-157.0
9956,-56.0,-122.0,-106.0,2.0,-14.0,22.0,-2.0,130.0,74.0,-156.0
9957,-55.0,-123.0,-107.0,3.0,-13.0,21.0,-1.0,131.0,73.0,-157.0
9958,-54.0,-122.0,-106.0,4.0,-12.0,22.0,-2.0,130.0,72.0,-158.0
9959,-53.0,-123.0,-105.0,3.0,-11.0,21.0,-1.0,131.0,71.0,-157.0
9960,-54.0,-124.0,-106.0,4.0,-10.0,22.0,0.0,130.0,70.0,-158.0
9961,-53.0,-125.0,-105.0,3.0,-9.0,21.0,1.0,131.0,69.0,-157.0
9962,-52.0,-126.0,-106.0,4.0,-8.0,20.0,0.0,132.0,68.0,-158.0
9963,-51.0,-125.0,-105.0,3.0,-9.0,19.0,-1.0,133.0,69.0,-157.0
9964,-50.0,-126.0,-104.0,2.0,-8.0,18.0,0.0,132.0,70.0,-158.0
9965,-51.0,-127.0,-105.0,1.0,-7.0,19.0,1.0,133.0,69.0,-159.0
9966,-52.0,-126.0,-106.0,0.0,-6.0,18.0,0.0,134.0,68.0,-160.0
9967,-53.0,-127.0,-107.0,-1.0,-7.0,17.0,-1.0,133.0,67.0,-161.0
9968,-52.0,-128.0,-108.0,0.0,-6.0,16.0,0.0,134.0,66.0,-162.0
9969,-53.0,-127.0,-109.0,1.0,-5.0,15.0,1.0,133.0,65.0,-161.0
9970,-52.0,-128.0,-108.0,0.0,-6.0,16.0,0.0,134.0,66.0,-162.0
9971,-53.0,-129.0,-109.0,-1.0,-7.0,15.0,-1.0,135.0,67.0,-161.0
9972,-52.0,-128.0,-110.0,-2.0,-8.0,16.0,0.0,134.0,66.0,-162.0
9973,-53.0,-129.0,-111.0,-3.0,-9.0,15.0,-1.0,135.0,67.0,-161.0
9974,-52.0,-130.0,-110.0,-2.0,-10.0,16.0,-2.0,134.0,68.0,-162.0
9975,-53.0,-129.0,-111.0,-1.0,-11.0,17.0,-3.0,133.0,69.0,-163.0
9976,-54.0,-130.0,-112.0,-2.0,-12.0,18.0,-2.0,134.0,70.0,-162.0
9977,-53.0,-131.0,-111.0,-3.0,-11.0,17.0,-1.0,133.0,71.0,-163.0
9978,-54.0,-130.0,-112.0,-2.0,-10.0,16.0,0.0,132.0,72.0,-162.0
9979,-53.0,-131.0,-113.0,-1.0,-11.0,15.0,1.0,131.0,71.0,-161.0
9980,-52.0,-132.0,-112.0,-2.0,-10.0,14.0,2.0,130.0,72.0,-160.0
9981,-51.0,-133.0,-111.0,-3.0,-9.0,13.0,3.0,129.0,73.0,-161.0
9982,-52.0,-134.0,-112.0,-4.0,-10.0,12.0,4.0,130.0,74.0,-160.0
9983,-51.0,-133.0,-113.0,-5.0,-9.0,13.0,3.0,129.0,75.0,-159.0
9984,-52.0,-134.0,-112.0,-4.0,-8.0,12.0,2.0,130.0,76.0,-158.0
9985,-53.0,-133.0,-111.0,-5.0,-7.0,13.0,1.0,129.0,77.0,-159.0
9986,-54.0,-132.0,-110.0,-6.0,-8.0,14.0,2.0,128.0,76.0,-158.0
9987,-53.0,-131.0,-109.0,-5.0,-7.0,15.0,3.0,129.0,77.0,-157.0
9988,-54.0,-130.0,-108.0,-6.0,-8.0,16.0,4.0,128.0,76.0,-156.0
9989,-53.0,-129.0,-107.0,-5.0,-7.0,17.0,5.0,127.0,75.0,-157.0
9990,-54.0,-128.0,-108.0,-4.0,-8.0,18.0,4.0,126.0,76.0,-158.0
9991,-53.0,-127.0,-107.0,-5.0,-9.0,17.0,5.0,127.0,77.0,-157.0
9992,-52.0,-128.0,-106.0,-4.0,-10.0,18.0,6.0,126.0,78.0,-158.0
9993,-53.0,-127.0,-107.0,-3.0,-11.0,19.0,5.0,127.0,77.0,-157.0
9994,-54.0,-126.0,-108.0,-2.0,-12.0,20.0,4.0,126.0,78.0,-158.0
9995,-55.0,-127.0,-109.0,-3.0,-13.0,19.0,5.0,127.0,79.0,-157.0
9996,-54.0,-128.0,-108.0,-2.0,-14.0,20.0,4.0,126.0,80.0,-158.0
9997,-53.0,-127.0,-107.0,-1.0,-15.0,19.0,3.0,125.0,81.0,-157.0
9998,-52.0,-128.0,-106.0,-2.0,-16.0,20.0,2.0,126.0,80.0,-158.0
9999,-51.0,-129.0,-105.0,-3.0,-15.0,19.0,1.0,127.0,79.0,-157.0
10000,-50.0,-130.0,-106.0,-2.0,-16.0,18.0,2.0,126.0,78.0,-156.0
