tempo,posicao,velocidade,aceleracao
0.0000,10000.0000,0.0000,-9.8100
0.0100,9999.9990,-0.0981,-9.8100
0.0200,9999.9971,-0.1962,-9.8100
0.0300,9999.9941,-0.2943,-9.8100
0.0400,9999.9902,-0.3924,-9.8100
0.0500,9999.9853,-0.4905,-9.8100
0.0600,9999.9794,-0.5886,-9.8100
0.0700,9999.9725,-0.6867,-9.8100
0.0800,9999.9647,-0.7848,-9.8100
0.0900,9999.9559,-0.8829,-9.8100
0.1000,9999.9460,-0.9810,-9.8100
0.1100,9999.9353,-1.0791,-9.8100
0.1200,9999.9235,-1.1772,-9.8100
0.1300,9999.9107,-1.2753,-9.8100
0.1400,9999.8970,-1.3734,-9.8100
0.1500,9999.8823,-1.4715,-9.8100
0.1600,9999.8666,-1.5696,-9.8100
0.1700,9999.8499,-1.6677,-9.8100
0.1800,9999.8322,-1.7658,-9.8100
0.1900,9999.8136,-1.8639,-9.8100
0.2000,9999.7940,-1.9620,-9.8100
0.2100,9999.7734,-2.0601,-9.8100
0.2200,9999.7518,-2.1582,-9.8100
0.2300,9999.7292,-2.2563,-9.8100
0.2400,9999.7057,-2.3544,-9.8100
0.2500,9999.6812,-2.4525,-9.8100
0.2600,9999.6557,-2.5506,-9.8100
0.2700,9999.6292,-2.6487,-9.8100
0.2800,9999.6017,-2.7468,-9.8100
0.2900,9999.5733,-2.8449,-9.8100
0.3000,9999.5438,-2.9430,-9.8100
0.3100,9999.5134,-3.0411,-9.8100
0.3200,9999.4820,-3.1392,-9.8100
0.3300,9999.4497,-3.2373,-9.8100
0.3400,9999.4163,-3.3354,-9.8100
0.3500,9999.3820,-3.4335,-9.8100
0.3600,9999.3467,-3.5316,-9.8100
0.3700,9999.3104,-3.6297,-9.8100
0.3800,9999.2731,-3.7278,-9.8100
0.3900,9999.2348,-3.8259,-9.8100
0.4000,9999.1956,-3.9240,-9.8100
0.4100,9999.1554,-4.0221,-9.8100
0.4200,9999.1142,-4.1202,-9.8100
0.4300,9999.0720,-4.2183,-9.8100
0.4400,9999.0288,-4.3164,-9.8100
0.4500,9998.9847,-4.4145,-9.8100
0.4600,9998.9395,-4.5126,-9.8100
0.4700,9998.8934,-4.6107,-9.8100
0.4800,9998.8463,-4.7088,-9.8100
0.4900,9998.7983,-4.8069,-9.8100
0.5000,9998.7492,-4.9050,-9.8100
0.5100,9998.6992,-5.0031,-9.8100
0.5200,9998.6482,-5.1012,-9.8100
0.5300,9998.5962,-5.1993,-9.8100
0.5400,9998.5432,-5.2974,-9.8100
0.5500,9998.4893,-5.3955,-9.8100
0.5600,9998.4343,-5.4936,-9.8100
0.5700,9998.3784,-5.5917,-9.8100
0.5800,9998.3215,-5.6898,-9.8100
0.5900,9998.2636,-5.7879,-9.8100
0.6000,9998.2048,-5.8860,-9.8100
0.6100,9998.1449,-5.9841,-9.8100
0.6200,9998.0841,-6.0822,-9.8100
0.6300,9998.0223,-6.1803,-9.8100
0.6400,9997.9595,-6.2784,-9.8100
0.6500,9997.8958,-6.3765,-9.8100
0.6600,9997.8310,-6.4746,-9.8100
0.6700,9997.7653,-6.5727,-9.8100
0.6800,9997.6986,-6.6708,-9.8100
0.6900,9997.6309,-6.7689,-9.8100
0.7000,9997.5622,-6.8670,-9.8100
0.7100,9997.4926,-6.9651,-9.8100
0.7200,9997.4219,-7.0632,-9.8100
0.7300,9997.3503,-7.1613,-9.8100
0.7400,9997.2777,-7.2594,-9.8100
0.7500,9997.2041,-7.3575,-9.8100
0.7600,9997.1296,-7.4556,-9.8100
0.7700,9997.0541,-7.5537,-9.8100
0.7800,9996.9775,-7.6518,-9.8100
0.7900,9996.9000,-7.7499,-9.8100
0.8000,9996.8216,-7.8480,-9.8100
0.8100,9996.7421,-7.9461,-9.8100
0.8200,9996.6617,-8.0442,-9.8100
0.8300,9996.5802,-8.1423,-9.8100
0.8400,9996.4978,-8.2404,-9.8100
0.8500,9996.4144,-8.3385,-9.8100
0.8600,9996.3301,-8.4366,-9.8100
0.8700,9996.2447,-8.5347,-9.8100
0.8800,9996.1584,-8.6328,-9.8100
0.8900,9996.0711,-8.7309,-9.8100
0.9000,9995.9828,-8.8290,-9.8100
0.9100,9995.8935,-8.9271,-9.8100
0.9200,9995.8033,-9.0252,-9.8100
0.9300,9995.7120,-9.1233,-9.8100
0.9400,9995.6198,-9.2214,-9.8100
0.9500,9995.5266,-9.3195,-9.8100
0.9600,9995.4325,-9.4176,-9.8100
0.9700,9995.3373,-9.5157,-9.8100
0.9800,9995.2412,-9.6138,-9.8100
0.9900,9995.1440,-9.7119,-9.8100
1.0000,9995.0459,-9.8100,-9.8100
1.0100,9994.9469,-9.9081,-9.8100
1.0200,9994.8468,-10.0062,-9.8100
1.0300,9994.7458,-10.1043,-9.8100
1.0400,9994.6437,-10.2024,-9.8100
1.0500,9994.5407,-10.3005,-9.8100
1.0600,9994.4367,-10.3986,-9.8100
1.0700,9994.3318,-10.4967,-9.8100
1.0800,9994.2258,-10.5948,-9.8100
1.0900,9994.1189,-10.6929,-9.8100
1.1000,9994.0110,-10.7910,-9.8100
1.1100,9993.9021,-10.8891,-9.8100
1.1200,9993.7922,-10.9872,-9.8100
1.1300,9993.6814,-11.0853,-9.8100
1.1400,9993.5695,-11.1834,-9.8100
1.1500,9993.4567,-11.2815,-9.8100
1.1600,9993.3429,-11.3796,-9.8100
1.1700,9993.2282,-11.4777,-9.8100
1.1800,9993.1124,-11.5758,-9.8100
1.1900,9992.9957,-11.6739,-9.8100
1.2000,9992.8779,-11.7720,-9.8100
1.2100,9992.7592,-11.8701,-9.8100
1.2200,9992.6396,-11.9682,-9.8100
1.2300,9992.5189,-12.0663,-9.8100
1.2400,9992.3972,-12.1644,-9.8100
1.2500,9992.2746,-12.2625,-9.8100
1.2600,9992.1510,-12.3606,-9.8100
1.2700,9992.0264,-12.4587,-9.8100
1.2800,9991.9009,-12.5568,-9.8100
1.2900,9991.7743,-12.6549,-9.8100
1.3000,9991.6468,-12.7530,-9.8100
1.3100,9991.5183,-12.8511,-9.8100
1.3200,9991.3888,-12.9492,-9.8100
1.3300,9991.2583,-13.0473,-9.8100
1.3400,9991.1269,-13.1454,-9.8100
1.3500,9990.9944,-13.2435,-9.8100
1.3600,9990.8610,-13.3416,-9.8100
1.3700,9990.7266,-13.4397,-9.8100
1.3800,9990.5912,-13.5378,-9.8100
1.3900,9990.4549,-13.6359,-9.8100
1.4000,9990.3175,-13.7340,-9.8100
1.4100,9990.1792,-13.8321,-9.8100
1.4200,9990.0399,-13.9302,-9.8100
1.4300,9989.8996,-14.0283,-9.8100
1.4400,9989.7584,-14.1264,-9.8100
1.4500,9989.6161,-14.2245,-9.8100
1.4600,9989.4729,-14.3226,-9.8100
1.4700,9989.3287,-14.4207,-9.8100
1.4800,9989.1835,-14.5188,-9.8100
1.4900,9989.0373,-14.6169,-9.8100
1.5000,9988.8902,-14.7150,-9.8100
1.5100,9988.7420,-14.8131,-9.8100
1.5200,9988.5929,-14.9112,-9.8100
1.5300,9988.4428,-15.0093,-9.8100
1.5400,9988.2918,-15.1074,-9.8100
1.5500,9988.1397,-15.2055,-9.8100
1.5600,9987.9867,-15.3036,-9.8100
1.5700,9987.8327,-15.4017,-9.8100
1.5800,9987.6777,-15.4998,-9.8100
1.5900,9987.5217,-15.5979,-9.8100
1.6000,9987.3647,-15.6960,-9.8100
1.6100,9987.2068,-15.7941,-9.8100
1.6200,9987.0479,-15.8922,-9.8100
1.6300,9986.8880,-15.9903,-9.8100
1.6400,9986.7271,-16.0884,-9.8100
1.6500,9986.5652,-16.1865,-9.8100
1.6600,9986.4024,-16.2846,-9.8100
1.6700,9986.2385,-16.3827,-9.8100
1.6800,9986.0737,-16.4808,-9.8100
1.6900,9985.9079,-16.5789,-9.8100
1.7000,9985.7412,-16.6770,-9.8100
1.7100,9985.5734,-16.7751,-9.8100
1.7200,9985.4047,-16.8732,-9.8100
1.7300,9985.2350,-16.9713,-9.8100
1.7400,9985.0643,-17.0694,-9.8100
1.7500,9984.8926,-17.1675,-9.8100
1.7600,9984.7199,-17.2656,-9.8100
1.7700,9984.5463,-17.3637,-9.8100
1.7800,9984.3717,-17.4618,-9.8100
1.7900,9984.1961,-17.5599,-9.8100
1.8000,9984.0195,-17.6580,-9.8100
1.8100,9983.8419,-17.7561,-9.8100
1.8200,9983.6634,-17.8542,-9.8100
1.8300,9983.4839,-17.9523,-9.8100
1.8400,9983.3034,-18.0504,-9.8100
1.8500,9983.1219,-18.1485,-9.8100
1.8600,9982.9394,-18.2466,-9.8100
1.8700,9982.7560,-18.3447,-9.8100
1.8800,9982.5716,-18.4428,-9.8100
1.8900,9982.3861,-18.5409,-9.8100
1.9000,9982.1998,-18.6390,-9.8100
1.9100,9982.0124,-18.7371,-9.8100
1.9200,9981.8240,-18.8352,-9.8100
1.9300,9981.6347,-18.9333,-9.8100
1.9400,9981.4444,-19.0314,-9.8100
1.9500,9981.2531,-19.1295,-9.8100
1.9600,9981.0608,-19.2276,-9.8100
1.9700,9980.8676,-19.3257,-9.8100
1.9800,9980.6733,-19.4238,-9.8100
1.9900,9980.4781,-19.5219,-9.8100
2.0000,9980.2819,-19.6200,-9.8100
2.0100,9980.0847,-19.7181,-9.8100
2.0200,9979.8866,-19.8162,-9.8100
2.0300,9979.6874,-19.9143,-9.8100
2.0400,9979.4873,-20.0124,-9.8100
2.0500,9979.2862,-20.1105,-9.8100
2.0600,9979.0841,-20.2086,-9.8100
2.0700,9978.8810,-20.3067,-9.8100
2.0800,9978.6770,-20.4048,-9.8100
2.0900,9978.4720,-20.5029,-9.8100
2.1000,9978.2659,-20.6010,-9.8100
2.1100,9978.0590,-20.6991,-9.8100
2.1200,9977.8510,-20.7972,-9.8100
2.1300,9977.6420,-20.8953,-9.8100
2.1400,9977.4321,-20.9934,-9.8100
2.1500,9977.2212,-21.0915,-9.8100
2.1600,9977.0093,-21.1896,-9.8100
2.1700,9976.7964,-21.2877,-9.8100
2.1800,9976.5825,-21.3858,-9.8100
2.1900,9976.3677,-21.4839,-9.8100
2.2000,9976.1519,-21.5820,-9.8100
2.2100,9975.9351,-21.6801,-9.8100
2.2200,9975.7173,-21.7782,-9.8100
2.2300,9975.4985,-21.8763,-9.8100
2.2400,9975.2788,-21.9744,-9.8100
2.2500,9975.0581,-22.0725,-9.8100
2.2600,9974.8364,-22.1706,-9.8100
2.2700,9974.6137,-22.2687,-9.8100
2.2800,9974.3900,-22.3668,-9.8100
2.2900,9974.1654,-22.4649,-9.8100
2.3000,9973.9397,-22.5630,-9.8100
2.3100,9973.7131,-22.6611,-9.8100
2.3200,9973.4855,-22.7592,-9.8100
2.3300,9973.2570,-22.8573,-9.8100
2.3400,9973.0274,-22.9554,-9.8100
2.3500,9972.7969,-23.0535,-9.8100
2.3600,9972.5654,-23.1516,-9.8100
2.3700,9972.3329,-23.2497,-9.8100
2.3800,9972.0994,-23.3478,-9.8100
2.3900,9971.8649,-23.4459,-9.8100
2.4000,9971.6295,-23.5440,-9.8100
2.4100,9971.3931,-23.6421,-9.8100
2.4200,9971.1557,-23.7402,-9.8100
2.4300,9970.9173,-23.8383,-9.8100
2.4400,9970.6779,-23.9364,-9.8100
2.4500,9970.4376,-24.0345,-9.8100
2.4600,9970.1962,-24.1326,-9.8100
2.4700,9969.9539,-24.2307,-9.8100
2.4800,9969.7106,-24.3288,-9.8100
2.4900,9969.4664,-24.4269,-9.8100
2.5000,9969.2211,-24.5250,-9.8100
2.5100,9968.9749,-24.6231,-9.8100
2.5200,9968.7277,-24.7212,-9.8100
2.5300,9968.4795,-24.8193,-9.8100
2.5400,9968.2303,-24.9174,-9.8100
2.5500,9967.9802,-25.0155,-9.8100
2.5600,9967.7290,-25.1136,-9.8100
2.5700,9967.4769,-25.2117,-9.8100
2.5800,9967.2238,-25.3098,-9.8100
2.5900,9966.9697,-25.4079,-9.8100
2.6000,9966.7147,-25.5060,-9.8100
2.6100,9966.4586,-25.6041,-9.8100
2.6200,9966.2016,-25.7022,-9.8100
2.6300,9965.9436,-25.8003,-9.8100
2.6400,9965.6846,-25.8984,-9.8100
2.6500,9965.4247,-25.9965,-9.8100
2.6600,9965.1637,-26.0946,-9.8100
2.6700,9964.9018,-26.1927,-9.8100
2.6800,9964.6389,-26.2908,-9.8100
2.6900,9964.3750,-26.3889,-9.8100
2.7000,9964.1101,-26.4870,-9.8100
2.7100,9963.8443,-26.5851,-9.8100
2.7200,9963.5774,-26.6832,-9.8100
2.7300,9963.3096,-26.7813,-9.8100
2.7400,9963.0408,-26.8794,-9.8100
2.7500,9962.7710,-26.9775,-9.8100
2.7600,9962.5003,-27.0756,-9.8100
2.7700,9962.2286,-27.1737,-9.8100
2.7800,9961.9558,-27.2718,-9.8100
2.7900,9961.6821,-27.3699,-9.8100
2.8000,9961.4075,-27.4680,-9.8100
2.8100,9961.1318,-27.5661,-9.8100
2.8200,9960.8552,-27.6642,-9.8100
2.8300,9960.5775,-27.7623,-9.8100
2.8400,9960.2989,-27.8604,-9.8100
2.8500,9960.0193,-27.9585,-9.8100
2.8600,9959.7388,-28.0566,-9.8100
2.8700,9959.4572,-28.1547,-9.8100
2.8800,9959.1747,-28.2528,-9.8100
2.8900,9958.8912,-28.3509,-9.8100
2.9000,9958.6067,-28.4490,-9.8100
2.9100,9958.3212,-28.5471,-9.8100
2.9200,9958.0348,-28.6452,-9.8100
2.9300,9957.7473,-28.7433,-9.8100
2.9400,9957.4589,-28.8414,-9.8100
2.9500,9957.1695,-28.9395,-9.8100
2.9600,9956.8792,-29.0376,-9.8100
2.9700,9956.5878,-29.1357,-9.8100
2.9800,9956.2955,-29.2338,-9.8100
2.9900,9956.0022,-29.3319,-9.8100
3.0000,9955.7079,-29.4300,-9.8100
3.0100,9955.4126,-29.5281,-9.8100
3.0200,9955.1163,-29.6262,-9.8100
3.0300,9954.8191,-29.7243,-9.8100
3.0400,9954.5208,-29.8224,-9.8100
3.0500,9954.2216,-29.9205,-9.8100
3.0600,9953.9214,-30.0186,-9.8100
3.0700,9953.6203,-30.1167,-9.8100
3.0800,9953.3181,-30.2148,-9.8100
3.0900,9953.0150,-30.3129,-9.8100
3.1000,9952.7109,-30.4110,-9.8100
3.1100,9952.4058,-30.5091,-9.8100
3.1200,9952.0997,-30.6072,-9.8100
3.1300,9951.7927,-30.7053,-9.8100
3.1400,9951.4846,-30.8034,-9.8100
3.1500,9951.1756,-30.9015,-9.8100
3.1600,9950.8656,-30.9996,-9.8100
3.1700,9950.5547,-31.0977,-9.8100
3.1800,9950.2427,-31.1958,-9.8100
3.1900,9949.9298,-31.2939,-9.8100
3.2000,9949.6158,-31.3920,-9.8100
3.2100,9949.3009,-31.4901,-9.8100
3.2200,9948.9851,-31.5882,-9.8100
3.2300,9948.6682,-31.6863,-9.8100
3.2400,9948.3504,-31.7844,-9.8100
3.2500,9948.0315,-31.8825,-9.8100
3.2600,9947.7117,-31.9806,-9.8100
3.2700,9947.3909,-32.0787,-9.8100
3.2800,9947.0692,-32.1768,-9.8100
3.2900,9946.7464,-32.2749,-9.8100
3.3000,9946.4227,-32.3730,-9.8100
3.3100,9946.0980,-32.4711,-9.8100
3.3200,9945.7723,-32.5692,-9.8100
3.3300,9945.4456,-32.6673,-9.8100
3.3400,9945.1180,-32.7654,-9.8100
3.3500,9944.7893,-32.8635,-9.8100
3.3600,9944.4597,-32.9616,-9.8100
3.3700,9944.1291,-33.0597,-9.8100
3.3800,9943.7975,-33.1578,-9.8100
3.3900,9943.4650,-33.2559,-9.8100
3.4000,9943.1314,-33.3540,-9.8100
3.4100,9942.7969,-33.4521,-9.8100
3.4200,9942.4614,-33.5502,-9.8100
3.4300,9942.1249,-33.6483,-9.8100
3.4400,9941.7875,-33.7464,-9.8100
3.4500,9941.4490,-33.8445,-9.8100
3.4600,9941.1096,-33.9426,-9.8100
3.4700,9940.7692,-34.0407,-9.8100
3.4800,9940.4278,-34.1388,-9.8100
3.4900,9940.0854,-34.2369,-9.8100
3.5000,9939.7421,-34.3350,-9.8100
3.5100,9939.3977,-34.4331,-9.8100
3.5200,9939.0524,-34.5312,-9.8100
3.5300,9938.7061,-34.6293,-9.8100
3.5400,9938.3589,-34.7274,-9.8100
3.5500,9938.0106,-34.8255,-9.8100
3.5600,9937.6614,-34.9236,-9.8100
3.5700,9937.3112,-35.0217,-9.8100
3.5800,9936.9600,-35.1198,-9.8100
3.5900,9936.6078,-35.2179,-9.8100
3.6000,9936.2546,-35.3160,-9.8100
3.6100,9935.9005,-35.4141,-9.8100
3.6200,9935.5454,-35.5122,-9.8100
3.6300,9935.1893,-35.6103,-9.8100
3.6400,9934.8322,-35.7084,-9.8100
3.6500,9934.4741,-35.8065,-9.8100
3.6600,9934.1151,-35.9046,-9.8100
3.6700,9933.7550,-36.0027,-9.8100
3.6800,9933.3940,-36.1008,-9.8100
3.6900,9933.0320,-36.1989,-9.8100
3.7000,9932.6691,-36.2970,-9.8100
3.7100,9932.3051,-36.3951,-9.8100
3.7200,9931.9402,-36.4932,-9.8100
3.7300,9931.5743,-36.5913,-9.8100
3.7400,9931.2074,-36.6894,-9.8100
3.7500,9930.8395,-36.7875,-9.8100
3.7600,9930.4706,-36.8856,-9.8100
3.7700,9930.1008,-36.9837,-9.8100
3.7800,9929.7300,-37.0818,-9.8100
3.7900,9929.3582,-37.1799,-9.8100
3.8000,9928.9854,-37.2780,-9.8100
3.8100,9928.6116,-37.3761,-9.8100
3.8200,9928.2369,-37.4742,-9.8100
3.8300,9927.8612,-37.5723,-9.8100
3.8400,9927.4845,-37.6704,-9.8100
3.8500,9927.1068,-37.7685,-9.8100
3.8600,9926.7281,-37.8666,-9.8100
3.8700,9926.3485,-37.9647,-9.8100
3.8800,9925.9679,-38.0628,-9.8100
3.8900,9925.5862,-38.1609,-9.8100
3.9000,9925.2037,-38.2590,-9.8100
3.9100,9924.8201,-38.3571,-9.8100
3.9200,9924.4355,-38.4552,-9.8100
3.9300,9924.0500,-38.5533,-9.8100
3.9400,9923.6635,-38.6514,-9.8100
3.9500,9923.2760,-38.7495,-9.8100
3.9600,9922.8875,-38.8476,-9.8100
3.9700,9922.4981,-38.9457,-9.8100
3.9800,9922.1076,-39.0438,-9.8100
3.9900,9921.7162,-39.1419,-9.8100
4.0000,9921.3238,-39.2400,-9.8100
4.0100,9920.9304,-39.3381,-9.8100
4.0200,9920.5361,-39.4362,-9.8100
4.0300,9920.1407,-39.5343,-9.8100
4.0400,9919.7444,-39.6324,-9.8100
4.0500,9919.3471,-39.7305,-9.8100
4.0600,9918.9488,-39.8286,-9.8100
4.0700,9918.5495,-39.9267,-9.8100
4.0800,9918.1493,-40.0248,-9.8100
4.0900,9917.7481,-40.1229,-9.8100
4.1000,9917.3458,-40.2210,-9.8100
4.1100,9916.9427,-40.3191,-9.8100
4.1200,9916.5385,-40.4172,-9.8100
4.1300,9916.1333,-40.5153,-9.8100
4.1400,9915.7272,-40.6134,-9.8100
4.1500,9915.3201,-40.7115,-9.8100
4.1600,9914.9120,-40.8096,-9.8100
4.1700,9914.5029,-40.9077,-9.8100
4.1800,9914.0928,-41.0058,-9.8100
4.1900,9913.6818,-41.1039,-9.8100
4.2000,9913.2698,-41.2020,-9.8100
4.2100,9912.8568,-41.3001,-9.8100
4.2200,9912.4428,-41.3982,-9.8100
4.2300,9912.0278,-41.4963,-9.8100
4.2400,9911.6119,-41.5944,-9.8100
4.2500,9911.1950,-41.6925,-9.8100
4.2600,9910.7771,-41.7906,-9.8100
4.2700,9910.3582,-41.8887,-9.8100
4.2800,9909.9383,-41.9868,-9.8100
4.2900,9909.5175,-42.0849,-9.8100
4.3000,9909.0956,-42.1830,-9.8100
4.3100,9908.6728,-42.2811,-9.8100
4.3200,9908.2490,-42.3792,-9.8100
4.3300,9907.8243,-42.4773,-9.8100
4.3400,9907.3985,-42.5754,-9.8100
4.3500,9906.9718,-42.6735,-9.8100
4.3600,9906.5441,-42.7716,-9.8100
4.3700,9906.1154,-42.8697,-9.8100
4.3800,9905.6857,-42.9678,-9.8100
4.3900,9905.2550,-43.0659,-9.8100
4.4000,9904.8234,-43.1640,-9.8100
4.4100,9904.3908,-43.2621,-9.8100
4.4200,9903.9572,-43.3602,-9.8100
4.4300,9903.5226,-43.4583,-9.8100
4.4400,9903.0870,-43.5564,-9.8100
4.4500,9902.6505,-43.6545,-9.8100
4.4600,9902.2129,-43.7526,-9.8100
4.4700,9901.7744,-43.8507,-9.8100
4.4800,9901.3349,-43.9488,-9.8100
4.4900,9900.8945,-44.0469,-9.8100
4.5000,9900.4530,-44.1450,-9.8100
4.5100,9900.0106,-44.2431,-9.8100
4.5200,9899.5672,-44.3412,-9.8100
4.5300,9899.1228,-44.4393,-9.8100
4.5400,9898.6774,-44.5374,-9.8100
4.5500,9898.2311,-44.6355,-9.8100
4.5600,9897.7837,-44.7336,-9.8100
4.5700,9897.3354,-44.8317,-9.8100
4.5800,9896.8861,-44.9298,-9.8100
4.5900,9896.4358,-45.0279,-9.8100
4.6000,9895.9846,-45.1260,-9.8100
4.6100,9895.5323,-45.2241,-9.8100
4.6200,9895.0791,-45.3222,-9.8100
4.6300,9894.6249,-45.4203,-9.8100
4.6400,9894.1697,-45.5184,-9.8100
4.6500,9893.7136,-45.6165,-9.8100
4.6600,9893.2564,-45.7146,-9.8100
4.6700,9892.7983,-45.8127,-9.8100
4.6800,9892.3392,-45.9108,-9.8100
4.6900,9891.8791,-46.0089,-9.8100
4.7000,9891.4180,-46.1070,-9.8100
4.7100,9890.9560,-46.2051,-9.8100
4.7200,9890.4929,-46.3032,-9.8100
4.7300,9890.0289,-46.4013,-9.8100
4.7400,9889.5639,-46.4994,-9.8100
4.7500,9889.0980,-46.5975,-9.8100
4.7600,9888.6310,-46.6956,-9.8100
4.7700,9888.1631,-46.7937,-9.8100
4.7800,9887.6941,-46.8918,-9.8100
4.7900,9887.2242,-46.9899,-9.8100
4.8000,9886.7534,-47.0880,-9.8100
4.8100,9886.2815,-47.1861,-9.8100
4.8200,9885.8087,-47.2842,-9.8100
4.8300,9885.3348,-47.3823,-9.8100
4.8400,9884.8600,-47.4804,-9.8100
4.8500,9884.3842,-47.5785,-9.8100
4.8600,9883.9075,-47.6766,-9.8100
4.8700,9883.4297,-47.7747,-9.8100
4.8800,9882.9510,-47.8728,-9.8100
4.8900,9882.4713,-47.9709,-9.8100
4.9000,9881.9906,-48.0690,-9.8100
4.9100,9881.5089,-48.1671,-9.8100
4.9200,9881.0263,-48.2652,-9.8100
4.9300,9880.5426,-48.3633,-9.8100
4.9400,9880.0580,-48.4614,-9.8100
4.9500,9879.5724,-48.5595,-9.8100
4.9600,9879.0859,-48.6576,-9.8100
4.9700,9878.5983,-48.7557,-9.8100
4.9800,9878.1098,-48.8538,-9.8100
4.9900,9877.6202,-48.9519,-9.8100
5.0000,9877.1298,-49.0500,-9.8100
5.0100,9876.6383,-49.1481,-9.8100
5.0200,9876.1458,-49.2462,-9.8100
5.0300,9875.6524,-49.3443,-9.8100
5.0400,9875.1579,-49.4424,-9.8100
5.0500,9874.6625,-49.5405,-9.8100
5.0600,9874.1661,-49.6386,-9.8100
5.0700,9873.6688,-49.7367,-9.8100
5.0800,9873.1704,-49.8348,-9.8100
5.0900,9872.6711,-49.9329,-9.8100
5.1000,9872.1708,-50.0310,-9.8100
5.1100,9871.6695,-50.1291,-9.8100
5.1200,9871.1672,-50.2272,-9.8100
5.1300,9870.6640,-50.3253,-9.8100
5.1400,9870.1597,-50.4234,-9.8100
5.1500,9869.6545,-50.5215,-9.8100
5.1600,9869.1483,-50.6196,-9.8100
5.1700,9868.6412,-50.7177,-9.8100
5.1800,9868.1330,-50.8158,-9.8100
5.1900,9867.6239,-50.9139,-9.8100
5.2000,9867.1137,-51.0120,-9.8100
5.2100,9866.6026,-51.1101,-9.8100
5.2200,9866.0906,-51.2082,-9.8100
5.2300,9865.5775,-51.3063,-9.8100
5.2400,9865.0635,-51.4044,-9.8100
5.2500,9864.5484,-51.5025,-9.8100
5.2600,9864.0324,-51.6006,-9.8100
5.2700,9863.5154,-51.6987,-9.8100
5.2800,9862.9975,-51.7968,-9.8100
5.2900,9862.4785,-51.8949,-9.8100
5.3000,9861.9586,-51.9930,-9.8100
5.3100,9861.4377,-52.0911,-9.8100
5.3200,9860.9158,-52.1892,-9.8100
5.3300,9860.3929,-52.2873,-9.8100
5.3400,9859.8691,-52.3854,-9.8100
5.3500,9859.3442,-52.4835,-9.8100
5.3600,9858.8184,-52.5816,-9.8100
5.3700,9858.2916,-52.6797,-9.8100
5.3800,9857.7638,-52.7778,-9.8100
5.3900,9857.2351,-52.8759,-9.8100
5.4000,9856.7053,-52.9740,-9.8100
5.4100,9856.1746,-53.0721,-9.8100
5.4200,9855.6429,-53.1702,-9.8100
5.4300,9855.1102,-53.2683,-9.8100
5.4400,9854.5766,-53.3664,-9.8100
5.4500,9854.0419,-53.4645,-9.8100
5.4600,9853.5063,-53.5626,-9.8100
5.4700,9852.9697,-53.6607,-9.8100
5.4800,9852.4321,-53.7588,-9.8100
5.4900,9851.8935,-53.8569,-9.8100
5.5000,9851.3540,-53.9550,-9.8100
5.5100,9850.8134,-54.0531,-9.8100
5.5200,9850.2719,-54.1512,-9.8100
5.5300,9849.7294,-54.2493,-9.8100
5.5400,9849.1860,-54.3474,-9.8100
5.5500,9848.6415,-54.4455,-9.8100
5.5600,9848.0961,-54.5436,-9.8100
5.5700,9847.5497,-54.6417,-9.8100
5.5800,9847.0023,-54.7398,-9.8100
5.5900,9846.4539,-54.8379,-9.8100
5.6000,9845.9045,-54.9360,-9.8100
5.6100,9845.3542,-55.0341,-9.8100
5.6200,9844.8029,-55.1322,-9.8100
5.6300,9844.2506,-55.2303,-9.8100
5.6400,9843.6973,-55.3284,-9.8100
5.6500,9843.1430,-55.4265,-9.8100
5.6600,9842.5878,-55.5246,-9.8100
5.6700,9842.0315,-55.6227,-9.8100
5.6800,9841.4743,-55.7208,-9.8100
5.6900,9840.9161,-55.8189,-9.8100
5.7000,9840.3570,-55.9170,-9.8100
5.7100,9839.7968,-56.0151,-9.8100
5.7200,9839.2357,-56.1132,-9.8100
5.7300,9838.6736,-56.2113,-9.8100
5.7400,9838.1105,-56.3094,-9.8100
5.7500,9837.5464,-56.4075,-9.8100
5.7600,9836.9813,-56.5056,-9.8100
5.7700,9836.4153,-56.6037,-9.8100
5.7800,9835.8483,-56.7018,-9.8100
5.7900,9835.2803,-56.7999,-9.8100
5.8000,9834.7113,-56.8980,-9.8100
5.8100,9834.1413,-56.9961,-9.8100
5.8200,9833.5704,-57.0942,-9.8100
5.8300,9832.9985,-57.1923,-9.8100
5.8400,9832.4256,-57.2904,-9.8100
5.8500,9831.8517,-57.3885,-9.8100
5.8600,9831.2768,-57.4866,-9.8100
5.8700,9830.7010,-57.5847,-9.8100
5.8800,9830.1242,-57.6828,-9.8100
5.8900,9829.5463,-57.7809,-9.8100
5.9000,9828.9676,-57.8790,-9.8100
5.9100,9828.3878,-57.9771,-9.8100
5.9200,9827.8070,-58.0752,-9.8100
5.9300,9827.2253,-58.1733,-9.8100
5.9400,9826.6426,-58.2714,-9.8100
5.9500,9826.0589,-58.3695,-9.8100
5.9600,9825.4742,-58.4676,-9.8100
5.9700,9824.8886,-58.5657,-9.8100
5.9800,9824.3019,-58.6638,-9.8100
5.9900,9823.7143,-58.7619,-9.8100
6.0000,9823.1257,-58.8600,-9.8100
6.0100,9822.5361,-58.9581,-9.8100
6.0200,9821.9456,-59.0562,-9.8100
6.0300,9821.3540,-59.1543,-9.8100
6.0400,9820.7615,-59.2524,-9.8100
6.0500,9820.1680,-59.3505,-9.8100
6.0600,9819.5735,-59.4486,-9.8100
6.0700,9818.9780,-59.5467,-9.8100
6.0800,9818.3816,-59.6448,-9.8100
6.0900,9817.7842,-59.7429,-9.8100
6.1000,9817.1857,-59.8410,-9.8100
6.1100,9816.5864,-59.9391,-9.8100
6.1200,9815.9860,-60.0372,-9.8100
6.1300,9815.3846,-60.1353,-9.8100
6.1400,9814.7823,-60.2334,-9.8100
6.1500,9814.1790,-60.3315,-9.8100
6.1600,9813.5747,-60.4296,-9.8100
6.1700,9812.9694,-60.5277,-9.8100
6.1800,9812.3631,-60.6258,-9.8100
6.1900,9811.7559,-60.7239,-9.8100
6.2000,9811.1477,-60.8220,-9.8100
6.2100,9810.5385,-60.9201,-9.8100
6.2200,9809.9283,-61.0182,-9.8100
6.2300,9809.3171,-61.1163,-9.8100
6.2400,9808.7050,-61.2144,-9.8100
6.2500,9808.0919,-61.3125,-9.8100
6.2600,9807.4778,-61.4106,-9.8100
6.2700,9806.8627,-61.5087,-9.8100
6.2800,9806.2466,-61.6068,-9.8100
6.2900,9805.6296,-61.7049,-9.8100
6.3000,9805.0115,-61.8030,-9.8100
6.3100,9804.3925,-61.9011,-9.8100
6.3200,9803.7725,-61.9992,-9.8100
6.3300,9803.1516,-62.0973,-9.8100
6.3400,9802.5296,-62.1954,-9.8100
6.3500,9801.9067,-62.2935,-9.8100
6.3600,9801.2828,-62.3916,-9.8100
6.3700,9800.6579,-62.4897,-9.8100
6.3800,9800.0320,-62.5878,-9.8100
6.3900,9799.4051,-62.6859,-9.8100
6.4000,9798.7773,-62.7840,-9.8100
6.4100,9798.1485,-62.8821,-9.8100
6.4200,9797.5187,-62.9802,-9.8100
6.4300,9796.8879,-63.0783,-9.8100
6.4400,9796.2561,-63.1764,-9.8100
6.4500,9795.6234,-63.2745,-9.8100
6.4600,9794.9896,-63.3726,-9.8100
6.4700,9794.3549,-63.4707,-9.8100
6.4800,9793.7192,-63.5688,-9.8100
6.4900,9793.0826,-63.6669,-9.8100
6.5000,9792.4449,-63.7650,-9.8100
6.5100,9791.8063,-63.8631,-9.8100
6.5200,9791.1667,-63.9612,-9.8100
6.5300,9790.5261,-64.0593,-9.8100
6.5400,9789.8845,-64.1574,-9.8100
6.5500,9789.2420,-64.2555,-9.8100
6.5600,9788.5984,-64.3536,-9.8100
6.5700,9787.9539,-64.4517,-9.8100
6.5800,9787.3084,-64.5498,-9.8100
6.5900,9786.6619,-64.6479,-9.8100
6.6000,9786.0145,-64.7460,-9.8100
6.6100,9785.3660,-64.8441,-9.8100
6.6200,9784.7166,-64.9422,-9.8100
6.6300,9784.0662,-65.0403,-9.8100
6.6400,9783.4148,-65.1384,-9.8100
6.6500,9782.7625,-65.2365,-9.8100
6.6600,9782.1091,-65.3346,-9.8100
6.6700,9781.4548,-65.4327,-9.8100
6.6800,9780.7995,-65.5308,-9.8100
6.6900,9780.1432,-65.6289,-9.8100
6.7000,9779.4859,-65.7270,-9.8100
6.7100,9778.8277,-65.8251,-9.8100
6.7200,9778.1684,-65.9232,-9.8100
6.7300,9777.5082,-66.0213,-9.8100
6.7400,9776.8470,-66.1194,-9.8100
6.7500,9776.1848,-66.2175,-9.8100
6.7600,9775.5217,-66.3156,-9.8100
6.7700,9774.8576,-66.4137,-9.8100
6.7800,9774.1924,-66.5118,-9.8100
6.7900,9773.5263,-66.6099,-9.8100
6.8000,9772.8593,-66.7080,-9.8100
6.8100,9772.1912,-66.8061,-9.8100
6.8200,9771.5222,-66.9042,-9.8100
6.8300,9770.8521,-67.0023,-9.8100
6.8400,9770.1811,-67.1004,-9.8100
6.8500,9769.5091,-67.1985,-9.8100
6.8600,9768.8362,-67.2966,-9.8100
6.8700,9768.1622,-67.3947,-9.8100
6.8800,9767.4873,-67.4928,-9.8100
6.8900,9766.8114,-67.5909,-9.8100
6.9000,9766.1345,-67.6890,-9.8100
6.9100,9765.4566,-67.7871,-9.8100
6.9200,9764.7778,-67.8852,-9.8100
6.9300,9764.0979,-67.9833,-9.8100
6.9400,9763.4171,-68.0814,-9.8100
6.9500,9762.7353,-68.1795,-9.8100
6.9600,9762.0526,-68.2776,-9.8100
6.9700,9761.3688,-68.3757,-9.8100
6.9800,9760.6841,-68.4738,-9.8100
6.9900,9759.9983,-68.5719,-9.8100
7.0000,9759.3116,-68.6700,-9.8100
7.0100,9758.6240,-68.7681,-9.8100
7.0200,9757.9353,-68.8662,-9.8100
7.0300,9757.2457,-68.9643,-9.8100
7.0400,9756.5550,-69.0624,-9.8100
7.0500,9755.8634,-69.1605,-9.8100
7.0600,9755.1708,-69.2586,-9.8100
7.0700,9754.4773,-69.3567,-9.8100
7.0800,9753.7827,-69.4548,-9.8100
7.0900,9753.0872,-69.5529,-9.8100
7.1000,9752.3907,-69.6510,-9.8100
7.1100,9751.6932,-69.7491,-9.8100
7.1200,9750.9947,-69.8472,-9.8100
7.1300,9750.2953,-69.9453,-9.8100
7.1400,9749.5948,-70.0434,-9.8100
7.1500,9748.8934,-70.1415,-9.8100
7.1600,9748.1910,-70.2396,-9.8100
7.1700,9747.4877,-70.3377,-9.8100
7.1800,9746.7833,-70.4358,-9.8100
7.1900,9746.0780,-70.5339,-9.8100
7.2000,9745.3716,-70.6320,-9.8100
7.2100,9744.6643,-70.7301,-9.8100
7.2200,9743.9561,-70.8282,-9.8100
7.2300,9743.2468,-70.9263,-9.8100
7.2400,9742.5365,-71.0244,-9.8100
7.2500,9741.8253,-71.1225,-9.8100
7.2600,9741.1131,-71.2206,-9.8100
7.2700,9740.3999,-71.3187,-9.8100
7.2800,9739.6858,-71.4168,-9.8100
7.2900,9738.9706,-71.5149,-9.8100
7.3000,9738.2545,-71.6130,-9.8100
7.3100,9737.5374,-71.7111,-9.8100
7.3200,9736.8193,-71.8092,-9.8100
7.3300,9736.1002,-71.9073,-9.8100
7.3400,9735.3802,-72.0054,-9.8100
7.3500,9734.6591,-72.1035,-9.8100
7.3600,9733.9371,-72.2016,-9.8100
7.3700,9733.2141,-72.2997,-9.8100
7.3800,9732.4901,-72.3978,-9.8100
7.3900,9731.7652,-72.4959,-9.8100
7.4000,9731.0392,-72.5940,-9.8100
7.4100,9730.3123,-72.6921,-9.8100
7.4200,9729.5844,-72.7902,-9.8100
7.4300,9728.8555,-72.8883,-9.8100
7.4400,9728.1257,-72.9864,-9.8100
7.4500,9727.3948,-73.0845,-9.8100
7.4600,9726.6630,-73.1826,-9.8100
7.4700,9725.9302,-73.2807,-9.8100
7.4800,9725.1964,-73.3788,-9.8100
7.4900,9724.4616,-73.4769,-9.8100
7.5000,9723.7259,-73.5750,-9.8100
7.5100,9722.9891,-73.6731,-9.8100
7.5200,9722.2514,-73.7712,-9.8100
7.5300,9721.5127,-73.8693,-9.8100
7.5400,9720.7731,-73.9674,-9.8100
7.5500,9720.0324,-74.0655,-9.8100
7.5600,9719.2908,-74.1636,-9.8100
7.5700,9718.5482,-74.2617,-9.8100
7.5800,9717.8046,-74.3598,-9.8100
7.5900,9717.0600,-74.4579,-9.8100
7.6000,9716.3144,-74.5560,-9.8100
7.6100,9715.5679,-74.6541,-9.8100
7.6200,9714.8204,-74.7522,-9.8100
7.6300,9714.0719,-74.8503,-9.8100
7.6400,9713.3224,-74.9484,-9.8100
7.6500,9712.5719,-75.0465,-9.8100
7.6600,9711.8205,-75.1446,-9.8100
7.6700,9711.0680,-75.2427,-9.8100
7.6800,9710.3146,-75.3408,-9.8100
7.6900,9709.5602,-75.4389,-9.8100
7.7000,9708.8049,-75.5370,-9.8100
7.7100,9708.0485,-75.6351,-9.8100
7.7200,9707.2912,-75.7332,-9.8100
7.7300,9706.5329,-75.8313,-9.8100
7.7400,9705.7736,-75.9294,-9.8100
7.7500,9705.0133,-76.0275,-9.8100
7.7600,9704.2520,-76.1256,-9.8100
7.7700,9703.4898,-76.2237,-9.8100
7.7800,9702.7266,-76.3218,-9.8100
7.7900,9701.9624,-76.4199,-9.8100
7.8000,9701.1972,-76.5180,-9.8100
7.8100,9700.4310,-76.6161,-9.8100
7.8200,9699.6639,-76.7142,-9.8100
7.8300,9698.8958,-76.8123,-9.8100
7.8400,9698.1267,-76.9104,-9.8100
7.8500,9697.3566,-77.0085,-9.8100
7.8600,9696.5855,-77.1066,-9.8100
7.8700,9695.8135,-77.2047,-9.8100
7.8800,9695.0405,-77.3028,-9.8100
7.8900,9694.2664,-77.4009,-9.8100
7.9000,9693.4915,-77.4990,-9.8100
7.9100,9692.7155,-77.5971,-9.8100
7.9200,9691.9385,-77.6952,-9.8100
7.9300,9691.1606,-77.7933,-9.8100
7.9400,9690.3817,-77.8914,-9.8100
7.9500,9689.6018,-77.9895,-9.8100
7.9600,9688.8209,-78.0876,-9.8100
7.9700,9688.0391,-78.1857,-9.8100
7.9800,9687.2562,-78.2838,-9.8100
7.9900,9686.4724,-78.3819,-9.8100
8.0000,9685.6876,-78.4800,-9.8100
8.0100,9684.9018,-78.5781,-9.8100
8.0200,9684.1151,-78.6762,-9.8100
8.0300,9683.3273,-78.7743,-9.8100
8.0400,9682.5386,-78.8724,-9.8100
8.0500,9681.7489,-78.9705,-9.8100
8.0600,9680.9582,-79.0686,-9.8100
8.0700,9680.1665,-79.1667,-9.8100
8.0800,9679.3739,-79.2648,-9.8100
8.0900,9678.5803,-79.3629,-9.8100
8.1000,9677.7856,-79.4610,-9.8100
8.1100,9676.9901,-79.5591,-9.8100
8.1200,9676.1935,-79.6572,-9.8100
8.1300,9675.3959,-79.7553,-9.8100
8.1400,9674.5974,-79.8534,-9.8100
8.1500,9673.7979,-79.9515,-9.8100
8.1600,9672.9974,-80.0496,-9.8100
8.1700,9672.1959,-80.1477,-9.8100
8.1800,9671.3934,-80.2458,-9.8100
8.1900,9670.5900,-80.3439,-9.8100
8.2000,9669.7856,-80.4420,-9.8100
8.2100,9668.9802,-80.5401,-9.8100
8.2200,9668.1738,-80.6382,-9.8100
8.2300,9667.3664,-80.7363,-9.8100
8.2400,9666.5581,-80.8344,-9.8100
8.2500,9665.7488,-80.9325,-9.8100
8.2600,9664.9385,-81.0306,-9.8100
8.2700,9664.1272,-81.1287,-9.8100
8.2800,9663.3149,-81.2268,-9.8100
8.2900,9662.5017,-81.3249,-9.8100
8.3000,9661.6874,-81.4230,-9.8100
8.3100,9660.8722,-81.5211,-9.8100
8.3200,9660.0560,-81.6192,-9.8100
8.3300,9659.2389,-81.7173,-9.8100
8.3400,9658.4207,-81.8154,-9.8100
8.3500,9657.6016,-81.9135,-9.8100
8.3600,9656.7815,-82.0116,-9.8100
8.3700,9655.9604,-82.1097,-9.8100
8.3800,9655.1383,-82.2078,-9.8100
8.3900,9654.3152,-82.3059,-9.8100
8.4000,9653.4912,-82.4040,-9.8100
8.4100,9652.6662,-82.5021,-9.8100
8.4200,9651.8402,-82.6002,-9.8100
8.4300,9651.0132,-82.6983,-9.8100
8.4400,9650.1852,-82.7964,-9.8100
8.4500,9649.3563,-82.8945,-9.8100
8.4600,9648.5263,-82.9926,-9.8100
8.4700,9647.6954,-83.0907,-9.8100
8.4800,9646.8635,-83.1888,-9.8100
8.4900,9646.0307,-83.2869,-9.8100
8.5000,9645.1968,-83.3850,-9.8100
8.5100,9644.3620,-83.4831,-9.8100
8.5200,9643.5262,-83.5812,-9.8100
8.5300,9642.6894,-83.6793,-9.8100
8.5400,9641.8516,-83.7774,-9.8100
8.5500,9641.0129,-83.8755,-9.8100
8.5600,9640.1731,-83.9736,-9.8100
8.5700,9639.3324,-84.0717,-9.8100
8.5800,9638.4907,-84.1698,-9.8100
8.5900,9637.6480,-84.2679,-9.8100
8.6000,9636.8044,-84.3660,-9.8100
8.6100,9635.9597,-84.4641,-9.8100
8.6200,9635.1141,-84.5622,-9.8100
8.6300,9634.2675,-84.6603,-9.8100
8.6400,9633.4199,-84.7584,-9.8100
8.6500,9632.5714,-84.8565,-9.8100
8.6600,9631.7218,-84.9546,-9.8100
8.6700,9630.8713,-85.0527,-9.8100
8.6800,9630.0198,-85.1508,-9.8100
8.6900,9629.1673,-85.2489,-9.8100
8.7000,9628.3138,-85.3470,-9.8100
8.7100,9627.4594,-85.4451,-9.8100
8.7200,9626.6039,-85.5432,-9.8100
8.7300,9625.7475,-85.6413,-9.8100
8.7400,9624.8901,-85.7394,-9.8100
8.7500,9624.0317,-85.8375,-9.8100
8.7600,9623.1724,-85.9356,-9.8100
8.7700,9622.3121,-86.0337,-9.8100
8.7800,9621.4507,-86.1318,-9.8100
8.7900,9620.5884,-86.2299,-9.8100
8.8000,9619.7252,-86.3280,-9.8100
8.8100,9618.8609,-86.4261,-9.8100
8.8200,9617.9957,-86.5242,-9.8100
8.8300,9617.1294,-86.6223,-9.8100
8.8400,9616.2622,-86.7204,-9.8100
8.8500,9615.3940,-86.8185,-9.8100
8.8600,9614.5249,-86.9166,-9.8100
8.8700,9613.6547,-87.0147,-9.8100
8.8800,9612.7836,-87.1128,-9.8100
8.8900,9611.9115,-87.2109,-9.8100
8.9000,9611.0384,-87.3090,-9.8100
8.9100,9610.1643,-87.4071,-9.8100
8.9200,9609.2893,-87.5052,-9.8100
8.9300,9608.4132,-87.6033,-9.8100
8.9400,9607.5362,-87.7014,-9.8100
8.9500,9606.6582,-87.7995,-9.8100
8.9600,9605.7793,-87.8976,-9.8100
8.9700,9604.8993,-87.9957,-9.8100
8.9800,9604.0184,-88.0938,-9.8100
8.9900,9603.1364,-88.1919,-9.8100
9.0000,9602.2535,-88.2900,-9.8100
9.0100,9601.3697,-88.3881,-9.8100
9.0200,9600.4848,-88.4862,-9.8100
9.0300,9599.5990,-88.5843,-9.8100
9.0400,9598.7121,-88.6824,-9.8100
9.0500,9597.8243,-88.7805,-9.8100
9.0600,9596.9355,-88.8786,-9.8100
9.0700,9596.0458,-88.9767,-9.8100
9.0800,9595.1550,-89.0748,-9.8100
9.0900,9594.2633,-89.1729,-9.8100
9.1000,9593.3706,-89.2710,-9.8100
9.1100,9592.4769,-89.3691,-9.8100
9.1200,9591.5822,-89.4672,-9.8100
9.1300,9590.6866,-89.5653,-9.8100
9.1400,9589.7899,-89.6634,-9.8100
9.1500,9588.8923,-89.7615,-9.8100
9.1600,9587.9937,-89.8596,-9.8100
9.1700,9587.0942,-89.9577,-9.8100
9.1800,9586.1936,-90.0558,-9.8100
9.1900,9585.2921,-90.1539,-9.8100
9.2000,9584.3895,-90.2520,-9.8100
9.2100,9583.4860,-90.3501,-9.8100
9.2200,9582.5816,-90.4482,-9.8100
9.2300,9581.6761,-90.5463,-9.8100
9.2400,9580.7696,-90.6444,-9.8100
9.2500,9579.8622,-90.7425,-9.8100
9.2600,9578.9538,-90.8406,-9.8100
9.2700,9578.0444,-90.9387,-9.8100
9.2800,9577.1341,-91.0368,-9.8100
9.2900,9576.2227,-91.1349,-9.8100
9.3000,9575.3104,-91.2330,-9.8100
9.3100,9574.3971,-91.3311,-9.8100
9.3200,9573.4828,-91.4292,-9.8100
9.3300,9572.5675,-91.5273,-9.8100
9.3400,9571.6513,-91.6254,-9.8100
9.3500,9570.7340,-91.7235,-9.8100
9.3600,9569.8158,-91.8216,-9.8100
9.3700,9568.8966,-91.9197,-9.8100
9.3800,9567.9764,-92.0178,-9.8100
9.3900,9567.0553,-92.1159,-9.8100
9.4000,9566.1331,-92.2140,-9.8100
9.4100,9565.2100,-92.3121,-9.8100
9.4200,9564.2859,-92.4102,-9.8100
9.4300,9563.3608,-92.5083,-9.8100
9.4400,9562.4348,-92.6064,-9.8100
9.4500,9561.5077,-92.7045,-9.8100
9.4600,9560.5797,-92.8026,-9.8100
9.4700,9559.6507,-92.9007,-9.8100
9.4800,9558.7207,-92.9988,-9.8100
9.4900,9557.7897,-93.0969,-9.8100
9.5000,9556.8578,-93.1950,-9.8100
9.5100,9555.9248,-93.2931,-9.8100
9.5200,9554.9909,-93.3912,-9.8100
9.5300,9554.0560,-93.4893,-9.8100
9.5400,9553.1202,-93.5874,-9.8100
9.5500,9552.1833,-93.6855,-9.8100
9.5600,9551.2455,-93.7836,-9.8100
9.5700,9550.3067,-93.8817,-9.8100
9.5800,9549.3669,-93.9798,-9.8100
9.5900,9548.4261,-94.0779,-9.8100
9.6000,9547.4843,-94.1760,-9.8100
9.6100,9546.5416,-94.2741,-9.8100
9.6200,9545.5979,-94.3722,-9.8100
9.6300,9544.6532,-94.4703,-9.8100
9.6400,9543.7075,-94.5684,-9.8100
9.6500,9542.7608,-94.6665,-9.8100
9.6600,9541.8132,-94.7646,-9.8100
9.6700,9540.8645,-94.8627,-9.8100
9.6800,9539.9149,-94.9608,-9.8100
9.6900,9538.9643,-95.0589,-9.8100
9.7000,9538.0128,-95.1570,-9.8100
9.7100,9537.0602,-95.2551,-9.8100
9.7200,9536.1067,-95.3532,-9.8100
9.7300,9535.1522,-95.4513,-9.8100
9.7400,9534.1967,-95.5494,-9.8100
9.7500,9533.2402,-95.6475,-9.8100
9.7600,9532.2827,-95.7456,-9.8100
9.7700,9531.3243,-95.8437,-9.8100
9.7800,9530.3649,-95.9418,-9.8100
9.7900,9529.4045,-96.0399,-9.8100
9.8000,9528.4431,-96.1380,-9.8100
9.8100,9527.4807,-96.2361,-9.8100
9.8200,9526.5174,-96.3342,-9.8100
9.8300,9525.5531,-96.4323,-9.8100
9.8400,9524.5878,-96.5304,-9.8100
9.8500,9523.6215,-96.6285,-9.8100
9.8600,9522.6542,-96.7266,-9.8100
9.8700,9521.6860,-96.8247,-9.8100
9.8800,9520.7168,-96.9228,-9.8100
9.8900,9519.7465,-97.0209,-9.8100
9.9000,9518.7754,-97.1190,-9.8100
9.9100,9517.8032,-97.2171,-9.8100
9.9200,9516.8300,-97.3152,-9.8100
9.9300,9515.8559,-97.4133,-9.8100
9.9400,9514.8808,-97.5114,-9.8100
9.9500,9513.9047,-97.6095,-9.8100
9.9600,9512.9276,-97.7076,-9.8100
9.9700,9511.9496,-97.8057,-9.8100
9.9800,9510.9705,-97.9038,-9.8100
9.9900,9509.9905,-98.0019,-9.8100
10.0000,9509.0095,-98.1000,-9.8100
10.0100,9508.0275,-98.1981,-9.8100
10.0200,9507.0446,-98.2962,-9.8100
10.0300,9506.0606,-98.3943,-9.8100
10.0400,9505.0757,-98.4924,-9.8100
10.0500,9504.0898,-98.5905,-9.8100
10.0600,9503.1029,-98.6886,-9.8100
10.0700,9502.1150,-98.7867,-9.8100
10.0800,9501.1262,-98.8848,-9.8100
10.0900,9500.1364,-98.9829,-9.8100
10.1000,9499.1455,-99.0810,-9.8100
10.1100,9498.1538,-99.1791,-9.8100
10.1200,9497.1610,-99.2772,-9.8100
10.1300,9496.1672,-99.3753,-9.8100
10.1400,9495.1725,-99.4734,-9.8100
10.1500,9494.1768,-99.5715,-9.8100
10.1600,9493.1801,-99.6696,-9.8100
10.1700,9492.1824,-99.7677,-9.8100
10.1800,9491.1837,-99.8658,-9.8100
10.1900,9490.1841,-99.9639,-9.8100
10.2000,9489.1835,-100.0620,-9.8100
10.2100,9488.1819,-100.1601,-9.8100
10.2200,9487.1793,-100.2582,-9.8100
10.2300,9486.1757,-100.3563,-9.8100
10.2400,9485.1712,-100.4544,-9.8100
10.2500,9484.1657,-100.5525,-9.8100
10.2600,9483.1592,-100.6506,-9.8100
10.2700,9482.1517,-100.7487,-9.8100
10.2800,9481.1432,-100.8468,-9.8100
10.2900,9480.1338,-100.9449,-9.8100
10.3000,9479.1233,-101.0430,-9.8100
10.3100,9478.1119,-101.1411,-9.8100
10.3200,9477.0995,-101.2392,-9.8100
10.3300,9476.0862,-101.3373,-9.8100
10.3400,9475.0718,-101.4354,-9.8100
10.3500,9474.0565,-101.5335,-9.8100
10.3600,9473.0402,-101.6316,-9.8100
10.3700,9472.0229,-101.7297,-9.8100
10.3800,9471.0046,-101.8278,-9.8100
10.3900,9469.9853,-101.9259,-9.8100
10.4000,9468.9651,-102.0240,-9.8100
10.4100,9467.9439,-102.1221,-9.8100
10.4200,9466.9217,-102.2202,-9.8100
10.4300,9465.8985,-102.3183,-9.8100
10.4400,9464.8743,-102.4164,-9.8100
10.4500,9463.8492,-102.5145,-9.8100
10.4600,9462.8230,-102.6126,-9.8100
10.4700,9461.7959,-102.7107,-9.8100
10.4800,9460.7678,-102.8088,-9.8100
10.4900,9459.7388,-102.9069,-9.8100
10.5000,9458.7087,-103.0050,-9.8100
10.5100,9457.6777,-103.1031,-9.8100
10.5200,9456.6457,-103.2012,-9.8100
10.5300,9455.6127,-103.2993,-9.8100
10.5400,9454.5787,-103.3974,-9.8100
10.5500,9453.5438,-103.4955,-9.8100
10.5600,9452.5078,-103.5936,-9.8100
10.5700,9451.4709,-103.6917,-9.8100
10.5800,9450.4330,-103.7898,-9.8100
10.5900,9449.3941,-103.8879,-9.8100
10.6000,9448.3543,-103.9860,-9.8100
10.6100,9447.3134,-104.0841,-9.8100
10.6200,9446.2716,-104.1822,-9.8100
10.6300,9445.2288,-104.2803,-9.8100
10.6400,9444.1850,-104.3784,-9.8100
10.6500,9443.1403,-104.4765,-9.8100
10.6600,9442.0945,-104.5746,-9.8100
10.6700,9441.0478,-104.6727,-9.8100
10.6800,9440.0001,-104.7708,-9.8100
10.6900,9438.9514,-104.8689,-9.8100
10.7000,9437.9017,-104.9670,-9.8100
10.7100,9436.8511,-105.0651,-9.8100
10.7200,9435.7994,-105.1632,-9.8100
10.7300,9434.7468,-105.2613,-9.8100
10.7400,9433.6932,-105.3594,-9.8100
10.7500,9432.6386,-105.4575,-9.8100
10.7600,9431.5831,-105.5556,-9.8100
10.7700,9430.5266,-105.6537,-9.8100
10.7800,9429.4690,-105.7518,-9.8100
10.7900,9428.4105,-105.8499,-9.8100
10.8000,9427.3511,-105.9480,-9.8100
10.8100,9426.2906,-106.0461,-9.8100
10.8200,9425.2292,-106.1442,-9.8100
10.8300,9424.1667,-106.2423,-9.8100
10.8400,9423.1033,-106.3404,-9.8100
10.8500,9422.0389,-106.4385,-9.8100
10.8600,9420.9736,-106.5366,-9.8100
10.8700,9419.9072,-106.6347,-9.8100
10.8800,9418.8399,-106.7328,-9.8100
10.8900,9417.7716,-106.8309,-9.8100
10.9000,9416.7023,-106.9290,-9.8100
10.9100,9415.6320,-107.0271,-9.8100
10.9200,9414.5608,-107.1252,-9.8100
10.9300,9413.4885,-107.2233,-9.8100
10.9400,9412.4153,-107.3214,-9.8100
10.9500,9411.3411,-107.4195,-9.8100
10.9600,9410.2660,-107.5176,-9.8100
10.9700,9409.1898,-107.6157,-9.8100
10.9800,9408.1127,-107.7138,-9.8100
10.9900,9407.0345,-107.8119,-9.8100
11.0000,9405.9554,-107.9100,-9.8100
11.0100,9404.8754,-108.0081,-9.8100
11.0200,9403.7943,-108.1062,-9.8100
11.0300,9402.7123,-108.2043,-9.8100
11.0400,9401.6292,-108.3024,-9.8100
11.0500,9400.5452,-108.4005,-9.8100
11.0600,9399.4602,-108.4986,-9.8100
11.0700,9398.3743,-108.5967,-9.8100
11.0800,9397.2873,-108.6948,-9.8100
11.0900,9396.1994,-108.7929,-9.8100
11.1000,9395.1105,-108.8910,-9.8100
11.1100,9394.0206,-108.9891,-9.8100
11.1200,9392.9297,-109.0872,-9.8100
11.1300,9391.8379,-109.1853,-9.8100
11.1400,9390.7450,-109.2834,-9.8100
11.1500,9389.6512,-109.3815,-9.8100
11.1600,9388.5564,-109.4796,-9.8100
11.1700,9387.4607,-109.5777,-9.8100
11.1800,9386.3639,-109.6758,-9.8100
11.1900,9385.2662,-109.7739,-9.8100
11.2000,9384.1674,-109.8720,-9.8100
11.2100,9383.0677,-109.9701,-9.8100
11.2200,9381.9671,-110.0682,-9.8100
11.2300,9380.8654,-110.1663,-9.8100
11.2400,9379.7627,-110.2644,-9.8100
11.2500,9378.6591,-110.3625,-9.8100
11.2600,9377.5545,-110.4606,-9.8100
11.2700,9376.4489,-110.5587,-9.8100
11.2800,9375.3424,-110.6568,-9.8100
11.2900,9374.2348,-110.7549,-9.8100
11.3000,9373.1263,-110.8530,-9.8100
11.3100,9372.0168,-110.9511,-9.8100
11.3200,9370.9063,-111.0492,-9.8100
11.3300,9369.7948,-111.1473,-9.8100
11.3400,9368.6824,-111.2454,-9.8100
11.3500,9367.5689,-111.3435,-9.8100
11.3600,9366.4545,-111.4416,-9.8100
11.3700,9365.3391,-111.5397,-9.8100
11.3800,9364.2227,-111.6378,-9.8100
11.3900,9363.1054,-111.7359,-9.8100
11.4000,9361.9870,-111.8340,-9.8100
11.4100,9360.8677,-111.9321,-9.8100
11.4200,9359.7474,-112.0302,-9.8100
11.4300,9358.6261,-112.1283,-9.8100
11.4400,9357.5039,-112.2264,-9.8100
11.4500,9356.3806,-112.3245,-9.8100
11.4600,9355.2564,-112.4226,-9.8100
11.4700,9354.1312,-112.5207,-9.8100
11.4800,9353.0050,-112.6188,-9.8100
11.4900,9351.8778,-112.7169,-9.8100
11.5000,9350.7497,-112.8150,-9.8100
11.5100,9349.6205,-112.9131,-9.8100
11.5200,9348.4904,-113.0112,-9.8100
11.5300,9347.3593,-113.1093,-9.8100
11.5400,9346.2273,-113.2074,-9.8100
11.5500,9345.0942,-113.3055,-9.8100
11.5600,9343.9602,-113.4036,-9.8100
11.5700,9342.8252,-113.5017,-9.8100
11.5800,9341.6892,-113.5998,-9.8100
11.5900,9340.5522,-113.6979,-9.8100
11.6000,9339.4142,-113.7960,-9.8100
11.6100,9338.2753,-113.8941,-9.8100
11.6200,9337.1354,-113.9922,-9.8100
11.6300,9335.9945,-114.0903,-9.8100
11.6400,9334.8526,-114.1884,-9.8100
11.6500,9333.7097,-114.2865,-9.8100
11.6600,9332.5659,-114.3846,-9.8100
11.6700,9331.4210,-114.4827,-9.8100
11.6800,9330.2752,-114.5808,-9.8100
11.6900,9329.1284,-114.6789,-9.8100
11.7000,9327.9807,-114.7770,-9.8100
11.7100,9326.8319,-114.8751,-9.8100
11.7200,9325.6822,-114.9732,-9.8100
11.7300,9324.5315,-115.0713,-9.8100
11.7400,9323.3798,-115.1694,-9.8100
11.7500,9322.2271,-115.2675,-9.8100
11.7600,9321.0734,-115.3656,-9.8100
11.7700,9319.9188,-115.4637,-9.8100
11.7800,9318.7632,-115.5618,-9.8100
11.7900,9317.6066,-115.6599,-9.8100
11.8000,9316.4490,-115.7580,-9.8100
11.8100,9315.2904,-115.8561,-9.8100
11.8200,9314.1309,-115.9542,-9.8100
11.8300,9312.9704,-116.0523,-9.8100
11.8400,9311.8089,-116.1504,-9.8100
11.8500,9310.6464,-116.2485,-9.8100
11.8600,9309.4829,-116.3466,-9.8100
11.8700,9308.3185,-116.4447,-9.8100
11.8800,9307.1531,-116.5428,-9.8100
11.8900,9305.9866,-116.6409,-9.8100
11.9000,9304.8193,-116.7390,-9.8100
11.9100,9303.6509,-116.8371,-9.8100
11.9200,9302.4815,-116.9352,-9.8100
11.9300,9301.3112,-117.0333,-9.8100
11.9400,9300.1399,-117.1314,-9.8100
11.9500,9298.9676,-117.2295,-9.8100
11.9600,9297.7943,-117.3276,-9.8100
11.9700,9296.6201,-117.4257,-9.8100
11.9800,9295.4448,-117.5238,-9.8100
11.9900,9294.2686,-117.6219,-9.8100
12.0000,9293.0914,-117.7200,-9.8100
12.0100,9291.9132,-117.8181,-9.8100
12.0200,9290.7341,-117.9162,-9.8100
12.0300,9289.5539,-118.0143,-9.8100
12.0400,9288.3728,-118.1124,-9.8100
12.0500,9287.1907,-118.2105,-9.8100
12.0600,9286.0076,-118.3086,-9.8100
12.0700,9284.8235,-118.4067,-9.8100
12.0800,9283.6385,-118.5048,-9.8100
12.0900,9282.4525,-118.6029,-9.8100
12.1000,9281.2654,-118.7010,-9.8100
12.1100,9280.0775,-118.7991,-9.8100
12.1200,9278.8885,-118.8972,-9.8100
12.1300,9277.6985,-118.9953,-9.8100
12.1400,9276.5076,-119.0934,-9.8100
12.1500,9275.3157,-119.1915,-9.8100
12.1600,9274.1228,-119.2896,-9.8100
12.1700,9272.9289,-119.3877,-9.8100
12.1800,9271.7340,-119.4858,-9.8100
12.1900,9270.5382,-119.5839,-9.8100
12.2000,9269.3414,-119.6820,-9.8100
12.2100,9268.1436,-119.7801,-9.8100
12.2200,9266.9448,-119.8782,-9.8100
12.2300,9265.7450,-119.9763,-9.8100
12.2400,9264.5443,-120.0744,-9.8100
12.2500,9263.3426,-120.1725,-9.8100
12.2600,9262.1399,-120.2706,-9.8100
12.2700,9260.9362,-120.3687,-9.8100
12.2800,9259.7315,-120.4668,-9.8100
12.2900,9258.5259,-120.5649,-9.8100
12.3000,9257.3192,-120.6630,-9.8100
12.3100,9256.1116,-120.7611,-9.8100
12.3200,9254.9030,-120.8592,-9.8100
12.3300,9253.6935,-120.9573,-9.8100
12.3400,9252.4829,-121.0554,-9.8100
12.3500,9251.2714,-121.1535,-9.8100
12.3600,9250.0589,-121.2516,-9.8100
12.3700,9248.8454,-121.3497,-9.8100
12.3800,9247.6309,-121.4478,-9.8100
12.3900,9246.4154,-121.5459,-9.8100
12.4000,9245.1990,-121.6440,-9.8100
12.4100,9243.9816,-121.7421,-9.8100
12.4200,9242.7632,-121.8402,-9.8100
12.4300,9241.5438,-121.9383,-9.8100
12.4400,9240.3234,-122.0364,-9.8100
12.4500,9239.1021,-122.1345,-9.8100
12.4600,9237.8797,-122.2326,-9.8100
12.4700,9236.6564,-122.3307,-9.8100
12.4800,9235.4321,-122.4288,-9.8100
12.4900,9234.2069,-122.5269,-9.8100
12.5000,9232.9806,-122.6250,-9.8100
12.5100,9231.7534,-122.7231,-9.8100
12.5200,9230.5252,-122.8212,-9.8100
12.5300,9229.2960,-122.9193,-9.8100
12.5400,9228.0658,-123.0174,-9.8100
12.5500,9226.8347,-123.1155,-9.8100
12.5600,9225.6025,-123.2136,-9.8100
12.5700,9224.3694,-123.3117,-9.8100
12.5800,9223.1353,-123.4098,-9.8100
12.5900,9221.9002,-123.5079,-9.8100
12.6000,9220.6642,-123.6060,-9.8100
12.6100,9219.4271,-123.7041,-9.8100
12.6200,9218.1891,-123.8022,-9.8100
12.6300,9216.9501,-123.9003,-9.8100
12.6400,9215.7101,-123.9984,-9.8100
12.6500,9214.4692,-124.0965,-9.8100
12.6600,9213.2272,-124.1946,-9.8100
12.6700,9211.9843,-124.2927,-9.8100
12.6800,9210.7404,-124.3908,-9.8100
12.6900,9209.4955,-124.4889,-9.8100
12.7000,9208.2496,-124.5870,-9.8100
12.7100,9207.0028,-124.6851,-9.8100
12.7200,9205.7549,-124.7832,-9.8100
12.7300,9204.5061,-124.8813,-9.8100
12.7400,9203.2563,-124.9794,-9.8100
12.7500,9202.0055,-125.0775,-9.8100
12.7600,9200.7538,-125.1756,-9.8100
12.7700,9199.5011,-125.2737,-9.8100
12.7800,9198.2473,-125.3718,-9.8100
12.7900,9196.9926,-125.4699,-9.8100
12.8000,9195.7370,-125.5680,-9.8100
12.8100,9194.4803,-125.6661,-9.8100
12.8200,9193.2227,-125.7642,-9.8100
12.8300,9191.9640,-125.8623,-9.8100
12.8400,9190.7044,-125.9604,-9.8100
12.8500,9189.4438,-126.0585,-9.8100
12.8600,9188.1823,-126.1566,-9.8100
12.8700,9186.9197,-126.2547,-9.8100
12.8800,9185.6562,-126.3528,-9.8100
12.8900,9184.3917,-126.4509,-9.8100
12.9000,9183.1262,-126.5490,-9.8100
12.9100,9181.8597,-126.6471,-9.8100
12.9200,9180.5923,-126.7452,-9.8100
12.9300,9179.3238,-126.8433,-9.8100
12.9400,9178.0544,-126.9414,-9.8100
12.9500,9176.7840,-127.0395,-9.8100
12.9600,9175.5127,-127.1376,-9.8100
12.9700,9174.2403,-127.2357,-9.8100
12.9800,9172.9670,-127.3338,-9.8100
12.9900,9171.6926,-127.4319,-9.8100
13.0000,9170.4173,-127.5300,-9.8100
13.0100,9169.1411,-127.6281,-9.8100
13.0200,9167.8638,-127.7262,-9.8100
13.0300,9166.5856,-127.8243,-9.8100
13.0400,9165.3063,-127.9224,-9.8100
13.0500,9164.0261,-128.0205,-9.8100
13.0600,9162.7449,-128.1186,-9.8100
13.0700,9161.4628,-128.2167,-9.8100
13.0800,9160.1796,-128.3148,-9.8100
13.0900,9158.8955,-128.4129,-9.8100
13.1000,9157.6104,-128.5110,-9.8100
13.1100,9156.3243,-128.6091,-9.8100
13.1200,9155.0372,-128.7072,-9.8100
13.1300,9153.7492,-128.8053,-9.8100
13.1400,9152.4601,-128.9034,-9.8100
13.1500,9151.1701,-129.0015,-9.8100
13.1600,9149.8791,-129.0996,-9.8100
13.1700,9148.5872,-129.1977,-9.8100
13.1800,9147.2942,-129.2958,-9.8100
13.1900,9146.0003,-129.3939,-9.8100
13.2000,9144.7053,-129.4920,-9.8100
13.2100,9143.4094,-129.5901,-9.8100
13.2200,9142.1126,-129.6882,-9.8100
13.2300,9140.8147,-129.7863,-9.8100
13.2400,9139.5158,-129.8844,-9.8100
13.2500,9138.2160,-129.9825,-9.8100
13.2600,9136.9152,-130.0806,-9.8100
13.2700,9135.6134,-130.1787,-9.8100
13.2800,9134.3107,-130.2768,-9.8100
13.2900,9133.0069,-130.3749,-9.8100
13.3000,9131.7022,-130.4730,-9.8100
13.3100,9130.3965,-130.5711,-9.8100
13.3200,9129.0898,-130.6692,-9.8100
13.3300,9127.7821,-130.7673,-9.8100
13.3400,9126.4735,-130.8654,-9.8100
13.3500,9125.1638,-130.9635,-9.8100
13.3600,9123.8532,-131.0616,-9.8100
13.3700,9122.5416,-131.1597,-9.8100
13.3800,9121.2290,-131.2578,-9.8100
13.3900,9119.9155,-131.3559,-9.8100
13.4000,9118.6009,-131.4540,-9.8100
13.4100,9117.2854,-131.5521,-9.8100
13.4200,9115.9689,-131.6502,-9.8100
13.4300,9114.6514,-131.7483,-9.8100
13.4400,9113.3330,-131.8464,-9.8100
13.4500,9112.0135,-131.9445,-9.8100
13.4600,9110.6931,-132.0426,-9.8100
13.4700,9109.3717,-132.1407,-9.8100
13.4800,9108.0493,-132.2388,-9.8100
13.4900,9106.7259,-132.3369,-9.8100
13.5000,9105.4016,-132.4350,-9.8100
13.5100,9104.0762,-132.5331,-9.8100
13.5200,9102.7499,-132.6312,-9.8100
13.5300,9101.4226,-132.7293,-9.8100
13.5400,9100.0944,-132.8274,-9.8100
13.5500,9098.7651,-132.9255,-9.8100
13.5600,9097.4349,-133.0236,-9.8100
13.5700,9096.1037,-133.1217,-9.8100
13.5800,9094.7715,-133.2198,-9.8100
13.5900,9093.4383,-133.3179,-9.8100
13.6000,9092.1041,-133.4160,-9.8100
13.6100,9090.7690,-133.5141,-9.8100
13.6200,9089.4329,-133.6122,-9.8100
13.6300,9088.0958,-133.7103,-9.8100
13.6400,9086.7577,-133.8084,-9.8100
13.6500,9085.4186,-133.9065,-9.8100
13.6600,9084.0786,-134.0046,-9.8100
13.6700,9082.7375,-134.1027,-9.8100
13.6800,9081.3955,-134.2008,-9.8100
13.6900,9080.0525,-134.2989,-9.8100
13.7000,9078.7086,-134.3970,-9.8100
13.7100,9077.3636,-134.4951,-9.8100
13.7200,9076.0177,-134.5932,-9.8100
13.7300,9074.6708,-134.6913,-9.8100
13.7400,9073.3229,-134.7894,-9.8100
13.7500,9071.9740,-134.8875,-9.8100
13.7600,9070.6241,-134.9856,-9.8100
13.7700,9069.2733,-135.0837,-9.8100
13.7800,9067.9215,-135.1818,-9.8100
13.7900,9066.5687,-135.2799,-9.8100
13.8000,9065.2149,-135.3780,-9.8100
13.8100,9063.8601,-135.4761,-9.8100
13.8200,9062.5044,-135.5742,-9.8100
13.8300,9061.1477,-135.6723,-9.8100
13.8400,9059.7900,-135.7704,-9.8100
13.8500,9058.4313,-135.8685,-9.8100
13.8600,9057.0716,-135.9666,-9.8100
13.8700,9055.7110,-136.0647,-9.8100
13.8800,9054.3494,-136.1628,-9.8100
13.8900,9052.9867,-136.2609,-9.8100
13.9000,9051.6232,-136.3590,-9.8100
13.9100,9050.2586,-136.4571,-9.8100
13.9200,9048.8930,-136.5552,-9.8100
13.9300,9047.5265,-136.6533,-9.8100
13.9400,9046.1590,-136.7514,-9.8100
13.9500,9044.7905,-136.8495,-9.8100
13.9600,9043.4210,-136.9476,-9.8100
13.9700,9042.0506,-137.0457,-9.8100
13.9800,9040.6791,-137.1438,-9.8100
13.9900,9039.3067,-137.2419,-9.8100
14.0000,9037.9333,-137.3400,-9.8100
14.0100,9036.5589,-137.4381,-9.8100
14.0200,9035.1836,-137.5362,-9.8100
14.0300,9033.8072,-137.6343,-9.8100
14.0400,9032.4299,-137.7324,-9.8100
14.0500,9031.0516,-137.8305,-9.8100
14.0600,9029.6723,-137.9286,-9.8100
14.0700,9028.2920,-138.0267,-9.8100
14.0800,9026.9108,-138.1248,-9.8100
14.0900,9025.5286,-138.2229,-9.8100
14.1000,9024.1453,-138.3210,-9.8100
14.1100,9022.7612,-138.4191,-9.8100
14.1200,9021.3760,-138.5172,-9.8100
14.1300,9019.9898,-138.6153,-9.8100
14.1400,9018.6027,-138.7134,-9.8100
14.1500,9017.2146,-138.8115,-9.8100
14.1600,9015.8255,-138.9096,-9.8100
14.1700,9014.4354,-139.0077,-9.8100
14.1800,9013.0443,-139.1058,-9.8100
14.1900,9011.6523,-139.2039,-9.8100
14.2000,9010.2593,-139.3020,-9.8100
14.2100,9008.8653,-139.4001,-9.8100
14.2200,9007.4703,-139.4982,-9.8100
14.2300,9006.0743,-139.5963,-9.8100
14.2400,9004.6774,-139.6944,-9.8100
14.2500,9003.2795,-139.7925,-9.8100
14.2600,9001.8806,-139.8906,-9.8100
14.2700,9000.4807,-139.9887,-9.8100
14.2800,8999.0798,-140.0868,-9.8100
14.2900,8997.6780,-140.1849,-9.8100
14.3000,8996.2751,-140.2830,-9.8100
14.3100,8994.8713,-140.3811,-9.8100
14.3200,8993.4665,-140.4792,-9.8100
14.3300,8992.0608,-140.5773,-9.8100
14.3400,8990.6540,-140.6754,-9.8100
14.3500,8989.2463,-140.7735,-9.8100
14.3600,8987.8376,-140.8716,-9.8100
14.3700,8986.4279,-140.9697,-9.8100
14.3800,8985.0172,-141.0678,-9.8100
14.3900,8983.6055,-141.1659,-9.8100
14.4000,8982.1929,-141.2640,-9.8100
14.4100,8980.7793,-141.3621,-9.8100
14.4200,8979.3647,-141.4602,-9.8100
14.4300,8977.9491,-141.5583,-9.8100
14.4400,8976.5325,-141.6564,-9.8100
14.4500,8975.1150,-141.7545,-9.8100
14.4600,8973.6964,-141.8526,-9.8100
14.4700,8972.2769,-141.9507,-9.8100
14.4800,8970.8564,-142.0488,-9.8100
14.4900,8969.4350,-142.1469,-9.8100
14.5000,8968.0125,-142.2450,-9.8100
14.5100,8966.5891,-142.3431,-9.8100
14.5200,8965.1647,-142.4412,-9.8100
14.5300,8963.7393,-142.5393,-9.8100
14.5400,8962.3129,-142.6374,-9.8100
14.5500,8960.8856,-142.7355,-9.8100
14.5600,8959.4572,-142.8336,-9.8100
14.5700,8958.0279,-142.9317,-9.8100
14.5800,8956.5976,-143.0298,-9.8100
14.5900,8955.1663,-143.1279,-9.8100
14.6000,8953.7341,-143.2260,-9.8100
14.6100,8952.3008,-143.3241,-9.8100
14.6200,8950.8666,-143.4222,-9.8100
14.6300,8949.4314,-143.5203,-9.8100
14.6400,8947.9952,-143.6184,-9.8100
14.6500,8946.5581,-143.7165,-9.8100
14.6600,8945.1199,-143.8146,-9.8100
14.6700,8943.6808,-143.9127,-9.8100
14.6800,8942.2407,-144.0108,-9.8100
14.6900,8940.7996,-144.1089,-9.8100
14.7000,8939.3575,-144.2070,-9.8100
14.7100,8937.9145,-144.3051,-9.8100
14.7200,8936.4704,-144.4032,-9.8100
14.7300,8935.0254,-144.5013,-9.8100
14.7400,8933.5794,-144.5994,-9.8100
14.7500,8932.1324,-144.6975,-9.8100
14.7600,8930.6845,-144.7956,-9.8100
14.7700,8929.2356,-144.8937,-9.8100
14.7800,8927.7856,-144.9918,-9.8100
14.7900,8926.3347,-145.0899,-9.8100
14.8000,8924.8829,-145.1880,-9.8100
14.8100,8923.4300,-145.2861,-9.8100
14.8200,8921.9762,-145.3842,-9.8100
14.8300,8920.5213,-145.4823,-9.8100
14.8400,8919.0655,-145.5804,-9.8100
14.8500,8917.6087,-145.6785,-9.8100
14.8600,8916.1510,-145.7766,-9.8100
14.8700,8914.6922,-145.8747,-9.8100
14.8800,8913.2325,-145.9728,-9.8100
14.8900,8911.7718,-146.0709,-9.8100
14.9000,8910.3101,-146.1690,-9.8100
14.9100,8908.8474,-146.2671,-9.8100
14.9200,8907.3838,-146.3652,-9.8100
14.9300,8905.9191,-146.4633,-9.8100
14.9400,8904.4535,-146.5614,-9.8100
14.9500,8902.9869,-146.6595,-9.8100
14.9600,8901.5194,-146.7576,-9.8100
14.9700,8900.0508,-146.8557,-9.8100
14.9800,8898.5813,-146.9538,-9.8100
14.9900,8897.1107,-147.0519,-9.8100
15.0000,8895.6392,-147.1500,-9.8100
15.0100,8894.1668,-147.2481,-9.8100
15.0200,8892.6933,-147.3462,-9.8100
15.0300,8891.2189,-147.4443,-9.8100
15.0400,8889.7434,-147.5424,-9.8100
15.0500,8888.2670,-147.6405,-9.8100
15.0600,8886.7896,-147.7386,-9.8100
15.0700,8885.3113,-147.8367,-9.8100
15.0800,8883.8319,-147.9348,-9.8100
15.0900,8882.3516,-148.0329,-9.8100
15.1000,8880.8703,-148.1310,-9.8100
15.1100,8879.3880,-148.2291,-9.8100
15.1200,8877.9047,-148.3272,-9.8100
15.1300,8876.4205,-148.4253,-9.8100
15.1400,8874.9352,-148.5234,-9.8100
15.1500,8873.4490,-148.6215,-9.8100
15.1600,8871.9618,-148.7196,-9.8100
15.1700,8870.4737,-148.8177,-9.8100
15.1800,8868.9845,-148.9158,-9.8100
15.1900,8867.4944,-149.0139,-9.8100
15.2000,8866.0032,-149.1120,-9.8100
15.2100,8864.5111,-149.2101,-9.8100
15.2200,8863.0181,-149.3082,-9.8100
15.2300,8861.5240,-149.4063,-9.8100
15.2400,8860.0289,-149.5044,-9.8100
15.2500,8858.5329,-149.6025,-9.8100
15.2600,8857.0359,-149.7006,-9.8100
15.2700,8855.5379,-149.7987,-9.8100
15.2800,8854.0390,-149.8968,-9.8100
15.2900,8852.5390,-149.9949,-9.8100
15.3000,8851.0381,-150.0930,-9.8100
15.3100,8849.5362,-150.1911,-9.8100
15.3200,8848.0333,-150.2892,-9.8100
15.3300,8846.5294,-150.3873,-9.8100
15.3400,8845.0246,-150.4854,-9.8100
15.3500,8843.5187,-150.5835,-9.8100
15.3600,8842.0119,-150.6816,-9.8100
15.3700,8840.5041,-150.7797,-9.8100
15.3800,8838.9953,-150.8778,-9.8100
15.3900,8837.4856,-150.9759,-9.8100
15.4000,8835.9748,-151.0740,-9.8100
15.4100,8834.4631,-151.1721,-9.8100
15.4200,8832.9504,-151.2702,-9.8100
15.4300,8831.4367,-151.3683,-9.8100
15.4400,8829.9221,-151.4664,-9.8100
15.4500,8828.4064,-151.5645,-9.8100
15.4600,8826.8898,-151.6626,-9.8100
15.4700,8825.3722,-151.7607,-9.8100
15.4800,8823.8536,-151.8588,-9.8100
15.4900,8822.3340,-151.9569,-9.8100
15.5000,8820.8135,-152.0550,-9.8100
15.5100,8819.2919,-152.1531,-9.8100
15.5200,8817.7694,-152.2512,-9.8100
15.5300,8816.2459,-152.3493,-9.8100
15.5400,8814.7215,-152.4474,-9.8100
15.5500,8813.1960,-152.5455,-9.8100
15.5600,8811.6696,-152.6436,-9.8100
15.5700,8810.1422,-152.7417,-9.8100
15.5800,8808.6138,-152.8398,-9.8100
15.5900,8807.0844,-152.9379,-9.8100
15.6000,8805.5540,-153.0360,-9.8100
15.6100,8804.0227,-153.1341,-9.8100
15.6200,8802.4904,-153.2322,-9.8100
15.6300,8800.9571,-153.3303,-9.8100
15.6400,8799.4228,-153.4284,-9.8100
15.6500,8797.8875,-153.5265,-9.8100
15.6600,8796.3513,-153.6246,-9.8100
15.6700,8794.8140,-153.7227,-9.8100
15.6800,8793.2758,-153.8208,-9.8100
15.6900,8791.7366,-153.9189,-9.8100
15.7000,8790.1965,-154.0170,-9.8100
15.7100,8788.6553,-154.1151,-9.8100
15.7200,8787.1132,-154.2132,-9.8100
15.7300,8785.5701,-154.3113,-9.8100
15.7400,8784.0260,-154.4094,-9.8100
15.7500,8782.4809,-154.5075,-9.8100
15.7600,8780.9348,-154.6056,-9.8100
15.7700,8779.3878,-154.7037,-9.8100
15.7800,8777.8398,-154.8018,-9.8100
15.7900,8776.2908,-154.8999,-9.8100
15.8000,8774.7408,-154.9980,-9.8100
15.8100,8773.1898,-155.0961,-9.8100
15.8200,8771.6379,-155.1942,-9.8100
15.8300,8770.0850,-155.2923,-9.8100
15.8400,8768.5311,-155.3904,-9.8100
15.8500,8766.9762,-155.4885,-9.8100
15.8600,8765.4203,-155.5866,-9.8100
15.8700,8763.8635,-155.6847,-9.8100
15.8800,8762.3057,-155.7828,-9.8100
15.8900,8760.7468,-155.8809,-9.8100
15.9000,8759.1871,-155.9790,-9.8100
15.9100,8757.6263,-156.0771,-9.8100
15.9200,8756.0645,-156.1752,-9.8100
15.9300,8754.5018,-156.2733,-9.8100
15.9400,8752.9381,-156.3714,-9.8100
15.9500,8751.3734,-156.4695,-9.8100
15.9600,8749.8077,-156.5676,-9.8100
15.9700,8748.2411,-156.6657,-9.8100
15.9800,8746.6734,-156.7638,-9.8100
15.9900,8745.1048,-156.8619,-9.8100
16.0000,8743.5352,-156.9600,-9.8100
16.0100,8741.9646,-157.0581,-9.8100
16.0200,8740.3931,-157.1562,-9.8100
16.0300,8738.8205,-157.2543,-9.8100
16.0400,8737.2470,-157.3524,-9.8100
16.0500,8735.6725,-157.4505,-9.8100
16.0600,8734.0970,-157.5486,-9.8100
16.0700,8732.5205,-157.6467,-9.8100
16.0800,8730.9431,-157.7448,-9.8100
16.0900,8729.3647,-157.8429,-9.8100
16.1000,8727.7852,-157.9410,-9.8100
16.1100,8726.2049,-158.0391,-9.8100
16.1200,8724.6235,-158.1372,-9.8100
16.1300,8723.0411,-158.2353,-9.8100
16.1400,8721.4578,-158.3334,-9.8100
16.1500,8719.8735,-158.4315,-9.8100
16.1600,8718.2882,-158.5296,-9.8100
16.1700,8716.7019,-158.6277,-9.8100
16.1800,8715.1146,-158.7258,-9.8100
16.1900,8713.5264,-158.8239,-9.8100
16.2000,8711.9372,-158.9220,-9.8100
16.2100,8710.3470,-159.0201,-9.8100
16.2200,8708.7558,-159.1182,-9.8100
16.2300,8707.1636,-159.2163,-9.8100
16.2400,8705.5705,-159.3144,-9.8100
16.2500,8703.9764,-159.4125,-9.8100
16.2600,8702.3813,-159.5106,-9.8100
16.2700,8700.7852,-159.6087,-9.8100
16.2800,8699.1881,-159.7068,-9.8100
16.2900,8697.5901,-159.8049,-9.8100
16.3000,8695.9910,-159.9030,-9.8100
16.3100,8694.3910,-160.0011,-9.8100
16.3200,8692.7900,-160.0992,-9.8100
16.3300,8691.1881,-160.1973,-9.8100
16.3400,8689.5851,-160.2954,-9.8100
16.3500,8687.9812,-160.3935,-9.8100
16.3600,8686.3763,-160.4916,-9.8100
16.3700,8684.7704,-160.5897,-9.8100
16.3800,8683.1635,-160.6878,-9.8100
16.3900,8681.5556,-160.7859,-9.8100
16.4000,8679.9468,-160.8840,-9.8100
16.4100,8678.3370,-160.9821,-9.8100
16.4200,8676.7262,-161.0802,-9.8100
16.4300,8675.1144,-161.1783,-9.8100
16.4400,8673.5016,-161.2764,-9.8100
16.4500,8671.8879,-161.3745,-9.8100
16.4600,8670.2731,-161.4726,-9.8100
16.4700,8668.6574,-161.5707,-9.8100
16.4800,8667.0407,-161.6688,-9.8100
16.4900,8665.4231,-161.7669,-9.8100
16.5000,8663.8044,-161.8650,-9.8100
16.5100,8662.1848,-161.9631,-9.8100
16.5200,8660.5642,-162.0612,-9.8100
16.5300,8658.9426,-162.1593,-9.8100
16.5400,8657.3200,-162.2574,-9.8100
16.5500,8655.6965,-162.3555,-9.8100
16.5600,8654.0719,-162.4536,-9.8100
16.5700,8652.4464,-162.5517,-9.8100
16.5800,8650.8199,-162.6498,-9.8100
16.5900,8649.1924,-162.7479,-9.8100
16.6000,8647.5640,-162.8460,-9.8100
16.6100,8645.9345,-162.9441,-9.8100
16.6200,8644.3041,-163.0422,-9.8100
16.6300,8642.6727,-163.1403,-9.8100
16.6400,8641.0403,-163.2384,-9.8100
16.6500,8639.4070,-163.3365,-9.8100
16.6600,8637.7726,-163.4346,-9.8100
16.6700,8636.1373,-163.5327,-9.8100
16.6800,8634.5010,-163.6308,-9.8100
16.6900,8632.8637,-163.7289,-9.8100
16.7000,8631.2254,-163.8270,-9.8100
16.7100,8629.5862,-163.9251,-9.8100
16.7200,8627.9459,-164.0232,-9.8100
16.7300,8626.3047,-164.1213,-9.8100
16.7400,8624.6625,-164.2194,-9.8100
16.7500,8623.0193,-164.3175,-9.8100
16.7600,8621.3752,-164.4156,-9.8100
16.7700,8619.7301,-164.5137,-9.8100
16.7800,8618.0839,-164.6118,-9.8100
16.7900,8616.4368,-164.7099,-9.8100
16.8000,8614.7888,-164.8080,-9.8100
16.8100,8613.1397,-164.9061,-9.8100
16.8200,8611.4897,-165.0042,-9.8100
16.8300,8609.8386,-165.1023,-9.8100
16.8400,8608.1866,-165.2004,-9.8100
16.8500,8606.5336,-165.2985,-9.8100
16.8600,8604.8797,-165.3966,-9.8100
16.8700,8603.2247,-165.4947,-9.8100
16.8800,8601.5688,-165.5928,-9.8100
16.8900,8599.9119,-165.6909,-9.8100
16.9000,8598.2540,-165.7890,-9.8100
16.9100,8596.5951,-165.8871,-9.8100
16.9200,8594.9353,-165.9852,-9.8100
16.9300,8593.2744,-166.0833,-9.8100
16.9400,8591.6126,-166.1814,-9.8100
16.9500,8589.9498,-166.2795,-9.8100
16.9600,8588.2861,-166.3776,-9.8100
16.9700,8586.6213,-166.4757,-9.8100
16.9800,8584.9556,-166.5738,-9.8100
16.9900,8583.2888,-166.6719,-9.8100
17.0000,8581.6211,-166.7700,-9.8100
17.0100,8579.9525,-166.8681,-9.8100
17.0200,8578.2828,-166.9662,-9.8100
17.0300,8576.6122,-167.0643,-9.8100
17.0400,8574.9405,-167.1624,-9.8100
17.0500,8573.2679,-167.2605,-9.8100
17.0600,8571.5943,-167.3586,-9.8100
17.0700,8569.9198,-167.4567,-9.8100
17.0800,8568.2442,-167.5548,-9.8100
17.0900,8566.5677,-167.6529,-9.8100
17.1000,8564.8902,-167.7510,-9.8100
17.1100,8563.2117,-167.8491,-9.8100
17.1200,8561.5322,-167.9472,-9.8100
17.1300,8559.8518,-168.0453,-9.8100
17.1400,8558.1703,-168.1434,-9.8100
17.1500,8556.4879,-168.2415,-9.8100
17.1600,8554.8045,-168.3396,-9.8100
17.1700,8553.1202,-168.4377,-9.8100
17.1800,8551.4348,-168.5358,-9.8100
17.1900,8549.7485,-168.6339,-9.8100
17.2000,8548.0611,-168.7320,-9.8100
17.2100,8546.3728,-168.8301,-9.8100
17.2200,8544.6836,-168.9282,-9.8100
17.2300,8542.9933,-169.0263,-9.8100
17.2400,8541.3020,-169.1244,-9.8100
17.2500,8539.6098,-169.2225,-9.8100
17.2600,8537.9166,-169.3206,-9.8100
17.2700,8536.2224,-169.4187,-9.8100
17.2800,8534.5273,-169.5168,-9.8100
17.2900,8532.8311,-169.6149,-9.8100
17.3000,8531.1340,-169.7130,-9.8100
17.3100,8529.4359,-169.8111,-9.8100
17.3200,8527.7368,-169.9092,-9.8100
17.3300,8526.0367,-170.0073,-9.8100
17.3400,8524.3357,-170.1054,-9.8100
17.3500,8522.6336,-170.2035,-9.8100
17.3600,8520.9306,-170.3016,-9.8100
17.3700,8519.2266,-170.3997,-9.8100
17.3800,8517.5216,-170.4978,-9.8100
17.3900,8515.8157,-170.5959,-9.8100
17.4000,8514.1087,-170.6940,-9.8100
17.4100,8512.4008,-170.7921,-9.8100
17.4200,8510.6919,-170.8902,-9.8100
17.4300,8508.9820,-170.9883,-9.8100
17.4400,8507.2712,-171.0864,-9.8100
17.4500,8505.5593,-171.1845,-9.8100
17.4600,8503.8465,-171.2826,-9.8100
17.4700,8502.1327,-171.3807,-9.8100
17.4800,8500.4179,-171.4788,-9.8100
17.4900,8498.7021,-171.5769,-9.8100
17.5000,8496.9854,-171.6750,-9.8100
17.5100,8495.2676,-171.7731,-9.8100
17.5200,8493.5489,-171.8712,-9.8100
17.5300,8491.8292,-171.9693,-9.8100
17.5400,8490.1086,-172.0674,-9.8100
17.5500,8488.3869,-172.1655,-9.8100
17.5600,8486.6643,-172.2636,-9.8100
17.5700,8484.9407,-172.3617,-9.8100
17.5800,8483.2161,-172.4598,-9.8100
17.5900,8481.4905,-172.5579,-9.8100
17.6000,8479.7639,-172.6560,-9.8100
17.6100,8478.0364,-172.7541,-9.8100
17.6200,8476.3079,-172.8522,-9.8100
17.6300,8474.5784,-172.9503,-9.8100
17.6400,8472.8479,-173.0484,-9.8100
17.6500,8471.1164,-173.1465,-9.8100
17.6600,8469.3840,-173.2446,-9.8100
17.6700,8467.6505,-173.3427,-9.8100
17.6800,8465.9161,-173.4408,-9.8100
17.6900,8464.1807,-173.5389,-9.8100
17.7000,8462.4444,-173.6370,-9.8100
17.7100,8460.7070,-173.7351,-9.8100
17.7200,8458.9687,-173.8332,-9.8100
17.7300,8457.2294,-173.9313,-9.8100
17.7400,8455.4891,-174.0294,-9.8100
17.7500,8453.7478,-174.1275,-9.8100
17.7600,8452.0055,-174.2256,-9.8100
17.7700,8450.2623,-174.3237,-9.8100
17.7800,8448.5181,-174.4218,-9.8100
17.7900,8446.7729,-174.5199,-9.8100
17.8000,8445.0267,-174.6180,-9.8100
17.8100,8443.2795,-174.7161,-9.8100
17.8200,8441.5314,-174.8142,-9.8100
17.8300,8439.7823,-174.9123,-9.8100
17.8400,8438.0322,-175.0104,-9.8100
17.8500,8436.2811,-175.1085,-9.8100
17.8600,8434.5290,-175.2066,-9.8100
17.8700,8432.7760,-175.3047,-9.8100
17.8800,8431.0220,-175.4028,-9.8100
17.8900,8429.2669,-175.5009,-9.8100
17.9000,8427.5110,-175.5990,-9.8100
17.9100,8425.7540,-175.6971,-9.8100
17.9200,8423.9960,-175.7952,-9.8100
17.9300,8422.2371,-175.8933,-9.8100
17.9400,8420.4772,-175.9914,-9.8100
17.9500,8418.7163,-176.0895,-9.8100
17.9600,8416.9544,-176.1876,-9.8100
17.9700,8415.1916,-176.2857,-9.8100
17.9800,8413.4277,-176.3838,-9.8100
17.9900,8411.6629,-176.4819,-9.8100
18.0000,8409.8971,-176.5800,-9.8100
18.0100,8408.1303,-176.6781,-9.8100
18.0200,8406.3626,-176.7762,-9.8100
18.0300,8404.5938,-176.8743,-9.8100
18.0400,8402.8241,-176.9724,-9.8100
18.0500,8401.0534,-177.0705,-9.8100
18.0600,8399.2817,-177.1686,-9.8100
18.0700,8397.5090,-177.2667,-9.8100
18.0800,8395.7354,-177.3648,-9.8100
18.0900,8393.9608,-177.4629,-9.8100
18.1000,8392.1851,-177.5610,-9.8100
18.1100,8390.4086,-177.6591,-9.8100
18.1200,8388.6310,-177.7572,-9.8100
18.1300,8386.8524,-177.8553,-9.8100
18.1400,8385.0729,-177.9534,-9.8100
18.1500,8383.2924,-178.0515,-9.8100
18.1600,8381.5109,-178.1496,-9.8100
18.1700,8379.7284,-178.2477,-9.8100
18.1800,8377.9449,-178.3458,-9.8100
18.1900,8376.1605,-178.4439,-9.8100
18.2000,8374.3751,-178.5420,-9.8100
18.2100,8372.5887,-178.6401,-9.8100
18.2200,8370.8013,-178.7382,-9.8100
18.2300,8369.0129,-178.8363,-9.8100
18.2400,8367.2236,-178.9344,-9.8100
18.2500,8365.4333,-179.0325,-9.8100
18.2600,8363.6420,-179.1306,-9.8100
18.2700,8361.8497,-179.2287,-9.8100
18.2800,8360.0564,-179.3268,-9.8100
18.2900,8358.2622,-179.4249,-9.8100
18.3000,8356.4669,-179.5230,-9.8100
18.3100,8354.6707,-179.6211,-9.8100
18.3200,8352.8735,-179.7192,-9.8100
18.3300,8351.0754,-179.8173,-9.8100
18.3400,8349.2762,-179.9154,-9.8100
18.3500,8347.4761,-180.0135,-9.8100
18.3600,8345.6750,-180.1116,-9.8100
18.3700,8343.8729,-180.2097,-9.8100
18.3800,8342.0698,-180.3078,-9.8100
18.3900,8340.2657,-180.4059,-9.8100
18.4000,8338.4607,-180.5040,-9.8100
18.4100,8336.6547,-180.6021,-9.8100
18.4200,8334.8477,-180.7002,-9.8100
18.4300,8333.0397,-180.7983,-9.8100
18.4400,8331.2307,-180.8964,-9.8100
18.4500,8329.4208,-180.9945,-9.8100
18.4600,8327.6098,-181.0926,-9.8100
18.4700,8325.7979,-181.1907,-9.8100
18.4800,8323.9850,-181.2888,-9.8100
18.4900,8322.1712,-181.3869,-9.8100
18.5000,8320.3563,-181.4850,-9.8100
18.5100,8318.5405,-181.5831,-9.8100
18.5200,8316.7237,-181.6812,-9.8100
18.5300,8314.9059,-181.7793,-9.8100
18.5400,8313.0871,-181.8774,-9.8100
18.5500,8311.2674,-181.9755,-9.8100
18.5600,8309.4466,-182.0736,-9.8100
18.5700,8307.6249,-182.1717,-9.8100
18.5800,8305.8022,-182.2698,-9.8100
18.5900,8303.9785,-182.3679,-9.8100
18.6000,8302.1539,-182.4660,-9.8100
18.6100,8300.3282,-182.5641,-9.8100
18.6200,8298.5016,-182.6622,-9.8100
18.6300,8296.6740,-182.7603,-9.8100
18.6400,8294.8454,-182.8584,-9.8100
18.6500,8293.0159,-182.9565,-9.8100
18.6600,8291.1853,-183.0546,-9.8100
18.6700,8289.3538,-183.1527,-9.8100
18.6800,8287.5213,-183.2508,-9.8100
18.6900,8285.6878,-183.3489,-9.8100
18.7000,8283.8533,-183.4470,-9.8100
18.7100,8282.0179,-183.5451,-9.8100
18.7200,8280.1814,-183.6432,-9.8100
18.7300,8278.3440,-183.7413,-9.8100
18.7400,8276.5056,-183.8394,-9.8100
18.7500,8274.6662,-183.9375,-9.8100
18.7600,8272.8259,-184.0356,-9.8100
18.7700,8270.9846,-184.1337,-9.8100
18.7800,8269.1422,-184.2318,-9.8100
18.7900,8267.2989,-184.3299,-9.8100
18.8000,8265.4547,-184.4280,-9.8100
18.8100,8263.6094,-184.5261,-9.8100
18.8200,8261.7632,-184.6242,-9.8100
18.8300,8259.9159,-184.7223,-9.8100
18.8400,8258.0677,-184.8204,-9.8100
18.8500,8256.2185,-184.9185,-9.8100
18.8600,8254.3684,-185.0166,-9.8100
18.8700,8252.5172,-185.1147,-9.8100
18.8800,8250.6651,-185.2128,-9.8100
18.8900,8248.8120,-185.3109,-9.8100
18.9000,8246.9579,-185.4090,-9.8100
18.9100,8245.1028,-185.5071,-9.8100
18.9200,8243.2468,-185.6052,-9.8100
18.9300,8241.3897,-185.7033,-9.8100
18.9400,8239.5317,-185.8014,-9.8100
18.9500,8237.6727,-185.8995,-9.8100
18.9600,8235.8128,-185.9976,-9.8100
18.9700,8233.9518,-186.0957,-9.8100
18.9800,8232.0899,-186.1938,-9.8100
18.9900,8230.2269,-186.2919,-9.8100
19.0000,8228.3630,-186.3900,-9.8100
19.0100,8226.4982,-186.4881,-9.8100
19.0200,8224.6323,-186.5862,-9.8100
19.0300,8222.7655,-186.6843,-9.8100
19.0400,8220.8976,-186.7824,-9.8100
19.0500,8219.0288,-186.8805,-9.8100
19.0600,8217.1590,-186.9786,-9.8100
19.0700,8215.2883,-187.0767,-9.8100
19.0800,8213.4165,-187.1748,-9.8100
19.0900,8211.5438,-187.2729,-9.8100
19.1000,8209.6701,-187.3710,-9.8100
19.1100,8207.7954,-187.4691,-9.8100
19.1200,8205.9197,-187.5672,-9.8100
19.1300,8204.0431,-187.6653,-9.8100
19.1400,8202.1654,-187.7634,-9.8100
19.1500,8200.2868,-187.8615,-9.8100
19.1600,8198.4072,-187.9596,-9.8100
19.1700,8196.5267,-188.0577,-9.8100
19.1800,8194.6451,-188.1558,-9.8100
19.1900,8192.7626,-188.2539,-9.8100
19.2000,8190.8790,-188.3520,-9.8100
19.2100,8188.9945,-188.4501,-9.8100
19.2200,8187.1091,-188.5482,-9.8100
19.2300,8185.2226,-188.6463,-9.8100
19.2400,8183.3351,-188.7444,-9.8100
19.2500,8181.4467,-188.8425,-9.8100
19.2600,8179.5573,-188.9406,-9.8100
19.2700,8177.6669,-189.0387,-9.8100
19.2800,8175.7756,-189.1368,-9.8100
19.2900,8173.8832,-189.2349,-9.8100
19.3000,8171.9899,-189.3330,-9.8100
19.3100,8170.0956,-189.4311,-9.8100
19.3200,8168.2003,-189.5292,-9.8100
19.3300,8166.3040,-189.6273,-9.8100
19.3400,8164.4068,-189.7254,-9.8100
19.3500,8162.5085,-189.8235,-9.8100
19.3600,8160.6093,-189.9216,-9.8100
19.3700,8158.7091,-190.0197,-9.8100
19.3800,8156.8079,-190.1178,-9.8100
19.3900,8154.9058,-190.2159,-9.8100
19.4000,8153.0026,-190.3140,-9.8100
19.4100,8151.0985,-190.4121,-9.8100
19.4200,8149.1934,-190.5102,-9.8100
19.4300,8147.2873,-190.6083,-9.8100
19.4400,8145.3803,-190.7064,-9.8100
19.4500,8143.4722,-190.8045,-9.8100
19.4600,8141.5632,-190.9026,-9.8100
19.4700,8139.6532,-191.0007,-9.8100
19.4800,8137.7422,-191.0988,-9.8100
19.4900,8135.8302,-191.1969,-9.8100
19.5000,8133.9173,-191.2950,-9.8100
19.5100,8132.0033,-191.3931,-9.8100
19.5200,8130.0884,-191.4912,-9.8100
19.5300,8128.1725,-191.5893,-9.8100
19.5400,8126.2557,-191.6874,-9.8100
19.5500,8124.3378,-191.7855,-9.8100
19.5600,8122.4190,-191.8836,-9.8100
19.5700,8120.4992,-191.9817,-9.8100
19.5800,8118.5784,-192.0798,-9.8100
19.5900,8116.6566,-192.1779,-9.8100
19.6000,8114.7338,-192.2760,-9.8100
19.6100,8112.8101,-192.3741,-9.8100
19.6200,8110.8854,-192.4722,-9.8100
19.6300,8108.9597,-192.5703,-9.8100
19.6400,8107.0330,-192.6684,-9.8100
19.6500,8105.1053,-192.7665,-9.8100
19.6600,8103.1767,-192.8646,-9.8100
19.6700,8101.2470,-192.9627,-9.8100
19.6800,8099.3164,-193.0608,-9.8100
19.6900,8097.3848,-193.1589,-9.8100
19.7000,8095.4523,-193.2570,-9.8100
19.7100,8093.5187,-193.3551,-9.8100
19.7200,8091.5842,-193.4532,-9.8100
19.7300,8089.6487,-193.5513,-9.8100
19.7400,8087.7122,-193.6494,-9.8100
19.7500,8085.7747,-193.7475,-9.8100
19.7600,8083.8362,-193.8456,-9.8100
19.7700,8081.8968,-193.9437,-9.8100
19.7800,8079.9564,-194.0418,-9.8100
19.7900,8078.0150,-194.1399,-9.8100
19.8000,8076.0726,-194.2380,-9.8100
19.8100,8074.1292,-194.3361,-9.8100
19.8200,8072.1849,-194.4342,-9.8100
19.8300,8070.2396,-194.5323,-9.8100
19.8400,8068.2933,-194.6304,-9.8100
19.8500,8066.3460,-194.7285,-9.8100
19.8600,8064.3977,-194.8266,-9.8100
19.8700,8062.4485,-194.9247,-9.8100
19.8800,8060.4983,-195.0228,-9.8100
19.8900,8058.5470,-195.1209,-9.8100
19.9000,8056.5949,-195.2190,-9.8100
19.9100,8054.6417,-195.3171,-9.8100
19.9200,8052.6875,-195.4152,-9.8100
19.9300,8050.7324,-195.5133,-9.8100
19.9400,8048.7763,-195.6114,-9.8100
19.9500,8046.8192,-195.7095,-9.8100
19.9600,8044.8611,-195.8076,-9.8100
19.9700,8042.9021,-195.9057,-9.8100
19.9800,8040.9420,-196.0038,-9.8100
19.9900,8038.9810,-196.1019,-9.8100
20.0000,8037.0190,-196.2000,-9.8100
20.0100,8035.0560,-196.2981,-9.8100
20.0200,8033.0921,-196.3962,-9.8100
20.0300,8031.1271,-196.4943,-9.8100
20.0400,8029.1612,-196.5924,-9.8100
20.0500,8027.1943,-196.6905,-9.8100
20.0600,8025.2264,-196.7886,-9.8100
20.0700,8023.2575,-196.8867,-9.8100
20.0800,8021.2877,-196.9848,-9.8100
20.0900,8019.3169,-197.0829,-9.8100
20.1000,8017.3450,-197.1810,-9.8100
20.1100,8015.3723,-197.2791,-9.8100
20.1200,8013.3985,-197.3772,-9.8100
20.1300,8011.4237,-197.4753,-9.8100
20.1400,8009.4480,-197.5734,-9.8100
20.1500,8007.4713,-197.6715,-9.8100
20.1600,8005.4936,-197.7696,-9.8100
20.1700,8003.5149,-197.8677,-9.8100
20.1800,8001.5352,-197.9658,-9.8100
20.1900,7999.5546,-198.0639,-9.8100
20.2000,7997.5730,-198.1620,-9.8100
20.2100,7995.5904,-198.2601,-9.8100
20.2200,7993.6068,-198.3582,-9.8100
20.2300,7991.6222,-198.4563,-9.8100
20.2400,7989.6367,-198.5544,-9.8100
20.2500,7987.6502,-198.6525,-9.8100
20.2600,7985.6627,-198.7506,-9.8100
20.2700,7983.6742,-198.8487,-9.8100
20.2800,7981.6847,-198.9468,-9.8100
20.2900,7979.6943,-199.0449,-9.8100
20.3000,7977.7028,-199.1430,-9.8100
20.3100,7975.7104,-199.2411,-9.8100
20.3200,7973.7170,-199.3392,-9.8100
20.3300,7971.7227,-199.4373,-9.8100
20.3400,7969.7273,-199.5354,-9.8100
20.3500,7967.7310,-199.6335,-9.8100
20.3600,7965.7337,-199.7316,-9.8100
20.3700,7963.7354,-199.8297,-9.8100
20.3800,7961.7361,-199.9278,-9.8100
20.3900,7959.7358,-200.0259,-9.8100
20.4000,7957.7346,-200.1240,-9.8100
20.4100,7955.7324,-200.2221,-9.8100
20.4200,7953.7292,-200.3202,-9.8100
20.4300,7951.7250,-200.4183,-9.8100
20.4400,7949.7198,-200.5164,-9.8100
20.4500,7947.7137,-200.6145,-9.8100
20.4600,7945.7065,-200.7126,-9.8100
20.4700,7943.6984,-200.8107,-9.8100
20.4800,7941.6893,-200.9088,-9.8100
20.4900,7939.6793,-201.0069,-9.8100
20.5000,7937.6682,-201.1050,-9.8100
20.5100,7935.6562,-201.2031,-9.8100
20.5200,7933.6432,-201.3012,-9.8100
20.5300,7931.6292,-201.3993,-9.8100
20.5400,7929.6142,-201.4974,-9.8100
20.5500,7927.5983,-201.5955,-9.8100
20.5600,7925.5813,-201.6936,-9.8100
20.5700,7923.5634,-201.7917,-9.8100
20.5800,7921.5445,-201.8898,-9.8100
20.5900,7919.5246,-201.9879,-9.8100
20.6000,7917.5038,-202.0860,-9.8100
20.6100,7915.4819,-202.1841,-9.8100
20.6200,7913.4591,-202.2822,-9.8100
20.6300,7911.4353,-202.3803,-9.8100
20.6400,7909.4105,-202.4784,-9.8100
20.6500,7907.3848,-202.5765,-9.8100
20.6600,7905.3580,-202.6746,-9.8100
20.6700,7903.3303,-202.7727,-9.8100
20.6800,7901.3016,-202.8708,-9.8100
20.6900,7899.2719,-202.9689,-9.8100
20.7000,7897.2412,-203.0670,-9.8100
20.7100,7895.2096,-203.1651,-9.8100
20.7200,7893.1769,-203.2632,-9.8100
20.7300,7891.1433,-203.3613,-9.8100
20.7400,7889.1087,-203.4594,-9.8100
20.7500,7887.0732,-203.5575,-9.8100
20.7600,7885.0366,-203.6556,-9.8100
20.7700,7882.9991,-203.7537,-9.8100
20.7800,7880.9605,-203.8518,-9.8100
20.7900,7878.9210,-203.9499,-9.8100
20.8000,7876.8806,-204.0480,-9.8100
20.8100,7874.8391,-204.1461,-9.8100
20.8200,7872.7967,-204.2442,-9.8100
20.8300,7870.7532,-204.3423,-9.8100
20.8400,7868.7088,-204.4404,-9.8100
20.8500,7866.6634,-204.5385,-9.8100
20.8600,7864.6171,-204.6366,-9.8100
20.8700,7862.5697,-204.7347,-9.8100
20.8800,7860.5214,-204.8328,-9.8100
20.8900,7858.4721,-204.9309,-9.8100
20.9000,7856.4218,-205.0290,-9.8100
20.9100,7854.3705,-205.1271,-9.8100
20.9200,7852.3183,-205.2252,-9.8100
20.9300,7850.2650,-205.3233,-9.8100
20.9400,7848.2108,-205.4214,-9.8100
20.9500,7846.1556,-205.5195,-9.8100
20.9600,7844.0995,-205.6176,-9.8100
20.9700,7842.0423,-205.7157,-9.8100
20.9800,7839.9842,-205.8138,-9.8100
20.9900,7837.9251,-205.9119,-9.8100
21.0000,7835.8650,-206.0100,-9.8100
21.0100,7833.8039,-206.1081,-9.8100
21.0200,7831.7418,-206.2062,-9.8100
21.0300,7829.6788,-206.3043,-9.8100
21.0400,7827.6147,-206.4024,-9.8100
21.0500,7825.5497,-206.5005,-9.8100
21.0600,7823.4837,-206.5986,-9.8100
21.0700,7821.4168,-206.6967,-9.8100
21.0800,7819.3488,-206.7948,-9.8100
21.0900,7817.2799,-206.8929,-9.8100
21.1000,7815.2100,-206.9910,-9.8100
21.1100,7813.1391,-207.0891,-9.8100
21.1200,7811.0672,-207.1872,-9.8100
21.1300,7808.9944,-207.2853,-9.8100
21.1400,7806.9205,-207.3834,-9.8100
21.1500,7804.8457,-207.4815,-9.8100
21.1600,7802.7699,-207.5796,-9.8100
21.1700,7800.6932,-207.6777,-9.8100
21.1800,7798.6154,-207.7758,-9.8100
21.1900,7796.5367,-207.8739,-9.8100
21.2000,7794.4569,-207.9720,-9.8100
21.2100,7792.3762,-208.0701,-9.8100
21.2200,7790.2946,-208.1682,-9.8100
21.2300,7788.2119,-208.2663,-9.8100
21.2400,7786.1283,-208.3644,-9.8100
21.2500,7784.0436,-208.4625,-9.8100
21.2600,7781.9580,-208.5606,-9.8100
21.2700,7779.8714,-208.6587,-9.8100
21.2800,7777.7839,-208.7568,-9.8100
21.2900,7775.6953,-208.8549,-9.8100
21.3000,7773.6058,-208.9530,-9.8100
21.3100,7771.5153,-209.0511,-9.8100
21.3200,7769.4238,-209.1492,-9.8100
21.3300,7767.3313,-209.2473,-9.8100
21.3400,7765.2379,-209.3454,-9.8100
21.3500,7763.1434,-209.4435,-9.8100
21.3600,7761.0480,-209.5416,-9.8100
21.3700,7758.9516,-209.6397,-9.8100
21.3800,7756.8542,-209.7378,-9.8100
21.3900,7754.7559,-209.8359,-9.8100
21.4000,7752.6565,-209.9340,-9.8100
21.4100,7750.5562,-210.0321,-9.8100
21.4200,7748.4549,-210.1302,-9.8100
21.4300,7746.3526,-210.2283,-9.8100
21.4400,7744.2494,-210.3264,-9.8100
21.4500,7742.1451,-210.4245,-9.8100
21.4600,7740.0399,-210.5226,-9.8100
21.4700,7737.9337,-210.6207,-9.8100
21.4800,7735.8265,-210.7188,-9.8100
21.4900,7733.7183,-210.8169,-9.8100
21.5000,7731.6092,-210.9150,-9.8100
21.5100,7729.4990,-211.0131,-9.8100
21.5200,7727.3879,-211.1112,-9.8100
21.5300,7725.2758,-211.2093,-9.8100
21.5400,7723.1628,-211.3074,-9.8100
21.5500,7721.0487,-211.4055,-9.8100
21.5600,7718.9337,-211.5036,-9.8100
21.5700,7716.8177,-211.6017,-9.8100
21.5800,7714.7007,-211.6998,-9.8100
21.5900,7712.5827,-211.7979,-9.8100
21.6000,7710.4637,-211.8960,-9.8100
21.6100,7708.3438,-211.9941,-9.8100
21.6200,7706.2229,-212.0922,-9.8100
21.6300,7704.1010,-212.1903,-9.8100
21.6400,7701.9781,-212.2884,-9.8100
21.6500,7699.8542,-212.3865,-9.8100
21.6600,7697.7294,-212.4846,-9.8100
21.6700,7695.6035,-212.5827,-9.8100
21.6800,7693.4767,-212.6808,-9.8100
21.6900,7691.3489,-212.7789,-9.8100
21.7000,7689.2202,-212.8770,-9.8100
21.7100,7687.0904,-212.9751,-9.8100
21.7200,7684.9597,-213.0732,-9.8100
21.7300,7682.8280,-213.1713,-9.8100
21.7400,7680.6953,-213.2694,-9.8100
21.7500,7678.5616,-213.3675,-9.8100
21.7600,7676.4269,-213.4656,-9.8100
21.7700,7674.2913,-213.5637,-9.8100
21.7800,7672.1547,-213.6618,-9.8100
21.7900,7670.0171,-213.7599,-9.8100
21.8000,7667.8785,-213.8580,-9.8100
21.8100,7665.7389,-213.9561,-9.8100
21.8200,7663.5984,-214.0542,-9.8100
21.8300,7661.4569,-214.1523,-9.8100
21.8400,7659.3144,-214.2504,-9.8100
21.8500,7657.1709,-214.3485,-9.8100
21.8600,7655.0264,-214.4466,-9.8100
21.8700,7652.8810,-214.5447,-9.8100
21.8800,7650.7346,-214.6428,-9.8100
21.8900,7648.5871,-214.7409,-9.8100
21.9000,7646.4388,-214.8390,-9.8100
21.9100,7644.2894,-214.9371,-9.8100
21.9200,7642.1390,-215.0352,-9.8100
21.9300,7639.9877,-215.1333,-9.8100
21.9400,7637.8354,-215.2314,-9.8100
21.9500,7635.6821,-215.3295,-9.8100
21.9600,7633.5278,-215.4276,-9.8100
21.9700,7631.3726,-215.5257,-9.8100
21.9800,7629.2163,-215.6238,-9.8100
21.9900,7627.0591,-215.7219,-9.8100
22.0000,7624.9009,-215.8200,-9.8100
22.0100,7622.7417,-215.9181,-9.8100
22.0200,7620.5816,-216.0162,-9.8100
22.0300,7618.4204,-216.1143,-9.8100
22.0400,7616.2583,-216.2124,-9.8100
22.0500,7614.0952,-216.3105,-9.8100
22.0600,7611.9311,-216.4086,-9.8100
22.0700,7609.7660,-216.5067,-9.8100
22.0800,7607.6000,-216.6048,-9.8100
22.0900,7605.4330,-216.7029,-9.8100
22.1000,7603.2649,-216.8010,-9.8100
22.1100,7601.0960,-216.8991,-9.8100
22.1200,7598.9260,-216.9972,-9.8100
22.1300,7596.7550,-217.0953,-9.8100
22.1400,7594.5831,-217.1934,-9.8100
22.1500,7592.4102,-217.2915,-9.8100
22.1600,7590.2363,-217.3896,-9.8100
22.1700,7588.0614,-217.4877,-9.8100
22.1800,7585.8855,-217.5858,-9.8100
22.1900,7583.7087,-217.6839,-9.8100
22.2000,7581.5309,-217.7820,-9.8100
22.2100,7579.3521,-217.8801,-9.8100
22.2200,7577.1723,-217.9782,-9.8100
22.2300,7574.9915,-218.0763,-9.8100
22.2400,7572.8098,-218.1744,-9.8100
22.2500,7570.6271,-218.2725,-9.8100
22.2600,7568.4434,-218.3706,-9.8100
22.2700,7566.2587,-218.4687,-9.8100
22.2800,7564.0730,-218.5668,-9.8100
22.2900,7561.8864,-218.6649,-9.8100
22.3000,7559.6987,-218.7630,-9.8100
22.3100,7557.5101,-218.8611,-9.8100
22.3200,7555.3205,-218.9592,-9.8100
22.3300,7553.1300,-219.0573,-9.8100
22.3400,7550.9384,-219.1554,-9.8100
22.3500,7548.7459,-219.2535,-9.8100
22.3600,7546.5524,-219.3516,-9.8100
22.3700,7544.3579,-219.4497,-9.8100
22.3800,7542.1624,-219.5478,-9.8100
22.3900,7539.9659,-219.6459,-9.8100
22.4000,7537.7685,-219.7440,-9.8100
22.4100,7535.5701,-219.8421,-9.8100
22.4200,7533.3707,-219.9402,-9.8100
22.4300,7531.1703,-220.0383,-9.8100
22.4400,7528.9689,-220.1364,-9.8100
22.4500,7526.7666,-220.2345,-9.8100
22.4600,7524.5632,-220.3326,-9.8100
22.4700,7522.3589,-220.4307,-9.8100
22.4800,7520.1536,-220.5288,-9.8100
22.4900,7517.9474,-220.6269,-9.8100
22.5000,7515.7401,-220.7250,-9.8100
22.5100,7513.5319,-220.8231,-9.8100
22.5200,7511.3227,-220.9212,-9.8100
22.5300,7509.1125,-221.0193,-9.8100
22.5400,7506.9013,-221.1174,-9.8100
22.5500,7504.6892,-221.2155,-9.8100
22.5600,7502.4760,-221.3136,-9.8100
22.5700,7500.2619,-221.4117,-9.8100
22.5800,7498.0468,-221.5098,-9.8100
22.5900,7495.8307,-221.6079,-9.8100
22.6000,7493.6137,-221.7060,-9.8100
22.6100,7491.3956,-221.8041,-9.8100
22.6200,7489.1766,-221.9022,-9.8100
22.6300,7486.9566,-222.0003,-9.8100
22.6400,7484.7356,-222.0984,-9.8100
22.6500,7482.5137,-222.1965,-9.8100
22.6600,7480.2907,-222.2946,-9.8100
22.6700,7478.0668,-222.3927,-9.8100
22.6800,7475.8419,-222.4908,-9.8100
22.6900,7473.6160,-222.5889,-9.8100
22.7000,7471.3891,-222.6870,-9.8100
22.7100,7469.1613,-222.7851,-9.8100
22.7200,7466.9324,-222.8832,-9.8100
22.7300,7464.7026,-222.9813,-9.8100
22.7400,7462.4718,-223.0794,-9.8100
22.7500,7460.2401,-223.1775,-9.8100
22.7600,7458.0073,-223.2756,-9.8100
22.7700,7455.7736,-223.3737,-9.8100
22.7800,7453.5388,-223.4718,-9.8100
22.7900,7451.3031,-223.5699,-9.8100
22.8000,7449.0665,-223.6680,-9.8100
22.8100,7446.8288,-223.7661,-9.8100
22.8200,7444.5902,-223.8642,-9.8100
22.8300,7442.3505,-223.9623,-9.8100
22.8400,7440.1099,-224.0604,-9.8100
22.8500,7437.8683,-224.1585,-9.8100
22.8600,7435.6258,-224.2566,-9.8100
22.8700,7433.3822,-224.3547,-9.8100
22.8800,7431.1377,-224.4528,-9.8100
22.8900,7428.8922,-224.5509,-9.8100
22.9000,7426.6457,-224.6490,-9.8100
22.9100,7424.3982,-224.7471,-9.8100
22.9200,7422.1498,-224.8452,-9.8100
22.9300,7419.9003,-224.9433,-9.8100
22.9400,7417.6499,-225.0414,-9.8100
22.9500,7415.3985,-225.1395,-9.8100
22.9600,7413.1462,-225.2376,-9.8100
22.9700,7410.8928,-225.3357,-9.8100
22.9800,7408.6385,-225.4338,-9.8100
22.9900,7406.3832,-225.5319,-9.8100
23.0000,7404.1269,-225.6300,-9.8100
23.0100,7401.8696,-225.7281,-9.8100
23.0200,7399.6113,-225.8262,-9.8100
23.0300,7397.3521,-225.9243,-9.8100
23.0400,7395.0918,-226.0224,-9.8100
23.0500,7392.8306,-226.1205,-9.8100
23.0600,7390.5684,-226.2186,-9.8100
23.0700,7388.3053,-226.3167,-9.8100
23.0800,7386.0411,-226.4148,-9.8100
23.0900,7383.7760,-226.5129,-9.8100
23.1000,7381.5099,-226.6110,-9.8100
23.1100,7379.2428,-226.7091,-9.8100
23.1200,7376.9747,-226.8072,-9.8100
23.1300,7374.7057,-226.9053,-9.8100
23.1400,7372.4356,-227.0034,-9.8100
23.1500,7370.1646,-227.1015,-9.8100
23.1600,7367.8926,-227.1996,-9.8100
23.1700,7365.6197,-227.2977,-9.8100
23.1800,7363.3457,-227.3958,-9.8100
23.1900,7361.0708,-227.4939,-9.8100
23.2000,7358.7948,-227.5920,-9.8100
23.2100,7356.5179,-227.6901,-9.8100
23.2200,7354.2401,-227.7882,-9.8100
23.2300,7351.9612,-227.8863,-9.8100
23.2400,7349.6814,-227.9844,-9.8100
23.2500,7347.4005,-228.0825,-9.8100
23.2600,7345.1187,-228.1806,-9.8100
23.2700,7342.8359,-228.2787,-9.8100
23.2800,7340.5522,-228.3768,-9.8100
23.2900,7338.2674,-228.4749,-9.8100
23.3000,7335.9817,-228.5730,-9.8100
23.3100,7333.6950,-228.6711,-9.8100
23.3200,7331.4073,-228.7692,-9.8100
23.3300,7329.1186,-228.8673,-9.8100
23.3400,7326.8290,-228.9654,-9.8100
23.3500,7324.5383,-229.0635,-9.8100
23.3600,7322.2467,-229.1616,-9.8100
23.3700,7319.9541,-229.2597,-9.8100
23.3800,7317.6605,-229.3578,-9.8100
23.3900,7315.3660,-229.4559,-9.8100
23.4000,7313.0704,-229.5540,-9.8100
23.4100,7310.7739,-229.6521,-9.8100
23.4200,7308.4764,-229.7502,-9.8100
23.4300,7306.1779,-229.8483,-9.8100
23.4400,7303.8785,-229.9464,-9.8100
23.4500,7301.5780,-230.0445,-9.8100
23.4600,7299.2766,-230.1426,-9.8100
23.4700,7296.9742,-230.2407,-9.8100
23.4800,7294.6708,-230.3388,-9.8100
23.4900,7292.3664,-230.4369,-9.8100
23.5000,7290.0611,-230.5350,-9.8100
23.5100,7287.7547,-230.6331,-9.8100
23.5200,7285.4474,-230.7312,-9.8100
23.5300,7283.1391,-230.8293,-9.8100
23.5400,7280.8299,-230.9274,-9.8100
23.5500,7278.5196,-231.0255,-9.8100
23.5600,7276.2084,-231.1236,-9.8100
23.5700,7273.8962,-231.2217,-9.8100
23.5800,7271.5830,-231.3198,-9.8100
23.5900,7269.2688,-231.4179,-9.8100
23.6000,7266.9536,-231.5160,-9.8100
23.6100,7264.6375,-231.6141,-9.8100
23.6200,7262.3204,-231.7122,-9.8100
23.6300,7260.0023,-231.8103,-9.8100
23.6400,7257.6832,-231.9084,-9.8100
23.6500,7255.3631,-232.0065,-9.8100
23.6600,7253.0421,-232.1046,-9.8100
23.6700,7250.7200,-232.2027,-9.8100
23.6800,7248.3970,-232.3008,-9.8100
23.6900,7246.0730,-232.3989,-9.8100
23.7000,7243.7481,-232.4970,-9.8100
23.7100,7241.4221,-232.5951,-9.8100
23.7200,7239.0952,-232.6932,-9.8100
23.7300,7236.7673,-232.7913,-9.8100
23.7400,7234.4384,-232.8894,-9.8100
23.7500,7232.1085,-232.9875,-9.8100
23.7600,7229.7776,-233.0856,-9.8100
23.7700,7227.4458,-233.1837,-9.8100
23.7800,7225.1130,-233.2818,-9.8100
23.7900,7222.7792,-233.3799,-9.8100
23.8000,7220.4444,-233.4780,-9.8100
23.8100,7218.1086,-233.5761,-9.8100
23.8200,7215.7719,-233.6742,-9.8100
23.8300,7213.4342,-233.7723,-9.8100
23.8400,7211.0955,-233.8704,-9.8100
23.8500,7208.7558,-233.9685,-9.8100
23.8600,7206.4151,-234.0666,-9.8100
23.8700,7204.0735,-234.1647,-9.8100
23.8800,7201.7309,-234.2628,-9.8100
23.8900,7199.3872,-234.3609,-9.8100
23.9000,7197.0427,-234.4590,-9.8100
23.9100,7194.6971,-234.5571,-9.8100
23.9200,7192.3505,-234.6552,-9.8100
23.9300,7190.0030,-234.7533,-9.8100
23.9400,7187.6545,-234.8514,-9.8100
23.9500,7185.3050,-234.9495,-9.8100
23.9600,7182.9545,-235.0476,-9.8100
23.9700,7180.6031,-235.1457,-9.8100
23.9800,7178.2506,-235.2438,-9.8100
23.9900,7175.8972,-235.3419,-9.8100
24.0000,7173.5428,-235.4400,-9.8100
24.0100,7171.1874,-235.5381,-9.8100
24.0200,7168.8311,-235.6362,-9.8100
24.0300,7166.4737,-235.7343,-9.8100
24.0400,7164.1154,-235.8324,-9.8100
24.0500,7161.7561,-235.9305,-9.8100
24.0600,7159.3958,-236.0286,-9.8100
24.0700,7157.0345,-236.1267,-9.8100
24.0800,7154.6723,-236.2248,-9.8100
24.0900,7152.3091,-236.3229,-9.8100
24.1000,7149.9448,-236.4210,-9.8100
24.1100,7147.5797,-236.5191,-9.8100
24.1200,7145.2135,-236.6172,-9.8100
24.1300,7142.8463,-236.7153,-9.8100
24.1400,7140.4782,-236.8134,-9.8100
24.1500,7138.1091,-236.9115,-9.8100
24.1600,7135.7390,-237.0096,-9.8100
24.1700,7133.3679,-237.1077,-9.8100
24.1800,7130.9958,-237.2058,-9.8100
24.1900,7128.6228,-237.3039,-9.8100
24.2000,7126.2488,-237.4020,-9.8100
24.2100,7123.8738,-237.5001,-9.8100
24.2200,7121.4978,-237.5982,-9.8100
24.2300,7119.1208,-237.6963,-9.8100
24.2400,7116.7429,-237.7944,-9.8100
24.2500,7114.3640,-237.8925,-9.8100
24.2600,7111.9841,-237.9906,-9.8100
24.2700,7109.6032,-238.0887,-9.8100
24.2800,7107.2213,-238.1868,-9.8100
24.2900,7104.8385,-238.2849,-9.8100
24.3000,7102.4546,-238.3830,-9.8100
24.3100,7100.0698,-238.4811,-9.8100
24.3200,7097.6840,-238.5792,-9.8100
24.3300,7095.2973,-238.6773,-9.8100
24.3400,7092.9095,-238.7754,-9.8100
24.3500,7090.5208,-238.8735,-9.8100
24.3600,7088.1311,-238.9716,-9.8100
24.3700,7085.7404,-239.0697,-9.8100
24.3800,7083.3487,-239.1678,-9.8100
24.3900,7080.9560,-239.2659,-9.8100
24.4000,7078.5624,-239.3640,-9.8100
24.4100,7076.1678,-239.4621,-9.8100
24.4200,7073.7722,-239.5602,-9.8100
24.4300,7071.3756,-239.6583,-9.8100
24.4400,7068.9780,-239.7564,-9.8100
24.4500,7066.5795,-239.8545,-9.8100
24.4600,7064.1799,-239.9526,-9.8100
24.4700,7061.7794,-240.0507,-9.8100
24.4800,7059.3779,-240.1488,-9.8100
24.4900,7056.9755,-240.2469,-9.8100
24.5000,7054.5720,-240.3450,-9.8100
24.5100,7052.1676,-240.4431,-9.8100
24.5200,7049.7622,-240.5412,-9.8100
24.5300,7047.3558,-240.6393,-9.8100
24.5400,7044.9484,-240.7374,-9.8100
24.5500,7042.5401,-240.8355,-9.8100
24.5600,7040.1307,-240.9336,-9.8100
24.5700,7037.7204,-241.0317,-9.8100
24.5800,7035.3091,-241.1298,-9.8100
24.5900,7032.8968,-241.2279,-9.8100
24.6000,7030.4836,-241.3260,-9.8100
24.6100,7028.0693,-241.4241,-9.8100
24.6200,7025.6541,-241.5222,-9.8100
24.6300,7023.2379,-241.6203,-9.8100
24.6400,7020.8207,-241.7184,-9.8100
24.6500,7018.4026,-241.8165,-9.8100
24.6600,7015.9834,-241.9146,-9.8100
24.6700,7013.5633,-242.0127,-9.8100
24.6800,7011.1422,-242.1108,-9.8100
24.6900,7008.7201,-242.2089,-9.8100
24.7000,7006.2970,-242.3070,-9.8100
24.7100,7003.8730,-242.4051,-9.8100
24.7200,7001.4479,-242.5032,-9.8100
24.7300,6999.0219,-242.6013,-9.8100
24.7400,6996.5949,-242.6994,-9.8100
24.7500,6994.1670,-242.7975,-9.8100
24.7600,6991.7380,-242.8956,-9.8100
24.7700,6989.3081,-242.9937,-9.8100
24.7800,6986.8771,-243.0918,-9.8100
24.7900,6984.4452,-243.1899,-9.8100
24.8000,6982.0124,-243.2880,-9.8100
24.8100,6979.5785,-243.3861,-9.8100
24.8200,6977.1437,-243.4842,-9.8100
24.8300,6974.7078,-243.5823,-9.8100
24.8400,6972.2710,-243.6804,-9.8100
24.8500,6969.8332,-243.7785,-9.8100
24.8600,6967.3945,-243.8766,-9.8100
24.8700,6964.9547,-243.9747,-9.8100
24.8800,6962.5140,-244.0728,-9.8100
24.8900,6960.0723,-244.1709,-9.8100
24.9000,6957.6296,-244.2690,-9.8100
24.9100,6955.1859,-244.3671,-9.8100
24.9200,6952.7413,-244.4652,-9.8100
24.9300,6950.2956,-244.5633,-9.8100
24.9400,6947.8490,-244.6614,-9.8100
24.9500,6945.4014,-244.7595,-9.8100
24.9600,6942.9529,-244.8576,-9.8100
24.9700,6940.5033,-244.9557,-9.8100
24.9800,6938.0528,-245.0538,-9.8100
24.9900,6935.6013,-245.1519,-9.8100
25.0000,6933.1488,-245.2500,-9.8100
25.0100,6930.6953,-245.3481,-9.8100
25.0200,6928.2408,-245.4462,-9.8100
25.0300,6925.7854,-245.5443,-9.8100
25.0400,6923.3289,-245.6424,-9.8100
25.0500,6920.8715,-245.7405,-9.8100
25.0600,6918.4131,-245.8386,-9.8100
25.0700,6915.9538,-245.9367,-9.8100
25.0800,6913.4934,-246.0348,-9.8100
25.0900,6911.0321,-246.1329,-9.8100
25.1000,6908.5698,-246.2310,-9.8100
25.1100,6906.1065,-246.3291,-9.8100
25.1200,6903.6422,-246.4272,-9.8100
25.1300,6901.1770,-246.5253,-9.8100
25.1400,6898.7107,-246.6234,-9.8100
25.1500,6896.2435,-246.7215,-9.8100
25.1600,6893.7753,-246.8196,-9.8100
25.1700,6891.3062,-246.9177,-9.8100
25.1800,6888.8360,-247.0158,-9.8100
25.1900,6886.3649,-247.1139,-9.8100
25.2000,6883.8927,-247.2120,-9.8100
25.2100,6881.4196,-247.3101,-9.8100
25.2200,6878.9456,-247.4082,-9.8100
25.2300,6876.4705,-247.5063,-9.8100
25.2400,6873.9945,-247.6044,-9.8100
25.2500,6871.5174,-247.7025,-9.8100
25.2600,6869.0394,-247.8006,-9.8100
25.2700,6866.5604,-247.8987,-9.8100
25.2800,6864.0805,-247.9968,-9.8100
25.2900,6861.5995,-248.0949,-9.8100
25.3000,6859.1176,-248.1930,-9.8100
25.3100,6856.6347,-248.2911,-9.8100
25.3200,6854.1508,-248.3892,-9.8100
25.3300,6851.6659,-248.4873,-9.8100
25.3400,6849.1801,-248.5854,-9.8100
25.3500,6846.6932,-248.6835,-9.8100
25.3600,6844.2054,-248.7816,-9.8100
25.3700,6841.7166,-248.8797,-9.8100
25.3800,6839.2268,-248.9778,-9.8100
25.3900,6836.7361,-249.0759,-9.8100
25.4000,6834.2443,-249.1740,-9.8100
25.4100,6831.7516,-249.2721,-9.8100
25.4200,6829.2579,-249.3702,-9.8100
25.4300,6826.7632,-249.4683,-9.8100
25.4400,6824.2676,-249.5664,-9.8100
25.4500,6821.7709,-249.6645,-9.8100
25.4600,6819.2733,-249.7626,-9.8100
25.4700,6816.7747,-249.8607,-9.8100
25.4800,6814.2751,-249.9588,-9.8100
25.4900,6811.7745,-250.0569,-9.8100
25.5000,6809.2730,-250.1550,-9.8100
25.5100,6806.7704,-250.2531,-9.8100
25.5200,6804.2669,-250.3512,-9.8100
25.5300,6801.7624,-250.4493,-9.8100
25.5400,6799.2570,-250.5474,-9.8100
25.5500,6796.7505,-250.6455,-9.8100
25.5600,6794.2431,-250.7436,-9.8100
25.5700,6791.7347,-250.8417,-9.8100
25.5800,6789.2253,-250.9398,-9.8100
25.5900,6786.7149,-251.0379,-9.8100
25.6000,6784.2035,-251.1360,-9.8100
25.6100,6781.6912,-251.2341,-9.8100
25.6200,6779.1779,-251.3322,-9.8100
25.6300,6776.6636,-251.4303,-9.8100
25.6400,6774.1483,-251.5284,-9.8100
25.6500,6771.6320,-251.6265,-9.8100
25.6600,6769.1148,-251.7246,-9.8100
25.6700,6766.5965,-251.8227,-9.8100
25.6800,6764.0773,-251.9208,-9.8100
25.6900,6761.5571,-252.0189,-9.8100
25.7000,6759.0360,-252.1170,-9.8100
25.7100,6756.5138,-252.2151,-9.8100
25.7200,6753.9907,-252.3132,-9.8100
25.7300,6751.4666,-252.4113,-9.8100
25.7400,6748.9415,-252.5094,-9.8100
25.7500,6746.4154,-252.6075,-9.8100
25.7600,6743.8883,-252.7056,-9.8100
25.7700,6741.3603,-252.8037,-9.8100
25.7800,6738.8313,-252.9018,-9.8100
25.7900,6736.3013,-252.9999,-9.8100
25.8000,6733.7703,-253.0980,-9.8100
25.8100,6731.2383,-253.1961,-9.8100
25.8200,6728.7054,-253.2942,-9.8100
25.8300,6726.1715,-253.3923,-9.8100
25.8400,6723.6366,-253.4904,-9.8100
25.8500,6721.1007,-253.5885,-9.8100
25.8600,6718.5638,-253.6866,-9.8100
25.8700,6716.0260,-253.7847,-9.8100
25.8800,6713.4872,-253.8828,-9.8100
25.8900,6710.9473,-253.9809,-9.8100
25.9000,6708.4066,-254.0790,-9.8100
25.9100,6705.8648,-254.1771,-9.8100
25.9200,6703.3220,-254.2752,-9.8100
25.9300,6700.7783,-254.3733,-9.8100
25.9400,6698.2336,-254.4714,-9.8100
25.9500,6695.6879,-254.5695,-9.8100
25.9600,6693.1412,-254.6676,-9.8100
25.9700,6690.5936,-254.7657,-9.8100
25.9800,6688.0449,-254.8638,-9.8100
25.9900,6685.4953,-254.9619,-9.8100
26.0000,6682.9447,-255.0600,-9.8100
26.0100,6680.3931,-255.1581,-9.8100
26.0200,6677.8406,-255.2562,-9.8100
26.0300,6675.2870,-255.3543,-9.8100
26.0400,6672.7325,-255.4524,-9.8100
26.0500,6670.1770,-255.5505,-9.8100
26.0600,6667.6205,-255.6486,-9.8100
26.0700,6665.0630,-255.7467,-9.8100
26.0800,6662.5046,-255.8448,-9.8100
26.0900,6659.9452,-255.9429,-9.8100
26.1000,6657.3847,-256.0410,-9.8100
26.1100,6654.8234,-256.1391,-9.8100
26.1200,6652.2610,-256.2372,-9.8100
26.1300,6649.6976,-256.3353,-9.8100
26.1400,6647.1333,-256.4334,-9.8100
26.1500,6644.5680,-256.5315,-9.8100
26.1600,6642.0017,-256.6296,-9.8100
26.1700,6639.4344,-256.7277,-9.8100
26.1800,6636.8661,-256.8258,-9.8100
26.1900,6634.2969,-256.9239,-9.8100
26.2000,6631.7267,-257.0220,-9.8100
26.2100,6629.1555,-257.1201,-9.8100
26.2200,6626.5833,-257.2182,-9.8100
26.2300,6624.0101,-257.3163,-9.8100
26.2400,6621.4360,-257.4144,-9.8100
26.2500,6618.8609,-257.5125,-9.8100
26.2600,6616.2848,-257.6106,-9.8100
26.2700,6613.7077,-257.7087,-9.8100
26.2800,6611.1296,-257.8068,-9.8100
26.2900,6608.5506,-257.9049,-9.8100
26.3000,6605.9705,-258.0030,-9.8100
26.3100,6603.3895,-258.1011,-9.8100
26.3200,6600.8075,-258.1992,-9.8100
26.3300,6598.2246,-258.2973,-9.8100
26.3400,6595.6406,-258.3954,-9.8100
26.3500,6593.0557,-258.4935,-9.8100
26.3600,6590.4698,-258.5916,-9.8100
26.3700,6587.8829,-258.6897,-9.8100
26.3800,6585.2950,-258.7878,-9.8100
26.3900,6582.7061,-258.8859,-9.8100
26.4000,6580.1163,-258.9840,-9.8100
26.4100,6577.5255,-259.0821,-9.8100
26.4200,6574.9337,-259.1802,-9.8100
26.4300,6572.3409,-259.2783,-9.8100
26.4400,6569.7471,-259.3764,-9.8100
26.4500,6567.1524,-259.4745,-9.8100
26.4600,6564.5566,-259.5726,-9.8100
26.4700,6561.9599,-259.6707,-9.8100
26.4800,6559.3622,-259.7688,-9.8100
26.4900,6556.7636,-259.8669,-9.8100
26.5000,6554.1639,-259.9650,-9.8100
26.5100,6551.5633,-260.0631,-9.8100
26.5200,6548.9617,-260.1612,-9.8100
26.5300,6546.3591,-260.2593,-9.8100
26.5400,6543.7555,-260.3574,-9.8100
26.5500,6541.1510,-260.4555,-9.8100
26.5600,6538.5454,-260.5536,-9.8100
26.5700,6535.9389,-260.6517,-9.8100
26.5800,6533.3314,-260.7498,-9.8100
26.5900,6530.7229,-260.8479,-9.8100
26.6000,6528.1135,-260.9460,-9.8100
26.6100,6525.5030,-261.0441,-9.8100
26.6200,6522.8916,-261.1422,-9.8100
26.6300,6520.2792,-261.2403,-9.8100
26.6400,6517.6658,-261.3384,-9.8100
26.6500,6515.0515,-261.4365,-9.8100
26.6600,6512.4361,-261.5346,-9.8100
26.6700,6509.8198,-261.6327,-9.8100
26.6800,6507.2025,-261.7308,-9.8100
26.6900,6504.5842,-261.8289,-9.8100
26.7000,6501.9649,-261.9270,-9.8100
26.7100,6499.3447,-262.0251,-9.8100
26.7200,6496.7234,-262.1232,-9.8100
26.7300,6494.1012,-262.2213,-9.8100
26.7400,6491.4780,-262.3194,-9.8100
26.7500,6488.8539,-262.4175,-9.8100
26.7600,6486.2287,-262.5156,-9.8100
26.7700,6483.6026,-262.6137,-9.8100
26.7800,6480.9754,-262.7118,-9.8100
26.7900,6478.3473,-262.8099,-9.8100
26.8000,6475.7183,-262.9080,-9.8100
26.8100,6473.0882,-263.0061,-9.8100
26.8200,6470.4572,-263.1042,-9.8100
26.8300,6467.8251,-263.2023,-9.8100
26.8400,6465.1921,-263.3004,-9.8100
26.8500,6462.5581,-263.3985,-9.8100
26.8600,6459.9232,-263.4966,-9.8100
26.8700,6457.2872,-263.5947,-9.8100
26.8800,6454.6503,-263.6928,-9.8100
26.8900,6452.0124,-263.7909,-9.8100
26.9000,6449.3735,-263.8890,-9.8100
26.9100,6446.7336,-263.9871,-9.8100
26.9200,6444.0928,-264.0852,-9.8100
26.9300,6441.4509,-264.1833,-9.8100
26.9400,6438.8081,-264.2814,-9.8100
26.9500,6436.1643,-264.3795,-9.8100
26.9600,6433.5196,-264.4776,-9.8100
26.9700,6430.8738,-264.5757,-9.8100
26.9800,6428.2271,-264.6738,-9.8100
26.9900,6425.5794,-264.7719,-9.8100
27.0000,6422.9307,-264.8700,-9.8100
27.0100,6420.2810,-264.9681,-9.8100
27.0200,6417.6303,-265.0662,-9.8100
27.0300,6414.9787,-265.1643,-9.8100
27.0400,6412.3260,-265.2624,-9.8100
27.0500,6409.6724,-265.3605,-9.8100
27.0600,6407.0178,-265.4586,-9.8100
27.0700,6404.3623,-265.5567,-9.8100
27.0800,6401.7057,-265.6548,-9.8100
27.0900,6399.0482,-265.7529,-9.8100
27.1000,6396.3897,-265.8510,-9.8100
27.1100,6393.7302,-265.9491,-9.8100
27.1200,6391.0697,-266.0472,-9.8100
27.1300,6388.4083,-266.1453,-9.8100
27.1400,6385.7458,-266.2434,-9.8100
27.1500,6383.0824,-266.3415,-9.8100
27.1600,6380.4180,-266.4396,-9.8100
27.1700,6377.7527,-266.5377,-9.8100
27.1800,6375.0863,-266.6358,-9.8100
27.1900,6372.4190,-266.7339,-9.8100
27.2000,6369.7506,-266.8320,-9.8100
27.2100,6367.0813,-266.9301,-9.8100
27.2200,6364.4111,-267.0282,-9.8100
27.2300,6361.7398,-267.1263,-9.8100
27.2400,6359.0676,-267.2244,-9.8100
27.2500,6356.3943,-267.3225,-9.8100
27.2600,6353.7201,-267.4206,-9.8100
27.2700,6351.0449,-267.5187,-9.8100
27.2800,6348.3688,-267.6168,-9.8100
27.2900,6345.6916,-267.7149,-9.8100
27.3000,6343.0135,-267.8130,-9.8100
27.3100,6340.3344,-267.9111,-9.8100
27.3200,6337.6543,-268.0092,-9.8100
27.3300,6334.9732,-268.1073,-9.8100
27.3400,6332.2912,-268.2054,-9.8100
27.3500,6329.6081,-268.3035,-9.8100
27.3600,6326.9241,-268.4016,-9.8100
27.3700,6324.2391,-268.4997,-9.8100
27.3800,6321.5531,-268.5978,-9.8100
27.3900,6318.8662,-268.6959,-9.8100
27.4000,6316.1782,-268.7940,-9.8100
27.4100,6313.4893,-268.8921,-9.8100
27.4200,6310.7994,-268.9902,-9.8100
27.4300,6308.1085,-269.0883,-9.8100
27.4400,6305.4167,-269.1864,-9.8100
27.4500,6302.7238,-269.2845,-9.8100
27.4600,6300.0300,-269.3826,-9.8100
27.4700,6297.3352,-269.4807,-9.8100
27.4800,6294.6394,-269.5788,-9.8100
27.4900,6291.9426,-269.6769,-9.8100
27.5000,6289.2449,-269.7750,-9.8100
27.5100,6286.5461,-269.8731,-9.8100
27.5200,6283.8464,-269.9712,-9.8100
27.5300,6281.1457,-270.0693,-9.8100
27.5400,6278.4441,-270.1674,-9.8100
27.5500,6275.7414,-270.2655,-9.8100
27.5600,6273.0378,-270.3636,-9.8100
27.5700,6270.3332,-270.4617,-9.8100
27.5800,6267.6276,-270.5598,-9.8100
27.5900,6264.9210,-270.6579,-9.8100
27.6000,6262.2134,-270.7560,-9.8100
27.6100,6259.5049,-270.8541,-9.8100
27.6200,6256.7954,-270.9522,-9.8100
27.6300,6254.0849,-271.0503,-9.8100
27.6400,6251.3734,-271.1484,-9.8100
27.6500,6248.6609,-271.2465,-9.8100
27.6600,6245.9475,-271.3446,-9.8100
27.6700,6243.2330,-271.4427,-9.8100
27.6800,6240.5176,-271.5408,-9.8100
27.6900,6237.8012,-271.6389,-9.8100
27.7000,6235.0839,-271.7370,-9.8100
27.7100,6232.3655,-271.8351,-9.8100
27.7200,6229.6462,-271.9332,-9.8100
27.7300,6226.9259,-272.0313,-9.8100
27.7400,6224.2046,-272.1294,-9.8100
27.7500,6221.4823,-272.2275,-9.8100
27.7600,6218.7590,-272.3256,-9.8100
27.7700,6216.0348,-272.4237,-9.8100
27.7800,6213.3096,-272.5218,-9.8100
27.7900,6210.5834,-272.6199,-9.8100
27.8000,6207.8562,-272.7180,-9.8100
27.8100,6205.1280,-272.8161,-9.8100
27.8200,6202.3989,-272.9142,-9.8100
27.8300,6199.6688,-273.0123,-9.8100
27.8400,6196.9377,-273.1104,-9.8100
27.8500,6194.2056,-273.2085,-9.8100
27.8600,6191.4725,-273.3066,-9.8100
27.8700,6188.7385,-273.4047,-9.8100
27.8800,6186.0035,-273.5028,-9.8100
27.8900,6183.2674,-273.6009,-9.8100
27.9000,6180.5305,-273.6990,-9.8100
27.9100,6177.7925,-273.7971,-9.8100
27.9200,6175.0535,-273.8952,-9.8100
27.9300,6172.3136,-273.9933,-9.8100
27.9400,6169.5727,-274.0914,-9.8100
27.9500,6166.8308,-274.1895,-9.8100
27.9600,6164.0879,-274.2876,-9.8100
27.9700,6161.3441,-274.3857,-9.8100
27.9800,6158.5992,-274.4838,-9.8100
27.9900,6155.8534,-274.5819,-9.8100
28.0000,6153.1066,-274.6800,-9.8100
28.0100,6150.3588,-274.7781,-9.8100
28.0200,6147.6101,-274.8762,-9.8100
28.0300,6144.8603,-274.9743,-9.8100
28.0400,6142.1096,-275.0724,-9.8100
28.0500,6139.3579,-275.1705,-9.8100
28.0600,6136.6052,-275.2686,-9.8100
28.0700,6133.8515,-275.3667,-9.8100
28.0800,6131.0969,-275.4648,-9.8100
28.0900,6128.3413,-275.5629,-9.8100
28.1000,6125.5846,-275.6610,-9.8100
28.1100,6122.8271,-275.7591,-9.8100
28.1200,6120.0685,-275.8572,-9.8100
28.1300,6117.3089,-275.9553,-9.8100
28.1400,6114.5484,-276.0534,-9.8100
28.1500,6111.7869,-276.1515,-9.8100
28.1600,6109.0244,-276.2496,-9.8100
28.1700,6106.2609,-276.3477,-9.8100
28.1800,6103.4964,-276.4458,-9.8100
28.1900,6100.7310,-276.5439,-9.8100
28.2000,6097.9646,-276.6420,-9.8100
28.2100,6095.1972,-276.7401,-9.8100
28.2200,6092.4288,-276.8382,-9.8100
28.2300,6089.6594,-276.9363,-9.8100
28.2400,6086.8891,-277.0344,-9.8100
28.2500,6084.1178,-277.1325,-9.8100
28.2600,6081.3455,-277.2306,-9.8100
28.2700,6078.5722,-277.3287,-9.8100
28.2800,6075.7979,-277.4268,-9.8100
28.2900,6073.0227,-277.5249,-9.8100
28.3000,6070.2464,-277.6230,-9.8100
28.3100,6067.4692,-277.7211,-9.8100
28.3200,6064.6910,-277.8192,-9.8100
28.3300,6061.9119,-277.9173,-9.8100
28.3400,6059.1317,-278.0154,-9.8100
28.3500,6056.3506,-278.1135,-9.8100
28.3600,6053.5685,-278.2116,-9.8100
28.3700,6050.7854,-278.3097,-9.8100
28.3800,6048.0013,-278.4078,-9.8100
28.3900,6045.2162,-278.5059,-9.8100
28.4000,6042.4302,-278.6040,-9.8100
28.4100,6039.6432,-278.7021,-9.8100
28.4200,6036.8552,-278.8002,-9.8100
28.4300,6034.0662,-278.8983,-9.8100
28.4400,6031.2762,-278.9964,-9.8100
28.4500,6028.4853,-279.0945,-9.8100
28.4600,6025.6933,-279.1926,-9.8100
28.4700,6022.9004,-279.2907,-9.8100
28.4800,6020.1065,-279.3888,-9.8100
28.4900,6017.3117,-279.4869,-9.8100
28.5000,6014.5158,-279.5850,-9.8100
28.5100,6011.7190,-279.6831,-9.8100
28.5200,6008.9212,-279.7812,-9.8100
28.5300,6006.1224,-279.8793,-9.8100
28.5400,6003.3226,-279.9774,-9.8100
28.5500,6000.5219,-280.0755,-9.8100
28.5600,5997.7201,-280.1736,-9.8100
28.5700,5994.9174,-280.2717,-9.8100
28.5800,5992.1137,-280.3698,-9.8100
28.5900,5989.3090,-280.4679,-9.8100
28.6000,5986.5034,-280.5660,-9.8100
28.6100,5983.6967,-280.6641,-9.8100
28.6200,5980.8891,-280.7622,-9.8100
28.6300,5978.0805,-280.8603,-9.8100
28.6400,5975.2709,-280.9584,-9.8100
28.6500,5972.4604,-281.0565,-9.8100
28.6600,5969.6488,-281.1546,-9.8100
28.6700,5966.8363,-281.2527,-9.8100
28.6800,5964.0228,-281.3508,-9.8100
28.6900,5961.2083,-281.4489,-9.8100
28.7000,5958.3928,-281.5470,-9.8100
28.7100,5955.5764,-281.6451,-9.8100
28.7200,5952.7589,-281.7432,-9.8100
28.7300,5949.9405,-281.8413,-9.8100
28.7400,5947.1211,-281.9394,-9.8100
28.7500,5944.3008,-282.0375,-9.8100
28.7600,5941.4794,-282.1356,-9.8100
28.7700,5938.6571,-282.2337,-9.8100
28.7800,5935.8337,-282.3318,-9.8100
28.7900,5933.0094,-282.4299,-9.8100
28.8000,5930.1842,-282.5280,-9.8100
28.8100,5927.3579,-282.6261,-9.8100
28.8200,5924.5307,-282.7242,-9.8100
28.8300,5921.7024,-282.8223,-9.8100
28.8400,5918.8732,-282.9204,-9.8100
28.8500,5916.0430,-283.0185,-9.8100
28.8600,5913.2119,-283.1166,-9.8100
28.8700,5910.3797,-283.2147,-9.8100
28.8800,5907.5466,-283.3128,-9.8100
28.8900,5904.7125,-283.4109,-9.8100
28.9000,5901.8774,-283.5090,-9.8100
28.9100,5899.0413,-283.6071,-9.8100
28.9200,5896.2043,-283.7052,-9.8100
28.9300,5893.3662,-283.8033,-9.8100
28.9400,5890.5272,-283.9014,-9.8100
28.9500,5887.6872,-283.9995,-9.8100
28.9600,5884.8463,-284.0976,-9.8100
28.9700,5882.0043,-284.1957,-9.8100
28.9800,5879.1614,-284.2938,-9.8100
28.9900,5876.3175,-284.3919,-9.8100
29.0000,5873.4726,-284.4900,-9.8100
29.0100,5870.6267,-284.5881,-9.8100
29.0200,5867.7798,-284.6862,-9.8100
29.0300,5864.9320,-284.7843,-9.8100
29.0400,5862.0831,-284.8824,-9.8100
29.0500,5859.2333,-284.9805,-9.8100
29.0600,5856.3825,-285.0786,-9.8100
29.0700,5853.5308,-285.1767,-9.8100
29.0800,5850.6780,-285.2748,-9.8100
29.0900,5847.8243,-285.3729,-9.8100
29.1000,5844.9696,-285.4710,-9.8100
29.1100,5842.1139,-285.5691,-9.8100
29.1200,5839.2572,-285.6672,-9.8100
29.1300,5836.3996,-285.7653,-9.8100
29.1400,5833.5409,-285.8634,-9.8100
29.1500,5830.6813,-285.9615,-9.8100
29.1600,5827.8207,-286.0596,-9.8100
29.1700,5824.9592,-286.1577,-9.8100
29.1800,5822.0966,-286.2558,-9.8100
29.1900,5819.2331,-286.3539,-9.8100
29.2000,5816.3685,-286.4520,-9.8100
29.2100,5813.5030,-286.5501,-9.8100
29.2200,5810.6366,-286.6482,-9.8100
29.2300,5807.7691,-286.7463,-9.8100
29.2400,5804.9007,-286.8444,-9.8100
29.2500,5802.0312,-286.9425,-9.8100
29.2600,5799.1608,-287.0406,-9.8100
29.2700,5796.2894,-287.1387,-9.8100
29.2800,5793.4171,-287.2368,-9.8100
29.2900,5790.5437,-287.3349,-9.8100
29.3000,5787.6694,-287.4330,-9.8100
29.3100,5784.7941,-287.5311,-9.8100
29.3200,5781.9178,-287.6292,-9.8100
29.3300,5779.0405,-287.7273,-9.8100
29.3400,5776.1623,-287.8254,-9.8100
29.3500,5773.2830,-287.9235,-9.8100
29.3600,5770.4028,-288.0216,-9.8100
29.3700,5767.5216,-288.1197,-9.8100
29.3800,5764.6394,-288.2178,-9.8100
29.3900,5761.7563,-288.3159,-9.8100
29.4000,5758.8721,-288.4140,-9.8100
29.4100,5755.9870,-288.5121,-9.8100
29.4200,5753.1009,-288.6102,-9.8100
29.4300,5750.2138,-288.7083,-9.8100
29.4400,5747.3258,-288.8064,-9.8100
29.4500,5744.4367,-288.9045,-9.8100
29.4600,5741.5467,-289.0026,-9.8100
29.4700,5738.6557,-289.1007,-9.8100
29.4800,5735.7637,-289.1988,-9.8100
29.4900,5732.8707,-289.2969,-9.8100
29.5000,5729.9768,-289.3950,-9.8100
29.5100,5727.0818,-289.4931,-9.8100
29.5200,5724.1859,-289.5912,-9.8100
29.5300,5721.2890,-289.6893,-9.8100
29.5400,5718.3912,-289.7874,-9.8100
29.5500,5715.4923,-289.8855,-9.8100
29.5600,5712.5925,-289.9836,-9.8100
29.5700,5709.6917,-290.0817,-9.8100
29.5800,5706.7899,-290.1798,-9.8100
29.5900,5703.8871,-290.2779,-9.8100
29.6000,5700.9833,-290.3760,-9.8100
29.6100,5698.0786,-290.4741,-9.8100
29.6200,5695.1729,-290.5722,-9.8100
29.6300,5692.2662,-290.6703,-9.8100
29.6400,5689.3585,-290.7684,-9.8100
29.6500,5686.4498,-290.8665,-9.8100
29.6600,5683.5402,-290.9646,-9.8100
29.6700,5680.6295,-291.0627,-9.8100
29.6800,5677.7179,-291.1608,-9.8100
29.6900,5674.8053,-291.2589,-9.8100
29.7000,5671.8918,-291.3570,-9.8100
29.7100,5668.9772,-291.4551,-9.8100
29.7200,5666.0617,-291.5532,-9.8100
29.7300,5663.1452,-291.6513,-9.8100
29.7400,5660.2277,-291.7494,-9.8100
29.7500,5657.3092,-291.8475,-9.8100
29.7600,5654.3897,-291.9456,-9.8100
29.7700,5651.4693,-292.0437,-9.8100
29.7800,5648.5479,-292.1418,-9.8100
29.7900,5645.6255,-292.2399,-9.8100
29.8000,5642.7021,-292.3380,-9.8100
29.8100,5639.7777,-292.4361,-9.8100
29.8200,5636.8524,-292.5342,-9.8100
29.8300,5633.9261,-292.6323,-9.8100
29.8400,5630.9988,-292.7304,-9.8100
29.8500,5628.0705,-292.8285,-9.8100
29.8600,5625.1412,-292.9266,-9.8100
29.8700,5622.2110,-293.0247,-9.8100
29.8800,5619.2798,-293.1228,-9.8100
29.8900,5616.3475,-293.2209,-9.8100
29.9000,5613.4144,-293.3190,-9.8100
29.9100,5610.4802,-293.4171,-9.8100
29.9200,5607.5450,-293.5152,-9.8100
29.9300,5604.6089,-293.6133,-9.8100
29.9400,5601.6718,-293.7114,-9.8100
29.9500,5598.7337,-293.8095,-9.8100
29.9600,5595.7946,-293.9076,-9.8100
29.9700,5592.8546,-294.0057,-9.8100
29.9800,5589.9135,-294.1038,-9.8100
29.9900,5586.9715,-294.2019,-9.8100
30.0000,5584.0285,-294.3000,-9.8100
30.0100,5581.0845,-294.3981,-9.8100
30.0200,5578.1396,-294.4962,-9.8100
30.0300,5575.1936,-294.5943,-9.8100
30.0400,5572.2467,-294.6924,-9.8100
30.0500,5569.2988,-294.7905,-9.8100
30.0600,5566.3499,-294.8886,-9.8100
30.0700,5563.4000,-294.9867,-9.8100
30.0800,5560.4492,-295.0848,-9.8100
30.0900,5557.4974,-295.1829,-9.8100
30.1000,5554.5445,-295.2810,-9.8100
30.1100,5551.5908,-295.3791,-9.8100
30.1200,5548.6360,-295.4772,-9.8100
30.1300,5545.6802,-295.5753,-9.8100
30.1400,5542.7235,-295.6734,-9.8100
30.1500,5539.7658,-295.7715,-9.8100
30.1600,5536.8071,-295.8696,-9.8100
30.1700,5533.8474,-295.9677,-9.8100
30.1800,5530.8867,-296.0658,-9.8100
30.1900,5527.9251,-296.1639,-9.8100
30.2000,5524.9625,-296.2620,-9.8100
30.2100,5521.9989,-296.3601,-9.8100
30.2200,5519.0343,-296.4582,-9.8100
30.2300,5516.0687,-296.5563,-9.8100
30.2400,5513.1022,-296.6544,-9.8100
30.2500,5510.1347,-296.7525,-9.8100
30.2600,5507.1662,-296.8506,-9.8100
30.2700,5504.1967,-296.9487,-9.8100
30.2800,5501.2262,-297.0468,-9.8100
30.2900,5498.2548,-297.1449,-9.8100
30.3000,5495.2823,-297.2430,-9.8100
30.3100,5492.3089,-297.3411,-9.8100
30.3200,5489.3345,-297.4392,-9.8100
30.3300,5486.3592,-297.5373,-9.8100
30.3400,5483.3828,-297.6354,-9.8100
30.3500,5480.4055,-297.7335,-9.8100
30.3600,5477.4272,-297.8316,-9.8100
30.3700,5474.4479,-297.9297,-9.8100
30.3800,5471.4676,-298.0278,-9.8100
30.3900,5468.4863,-298.1259,-9.8100
30.4000,5465.5041,-298.2240,-9.8100
30.4100,5462.5209,-298.3221,-9.8100
30.4200,5459.5367,-298.4202,-9.8100
30.4300,5456.5515,-298.5183,-9.8100
30.4400,5453.5653,-298.6164,-9.8100
30.4500,5450.5782,-298.7145,-9.8100
30.4600,5447.5900,-298.8126,-9.8100
30.4700,5444.6009,-298.9107,-9.8100
30.4800,5441.6108,-299.0088,-9.8100
30.4900,5438.6198,-299.1069,-9.8100
30.5000,5435.6277,-299.2050,-9.8100
30.5100,5432.6347,-299.3031,-9.8100
30.5200,5429.6407,-299.4012,-9.8100
30.5300,5426.6457,-299.4993,-9.8100
30.5400,5423.6497,-299.5974,-9.8100
30.5500,5420.6528,-299.6955,-9.8100
30.5600,5417.6548,-299.7936,-9.8100
30.5700,5414.6559,-299.8917,-9.8100
30.5800,5411.6560,-299.9898,-9.8100
30.5900,5408.6551,-300.0879,-9.8100
30.6000,5405.6533,-300.1860,-9.8100
30.6100,5402.6504,-300.2841,-9.8100
30.6200,5399.6466,-300.3822,-9.8100
30.6300,5396.6418,-300.4803,-9.8100
30.6400,5393.6360,-300.5784,-9.8100
30.6500,5390.6293,-300.6765,-9.8100
30.6600,5387.6215,-300.7746,-9.8100
30.6700,5384.6128,-300.8727,-9.8100
30.6800,5381.6031,-300.9708,-9.8100
30.6900,5378.5924,-301.0689,-9.8100
30.7000,5375.5807,-301.1670,-9.8100
30.7100,5372.5681,-301.2651,-9.8100
30.7200,5369.5544,-301.3632,-9.8100
30.7300,5366.5398,-301.4613,-9.8100
30.7400,5363.5242,-301.5594,-9.8100
30.7500,5360.5077,-301.6575,-9.8100
30.7600,5357.4901,-301.7556,-9.8100
30.7700,5354.4716,-301.8537,-9.8100
30.7800,5351.4520,-301.9518,-9.8100
30.7900,5348.4315,-302.0499,-9.8100
30.8000,5345.4101,-302.1480,-9.8100
30.8100,5342.3876,-302.2461,-9.8100
30.8200,5339.3642,-302.3442,-9.8100
30.8300,5336.3397,-302.4423,-9.8100
30.8400,5333.3143,-302.5404,-9.8100
30.8500,5330.2879,-302.6385,-9.8100
30.8600,5327.2606,-302.7366,-9.8100
30.8700,5324.2322,-302.8347,-9.8100
30.8800,5321.2029,-302.9328,-9.8100
30.8900,5318.1726,-303.0309,-9.8100
30.9000,5315.1413,-303.1290,-9.8100
30.9100,5312.1090,-303.2271,-9.8100
30.9200,5309.0758,-303.3252,-9.8100
30.9300,5306.0415,-303.4233,-9.8100
30.9400,5303.0063,-303.5214,-9.8100
30.9500,5299.9701,-303.6195,-9.8100
30.9600,5296.9330,-303.7176,-9.8100
30.9700,5293.8948,-303.8157,-9.8100
30.9800,5290.8557,-303.9138,-9.8100
30.9900,5287.8156,-304.0119,-9.8100
31.0000,5284.7745,-304.1100,-9.8100
31.0100,5281.7324,-304.2081,-9.8100
31.0200,5278.6893,-304.3062,-9.8100
31.0300,5275.6453,-304.4043,-9.8100
31.0400,5272.6002,-304.5024,-9.8100
31.0500,5269.5542,-304.6005,-9.8100
31.0600,5266.5072,-304.6986,-9.8100
31.0700,5263.4593,-304.7967,-9.8100
31.0800,5260.4103,-304.8948,-9.8100
31.0900,5257.3604,-304.9929,-9.8100
31.1000,5254.3095,-305.0910,-9.8100
31.1100,5251.2576,-305.1891,-9.8100
31.1200,5248.2047,-305.2872,-9.8100
31.1300,5245.1509,-305.3853,-9.8100
31.1400,5242.0960,-305.4834,-9.8100
31.1500,5239.0402,-305.5815,-9.8100
31.1600,5235.9834,-305.6796,-9.8100
31.1700,5232.9257,-305.7777,-9.8100
31.1800,5229.8669,-305.8758,-9.8100
31.1900,5226.8072,-305.9739,-9.8100
31.2000,5223.7464,-306.0720,-9.8100
31.2100,5220.6847,-306.1701,-9.8100
31.2200,5217.6221,-306.2682,-9.8100
31.2300,5214.5584,-306.3663,-9.8100
31.2400,5211.4938,-306.4644,-9.8100
31.2500,5208.4281,-306.5625,-9.8100
31.2600,5205.3615,-306.6606,-9.8100
31.2700,5202.2939,-306.7587,-9.8100
31.2800,5199.2254,-306.8568,-9.8100
31.2900,5196.1558,-306.9549,-9.8100
31.3000,5193.0853,-307.0530,-9.8100
31.3100,5190.0138,-307.1511,-9.8100
31.3200,5186.9413,-307.2492,-9.8100
31.3300,5183.8678,-307.3473,-9.8100
31.3400,5180.7934,-307.4454,-9.8100
31.3500,5177.7179,-307.5435,-9.8100
31.3600,5174.6415,-307.6416,-9.8100
31.3700,5171.5641,-307.7397,-9.8100
31.3800,5168.4857,-307.8378,-9.8100
31.3900,5165.4064,-307.9359,-9.8100
31.4000,5162.3260,-308.0340,-9.8100
31.4100,5159.2447,-308.1321,-9.8100
31.4200,5156.1624,-308.2302,-9.8100
31.4300,5153.0791,-308.3283,-9.8100
31.4400,5149.9949,-308.4264,-9.8100
31.4500,5146.9096,-308.5245,-9.8100
31.4600,5143.8234,-308.6226,-9.8100
31.4700,5140.7362,-308.7207,-9.8100
31.4800,5137.6480,-308.8188,-9.8100
31.4900,5134.5588,-308.9169,-9.8100
31.5000,5131.4687,-309.0150,-9.8100
31.5100,5128.3775,-309.1131,-9.8100
31.5200,5125.2854,-309.2112,-9.8100
31.5300,5122.1923,-309.3093,-9.8100
31.5400,5119.0983,-309.4074,-9.8100
31.5500,5116.0032,-309.5055,-9.8100
31.5600,5112.9072,-309.6036,-9.8100
31.5700,5109.8102,-309.7017,-9.8100
31.5800,5106.7122,-309.7998,-9.8100
31.5900,5103.6132,-309.8979,-9.8100
31.6000,5100.5132,-309.9960,-9.8100
31.6100,5097.4123,-310.0941,-9.8100
31.6200,5094.3104,-310.1922,-9.8100
31.6300,5091.2075,-310.2903,-9.8100
31.6400,5088.1036,-310.3884,-9.8100
31.6500,5084.9987,-310.4865,-9.8100
31.6600,5081.8929,-310.5846,-9.8100
31.6700,5078.7860,-310.6827,-9.8100
31.6800,5075.6782,-310.7808,-9.8100
31.6900,5072.5694,-310.8789,-9.8100
31.7000,5069.4597,-310.9770,-9.8100
31.7100,5066.3489,-311.0751,-9.8100
31.7200,5063.2372,-311.1732,-9.8100
31.7300,5060.1245,-311.2713,-9.8100
31.7400,5057.0108,-311.3694,-9.8100
31.7500,5053.8961,-311.4675,-9.8100
31.7600,5050.7804,-311.5656,-9.8100
31.7700,5047.6638,-311.6637,-9.8100
31.7800,5044.5462,-311.7618,-9.8100
31.7900,5041.4276,-311.8599,-9.8100
31.8000,5038.3080,-311.9580,-9.8100
31.8100,5035.1874,-312.0561,-9.8100
31.8200,5032.0659,-312.1542,-9.8100
31.8300,5028.9434,-312.2523,-9.8100
31.8400,5025.8199,-312.3504,-9.8100
31.8500,5022.6954,-312.4485,-9.8100
31.8600,5019.5699,-312.5466,-9.8100
31.8700,5016.4435,-312.6447,-9.8100
31.8800,5013.3161,-312.7428,-9.8100
31.8900,5010.1876,-312.8409,-9.8100
31.9000,5007.0583,-312.9390,-9.8100
31.9100,5003.9279,-313.0371,-9.8100
31.9200,5000.7965,-313.1352,-9.8100
31.9300,4997.6642,-313.2333,-9.8100
31.9400,4994.5309,-313.3314,-9.8100
31.9500,4991.3966,-313.4295,-9.8100
31.9600,4988.2613,-313.5276,-9.8100
31.9700,4985.1251,-313.6257,-9.8100
31.9800,4981.9878,-313.7238,-9.8100
31.9900,4978.8496,-313.8219,-9.8100
32.0000,4975.7104,-313.9200,-9.8100
32.0100,4972.5702,-314.0181,-9.8100
32.0200,4969.4291,-314.1162,-9.8100
32.0300,4966.2869,-314.2143,-9.8100
32.0400,4963.1438,-314.3124,-9.8100
32.0500,4959.9997,-314.4105,-9.8100
32.0600,4956.8546,-314.5086,-9.8100
32.0700,4953.7085,-314.6067,-9.8100
32.0800,4950.5615,-314.7048,-9.8100
32.0900,4947.4135,-314.8029,-9.8100
32.1000,4944.2644,-314.9010,-9.8100
32.1100,4941.1145,-314.9991,-9.8100
32.1200,4937.9635,-315.0972,-9.8100
32.1300,4934.8115,-315.1953,-9.8100
32.1400,4931.6586,-315.2934,-9.8100
32.1500,4928.5047,-315.3915,-9.8100
32.1600,4925.3498,-315.4896,-9.8100
32.1700,4922.1939,-315.5877,-9.8100
32.1800,4919.0370,-315.6858,-9.8100
32.1900,4915.8792,-315.7839,-9.8100
32.2000,4912.7204,-315.8820,-9.8100
32.2100,4909.5606,-315.9801,-9.8100
32.2200,4906.3998,-316.0782,-9.8100
32.2300,4903.2380,-316.1763,-9.8100
32.2400,4900.0753,-316.2744,-9.8100
32.2500,4896.9116,-316.3725,-9.8100
32.2600,4893.7469,-316.4706,-9.8100
32.2700,4890.5812,-316.5687,-9.8100
32.2800,4887.4145,-316.6668,-9.8100
32.2900,4884.2469,-316.7649,-9.8100
32.3000,4881.0782,-316.8630,-9.8100
32.3100,4877.9086,-316.9611,-9.8100
32.3200,4874.7380,-317.0592,-9.8100
32.3300,4871.5665,-317.1573,-9.8100
32.3400,4868.3939,-317.2554,-9.8100
32.3500,4865.2204,-317.3535,-9.8100
32.3600,4862.0459,-317.4516,-9.8100
32.3700,4858.8704,-317.5497,-9.8100
32.3800,4855.6939,-317.6478,-9.8100
32.3900,4852.5164,-317.7459,-9.8100
32.4000,4849.3380,-317.8440,-9.8100
32.4100,4846.1586,-317.9421,-9.8100
32.4200,4842.9782,-318.0402,-9.8100
32.4300,4839.7968,-318.1383,-9.8100
32.4400,4836.6144,-318.2364,-9.8100
32.4500,4833.4311,-318.3345,-9.8100
32.4600,4830.2467,-318.4326,-9.8100
32.4700,4827.0614,-318.5307,-9.8100
32.4800,4823.8751,-318.6288,-9.8100
32.4900,4820.6879,-318.7269,-9.8100
32.5000,4817.4996,-318.8250,-9.8100
32.5100,4814.3104,-318.9231,-9.8100
32.5200,4811.1202,-319.0212,-9.8100
32.5300,4807.9290,-319.1193,-9.8100
32.5400,4804.7368,-319.2174,-9.8100
32.5500,4801.5437,-319.3155,-9.8100
32.5600,4798.3495,-319.4136,-9.8100
32.5700,4795.1544,-319.5117,-9.8100
32.5800,4791.9583,-319.6098,-9.8100
32.5900,4788.7612,-319.7079,-9.8100
32.6000,4785.5632,-319.8060,-9.8100
32.6100,4782.3641,-319.9041,-9.8100
32.6200,4779.1641,-320.0022,-9.8100
32.6300,4775.9631,-320.1003,-9.8100
32.6400,4772.7611,-320.1984,-9.8100
32.6500,4769.5582,-320.2965,-9.8100
32.6600,4766.3542,-320.3946,-9.8100
32.6700,4763.1493,-320.4927,-9.8100
32.6800,4759.9434,-320.5908,-9.8100
32.6900,4756.7365,-320.6889,-9.8100
32.7000,4753.5286,-320.7870,-9.8100
32.7100,4750.3198,-320.8851,-9.8100
32.7200,4747.1099,-320.9832,-9.8100
32.7300,4743.8991,-321.0813,-9.8100
32.7400,4740.6873,-321.1794,-9.8100
32.7500,4737.4746,-321.2775,-9.8100
32.7600,4734.2608,-321.3756,-9.8100
32.7700,4731.0461,-321.4737,-9.8100
32.7800,4727.8303,-321.5718,-9.8100
32.7900,4724.6136,-321.6699,-9.8100
32.8000,4721.3960,-321.7680,-9.8100
32.8100,4718.1773,-321.8661,-9.8100
32.8200,4714.9577,-321.9642,-9.8100
32.8300,4711.7370,-322.0623,-9.8100
32.8400,4708.5154,-322.1604,-9.8100
32.8500,4705.2928,-322.2585,-9.8100
32.8600,4702.0693,-322.3566,-9.8100
32.8700,4698.8447,-322.4547,-9.8100
32.8800,4695.6192,-322.5528,-9.8100
32.8900,4692.3927,-322.6509,-9.8100
32.9000,4689.1652,-322.7490,-9.8100
32.9100,4685.9367,-322.8471,-9.8100
32.9200,4682.7073,-322.9452,-9.8100
32.9300,4679.4768,-323.0433,-9.8100
32.9400,4676.2454,-323.1414,-9.8100
32.9500,4673.0130,-323.2395,-9.8100
32.9600,4669.7797,-323.3376,-9.8100
32.9700,4666.5453,-323.4357,-9.8100
32.9800,4663.3100,-323.5338,-9.8100
32.9900,4660.0737,-323.6319,-9.8100
33.0000,4656.8364,-323.7300,-9.8100
33.0100,4653.5981,-323.8281,-9.8100
33.0200,4650.3588,-323.9262,-9.8100
33.0300,4647.1186,-324.0243,-9.8100
33.0400,4643.8773,-324.1224,-9.8100
33.0500,4640.6351,-324.2205,-9.8100
33.0600,4637.3919,-324.3186,-9.8100
33.0700,4634.1478,-324.4167,-9.8100
33.0800,4630.9026,-324.5148,-9.8100
33.0900,4627.6565,-324.6129,-9.8100
33.1000,4624.4094,-324.7110,-9.8100
33.1100,4621.1613,-324.8091,-9.8100
33.1200,4617.9122,-324.9072,-9.8100
33.1300,4614.6622,-325.0053,-9.8100
33.1400,4611.4111,-325.1034,-9.8100
33.1500,4608.1591,-325.2015,-9.8100
33.1600,4604.9061,-325.2996,-9.8100
33.1700,4601.6522,-325.3977,-9.8100
33.1800,4598.3972,-325.4958,-9.8100
33.1900,4595.1413,-325.5939,-9.8100
33.2000,4591.8843,-325.6920,-9.8100
33.2100,4588.6264,-325.7901,-9.8100
33.2200,4585.3676,-325.8882,-9.8100
33.2300,4582.1077,-325.9863,-9.8100
33.2400,4578.8469,-326.0844,-9.8100
33.2500,4575.5850,-326.1825,-9.8100
33.2600,4572.3222,-326.2806,-9.8100
33.2700,4569.0584,-326.3787,-9.8100
33.2800,4565.7937,-326.4768,-9.8100
33.2900,4562.5279,-326.5749,-9.8100
33.3000,4559.2612,-326.6730,-9.8100
33.3100,4555.9935,-326.7711,-9.8100
33.3200,4552.7248,-326.8692,-9.8100
33.3300,4549.4551,-326.9673,-9.8100
33.3400,4546.1845,-327.0654,-9.8100
33.3500,4542.9128,-327.1635,-9.8100
33.3600,4539.6402,-327.2616,-9.8100
33.3700,4536.3666,-327.3597,-9.8100
33.3800,4533.0920,-327.4578,-9.8100
33.3900,4529.8165,-327.5559,-9.8100
33.4000,4526.5399,-327.6540,-9.8100
33.4100,4523.2624,-327.7521,-9.8100
33.4200,4519.9839,-327.8502,-9.8100
33.4300,4516.7044,-327.9483,-9.8100
33.4400,4513.4240,-328.0464,-9.8100
33.4500,4510.1425,-328.1445,-9.8100
33.4600,4506.8601,-328.2426,-9.8100
33.4700,4503.5767,-328.3407,-9.8100
33.4800,4500.2923,-328.4388,-9.8100
33.4900,4497.0069,-328.5369,-9.8100
33.5000,4493.7206,-328.6350,-9.8100
33.5100,4490.4332,-328.7331,-9.8100
33.5200,4487.1449,-328.8312,-9.8100
33.5300,4483.8556,-328.9293,-9.8100
33.5400,4480.5654,-329.0274,-9.8100
33.5500,4477.2741,-329.1255,-9.8100
33.5600,4473.9819,-329.2236,-9.8100
33.5700,4470.6887,-329.3217,-9.8100
33.5800,4467.3945,-329.4198,-9.8100
33.5900,4464.0993,-329.5179,-9.8100
33.6000,4460.8031,-329.6160,-9.8100
33.6100,4457.5060,-329.7141,-9.8100
33.6200,4454.2079,-329.8122,-9.8100
33.6300,4450.9088,-329.9103,-9.8100
33.6400,4447.6087,-330.0084,-9.8100
33.6500,4444.3076,-330.1065,-9.8100
33.6600,4441.0056,-330.2046,-9.8100
33.6700,4437.7025,-330.3027,-9.8100
33.6800,4434.3985,-330.4008,-9.8100
33.6900,4431.0935,-330.4989,-9.8100
33.7000,4427.7876,-330.5970,-9.8100
33.7100,4424.4806,-330.6951,-9.8100
33.7200,4421.1727,-330.7932,-9.8100
33.7300,4417.8638,-330.8913,-9.8100
33.7400,4414.5539,-330.9894,-9.8100
33.7500,4411.2430,-331.0875,-9.8100
33.7600,4407.9311,-331.1856,-9.8100
33.7700,4404.6183,-331.2837,-9.8100
33.7800,4401.3045,-331.3818,-9.8100
33.7900,4397.9897,-331.4799,-9.8100
33.8000,4394.6739,-331.5780,-9.8100
33.8100,4391.3571,-331.6761,-9.8100
33.8200,4388.0394,-331.7742,-9.8100
33.8300,4384.7207,-331.8723,-9.8100
33.8400,4381.4010,-331.9704,-9.8100
33.8500,4378.0803,-332.0685,-9.8100
33.8600,4374.7586,-332.1666,-9.8100
33.8700,4371.4360,-332.2647,-9.8100
33.8800,4368.1124,-332.3628,-9.8100
33.8900,4364.7877,-332.4609,-9.8100
33.9000,4361.4622,-332.5590,-9.8100
33.9100,4358.1356,-332.6571,-9.8100
33.9200,4354.8080,-332.7552,-9.8100
33.9300,4351.4795,-332.8533,-9.8100
33.9400,4348.1500,-332.9514,-9.8100
33.9500,4344.8195,-333.0495,-9.8100
33.9600,4341.4880,-333.1476,-9.8100
33.9700,4338.1556,-333.2457,-9.8100
33.9800,4334.8221,-333.3438,-9.8100
33.9900,4331.4877,-333.4419,-9.8100
34.0000,4328.1523,-333.5400,-9.8100
34.0100,4324.8159,-333.6381,-9.8100
34.0200,4321.4786,-333.7362,-9.8100
34.0300,4318.1402,-333.8343,-9.8100
34.0400,4314.8009,-333.9324,-9.8100
34.0500,4311.4606,-334.0305,-9.8100
34.0600,4308.1193,-334.1286,-9.8100
34.0700,4304.7770,-334.2267,-9.8100
34.0800,4301.4338,-334.3248,-9.8100
34.0900,4298.0896,-334.4229,-9.8100
34.1000,4294.7443,-334.5210,-9.8100
34.1100,4291.3982,-334.6191,-9.8100
34.1200,4288.0510,-334.7172,-9.8100
34.1300,4284.7028,-334.8153,-9.8100
34.1400,4281.3537,-334.9134,-9.8100
34.1500,4278.0036,-335.0115,-9.8100
34.1600,4274.6525,-335.1096,-9.8100
34.1700,4271.3004,-335.2077,-9.8100
34.1800,4267.9473,-335.3058,-9.8100
34.1900,4264.5933,-335.4039,-9.8100
34.2000,4261.2383,-335.5020,-9.8100
34.2100,4257.8823,-335.6001,-9.8100
34.2200,4254.5253,-335.6982,-9.8100
34.2300,4251.1673,-335.7963,-9.8100
34.2400,4247.8084,-335.8944,-9.8100
34.2500,4244.4485,-335.9925,-9.8100
34.2600,4241.0876,-336.0906,-9.8100
34.2700,4237.7257,-336.1887,-9.8100
34.2800,4234.3628,-336.2868,-9.8100
34.2900,4230.9990,-336.3849,-9.8100
34.3000,4227.6341,-336.4830,-9.8100
34.3100,4224.2683,-336.5811,-9.8100
34.3200,4220.9015,-336.6792,-9.8100
34.3300,4217.5338,-336.7773,-9.8100
34.3400,4214.1650,-336.8754,-9.8100
34.3500,4210.7953,-336.9735,-9.8100
34.3600,4207.4246,-337.0716,-9.8100
34.3700,4204.0529,-337.1697,-9.8100
34.3800,4200.6802,-337.2678,-9.8100
34.3900,4197.3065,-337.3659,-9.8100
34.4000,4193.9319,-337.4640,-9.8100
34.4100,4190.5563,-337.5621,-9.8100
34.4200,4187.1797,-337.6602,-9.8100
34.4300,4183.8021,-337.7583,-9.8100
34.4400,4180.4235,-337.8564,-9.8100
34.4500,4177.0440,-337.9545,-9.8100
34.4600,4173.6634,-338.0526,-9.8100
34.4700,4170.2819,-338.1507,-9.8100
34.4800,4166.8994,-338.2488,-9.8100
34.4900,4163.5160,-338.3469,-9.8100
34.5000,4160.1315,-338.4450,-9.8100
34.5100,4156.7461,-338.5431,-9.8100
34.5200,4153.3597,-338.6412,-9.8100
34.5300,4149.9723,-338.7393,-9.8100
34.5400,4146.5839,-338.8374,-9.8100
34.5500,4143.1946,-338.9355,-9.8100
34.5600,4139.8042,-339.0336,-9.8100
34.5700,4136.4129,-339.1317,-9.8100
34.5800,4133.0206,-339.2298,-9.8100
34.5900,4129.6273,-339.3279,-9.8100
34.6000,4126.2331,-339.4260,-9.8100
34.6100,4122.8378,-339.5241,-9.8100
34.6200,4119.4416,-339.6222,-9.8100
34.6300,4116.0444,-339.7203,-9.8100
34.6400,4112.6462,-339.8184,-9.8100
34.6500,4109.2471,-339.9165,-9.8100
34.6600,4105.8469,-340.0146,-9.8100
34.6700,4102.4458,-340.1127,-9.8100
34.6800,4099.0437,-340.2108,-9.8100
34.6900,4095.6406,-340.3089,-9.8100
34.7000,4092.2365,-340.4070,-9.8100
34.7100,4088.8315,-340.5051,-9.8100
34.7200,4085.4254,-340.6032,-9.8100
34.7300,4082.0184,-340.7013,-9.8100
34.7400,4078.6104,-340.7994,-9.8100
34.7500,4075.2015,-340.8975,-9.8100
34.7600,4071.7915,-340.9956,-9.8100
34.7700,4068.3806,-341.0937,-9.8100
34.7800,4064.9686,-341.1918,-9.8100
34.7900,4061.5557,-341.2899,-9.8100
34.8000,4058.1419,-341.3880,-9.8100
34.8100,4054.7270,-341.4861,-9.8100
34.8200,4051.3112,-341.5842,-9.8100
34.8300,4047.8943,-341.6823,-9.8100
34.8400,4044.4765,-341.7804,-9.8100
34.8500,4041.0577,-341.8785,-9.8100
34.8600,4037.6380,-341.9766,-9.8100
34.8700,4034.2172,-342.0747,-9.8100
34.8800,4030.7955,-342.1728,-9.8100
34.8900,4027.3728,-342.2709,-9.8100
34.9000,4023.9491,-342.3690,-9.8100
34.9100,4020.5244,-342.4671,-9.8100
34.9200,4017.0988,-342.5652,-9.8100
34.9300,4013.6721,-342.6633,-9.8100
34.9400,4010.2445,-342.7614,-9.8100
34.9500,4006.8159,-342.8595,-9.8100
34.9600,4003.3864,-342.9576,-9.8100
34.9700,3999.9558,-343.0557,-9.8100
34.9800,3996.5243,-343.1538,-9.8100
34.9900,3993.0918,-343.2519,-9.8100
35.0000,3989.6583,-343.3500,-9.8100
35.0100,3986.2238,-343.4481,-9.8100
35.0200,3982.7883,-343.5462,-9.8100
35.0300,3979.3519,-343.6443,-9.8100
35.0400,3975.9144,-343.7424,-9.8100
35.0500,3972.4760,-343.8405,-9.8100
35.0600,3969.0366,-343.9386,-9.8100
35.0700,3965.5963,-344.0367,-9.8100
35.0800,3962.1549,-344.1348,-9.8100
35.0900,3958.7126,-344.2329,-9.8100
35.1000,3955.2693,-344.3310,-9.8100
35.1100,3951.8250,-344.4291,-9.8100
35.1200,3948.3797,-344.5272,-9.8100
35.1300,3944.9335,-344.6253,-9.8100
35.1400,3941.4862,-344.7234,-9.8100
35.1500,3938.0380,-344.8215,-9.8100
35.1600,3934.5888,-344.9196,-9.8100
35.1700,3931.1387,-345.0177,-9.8100
35.1800,3927.6875,-345.1158,-9.8100
35.1900,3924.2354,-345.2139,-9.8100
35.2000,3920.7822,-345.3120,-9.8100
35.2100,3917.3281,-345.4101,-9.8100
35.2200,3913.8731,-345.5082,-9.8100
35.2300,3910.4170,-345.6063,-9.8100
35.2400,3906.9600,-345.7044,-9.8100
35.2500,3903.5019,-345.8025,-9.8100
35.2600,3900.0429,-345.9006,-9.8100
35.2700,3896.5829,-345.9987,-9.8100
35.2800,3893.1220,-346.0968,-9.8100
35.2900,3889.6600,-346.1949,-9.8100
35.3000,3886.1971,-346.2930,-9.8100
35.3100,3882.7332,-346.3911,-9.8100
35.3200,3879.2683,-346.4892,-9.8100
35.3300,3875.8024,-346.5873,-9.8100
35.3400,3872.3356,-346.6854,-9.8100
35.3500,3868.8677,-346.7835,-9.8100
35.3600,3865.3989,-346.8816,-9.8100
35.3700,3861.9291,-346.9797,-9.8100
35.3800,3858.4583,-347.0778,-9.8100
35.3900,3854.9866,-347.1759,-9.8100
35.4000,3851.5138,-347.2740,-9.8100
35.4100,3848.0401,-347.3721,-9.8100
35.4200,3844.5654,-347.4702,-9.8100
35.4300,3841.0897,-347.5683,-9.8100
35.4400,3837.6131,-347.6664,-9.8100
35.4500,3834.1354,-347.7645,-9.8100
35.4600,3830.6568,-347.8626,-9.8100
35.4700,3827.1772,-347.9607,-9.8100
35.4800,3823.6966,-348.0588,-9.8100
35.4900,3820.2150,-348.1569,-9.8100
35.5000,3816.7325,-348.2550,-9.8100
35.5100,3813.2489,-348.3531,-9.8100
35.5200,3809.7644,-348.4512,-9.8100
35.5300,3806.2789,-348.5493,-9.8100
35.5400,3802.7925,-348.6474,-9.8100
35.5500,3799.3050,-348.7455,-9.8100
35.5600,3795.8166,-348.8436,-9.8100
35.5700,3792.3272,-348.9417,-9.8100
35.5800,3788.8368,-349.0398,-9.8100
35.5900,3785.3454,-349.1379,-9.8100
35.6000,3781.8530,-349.2360,-9.8100
35.6100,3778.3597,-349.3341,-9.8100
35.6200,3774.8654,-349.4322,-9.8100
35.6300,3771.3701,-349.5303,-9.8100
35.6400,3767.8738,-349.6284,-9.8100
35.6500,3764.3765,-349.7265,-9.8100
35.6600,3760.8783,-349.8246,-9.8100
35.6700,3757.3790,-349.9227,-9.8100
35.6800,3753.8788,-350.0208,-9.8100
35.6900,3750.3776,-350.1189,-9.8100
35.7000,3746.8755,-350.2170,-9.8100
35.7100,3743.3723,-350.3151,-9.8100
35.7200,3739.8682,-350.4132,-9.8100
35.7300,3736.3631,-350.5113,-9.8100
35.7400,3732.8570,-350.6094,-9.8100
35.7500,3729.3499,-350.7075,-9.8100
35.7600,3725.8418,-350.8056,-9.8100
35.7700,3722.3328,-350.9037,-9.8100
35.7800,3718.8228,-351.0018,-9.8100
35.7900,3715.3118,-351.0999,-9.8100
35.8000,3711.7998,-351.1980,-9.8100
35.8100,3708.2868,-351.2961,-9.8100
35.8200,3704.7729,-351.3942,-9.8100
35.8300,3701.2580,-351.4923,-9.8100
35.8400,3697.7421,-351.5904,-9.8100
35.8500,3694.2252,-351.6885,-9.8100
35.8600,3690.7073,-351.7866,-9.8100
35.8700,3687.1885,-351.8847,-9.8100
35.8800,3683.6687,-351.9828,-9.8100
35.8900,3680.1478,-352.0809,-9.8100
35.9000,3676.6261,-352.1790,-9.8100
35.9100,3673.1033,-352.2771,-9.8100
35.9200,3669.5795,-352.3752,-9.8100
35.9300,3666.0548,-352.4733,-9.8100
35.9400,3662.5291,-352.5714,-9.8100
35.9500,3659.0024,-352.6695,-9.8100
35.9600,3655.4747,-352.7676,-9.8100
35.9700,3651.9461,-352.8657,-9.8100
35.9800,3648.4164,-352.9638,-9.8100
35.9900,3644.8858,-353.0619,-9.8100
36.0000,3641.3542,-353.1600,-9.8100
36.0100,3637.8216,-353.2581,-9.8100
36.0200,3634.2881,-353.3562,-9.8100
36.0300,3630.7535,-353.4543,-9.8100
36.0400,3627.2180,-353.5524,-9.8100
36.0500,3623.6815,-353.6505,-9.8100
36.0600,3620.1440,-353.7486,-9.8100
36.0700,3616.6055,-353.8467,-9.8100
36.0800,3613.0661,-353.9448,-9.8100
36.0900,3609.5257,-354.0429,-9.8100
36.1000,3605.9842,-354.1410,-9.8100
36.1100,3602.4419,-354.2391,-9.8100
36.1200,3598.8985,-354.3372,-9.8100
36.1300,3595.3541,-354.4353,-9.8100
36.1400,3591.8088,-354.5334,-9.8100
36.1500,3588.2625,-354.6315,-9.8100
36.1600,3584.7152,-354.7296,-9.8100
36.1700,3581.1669,-354.8277,-9.8100
36.1800,3577.6176,-354.9258,-9.8100
36.1900,3574.0674,-355.0239,-9.8100
36.2000,3570.5162,-355.1220,-9.8100
36.2100,3566.9640,-355.2201,-9.8100
36.2200,3563.4108,-355.3182,-9.8100
36.2300,3559.8566,-355.4163,-9.8100
36.2400,3556.3015,-355.5144,-9.8100
36.2500,3552.7454,-355.6125,-9.8100
36.2600,3549.1883,-355.7106,-9.8100
36.2700,3545.6302,-355.8087,-9.8100
36.2800,3542.0711,-355.9068,-9.8100
36.2900,3538.5111,-356.0049,-9.8100
36.3000,3534.9500,-356.1030,-9.8100
36.3100,3531.3880,-356.2011,-9.8100
36.3200,3527.8250,-356.2992,-9.8100
36.3300,3524.2611,-356.3973,-9.8100
36.3400,3520.6961,-356.4954,-9.8100
36.3500,3517.1302,-356.5935,-9.8100
36.3600,3513.5633,-356.6916,-9.8100
36.3700,3509.9954,-356.7897,-9.8100
36.3800,3506.4265,-356.8878,-9.8100
36.3900,3502.8566,-356.9859,-9.8100
36.4000,3499.2858,-357.0840,-9.8100
36.4100,3495.7140,-357.1821,-9.8100
36.4200,3492.1412,-357.2802,-9.8100
36.4300,3488.5674,-357.3783,-9.8100
36.4400,3484.9926,-357.4764,-9.8100
36.4500,3481.4169,-357.5745,-9.8100
36.4600,3477.8401,-357.6726,-9.8100
36.4700,3474.2624,-357.7707,-9.8100
36.4800,3470.6837,-357.8688,-9.8100
36.4900,3467.1041,-357.9669,-9.8100
36.5000,3463.5234,-358.0650,-9.8100
36.5100,3459.9418,-358.1631,-9.8100
36.5200,3456.3592,-358.2612,-9.8100
36.5300,3452.7756,-358.3593,-9.8100
36.5400,3449.1910,-358.4574,-9.8100
36.5500,3445.6055,-358.5555,-9.8100
36.5600,3442.0189,-358.6536,-9.8100
36.5700,3438.4314,-358.7517,-9.8100
36.5800,3434.8429,-358.8498,-9.8100
36.5900,3431.2534,-358.9479,-9.8100
36.6000,3427.6630,-359.0460,-9.8100
36.6100,3424.0715,-359.1441,-9.8100
36.6200,3420.4791,-359.2422,-9.8100
36.6300,3416.8857,-359.3403,-9.8100
36.6400,3413.2913,-359.4384,-9.8100
36.6500,3409.6960,-359.5365,-9.8100
36.6600,3406.0996,-359.6346,-9.8100
36.6700,3402.5023,-359.7327,-9.8100
36.6800,3398.9040,-359.8308,-9.8100
36.6900,3395.3047,-359.9289,-9.8100
36.7000,3391.7044,-360.0270,-9.8100
36.7100,3388.1032,-360.1251,-9.8100
36.7200,3384.5009,-360.2232,-9.8100
36.7300,3380.8977,-360.3213,-9.8100
36.7400,3377.2935,-360.4194,-9.8100
36.7500,3373.6884,-360.5175,-9.8100
36.7600,3370.0822,-360.6156,-9.8100
36.7700,3366.4751,-360.7137,-9.8100
36.7800,3362.8669,-360.8118,-9.8100
36.7900,3359.2578,-360.9099,-9.8100
36.8000,3355.6478,-361.0080,-9.8100
36.8100,3352.0367,-361.1061,-9.8100
36.8200,3348.4247,-361.2042,-9.8100
36.8300,3344.8116,-361.3023,-9.8100
36.8400,3341.1976,-361.4004,-9.8100
36.8500,3337.5826,-361.4985,-9.8100
36.8600,3333.9667,-361.5966,-9.8100
36.8700,3330.3497,-361.6947,-9.8100
36.8800,3326.7318,-361.7928,-9.8100
36.8900,3323.1129,-361.8909,-9.8100
36.9000,3319.4930,-361.9890,-9.8100
36.9100,3315.8721,-362.0871,-9.8100
36.9200,3312.2503,-362.1852,-9.8100
36.9300,3308.6274,-362.2833,-9.8100
36.9400,3305.0036,-362.3814,-9.8100
36.9500,3301.3788,-362.4795,-9.8100
36.9600,3297.7531,-362.5776,-9.8100
36.9700,3294.1263,-362.6757,-9.8100
36.9800,3290.4986,-362.7738,-9.8100
36.9900,3286.8699,-362.8719,-9.8100
37.0000,3283.2402,-362.9700,-9.8100
37.0100,3279.6095,-363.0681,-9.8100
37.0200,3275.9778,-363.1662,-9.8100
37.0300,3272.3452,-363.2643,-9.8100
37.0400,3268.7115,-363.3624,-9.8100
37.0500,3265.0769,-363.4605,-9.8100
37.0600,3261.4413,-363.5586,-9.8100
37.0700,3257.8048,-363.6567,-9.8100
37.0800,3254.1672,-363.7548,-9.8100
37.0900,3250.5287,-363.8529,-9.8100
37.1000,3246.8892,-363.9510,-9.8100
37.1100,3243.2487,-364.0491,-9.8100
37.1200,3239.6072,-364.1472,-9.8100
37.1300,3235.9648,-364.2453,-9.8100
37.1400,3232.3213,-364.3434,-9.8100
37.1500,3228.6769,-364.4415,-9.8100
37.1600,3225.0315,-364.5396,-9.8100
37.1700,3221.3852,-364.6377,-9.8100
37.1800,3217.7378,-364.7358,-9.8100
37.1900,3214.0895,-364.8339,-9.8100
37.2000,3210.4401,-364.9320,-9.8100
37.2100,3206.7898,-365.0301,-9.8100
37.2200,3203.1386,-365.1282,-9.8100
37.2300,3199.4863,-365.2263,-9.8100
37.2400,3195.8331,-365.3244,-9.8100
37.2500,3192.1788,-365.4225,-9.8100
37.2600,3188.5236,-365.5206,-9.8100
37.2700,3184.8674,-365.6187,-9.8100
37.2800,3181.2103,-365.7168,-9.8100
37.2900,3177.5521,-365.8149,-9.8100
37.3000,3173.8930,-365.9130,-9.8100
37.3100,3170.2329,-366.0111,-9.8100
37.3200,3166.5718,-366.1092,-9.8100
37.3300,3162.9097,-366.2073,-9.8100
37.3400,3159.2467,-366.3054,-9.8100
37.3500,3155.5826,-366.4035,-9.8100
37.3600,3151.9176,-366.5016,-9.8100
37.3700,3148.2516,-366.5997,-9.8100
37.3800,3144.5846,-366.6978,-9.8100
37.3900,3140.9167,-366.7959,-9.8100
37.4000,3137.2477,-366.8940,-9.8100
37.4100,3133.5778,-366.9921,-9.8100
37.4200,3129.9069,-367.0902,-9.8100
37.4300,3126.2350,-367.1883,-9.8100
37.4400,3122.5622,-367.2864,-9.8100
37.4500,3118.8883,-367.3845,-9.8100
37.4600,3115.2135,-367.4826,-9.8100
37.4700,3111.5377,-367.5807,-9.8100
37.4800,3107.8609,-367.6788,-9.8100
37.4900,3104.1831,-367.7769,-9.8100
37.5000,3100.5044,-367.8750,-9.8100
37.5100,3096.8246,-367.9731,-9.8100
37.5200,3093.1439,-368.0712,-9.8100
37.5300,3089.4622,-368.1693,-9.8100
37.5400,3085.7796,-368.2674,-9.8100
37.5500,3082.0959,-368.3655,-9.8100
37.5600,3078.4113,-368.4636,-9.8100
37.5700,3074.7257,-368.5617,-9.8100
37.5800,3071.0391,-368.6598,-9.8100
37.5900,3067.3515,-368.7579,-9.8100
37.6000,3063.6629,-368.8560,-9.8100
37.6100,3059.9734,-368.9541,-9.8100
37.6200,3056.2829,-369.0522,-9.8100
37.6300,3052.5914,-369.1503,-9.8100
37.6400,3048.8989,-369.2484,-9.8100
37.6500,3045.2054,-369.3465,-9.8100
37.6600,3041.5110,-369.4446,-9.8100
37.6700,3037.8155,-369.5427,-9.8100
37.6800,3034.1191,-369.6408,-9.8100
37.6900,3030.4217,-369.7389,-9.8100
37.7000,3026.7234,-369.8370,-9.8100
37.7100,3023.0240,-369.9351,-9.8100
37.7200,3019.3237,-370.0332,-9.8100
37.7300,3015.6224,-370.1313,-9.8100
37.7400,3011.9201,-370.2294,-9.8100
37.7500,3008.2168,-370.3275,-9.8100
37.7600,3004.5125,-370.4256,-9.8100
37.7700,3000.8073,-370.5237,-9.8100
37.7800,2997.1011,-370.6218,-9.8100
37.7900,2993.3939,-370.7199,-9.8100
37.8000,2989.6857,-370.8180,-9.8100
37.8100,2985.9765,-370.9161,-9.8100
37.8200,2982.2664,-371.0142,-9.8100
37.8300,2978.5553,-371.1123,-9.8100
37.8400,2974.8432,-371.2104,-9.8100
37.8500,2971.1301,-371.3085,-9.8100
37.8600,2967.4160,-371.4066,-9.8100
37.8700,2963.7010,-371.5047,-9.8100
37.8800,2959.9850,-371.6028,-9.8100
37.8900,2956.2679,-371.7009,-9.8100
37.9000,2952.5500,-371.7990,-9.8100
37.9100,2948.8310,-371.8971,-9.8100
37.9200,2945.1110,-371.9952,-9.8100
37.9300,2941.3901,-372.0933,-9.8100
37.9400,2937.6682,-372.1914,-9.8100
37.9500,2933.9453,-372.2895,-9.8100
37.9600,2930.2214,-372.3876,-9.8100
37.9700,2926.4966,-372.4857,-9.8100
37.9800,2922.7707,-372.5838,-9.8100
37.9900,2919.0439,-372.6819,-9.8100
38.0000,2915.3161,-372.7800,-9.8100
38.0100,2911.5873,-372.8781,-9.8100
38.0200,2907.8576,-372.9762,-9.8100
38.0300,2904.1268,-373.0743,-9.8100
38.0400,2900.3951,-373.1724,-9.8100
38.0500,2896.6624,-373.2705,-9.8100
38.0600,2892.9287,-373.3686,-9.8100
38.0700,2889.1940,-373.4667,-9.8100
38.0800,2885.4584,-373.5648,-9.8100
38.0900,2881.7218,-373.6629,-9.8100
38.1000,2877.9841,-373.7610,-9.8100
38.1100,2874.2456,-373.8591,-9.8100
38.1200,2870.5060,-373.9572,-9.8100
38.1300,2866.7654,-374.0553,-9.8100
38.1400,2863.0239,-374.1534,-9.8100
38.1500,2859.2814,-374.2515,-9.8100
38.1600,2855.5379,-374.3496,-9.8100
38.1700,2851.7934,-374.4477,-9.8100
38.1800,2848.0479,-374.5458,-9.8100
38.1900,2844.3015,-374.6439,-9.8100
38.2000,2840.5541,-374.7420,-9.8100
38.2100,2836.8057,-374.8401,-9.8100
38.2200,2833.0563,-374.9382,-9.8100
38.2300,2829.3059,-375.0363,-9.8100
38.2400,2825.5546,-375.1344,-9.8100
38.2500,2821.8023,-375.2325,-9.8100
38.2600,2818.0490,-375.3306,-9.8100
38.2700,2814.2947,-375.4287,-9.8100
38.2800,2810.5394,-375.5268,-9.8100
38.2900,2806.7832,-375.6249,-9.8100
38.3000,2803.0259,-375.7230,-9.8100
38.3100,2799.2677,-375.8211,-9.8100
38.3200,2795.5085,-375.9192,-9.8100
38.3300,2791.7484,-376.0173,-9.8100
38.3400,2787.9872,-376.1154,-9.8100
38.3500,2784.2251,-376.2135,-9.8100
38.3600,2780.4620,-376.3116,-9.8100
38.3700,2776.6979,-376.4097,-9.8100
38.3800,2772.9328,-376.5078,-9.8100
38.3900,2769.1667,-376.6059,-9.8100
38.4000,2765.3997,-376.7040,-9.8100
38.4100,2761.6317,-376.8021,-9.8100
38.4200,2757.8627,-376.9002,-9.8100
38.4300,2754.0927,-376.9983,-9.8100
38.4400,2750.3217,-377.0964,-9.8100
38.4500,2746.5498,-377.1945,-9.8100
38.4600,2742.7768,-377.2926,-9.8100
38.4700,2739.0029,-377.3907,-9.8100
38.4800,2735.2280,-377.4888,-9.8100
38.4900,2731.4522,-377.5869,-9.8100
38.5000,2727.6753,-377.6850,-9.8100
38.5100,2723.8975,-377.7831,-9.8100
38.5200,2720.1187,-377.8812,-9.8100
38.5300,2716.3389,-377.9793,-9.8100
38.5400,2712.5581,-378.0774,-9.8100
38.5500,2708.7764,-378.1755,-9.8100
38.5600,2704.9936,-378.2736,-9.8100
38.5700,2701.2099,-378.3717,-9.8100
38.5800,2697.4252,-378.4698,-9.8100
38.5900,2693.6395,-378.5679,-9.8100
38.6000,2689.8529,-378.6660,-9.8100
38.6100,2686.0652,-378.7641,-9.8100
38.6200,2682.2766,-378.8622,-9.8100
38.6300,2678.4870,-378.9603,-9.8100
38.6400,2674.6964,-379.0584,-9.8100
38.6500,2670.9049,-379.1565,-9.8100
38.6600,2667.1123,-379.2546,-9.8100
38.6700,2663.3188,-379.3527,-9.8100
38.6800,2659.5243,-379.4508,-9.8100
38.6900,2655.7288,-379.5489,-9.8100
38.7000,2651.9323,-379.6470,-9.8100
38.7100,2648.1349,-379.7451,-9.8100
38.7200,2644.3364,-379.8432,-9.8100
38.7300,2640.5370,-379.9413,-9.8100
38.7400,2636.7366,-380.0394,-9.8100
38.7500,2632.9353,-380.1375,-9.8100
38.7600,2629.1329,-380.2356,-9.8100
38.7700,2625.3296,-380.3337,-9.8100
38.7800,2621.5252,-380.4318,-9.8100
38.7900,2617.7199,-380.5299,-9.8100
38.8000,2613.9137,-380.6280,-9.8100
38.8100,2610.1064,-380.7261,-9.8100
38.8200,2606.2982,-380.8242,-9.8100
38.8300,2602.4889,-380.9223,-9.8100
38.8400,2598.6787,-381.0204,-9.8100
38.8500,2594.8675,-381.1185,-9.8100
38.8600,2591.0554,-381.2166,-9.8100
38.8700,2587.2422,-381.3147,-9.8100
38.8800,2583.4281,-381.4128,-9.8100
38.8900,2579.6130,-381.5109,-9.8100
38.9000,2575.7969,-381.6090,-9.8100
38.9100,2571.9798,-381.7071,-9.8100
38.9200,2568.1618,-381.8052,-9.8100
38.9300,2564.3427,-381.9033,-9.8100
38.9400,2560.5227,-382.0014,-9.8100
38.9500,2556.7017,-382.0995,-9.8100
38.9600,2552.8798,-382.1976,-9.8100
38.9700,2549.0568,-382.2957,-9.8100
38.9800,2545.2329,-382.3938,-9.8100
38.9900,2541.4080,-382.4919,-9.8100
39.0000,2537.5821,-382.5900,-9.8100
39.0100,2533.7552,-382.6881,-9.8100
39.0200,2529.9273,-382.7862,-9.8100
39.0300,2526.0985,-382.8843,-9.8100
39.0400,2522.2686,-382.9824,-9.8100
39.0500,2518.4378,-383.0805,-9.8100
39.0600,2514.6060,-383.1786,-9.8100
39.0700,2510.7733,-383.2767,-9.8100
39.0800,2506.9395,-383.3748,-9.8100
39.0900,2503.1048,-383.4729,-9.8100
39.1000,2499.2691,-383.5710,-9.8100
39.1100,2495.4324,-383.6691,-9.8100
39.1200,2491.5947,-383.7672,-9.8100
39.1300,2487.7561,-383.8653,-9.8100
39.1400,2483.9164,-383.9634,-9.8100
39.1500,2480.0758,-384.0615,-9.8100
39.1600,2476.2342,-384.1596,-9.8100
39.1700,2472.3917,-384.2577,-9.8100
39.1800,2468.5481,-384.3558,-9.8100
39.1900,2464.7036,-384.4539,-9.8100
39.2000,2460.8580,-384.5520,-9.8100
39.2100,2457.0115,-384.6501,-9.8100
39.2200,2453.1641,-384.7482,-9.8100
39.2300,2449.3156,-384.8463,-9.8100
39.2400,2445.4662,-384.9444,-9.8100
39.2500,2441.6157,-385.0425,-9.8100
39.2600,2437.7643,-385.1406,-9.8100
39.2700,2433.9119,-385.2387,-9.8100
39.2800,2430.0586,-385.3368,-9.8100
39.2900,2426.2042,-385.4349,-9.8100
39.3000,2422.3489,-385.5330,-9.8100
39.3100,2418.4926,-385.6311,-9.8100
39.3200,2414.6353,-385.7292,-9.8100
39.3300,2410.7770,-385.8273,-9.8100
39.3400,2406.9178,-385.9254,-9.8100
39.3500,2403.0575,-386.0235,-9.8100
39.3600,2399.1963,-386.1216,-9.8100
39.3700,2395.3341,-386.2197,-9.8100
39.3800,2391.4709,-386.3178,-9.8100
39.3900,2387.6068,-386.4159,-9.8100
39.4000,2383.7416,-386.5140,-9.8100
39.4100,2379.8755,-386.6121,-9.8100
39.4200,2376.0084,-386.7102,-9.8100
39.4300,2372.1403,-386.8083,-9.8100
39.4400,2368.2713,-386.9064,-9.8100
39.4500,2364.4012,-387.0045,-9.8100
39.4600,2360.5302,-387.1026,-9.8100
39.4700,2356.6582,-387.2007,-9.8100
39.4800,2352.7852,-387.2988,-9.8100
39.4900,2348.9112,-387.3969,-9.8100
39.5000,2345.0363,-387.4950,-9.8100
39.5100,2341.1603,-387.5931,-9.8100
39.5200,2337.2834,-387.6912,-9.8100
39.5300,2333.4055,-387.7893,-9.8100
39.5400,2329.5267,-387.8874,-9.8100
39.5500,2325.6468,-387.9855,-9.8100
39.5600,2321.7660,-388.0836,-9.8100
39.5700,2317.8842,-388.1817,-9.8100
39.5800,2314.0014,-388.2798,-9.8100
39.5900,2310.1176,-388.3779,-9.8100
39.6000,2306.2328,-388.4760,-9.8100
39.6100,2302.3471,-388.5741,-9.8100
39.6200,2298.4604,-388.6722,-9.8100
39.6300,2294.5727,-388.7703,-9.8100
39.6400,2290.6840,-388.8684,-9.8100
39.6500,2286.7943,-388.9665,-9.8100
39.6600,2282.9037,-389.0646,-9.8100
39.6700,2279.0120,-389.1627,-9.8100
39.6800,2275.1194,-389.2608,-9.8100
39.6900,2271.2258,-389.3589,-9.8100
39.7000,2267.3313,-389.4570,-9.8100
39.7100,2263.4357,-389.5551,-9.8100
39.7200,2259.5392,-389.6532,-9.8100
39.7300,2255.6417,-389.7513,-9.8100
39.7400,2251.7432,-389.8494,-9.8100
39.7500,2247.8437,-389.9475,-9.8100
39.7600,2243.9432,-390.0456,-9.8100
39.7700,2240.0418,-390.1437,-9.8100
39.7800,2236.1394,-390.2418,-9.8100
39.7900,2232.2360,-390.3399,-9.8100
39.8000,2228.3316,-390.4380,-9.8100
39.8100,2224.4262,-390.5361,-9.8100
39.8200,2220.5199,-390.6342,-9.8100
39.8300,2216.6126,-390.7323,-9.8100
39.8400,2212.7043,-390.8304,-9.8100
39.8500,2208.7950,-390.9285,-9.8100
39.8600,2204.8847,-391.0266,-9.8100
39.8700,2200.9735,-391.1247,-9.8100
39.8800,2197.0613,-391.2228,-9.8100
39.8900,2193.1480,-391.3209,-9.8100
39.9000,2189.2339,-391.4190,-9.8100
39.9100,2185.3187,-391.5171,-9.8100
39.9200,2181.4025,-391.6152,-9.8100
39.9300,2177.4854,-391.7133,-9.8100
39.9400,2173.5673,-391.8114,-9.8100
39.9500,2169.6482,-391.9095,-9.8100
39.9600,2165.7281,-392.0076,-9.8100
39.9700,2161.8071,-392.1057,-9.8100
39.9800,2157.8850,-392.2038,-9.8100
39.9900,2153.9620,-392.3019,-9.8100
40.0000,2150.0380,-392.4000,-9.8100
40.0100,2146.1130,-392.4981,-9.8100
40.0200,2142.1871,-392.5962,-9.8100
40.0300,2138.2601,-392.6943,-9.8100
40.0400,2134.3322,-392.7924,-9.8100
40.0500,2130.4033,-392.8905,-9.8100
40.0600,2126.4734,-392.9886,-9.8100
40.0700,2122.5425,-393.0867,-9.8100
40.0800,2118.6107,-393.1848,-9.8100
40.0900,2114.6779,-393.2829,-9.8100
40.1000,2110.7440,-393.3810,-9.8100
40.1100,2106.8093,-393.4791,-9.8100
40.1200,2102.8735,-393.5772,-9.8100
40.1300,2098.9367,-393.6753,-9.8100
40.1400,2094.9990,-393.7734,-9.8100
40.1500,2091.0603,-393.8715,-9.8100
40.1600,2087.1206,-393.9696,-9.8100
40.1700,2083.1799,-394.0677,-9.8100
40.1800,2079.2382,-394.1658,-9.8100
40.1900,2075.2956,-394.2639,-9.8100
40.2000,2071.3520,-394.3620,-9.8100
40.2100,2067.4074,-394.4601,-9.8100
40.2200,2063.4618,-394.5582,-9.8100
40.2300,2059.5152,-394.6563,-9.8100
40.2400,2055.5677,-394.7544,-9.8100
40.2500,2051.6192,-394.8525,-9.8100
40.2600,2047.6697,-394.9506,-9.8100
40.2700,2043.7192,-395.0487,-9.8100
40.2800,2039.7677,-395.1468,-9.8100
40.2900,2035.8153,-395.2449,-9.8100
40.3000,2031.8618,-395.3430,-9.8100
40.3100,2027.9074,-395.4411,-9.8100
40.3200,2023.9520,-395.5392,-9.8100
40.3300,2019.9957,-395.6373,-9.8100
40.3400,2016.0383,-395.7354,-9.8100
40.3500,2012.0800,-395.8335,-9.8100
40.3600,2008.1207,-395.9316,-9.8100
40.3700,2004.1604,-396.0297,-9.8100
40.3800,2000.1991,-396.1278,-9.8100
40.3900,1996.2368,-396.2259,-9.8100
40.4000,1992.2736,-396.3240,-9.8100
40.4100,1988.3094,-396.4221,-9.8100
40.4200,1984.3442,-396.5202,-9.8100
40.4300,1980.3780,-396.6183,-9.8100
40.4400,1976.4108,-396.7164,-9.8100
40.4500,1972.4427,-396.8145,-9.8100
40.4600,1968.4735,-396.9126,-9.8100
40.4700,1964.5034,-397.0107,-9.8100
40.4800,1960.5323,-397.1088,-9.8100
40.4900,1956.5603,-397.2069,-9.8100
40.5000,1952.5872,-397.3050,-9.8100
40.5100,1948.6132,-397.4031,-9.8100
40.5200,1944.6382,-397.5012,-9.8100
40.5300,1940.6622,-397.5993,-9.8100
40.5400,1936.6852,-397.6974,-9.8100
40.5500,1932.7073,-397.7955,-9.8100
40.5600,1928.7283,-397.8936,-9.8100
40.5700,1924.7484,-397.9917,-9.8100
40.5800,1920.7675,-398.0898,-9.8100
40.5900,1916.7856,-398.1879,-9.8100
40.6000,1912.8028,-398.2860,-9.8100
40.6100,1908.8189,-398.3841,-9.8100
40.6200,1904.8341,-398.4822,-9.8100
40.6300,1900.8483,-398.5803,-9.8100
40.6400,1896.8615,-398.6784,-9.8100
40.6500,1892.8738,-398.7765,-9.8100
40.6600,1888.8850,-398.8746,-9.8100
40.6700,1884.8953,-398.9727,-9.8100
40.6800,1880.9046,-399.0708,-9.8100
40.6900,1876.9129,-399.1689,-9.8100
40.7000,1872.9202,-399.2670,-9.8100
40.7100,1868.9266,-399.3651,-9.8100
40.7200,1864.9319,-399.4632,-9.8100
40.7300,1860.9363,-399.5613,-9.8100
40.7400,1856.9397,-399.6594,-9.8100
40.7500,1852.9422,-399.7575,-9.8100
40.7600,1848.9436,-399.8556,-9.8100
40.7700,1844.9441,-399.9537,-9.8100
40.7800,1840.9435,-400.0518,-9.8100
40.7900,1836.9420,-400.1499,-9.8100
40.8000,1832.9396,-400.2480,-9.8100
40.8100,1828.9361,-400.3461,-9.8100
40.8200,1824.9317,-400.4442,-9.8100
40.8300,1820.9262,-400.5423,-9.8100
40.8400,1816.9198,-400.6404,-9.8100
40.8500,1812.9124,-400.7385,-9.8100
40.8600,1808.9041,-400.8366,-9.8100
40.8700,1804.8947,-400.9347,-9.8100
40.8800,1800.8844,-401.0328,-9.8100
40.8900,1796.8731,-401.1309,-9.8100
40.9000,1792.8608,-401.2290,-9.8100
40.9100,1788.8475,-401.3271,-9.8100
40.9200,1784.8333,-401.4252,-9.8100
40.9300,1780.8180,-401.5233,-9.8100
40.9400,1776.8018,-401.6214,-9.8100
40.9500,1772.7846,-401.7195,-9.8100
40.9600,1768.7665,-401.8176,-9.8100
40.9700,1764.7473,-401.9157,-9.8100
40.9800,1760.7272,-402.0138,-9.8100
40.9900,1756.7061,-402.1119,-9.8100
41.0000,1752.6840,-402.2100,-9.8100
41.0100,1748.6609,-402.3081,-9.8100
41.0200,1744.6368,-402.4062,-9.8100
41.0300,1740.6118,-402.5043,-9.8100
41.0400,1736.5857,-402.6024,-9.8100
41.0500,1732.5587,-402.7005,-9.8100
41.0600,1728.5307,-402.7986,-9.8100
41.0700,1724.5018,-402.8967,-9.8100
41.0800,1720.4718,-402.9948,-9.8100
41.0900,1716.4409,-403.0929,-9.8100
41.1000,1712.4090,-403.1910,-9.8100
41.1100,1708.3761,-403.2891,-9.8100
41.1200,1704.3422,-403.3872,-9.8100
41.1300,1700.3074,-403.4853,-9.8100
41.1400,1696.2715,-403.5834,-9.8100
41.1500,1692.2347,-403.6815,-9.8100
41.1600,1688.1969,-403.7796,-9.8100
41.1700,1684.1582,-403.8777,-9.8100
41.1800,1680.1184,-403.9758,-9.8100
41.1900,1676.0777,-404.0739,-9.8100
41.2000,1672.0359,-404.1720,-9.8100
41.2100,1667.9932,-404.2701,-9.8100
41.2200,1663.9496,-404.3682,-9.8100
41.2300,1659.9049,-404.4663,-9.8100
41.2400,1655.8593,-404.5644,-9.8100
41.2500,1651.8126,-404.6625,-9.8100
41.2600,1647.7650,-404.7606,-9.8100
41.2700,1643.7164,-404.8587,-9.8100
41.2800,1639.6669,-404.9568,-9.8100
41.2900,1635.6163,-405.0549,-9.8100
41.3000,1631.5648,-405.1530,-9.8100
41.3100,1627.5123,-405.2511,-9.8100
41.3200,1623.4588,-405.3492,-9.8100
41.3300,1619.4043,-405.4473,-9.8100
41.3400,1615.3489,-405.5454,-9.8100
41.3500,1611.2924,-405.6435,-9.8100
41.3600,1607.2350,-405.7416,-9.8100
41.3700,1603.1766,-405.8397,-9.8100
41.3800,1599.1172,-405.9378,-9.8100
41.3900,1595.0569,-406.0359,-9.8100
41.4000,1590.9955,-406.1340,-9.8100
41.4100,1586.9332,-406.2321,-9.8100
41.4200,1582.8699,-406.3302,-9.8100
41.4300,1578.8056,-406.4283,-9.8100
41.4400,1574.7404,-406.5264,-9.8100
41.4500,1570.6741,-406.6245,-9.8100
41.4600,1566.6069,-406.7226,-9.8100
41.4700,1562.5387,-406.8207,-9.8100
41.4800,1558.4695,-406.9188,-9.8100
41.4900,1554.3993,-407.0169,-9.8100
41.5000,1550.3282,-407.1150,-9.8100
41.5100,1546.2560,-407.2131,-9.8100
41.5200,1542.1829,-407.3112,-9.8100
41.5300,1538.1088,-407.4093,-9.8100
41.5400,1534.0338,-407.5074,-9.8100
41.5500,1529.9577,-407.6055,-9.8100
41.5600,1525.8807,-407.7036,-9.8100
41.5700,1521.8027,-407.8017,-9.8100
41.5800,1517.7237,-407.8998,-9.8100
41.5900,1513.6437,-407.9979,-9.8100
41.6000,1509.5627,-408.0960,-9.8100
41.6100,1505.4808,-408.1941,-9.8100
41.6200,1501.3979,-408.2922,-9.8100
41.6300,1497.3140,-408.3903,-9.8100
41.6400,1493.2291,-408.4884,-9.8100
41.6500,1489.1432,-408.5865,-9.8100
41.6600,1485.0564,-408.6846,-9.8100
41.6700,1480.9685,-408.7827,-9.8100
41.6800,1476.8797,-408.8808,-9.8100
41.6900,1472.7899,-408.9789,-9.8100
41.7000,1468.6992,-409.0770,-9.8100
41.7100,1464.6074,-409.1751,-9.8100
41.7200,1460.5147,-409.2732,-9.8100
41.7300,1456.4210,-409.3713,-9.8100
41.7400,1452.3263,-409.4694,-9.8100
41.7500,1448.2306,-409.5675,-9.8100
41.7600,1444.1339,-409.6656,-9.8100
41.7700,1440.0363,-409.7637,-9.8100
41.7800,1435.9377,-409.8618,-9.8100
41.7900,1431.8381,-409.9599,-9.8100
41.8000,1427.7375,-410.0580,-9.8100
41.8100,1423.6359,-410.1561,-9.8100
41.8200,1419.5334,-410.2542,-9.8100
41.8300,1415.4299,-410.3523,-9.8100
41.8400,1411.3254,-410.4504,-9.8100
41.8500,1407.2199,-410.5485,-9.8100
41.8600,1403.1134,-410.6466,-9.8100
41.8700,1399.0060,-410.7447,-9.8100
41.8800,1394.8976,-410.8428,-9.8100
41.8900,1390.7881,-410.9409,-9.8100
41.9000,1386.6778,-411.0390,-9.8100
41.9100,1382.5664,-411.1371,-9.8100
41.9200,1378.4540,-411.2352,-9.8100
41.9300,1374.3407,-411.3333,-9.8100
41.9400,1370.2264,-411.4314,-9.8100
41.9500,1366.1111,-411.5295,-9.8100
41.9600,1361.9948,-411.6276,-9.8100
41.9700,1357.8776,-411.7257,-9.8100
41.9800,1353.7593,-411.8238,-9.8100
41.9900,1349.6401,-411.9219,-9.8100
42.0000,1345.5199,-412.0200,-9.8100
42.0100,1341.3987,-412.1181,-9.8100
42.0200,1337.2766,-412.2162,-9.8100
42.0300,1333.1534,-412.3143,-9.8100
42.0400,1329.0293,-412.4124,-9.8100
42.0500,1324.9042,-412.5105,-9.8100
42.0600,1320.7781,-412.6086,-9.8100
42.0700,1316.6510,-412.7067,-9.8100
42.0800,1312.5230,-412.8048,-9.8100
42.0900,1308.3940,-412.9029,-9.8100
42.1000,1304.2639,-413.0010,-9.8100
42.1100,1300.1330,-413.0991,-9.8100
42.1200,1296.0010,-413.1972,-9.8100
42.1300,1291.8680,-413.2953,-9.8100
42.1400,1287.7341,-413.3934,-9.8100
42.1500,1283.5992,-413.4915,-9.8100
42.1600,1279.4633,-413.5896,-9.8100
42.1700,1275.3264,-413.6877,-9.8100
42.1800,1271.1885,-413.7858,-9.8100
42.1900,1267.0497,-413.8839,-9.8100
42.2000,1262.9099,-413.9820,-9.8100
42.2100,1258.7691,-414.0801,-9.8100
42.2200,1254.6273,-414.1782,-9.8100
42.2300,1250.4845,-414.2763,-9.8100
42.2400,1246.3408,-414.3744,-9.8100
42.2500,1242.1961,-414.4725,-9.8100
42.2600,1238.0504,-414.5706,-9.8100
42.2700,1233.9037,-414.6687,-9.8100
42.2800,1229.7560,-414.7668,-9.8100
42.2900,1225.6074,-414.8649,-9.8100
42.3000,1221.4577,-414.9630,-9.8100
42.3100,1217.3071,-415.0611,-9.8100
42.3200,1213.1555,-415.1592,-9.8100
42.3300,1209.0030,-415.2573,-9.8100
42.3400,1204.8494,-415.3554,-9.8100
42.3500,1200.6949,-415.4535,-9.8100
42.3600,1196.5394,-415.5516,-9.8100
42.3700,1192.3829,-415.6497,-9.8100
42.3800,1188.2254,-415.7478,-9.8100
42.3900,1184.0669,-415.8459,-9.8100
42.4000,1179.9075,-415.9440,-9.8100
42.4100,1175.7471,-416.0421,-9.8100
42.4200,1171.5857,-416.1402,-9.8100
42.4300,1167.4233,-416.2383,-9.8100
42.4400,1163.2599,-416.3364,-9.8100
42.4500,1159.0956,-416.4345,-9.8100
42.4600,1154.9302,-416.5326,-9.8100
42.4700,1150.7639,-416.6307,-9.8100
42.4800,1146.5966,-416.7288,-9.8100
42.4900,1142.4284,-416.8269,-9.8100
42.5000,1138.2591,-416.9250,-9.8100
42.5100,1134.0889,-417.0231,-9.8100
42.5200,1129.9177,-417.1212,-9.8100
42.5300,1125.7455,-417.2193,-9.8100
42.5400,1121.5723,-417.3174,-9.8100
42.5500,1117.3982,-417.4155,-9.8100
42.5600,1113.2230,-417.5136,-9.8100
42.5700,1109.0469,-417.6117,-9.8100
42.5800,1104.8698,-417.7098,-9.8100
42.5900,1100.6917,-417.8079,-9.8100
42.6000,1096.5127,-417.9060,-9.8100
42.6100,1092.3326,-418.0041,-9.8100
42.6200,1088.1516,-418.1022,-9.8100
42.6300,1083.9696,-418.2003,-9.8100
42.6400,1079.7866,-418.2984,-9.8100
42.6500,1075.6027,-418.3965,-9.8100
42.6600,1071.4177,-418.4946,-9.8100
42.6700,1067.2318,-418.5927,-9.8100
42.6800,1063.0449,-418.6908,-9.8100
42.6900,1058.8570,-418.7889,-9.8100
42.7000,1054.6681,-418.8870,-9.8100
42.7100,1050.4783,-418.9851,-9.8100
42.7200,1046.2874,-419.0832,-9.8100
42.7300,1042.0956,-419.1813,-9.8100
42.7400,1037.9028,-419.2794,-9.8100
42.7500,1033.7091,-419.3775,-9.8100
42.7600,1029.5143,-419.4756,-9.8100
42.7700,1025.3186,-419.5737,-9.8100
42.7800,1021.1218,-419.6718,-9.8100
42.7900,1016.9241,-419.7699,-9.8100
42.8000,1012.7255,-419.8680,-9.8100
42.8100,1008.5258,-419.9661,-9.8100
42.8200,1004.3252,-420.0642,-9.8100
42.8300,1000.1235,-420.1623,-9.8100
42.8400,995.9209,-420.2604,-9.8100
42.8500,991.7173,-420.3585,-9.8100
42.8600,987.5128,-420.4566,-9.8100
42.8700,983.3072,-420.5547,-9.8100
42.8800,979.1007,-420.6528,-9.8100
42.8900,974.8932,-420.7509,-9.8100
42.9000,970.6847,-420.8490,-9.8100
42.9100,966.4752,-420.9471,-9.8100
42.9200,962.2648,-421.0452,-9.8100
42.9300,958.0533,-421.1433,-9.8100
42.9400,953.8409,-421.2414,-9.8100
42.9500,949.6275,-421.3395,-9.8100
42.9600,945.4132,-421.4376,-9.8100
42.9700,941.1978,-421.5357,-9.8100
42.9800,936.9815,-421.6338,-9.8100
42.9900,932.7642,-421.7319,-9.8100
43.0000,928.5459,-421.8300,-9.8100
43.0100,924.3266,-421.9281,-9.8100
43.0200,920.1063,-422.0262,-9.8100
43.0300,915.8851,-422.1243,-9.8100
43.0400,911.6628,-422.2224,-9.8100
43.0500,907.4396,-422.3205,-9.8100
43.0600,903.2154,-422.4186,-9.8100
43.0700,898.9903,-422.5167,-9.8100
43.0800,894.7641,-422.6148,-9.8100
43.0900,890.5370,-422.7129,-9.8100
43.1000,886.3089,-422.8110,-9.8100
43.1100,882.0798,-422.9091,-9.8100
43.1200,877.8497,-423.0072,-9.8100
43.1300,873.6187,-423.1053,-9.8100
43.1400,869.3866,-423.2034,-9.8100
43.1500,865.1536,-423.3015,-9.8100
43.1600,860.9196,-423.3996,-9.8100
43.1700,856.6847,-423.4977,-9.8100
43.1800,852.4487,-423.5958,-9.8100
43.1900,848.2118,-423.6939,-9.8100
43.2000,843.9738,-423.7920,-9.8100
43.2100,839.7349,-423.8901,-9.8100
43.2200,835.4951,-423.9882,-9.8100
43.2300,831.2542,-424.0863,-9.8100
43.2400,827.0124,-424.1844,-9.8100
43.2500,822.7695,-424.2825,-9.8100
43.2600,818.5257,-424.3806,-9.8100
43.2700,814.2809,-424.4787,-9.8100
43.2800,810.0352,-424.5768,-9.8100
43.2900,805.7884,-424.6749,-9.8100
43.3000,801.5407,-424.7730,-9.8100
43.3100,797.2920,-424.8711,-9.8100
43.3200,793.0423,-424.9692,-9.8100
43.3300,788.7916,-425.0673,-9.8100
43.3400,784.5400,-425.1654,-9.8100
43.3500,780.2873,-425.2635,-9.8100
43.3600,776.0337,-425.3616,-9.8100
43.3700,771.7791,-425.4597,-9.8100
43.3800,767.5235,-425.5578,-9.8100
43.3900,763.2670,-425.6559,-9.8100
43.4000,759.0094,-425.7540,-9.8100
43.4100,754.7509,-425.8521,-9.8100
43.4200,750.4914,-425.9502,-9.8100
43.4300,746.2309,-426.0483,-9.8100
43.4400,741.9695,-426.1464,-9.8100
43.4500,737.7070,-426.2445,-9.8100
43.4600,733.4436,-426.3426,-9.8100
43.4700,729.1792,-426.4407,-9.8100
43.4800,724.9138,-426.5388,-9.8100
43.4900,720.6474,-426.6369,-9.8100
43.5000,716.3801,-426.7350,-9.8100
43.5100,712.1117,-426.8331,-9.8100
43.5200,707.8424,-426.9312,-9.8100
43.5300,703.5721,-427.0293,-9.8100
43.5400,699.3009,-427.1274,-9.8100
43.5500,695.0286,-427.2255,-9.8100
43.5600,690.7554,-427.3236,-9.8100
43.5700,686.4812,-427.4217,-9.8100
43.5800,682.2060,-427.5198,-9.8100
43.5900,677.9298,-427.6179,-9.8100
43.6000,673.6526,-427.7160,-9.8100
43.6100,669.3745,-427.8141,-9.8100
43.6200,665.0954,-427.9122,-9.8100
43.6300,660.8153,-428.0103,-9.8100
43.6400,656.5342,-428.1084,-9.8100
43.6500,652.2521,-428.2065,-9.8100
43.6600,647.9691,-428.3046,-9.8100
43.6700,643.6850,-428.4027,-9.8100
43.6800,639.4000,-428.5008,-9.8100
43.6900,635.1140,-428.5989,-9.8100
43.7000,630.8271,-428.6970,-9.8100
43.7100,626.5391,-428.7951,-9.8100
43.7200,622.2502,-428.8932,-9.8100
43.7300,617.9603,-428.9913,-9.8100
43.7400,613.6694,-429.0894,-9.8100
43.7500,609.3775,-429.1875,-9.8100
43.7600,605.0846,-429.2856,-9.8100
43.7700,600.7908,-429.3837,-9.8100
43.7800,596.4960,-429.4818,-9.8100
43.7900,592.2002,-429.5799,-9.8100
43.8000,587.9034,-429.6780,-9.8100
43.8100,583.6056,-429.7761,-9.8100
43.8200,579.3069,-429.8742,-9.8100
43.8300,575.0072,-429.9723,-9.8100
43.8400,570.7065,-430.0704,-9.8100
43.8500,566.4048,-430.1685,-9.8100
43.8600,562.1021,-430.2666,-9.8100
43.8700,557.7985,-430.3647,-9.8100
43.8800,553.4939,-430.4628,-9.8100
43.8900,549.1882,-430.5609,-9.8100
43.9000,544.8817,-430.6590,-9.8100
43.9100,540.5741,-430.7571,-9.8100
43.9200,536.2655,-430.8552,-9.8100
43.9300,531.9560,-430.9533,-9.8100
43.9400,527.6455,-431.0514,-9.8100
43.9500,523.3340,-431.1495,-9.8100
43.9600,519.0215,-431.2476,-9.8100
43.9700,514.7081,-431.3457,-9.8100
43.9800,510.3936,-431.4438,-9.8100
43.9900,506.0782,-431.5419,-9.8100
44.0000,501.7618,-431.6400,-9.8100
44.0100,497.4444,-431.7381,-9.8100
44.0200,493.1261,-431.8362,-9.8100
44.0300,488.8067,-431.9343,-9.8100
44.0400,484.4864,-432.0324,-9.8100
44.0500,480.1651,-432.1305,-9.8100
44.0600,475.8428,-432.2286,-9.8100
44.0700,471.5195,-432.3267,-9.8100
44.0800,467.1953,-432.4248,-9.8100
44.0900,462.8701,-432.5229,-9.8100
44.1000,458.5438,-432.6210,-9.8100
44.1100,454.2167,-432.7191,-9.8100
44.1200,449.8885,-432.8172,-9.8100
44.1300,445.5593,-432.9153,-9.8100
44.1400,441.2292,-433.0134,-9.8100
44.1500,436.8981,-433.1115,-9.8100
44.1600,432.5660,-433.2096,-9.8100
44.1700,428.2329,-433.3077,-9.8100
44.1800,423.8988,-433.4058,-9.8100
44.1900,419.5638,-433.5039,-9.8100
44.2000,415.2278,-433.6020,-9.8100
44.2100,410.8908,-433.7001,-9.8100
44.2200,406.5528,-433.7982,-9.8100
44.2300,402.2138,-433.8963,-9.8100
44.2400,397.8739,-433.9944,-9.8100
44.2500,393.5330,-434.0925,-9.8100
44.2600,389.1911,-434.1906,-9.8100
44.2700,384.8482,-434.2887,-9.8100
44.2800,380.5043,-434.3868,-9.8100
44.2900,376.1595,-434.4849,-9.8100
44.3000,371.8136,-434.5830,-9.8100
44.3100,367.4668,-434.6811,-9.8100
44.3200,363.1190,-434.7792,-9.8100
44.3300,358.7703,-434.8773,-9.8100
44.3400,354.4205,-434.9754,-9.8100
44.3500,350.0698,-435.0735,-9.8100
44.3600,345.7181,-435.1716,-9.8100
44.3700,341.3654,-435.2697,-9.8100
44.3800,337.0117,-435.3678,-9.8100
44.3900,332.6570,-435.4659,-9.8100
44.4000,328.3014,-435.5640,-9.8100
44.4100,323.9448,-435.6621,-9.8100
44.4200,319.5872,-435.7602,-9.8100
44.4300,315.2286,-435.8583,-9.8100
44.4400,310.8690,-435.9564,-9.8100
44.4500,306.5085,-436.0545,-9.8100
44.4600,302.1469,-436.1526,-9.8100
44.4700,297.7844,-436.2507,-9.8100
44.4800,293.4209,-436.3488,-9.8100
44.4900,289.0565,-436.4469,-9.8100
44.5000,284.6910,-436.5450,-9.8100
44.5100,280.3246,-436.6431,-9.8100
44.5200,275.9572,-436.7412,-9.8100
44.5300,271.5888,-436.8393,-9.8100
44.5400,267.2194,-436.9374,-9.8100
44.5500,262.8491,-437.0355,-9.8100
44.5600,258.4777,-437.1336,-9.8100
44.5700,254.1054,-437.2317,-9.8100
44.5800,249.7321,-437.3298,-9.8100
44.5900,245.3578,-437.4279,-9.8100
44.6000,240.9826,-437.5260,-9.8100
44.6100,236.6063,-437.6241,-9.8100
44.6200,232.2291,-437.7222,-9.8100
44.6300,227.8509,-437.8203,-9.8100
44.6400,223.4717,-437.9184,-9.8100
44.6500,219.0916,-438.0165,-9.8100
44.6600,214.7104,-438.1146,-9.8100
44.6700,210.3283,-438.2127,-9.8100
44.6800,205.9452,-438.3108,-9.8100
44.6900,201.5611,-438.4089,-9.8100
44.7000,197.1760,-438.5070,-9.8100
44.7100,192.7900,-438.6051,-9.8100
44.7200,188.4029,-438.7032,-9.8100
44.7300,184.0149,-438.8013,-9.8100
44.7400,179.6259,-438.8994,-9.8100
44.7500,175.2360,-438.9975,-9.8100
44.7600,170.8450,-439.0956,-9.8100
44.7700,166.4531,-439.1937,-9.8100
44.7800,162.0601,-439.2918,-9.8100
44.7900,157.6662,-439.3899,-9.8100
44.8000,153.2714,-439.4880,-9.8100
44.8100,148.8755,-439.5861,-9.8100
44.8200,144.4787,-439.6842,-9.8100
44.8300,140.0808,-439.7823,-9.8100
44.8400,135.6820,-439.8804,-9.8100
44.8500,131.2822,-439.9785,-9.8100
44.8600,126.8815,-440.0766,-9.8100
44.8700,122.4797,-440.1747,-9.8100
44.8800,118.0770,-440.2728,-9.8100
44.8900,113.6733,-440.3709,-9.8100
44.9000,109.2686,-440.4690,-9.8100
44.9100,104.8629,-440.5671,-9.8100
44.9200,100.4563,-440.6652,-9.8100
44.9300,96.0486,-440.7633,-9.8100
44.9400,91.6400,-440.8614,-9.8100
44.9500,87.2304,-440.9595,-9.8100
44.9600,82.8199,-441.0576,-9.8100
44.9700,78.4083,-441.1557,-9.8100
44.9800,73.9958,-441.2538,-9.8100
44.9900,69.5823,-441.3519,-9.8100
45.0000,65.1678,-441.4500,-9.8100
45.0100,60.7523,-441.5481,-9.8100
45.0200,56.3358,-441.6462,-9.8100
45.0300,51.9184,-441.7443,-9.8100
45.0400,47.4999,-441.8424,-9.8100
45.0500,43.0805,-441.9405,-9.8100
45.0600,38.6601,-442.0386,-9.8100
45.0700,34.2388,-442.1367,-9.8100
45.0800,29.8164,-442.2348,-9.8100
45.0900,25.3931,-442.3329,-9.8100
45.1000,20.9688,-442.4310,-9.8100
45.1100,16.5435,-442.5291,-9.8100
45.1200,12.1172,-442.6272,-9.8100
45.1300,7.6900,-442.7253,-9.8100
45.1400,3.2617,-442.8234,-9.8100
45.1500,0.0000,-442.9215,-9.8100
